Timestamp,Long,Lat,Value,Region-id
2020-04-06 00:00:00,-119.86138,0.16124,0,14
2020-04-06 00:00:05,-119.86138,0.16124,36,14
2020-04-06 00:00:10,-119.86138,0.16124,41,14
2020-04-06 00:00:15,-119.86138,0.16124,41,14
2020-04-06 00:00:20,-119.86138,0.16124,40,14
2020-04-06 00:00:25,-119.86138,0.16124,37,14
2020-04-06 00:00:30,-119.86138,0.16124,46,14
2020-04-06 00:00:35,-119.86138,0.16124,43,14
2020-04-06 00:00:40,-119.86138,0.16124,35,14
2020-04-06 00:00:45,-119.86138,0.16124,37,14
2020-04-06 00:00:50,-119.86138,0.16124,38,14
2020-04-06 00:00:55,-119.86138,0.16124,40,14
2020-04-06 00:01:00,-119.86138,0.16124,41,14
2020-04-06 00:01:05,-119.86138,0.16124,41,14
2020-04-06 00:01:10,-119.86138,0.16124,35,14
2020-04-06 00:01:15,-119.86138,0.16124,41,14
2020-04-06 00:01:20,-119.86138,0.16124,43,14
2020-04-06 00:01:25,-119.86138,0.16124,35,14
2020-04-06 00:01:30,-119.86138,0.16124,38,14
2020-04-06 00:01:35,-119.86138,0.16124,41,14
2020-04-06 00:01:40,-119.86138,0.16124,39,14
2020-04-06 00:01:45,-119.86138,0.16124,35,14
2020-04-06 00:01:50,-119.86138,0.16124,44,14
2020-04-06 00:01:55,-119.86138,0.16124,39,14
2020-04-06 00:02:00,-119.86138,0.16124,40,14
2020-04-06 00:02:05,-119.86138,0.16124,43,14
2020-04-06 00:02:10,-119.86138,0.16124,39,14
2020-04-06 00:02:15,-119.86138,0.16124,42,14
2020-04-06 00:02:20,-119.86138,0.16124,50,14
2020-04-06 00:02:25,-119.86138,0.16124,47,14
2020-04-06 00:02:30,-119.86138,0.16124,43,14
2020-04-06 00:02:35,-119.86138,0.16124,42,14
2020-04-06 00:02:40,-119.86138,0.16124,41,14
2020-04-06 00:02:45,-119.86138,0.16124,42,14
2020-04-06 00:02:50,-119.86138,0.16124,42,14
2020-04-06 00:02:55,-119.86138,0.16124,39,14
2020-04-06 00:03:00,-119.86138,0.16124,43,14
2020-04-06 00:03:05,-119.86138,0.16124,43,14
2020-04-06 00:03:10,-119.86138,0.16124,42,14
2020-04-06 00:03:15,-119.86138,0.16124,40,14
2020-04-06 00:03:20,-119.86138,0.16124,43,14
2020-04-06 00:03:25,-119.86138,0.16124,37,14
2020-04-06 00:03:30,-119.86138,0.16124,41,14
2020-04-06 00:03:35,-119.86138,0.16124,37,14
2020-04-06 00:03:40,-119.86138,0.16124,42,14
2020-04-06 00:03:45,-119.86138,0.16124,40,14
2020-04-06 00:03:50,-119.86138,0.16124,38,14
2020-04-06 00:03:55,-119.86138,0.16124,41,14
2020-04-06 00:04:00,-119.86138,0.16124,40,14
2020-04-06 00:04:05,-119.86138,0.16124,45,14
2020-04-06 00:04:10,-119.86138,0.16124,41,14
2020-04-06 00:04:15,-119.86138,0.16124,41,14
2020-04-06 00:04:20,-119.86138,0.16124,40,14
2020-04-06 00:04:25,-119.86138,0.16124,41,14
2020-04-06 00:04:30,-119.86138,0.16124,46,14
2020-04-06 00:04:35,-119.86138,0.16124,42,14
2020-04-06 00:04:40,-119.86138,0.16124,41,14
2020-04-06 00:04:45,-119.86138,0.16124,41,14
2020-04-06 00:04:50,-119.86138,0.16124,43,14
2020-04-06 00:04:55,-119.86138,0.16124,45,14
2020-04-06 00:05:00,-119.86138,0.16124,46,14
2020-04-06 00:05:05,-119.86138,0.16124,43,14
2020-04-06 00:05:10,-119.86138,0.16124,37,14
2020-04-06 00:05:15,-119.86138,0.16124,40,14
2020-04-06 00:05:20,-119.86138,0.16124,37,14
2020-04-06 00:05:25,-119.86138,0.16124,36,14
2020-04-06 00:05:30,-119.86138,0.16124,37,14
2020-04-06 00:05:35,-119.86138,0.16124,36,14
2020-04-06 00:05:40,-119.86138,0.16124,36,14
2020-04-06 00:05:45,-119.86138,0.16124,40,14
2020-04-06 00:05:50,-119.86138,0.16124,48,14
2020-04-06 00:05:55,-119.86138,0.16124,43,14
2020-04-06 00:06:00,-119.86138,0.16124,40,14
2020-04-06 00:06:05,-119.86138,0.16124,43,14
2020-04-06 00:06:10,-119.86138,0.16124,42,14
2020-04-06 00:06:15,-119.86138,0.16124,44,14
2020-04-06 00:06:20,-119.86138,0.16124,44,14
2020-04-06 00:06:25,-119.86138,0.16124,43,14
2020-04-06 00:06:30,-119.86138,0.16124,40,14
2020-04-06 00:06:35,-119.86138,0.16124,42,14
2020-04-06 00:06:40,-119.86138,0.16124,40,14
2020-04-06 00:06:45,-119.86138,0.16124,45,14
2020-04-06 00:06:50,-119.86138,0.16124,41,14
2020-04-06 00:06:55,-119.86138,0.16124,39,14
2020-04-06 00:07:00,-119.86138,0.16124,38,14
2020-04-06 00:07:05,-119.86138,0.16124,42,14
2020-04-06 00:07:10,-119.86138,0.16124,40,14
2020-04-06 00:07:15,-119.86138,0.16124,45,14
2020-04-06 00:07:20,-119.86138,0.16124,41,14
2020-04-06 00:07:25,-119.86138,0.16124,41,14
2020-04-06 00:07:30,-119.86138,0.16124,36,14
2020-04-06 00:07:35,-119.86138,0.16124,41,14
2020-04-06 00:07:40,-119.86138,0.16124,41,14
2020-04-06 00:07:45,-119.86138,0.16124,43,14
2020-04-06 00:07:50,-119.86138,0.16124,42,14
2020-04-06 00:07:55,-119.86138,0.16124,39,14
2020-04-06 00:08:00,-119.86138,0.16124,36,14
2020-04-06 00:08:05,-119.86138,0.16124,41,14
2020-04-06 00:08:10,-119.86138,0.16124,42,14
2020-04-06 00:08:15,-119.86138,0.16124,42,14
2020-04-06 00:08:20,-119.86138,0.16124,40,14
2020-04-06 00:08:25,-119.86138,0.16124,39,14
2020-04-06 00:08:30,-119.86138,0.16124,43,14
2020-04-06 00:08:35,-119.86138,0.16124,46,14
2020-04-06 00:08:40,-119.86138,0.16124,38,14
2020-04-06 00:08:45,-119.86138,0.16124,39,14
2020-04-06 00:08:50,-119.86138,0.16124,42,14
2020-04-06 00:08:55,-119.86138,0.16124,37,14
2020-04-06 00:09:00,-119.86138,0.16124,39,14
2020-04-06 00:09:05,-119.86138,0.16124,38,14
2020-04-06 00:09:10,-119.86138,0.16124,41,14
2020-04-06 00:09:15,-119.86138,0.16124,42,14
2020-04-06 00:09:20,-119.86138,0.16124,41,14
2020-04-06 00:09:25,-119.86138,0.16124,36,14
2020-04-06 00:09:30,-119.86138,0.16124,43,14
2020-04-06 00:09:35,-119.86138,0.16124,45,14
2020-04-06 00:09:40,-119.86138,0.16124,41,14
2020-04-06 00:09:45,-119.86138,0.16124,43,14
2020-04-06 00:09:50,-119.86138,0.16124,42,14
2020-04-06 00:09:55,-119.86138,0.16124,41,14
2020-04-06 00:10:00,-119.86138,0.16124,42,14
2020-04-06 00:10:05,-119.86138,0.16124,43,14
2020-04-06 00:10:10,-119.86138,0.16124,37,14
2020-04-06 00:10:15,-119.86138,0.16124,44,14
2020-04-06 00:10:20,-119.86138,0.16124,40,14
2020-04-06 00:10:25,-119.86138,0.16124,39,14
2020-04-06 00:10:30,-119.86138,0.16124,45,14
2020-04-06 00:10:35,-119.86138,0.16124,44,14
2020-04-06 00:10:40,-119.86138,0.16124,44,14
2020-04-06 00:10:45,-119.86138,0.16124,39,14
2020-04-06 00:10:50,-119.86138,0.16124,38,14
2020-04-06 00:10:55,-119.86138,0.16124,37,14
2020-04-06 00:11:00,-119.86138,0.16124,42,14
2020-04-06 00:11:05,-119.86138,0.16124,43,14
2020-04-06 00:11:10,-119.86138,0.16124,38,14
2020-04-06 00:11:15,-119.86138,0.16124,40,14
2020-04-06 00:11:20,-119.86138,0.16124,39,14
2020-04-06 00:11:25,-119.86138,0.16124,37,14
2020-04-06 00:11:30,-119.86138,0.16124,44,14
2020-04-06 00:11:35,-119.86138,0.16124,41,14
2020-04-06 00:11:40,-119.86138,0.16124,42,14
2020-04-06 00:11:45,-119.86138,0.16124,41,14
2020-04-06 00:11:50,-119.86138,0.16124,41,14
2020-04-06 00:11:55,-119.86138,0.16124,37,14
2020-04-06 00:12:00,-119.86138,0.16124,41,14
2020-04-06 00:12:05,-119.86138,0.16124,37,14
2020-04-06 00:12:10,-119.86138,0.16124,42,14
2020-04-06 00:12:15,-119.86138,0.16124,41,14
2020-04-06 00:12:20,-119.86138,0.16124,38,14
2020-04-06 00:12:25,-119.86138,0.16124,39,14
2020-04-06 00:12:30,-119.86138,0.16124,41,14
2020-04-06 00:12:35,-119.86138,0.16124,41,14
2020-04-06 00:12:40,-119.86138,0.16124,43,14
2020-04-06 00:12:45,-119.86138,0.16124,43,14
2020-04-06 00:12:50,-119.86138,0.16124,41,14
2020-04-06 00:12:55,-119.86138,0.16124,41,14
2020-04-06 00:13:00,-119.86138,0.16124,45,14
2020-04-06 00:13:05,-119.86138,0.16124,37,14
2020-04-06 00:13:10,-119.86138,0.16124,40,14
2020-04-06 00:13:15,-119.86138,0.16124,38,14
2020-04-06 00:13:20,-119.86138,0.16124,41,14
2020-04-06 00:13:25,-119.86138,0.16124,39,14
2020-04-06 00:13:30,-119.86138,0.16124,35,14
2020-04-06 00:13:35,-119.86138,0.16124,40,14
2020-04-06 00:13:40,-119.86138,0.16124,40,14
2020-04-06 00:13:45,-119.86138,0.16124,41,14
2020-04-06 00:13:50,-119.86138,0.16124,42,14
2020-04-06 00:13:55,-119.86138,0.16124,42,14
2020-04-06 00:14:00,-119.86138,0.16124,44,14
2020-04-06 00:14:05,-119.86138,0.16124,46,14
2020-04-06 00:14:10,-119.86138,0.16124,42,14
2020-04-06 00:14:15,-119.86138,0.16124,40,14
2020-04-06 00:14:20,-119.86138,0.16124,36,14
2020-04-06 00:14:25,-119.86138,0.16124,44,14
2020-04-06 00:14:30,-119.86138,0.16124,38,14
2020-04-06 00:14:35,-119.86138,0.16124,37,14
2020-04-06 00:14:40,-119.86138,0.16124,47,14
2020-04-06 00:14:45,-119.86138,0.16124,39,14
2020-04-06 00:14:50,-119.86138,0.16124,39,14
2020-04-06 00:14:55,-119.86138,0.16124,38,14
2020-04-06 00:15:00,-119.86138,0.16124,41,14
2020-04-06 00:15:05,-119.86138,0.16124,42,14
2020-04-06 00:15:10,-119.86138,0.16124,41,14
2020-04-06 00:15:15,-119.86138,0.16124,38,14
2020-04-06 00:15:20,-119.86138,0.16124,40,14
2020-04-06 00:15:25,-119.86138,0.16124,47,14
2020-04-06 00:15:30,-119.86138,0.16124,41,14
2020-04-06 00:15:35,-119.86138,0.16124,47,14
2020-04-06 00:15:40,-119.86138,0.16124,40,14
2020-04-06 00:15:45,-119.86138,0.16124,41,14
2020-04-06 00:15:50,-119.86138,0.16124,38,14
2020-04-06 00:15:55,-119.86138,0.16124,42,14
2020-04-06 00:16:00,-119.86138,0.16124,43,14
2020-04-06 00:16:05,-119.86138,0.16124,44,14
2020-04-06 00:16:10,-119.86138,0.16124,44,14
2020-04-06 00:16:15,-119.86138,0.16124,43,14
2020-04-06 00:16:20,-119.86138,0.16124,39,14
2020-04-06 00:16:25,-119.86138,0.16124,33,14
2020-04-06 00:16:30,-119.86138,0.16124,45,14
2020-04-06 00:16:35,-119.86138,0.16124,39,14
2020-04-06 00:16:40,-119.86138,0.16124,39,14
2020-04-06 00:16:45,-119.86138,0.16124,44,14
2020-04-06 00:16:50,-119.86138,0.16124,44,14
2020-04-06 00:16:55,-119.86138,0.16124,46,14
2020-04-06 00:17:00,-119.86138,0.16124,46,14
2020-04-06 00:17:05,-119.86138,0.16124,40,14
2020-04-06 00:17:10,-119.86138,0.16124,37,14
2020-04-06 00:17:15,-119.86138,0.16124,39,14
2020-04-06 00:17:20,-119.86138,0.16124,34,14
2020-04-06 00:17:25,-119.86138,0.16124,43,14
2020-04-06 00:17:30,-119.86138,0.16124,45,14
2020-04-06 00:17:35,-119.86138,0.16124,42,14
2020-04-06 00:17:40,-119.86138,0.16124,44,14
2020-04-06 00:17:45,-119.86138,0.16124,40,14
2020-04-06 00:17:50,-119.86138,0.16124,40,14
2020-04-06 00:17:55,-119.86138,0.16124,41,14
2020-04-06 00:18:00,-119.86138,0.16124,44,14
2020-04-06 00:18:05,-119.86138,0.16124,44,14
2020-04-06 00:18:10,-119.86138,0.16124,42,14
2020-04-06 00:18:15,-119.86138,0.16124,44,14
2020-04-06 00:18:20,-119.86138,0.16124,42,14
2020-04-06 00:18:25,-119.86138,0.16124,42,14
2020-04-06 00:18:30,-119.86138,0.16124,42,14
2020-04-06 00:18:35,-119.86138,0.16124,43,14
2020-04-06 00:18:40,-119.86138,0.16124,40,14
2020-04-06 00:18:45,-119.86138,0.16124,38,14
2020-04-06 00:18:50,-119.86138,0.16124,40,14
2020-04-06 00:18:55,-119.86138,0.16124,43,14
2020-04-06 00:19:00,-119.86138,0.16124,38,14
2020-04-06 00:19:05,-119.86138,0.16124,39,14
2020-04-06 00:19:10,-119.86138,0.16124,45,14
2020-04-06 00:19:15,-119.86138,0.16124,42,14
2020-04-06 00:19:20,-119.86138,0.16124,38,14
2020-04-06 00:19:25,-119.86138,0.16124,44,14
2020-04-06 00:19:30,-119.86138,0.16124,44,14
2020-04-06 00:19:35,-119.86138,0.16124,40,14
2020-04-06 00:19:40,-119.86138,0.16124,41,14
2020-04-06 00:19:45,-119.86138,0.16124,42,14
2020-04-06 00:19:50,-119.86138,0.16124,43,14
2020-04-06 00:19:55,-119.86138,0.16124,46,14
2020-04-06 00:20:00,-119.86138,0.16124,39,14
2020-04-06 00:20:05,-119.86138,0.16124,41,14
2020-04-06 00:20:10,-119.86138,0.16124,46,14
2020-04-06 00:20:15,-119.86138,0.16124,40,14
2020-04-06 00:20:20,-119.86138,0.16124,42,14
2020-04-06 00:20:25,-119.86138,0.16124,43,14
2020-04-06 00:20:30,-119.86138,0.16124,42,14
2020-04-06 00:20:35,-119.86138,0.16124,46,14
2020-04-06 00:20:40,-119.86138,0.16124,39,14
2020-04-06 00:20:45,-119.86138,0.16124,47,14
2020-04-06 00:20:50,-119.86138,0.16124,38,14
2020-04-06 00:20:55,-119.86138,0.16124,43,14
2020-04-06 00:21:00,-119.86138,0.16124,42,14
2020-04-06 00:21:05,-119.86138,0.16124,38,14
2020-04-06 00:21:10,-119.86138,0.16124,46,14
2020-04-06 00:21:15,-119.86138,0.16124,41,14
2020-04-06 00:21:20,-119.86138,0.16124,44,14
2020-04-06 00:21:25,-119.86138,0.16124,37,14
2020-04-06 00:21:30,-119.86138,0.16124,40,14
2020-04-06 00:21:35,-119.86138,0.16124,45,14
2020-04-06 00:21:40,-119.86138,0.16124,42,14
2020-04-06 00:21:45,-119.86138,0.16124,40,14
2020-04-06 00:21:50,-119.86138,0.16124,43,14
2020-04-06 00:21:55,-119.86138,0.16124,44,14
2020-04-06 00:22:00,-119.86138,0.16124,41,14
2020-04-06 00:22:05,-119.86138,0.16124,40,14
2020-04-06 00:22:10,-119.86138,0.16124,39,14
2020-04-06 00:22:15,-119.86138,0.16124,49,14
2020-04-06 00:22:20,-119.86138,0.16124,44,14
2020-04-06 00:22:25,-119.86138,0.16124,39,14
2020-04-06 00:22:30,-119.86138,0.16124,43,14
2020-04-06 00:22:35,-119.86138,0.16124,39,14
2020-04-06 00:22:40,-119.86138,0.16124,46,14
2020-04-06 00:22:45,-119.86138,0.16124,46,14
2020-04-06 00:22:50,-119.86138,0.16124,43,14
2020-04-06 00:22:55,-119.86138,0.16124,47,14
2020-04-06 00:23:00,-119.86138,0.16124,44,14
2020-04-06 00:23:05,-119.86138,0.16124,43,14
2020-04-06 00:23:10,-119.86138,0.16124,46,14
2020-04-06 00:23:15,-119.86138,0.16124,43,14
2020-04-06 00:23:20,-119.86138,0.16124,43,14
2020-04-06 00:23:25,-119.86138,0.16124,43,14
2020-04-06 00:23:30,-119.86138,0.16124,45,14
2020-04-06 00:23:35,-119.86138,0.16124,49,14
2020-04-06 00:23:40,-119.86138,0.16124,45,14
2020-04-06 00:23:45,-119.86138,0.16124,47,14
2020-04-06 00:23:50,-119.86138,0.16124,41,14
2020-04-06 00:23:55,-119.86138,0.16124,43,14
2020-04-06 00:24:00,-119.86138,0.16124,50,14
2020-04-06 00:24:05,-119.86138,0.16124,49,14
2020-04-06 00:24:10,-119.86138,0.16124,48,14
2020-04-06 00:24:15,-119.86138,0.16124,46,14
2020-04-06 00:24:20,-119.86138,0.16124,41,14
2020-04-06 00:24:25,-119.86138,0.16124,46,14
2020-04-06 00:24:30,-119.86138,0.16124,41,14
2020-04-06 00:24:35,-119.86138,0.16124,47,14
2020-04-06 00:24:40,-119.86138,0.16124,41,14
2020-04-06 00:24:45,-119.86138,0.16124,39,14
2020-04-06 00:24:50,-119.86138,0.16124,45,14
2020-04-06 00:24:55,-119.86138,0.16124,42,14
2020-04-06 00:25:00,-119.86138,0.16124,46,14
2020-04-06 00:25:05,-119.86138,0.16124,48,14
2020-04-06 00:25:10,-119.86138,0.16124,47,14
2020-04-06 00:25:15,-119.86138,0.16124,49,14
2020-04-06 00:25:20,-119.86138,0.16124,45,14
2020-04-06 00:25:25,-119.86138,0.16124,47,14
2020-04-06 00:25:30,-119.86138,0.16124,44,14
2020-04-06 00:25:35,-119.86138,0.16124,42,14
2020-04-06 00:25:40,-119.86138,0.16124,46,14
2020-04-06 00:25:45,-119.86138,0.16124,44,14
2020-04-06 00:25:50,-119.86138,0.16124,54,14
2020-04-06 00:25:55,-119.86138,0.16124,48,14
2020-04-06 00:26:00,-119.86138,0.16124,45,14
2020-04-06 00:26:05,-119.86138,0.16124,47,14
2020-04-06 00:26:10,-119.86138,0.16124,39,14
2020-04-06 00:26:15,-119.86138,0.16124,44,14
2020-04-06 00:26:20,-119.86138,0.16124,46,14
2020-04-06 00:26:25,-119.86138,0.16124,49,14
2020-04-06 00:26:30,-119.86138,0.16124,47,14
2020-04-06 00:26:35,-119.86138,0.16124,52,14
2020-04-06 00:26:40,-119.86138,0.16124,41,14
2020-04-06 00:26:45,-119.86138,0.16124,44,14
2020-04-06 00:26:50,-119.86138,0.16124,46,14
2020-04-06 00:26:55,-119.86138,0.16124,45,14
2020-04-06 00:27:00,-119.86138,0.16124,45,14
2020-04-06 00:27:05,-119.86138,0.16124,41,14
2020-04-06 00:27:10,-119.86138,0.16124,39,14
2020-04-06 00:27:15,-119.86138,0.16124,51,14
2020-04-06 00:27:20,-119.86138,0.16124,45,14
2020-04-06 00:27:25,-119.86138,0.16124,37,14
2020-04-06 00:27:30,-119.86138,0.16124,39,14
2020-04-06 00:27:35,-119.86138,0.16124,48,14
2020-04-06 00:27:40,-119.86138,0.16124,42,14
2020-04-06 00:27:45,-119.86138,0.16124,48,14
2020-04-06 00:27:50,-119.86138,0.16124,48,14
2020-04-06 00:27:55,-119.86138,0.16124,43,14
2020-04-06 00:28:00,-119.86138,0.16124,46,14
2020-04-06 00:28:05,-119.86138,0.16124,48,14
2020-04-06 00:28:10,-119.86138,0.16124,49,14
2020-04-06 00:28:15,-119.86138,0.16124,43,14
2020-04-06 00:28:20,-119.86138,0.16124,50,14
2020-04-06 00:28:25,-119.86138,0.16124,45,14
2020-04-06 00:28:30,-119.86138,0.16124,45,14
2020-04-06 00:28:35,-119.86138,0.16124,42,14
2020-04-06 00:28:40,-119.86138,0.16124,45,14
2020-04-06 00:28:45,-119.86138,0.16124,45,14
2020-04-06 00:28:50,-119.86138,0.16124,42,14
2020-04-06 00:28:55,-119.86138,0.16124,44,14
2020-04-06 00:29:00,-119.86138,0.16124,42,14
2020-04-06 00:29:05,-119.86138,0.16124,45,14
2020-04-06 00:29:10,-119.86138,0.16124,45,14
2020-04-06 00:29:15,-119.86138,0.16124,44,14
2020-04-06 00:29:20,-119.86138,0.16124,46,14
2020-04-06 00:29:25,-119.86138,0.16124,43,14
2020-04-06 00:29:30,-119.86138,0.16124,45,14
2020-04-06 00:29:35,-119.86138,0.16124,52,14
2020-04-06 00:29:40,-119.86138,0.16124,45,14
2020-04-06 00:29:45,-119.86138,0.16124,43,14
2020-04-06 00:29:50,-119.86138,0.16124,42,14
2020-04-06 00:29:55,-119.86138,0.16124,45,14
2020-04-06 00:30:00,-119.86138,0.16124,49,14
2020-04-06 00:30:05,-119.86138,0.16124,47,14
2020-04-06 00:30:10,-119.86138,0.16124,48,14
2020-04-06 00:30:15,-119.86138,0.16124,41,14
2020-04-06 00:30:20,-119.86138,0.16124,39,14
2020-04-06 00:30:25,-119.86138,0.16124,43,14
2020-04-06 00:30:30,-119.86138,0.16124,42,14
2020-04-06 00:30:35,-119.86138,0.16124,43,14
2020-04-06 00:30:40,-119.86138,0.16124,45,14
2020-04-06 00:30:45,-119.86138,0.16124,45,14
2020-04-06 00:30:50,-119.86138,0.16124,45,14
2020-04-06 00:30:55,-119.86138,0.16124,43,14
2020-04-06 00:31:00,-119.86138,0.16124,44,14
2020-04-06 00:31:05,-119.86138,0.16124,48,14
2020-04-06 00:31:10,-119.86138,0.16124,46,14
2020-04-06 00:31:15,-119.86138,0.16124,50,14
2020-04-06 00:31:20,-119.86138,0.16124,44,14
2020-04-06 00:31:25,-119.86138,0.16124,39,14
2020-04-06 00:31:30,-119.86138,0.16124,45,14
2020-04-06 00:31:35,-119.86138,0.16124,45,14
2020-04-06 00:31:40,-119.86138,0.16124,47,14
2020-04-06 00:31:45,-119.86138,0.16124,49,14
2020-04-06 00:31:50,-119.86138,0.16124,39,14
2020-04-06 00:31:55,-119.86138,0.16124,44,14
2020-04-06 00:32:00,-119.86138,0.16124,44,14
2020-04-06 00:32:05,-119.86138,0.16124,46,14
2020-04-06 00:32:10,-119.86138,0.16124,46,14
2020-04-06 00:32:15,-119.86138,0.16124,46,14
2020-04-06 00:32:20,-119.86138,0.16124,43,14
2020-04-06 00:32:25,-119.86138,0.16124,50,14
2020-04-06 00:32:30,-119.86138,0.16124,52,14
2020-04-06 00:32:35,-119.86138,0.16124,41,14
2020-04-06 00:32:40,-119.86138,0.16124,48,14
2020-04-06 00:32:45,-119.86138,0.16124,41,14
2020-04-06 00:32:50,-119.86138,0.16124,46,14
2020-04-06 00:32:55,-119.86138,0.16124,42,14
2020-04-06 00:33:00,-119.86138,0.16124,47,14
2020-04-06 00:33:05,-119.86138,0.16124,45,14
2020-04-06 00:33:10,-119.86138,0.16124,46,14
2020-04-06 00:33:15,-119.86138,0.16124,48,14
2020-04-06 00:33:20,-119.86138,0.16124,44,14
2020-04-06 00:33:25,-119.86138,0.16124,43,14
2020-04-06 00:33:30,-119.86138,0.16124,38,14
2020-04-06 00:33:35,-119.86138,0.16124,45,14
2020-04-06 00:33:40,-119.86138,0.16124,41,14
2020-04-06 00:33:45,-119.86138,0.16124,42,14
2020-04-06 00:33:50,-119.86138,0.16124,43,14
2020-04-06 00:33:55,-119.86138,0.16124,42,14
2020-04-06 00:34:00,-119.86138,0.16124,44,14
2020-04-06 00:34:05,-119.86138,0.16124,41,14
2020-04-06 00:34:10,-119.86138,0.16124,43,14
2020-04-06 00:34:15,-119.86138,0.16124,45,14
2020-04-06 00:34:20,-119.86138,0.16124,40,14
2020-04-06 00:34:25,-119.86138,0.16124,44,14
2020-04-06 00:34:30,-119.86138,0.16124,43,14
2020-04-06 00:34:35,-119.86138,0.16124,44,14
2020-04-06 00:34:40,-119.86138,0.16124,42,14
2020-04-06 00:34:45,-119.86138,0.16124,41,14
2020-04-06 00:34:50,-119.86138,0.16124,40,14
2020-04-06 00:34:55,-119.86138,0.16124,39,14
2020-04-06 00:35:00,-119.86138,0.16124,45,14
2020-04-06 00:35:05,-119.86138,0.16124,41,14
2020-04-06 00:35:10,-119.86138,0.16124,38,14
2020-04-06 00:35:15,-119.86138,0.16124,44,14
2020-04-06 00:35:20,-119.86138,0.16124,37,14
2020-04-06 00:35:25,-119.86138,0.16124,41,14
2020-04-06 00:35:30,-119.86138,0.16124,41,14
2020-04-06 00:35:35,-119.86138,0.16124,42,14
2020-04-06 00:35:40,-119.86138,0.16124,41,14
2020-04-06 00:35:45,-119.86138,0.16124,41,14
2020-04-06 00:35:50,-119.86138,0.16124,38,14
2020-04-06 00:35:55,-119.86138,0.16124,42,14
2020-04-06 00:36:00,-119.86138,0.16124,45,14
2020-04-06 00:36:05,-119.86138,0.16124,39,14
2020-04-06 00:36:10,-119.86138,0.16124,43,14
2020-04-06 00:36:15,-119.86138,0.16124,42,14
2020-04-06 00:36:20,-119.86138,0.16124,41,14
2020-04-06 00:36:25,-119.86138,0.16124,37,14
2020-04-06 00:36:30,-119.86138,0.16124,42,14
2020-04-06 00:36:35,-119.86138,0.16124,39,14
2020-04-06 00:36:40,-119.86138,0.16124,42,14
2020-04-06 00:36:45,-119.86138,0.16124,35,14
2020-04-06 00:36:50,-119.86138,0.16124,45,14
2020-04-06 00:36:55,-119.86138,0.16124,47,14
2020-04-06 00:37:00,-119.86138,0.16124,39,14
2020-04-06 00:37:05,-119.86138,0.16124,40,14
2020-04-06 00:37:10,-119.86138,0.16124,41,14
2020-04-06 00:37:15,-119.86138,0.16124,37,14
2020-04-06 00:37:20,-119.86138,0.16124,44,14
2020-04-06 00:37:25,-119.86138,0.16124,45,14
2020-04-06 00:37:30,-119.86138,0.16124,42,14
2020-04-06 00:37:35,-119.86138,0.16124,45,14
2020-04-06 00:37:40,-119.86138,0.16124,41,14
2020-04-06 00:37:45,-119.86138,0.16124,34,14
2020-04-06 00:37:50,-119.86138,0.16124,40,14
2020-04-06 00:37:55,-119.86138,0.16124,46,14
2020-04-06 00:38:00,-119.86138,0.16124,36,14
2020-04-06 00:38:05,-119.86138,0.16124,44,14
2020-04-06 00:38:10,-119.86138,0.16124,41,14
2020-04-06 00:38:15,-119.86138,0.16124,40,14
2020-04-06 00:38:20,-119.86138,0.16124,38,14
2020-04-06 00:38:25,-119.86138,0.16124,40,14
2020-04-06 00:38:30,-119.86138,0.16124,35,14
2020-04-06 00:38:35,-119.86138,0.16124,42,14
2020-04-06 00:38:40,-119.86138,0.16124,44,14
2020-04-06 00:38:45,-119.86138,0.16124,41,14
2020-04-06 00:38:50,-119.86138,0.16124,38,14
2020-04-06 00:38:55,-119.86138,0.16124,38,14
2020-04-06 00:39:00,-119.86138,0.16124,39,14
2020-04-06 00:39:05,-119.86138,0.16124,43,14
2020-04-06 00:39:10,-119.86138,0.16124,39,14
2020-04-06 00:39:15,-119.86138,0.16124,41,14
2020-04-06 00:39:20,-119.86138,0.16124,40,14
2020-04-06 00:39:25,-119.86138,0.16124,34,14
2020-04-06 00:39:30,-119.86138,0.16124,37,14
2020-04-06 00:39:35,-119.86138,0.16124,42,14
2020-04-06 00:39:40,-119.86138,0.16124,37,14
2020-04-06 00:39:45,-119.86138,0.16124,45,14
2020-04-06 00:39:50,-119.86138,0.16124,41,14
2020-04-06 00:39:55,-119.86138,0.16124,43,14
2020-04-06 00:40:00,-119.86138,0.16124,45,14
2020-04-06 00:40:05,-119.86138,0.16124,41,14
2020-04-06 00:40:10,-119.86138,0.16124,45,14
2020-04-06 00:40:15,-119.86138,0.16124,41,14
2020-04-06 00:40:20,-119.86138,0.16124,42,14
2020-04-06 00:40:25,-119.86138,0.16124,38,14
2020-04-06 00:40:30,-119.86138,0.16124,40,14
2020-04-06 00:40:35,-119.86138,0.16124,46,14
2020-04-06 00:40:40,-119.86138,0.16124,47,14
2020-04-06 00:40:45,-119.86138,0.16124,37,14
2020-04-06 00:40:50,-119.86138,0.16124,39,14
2020-04-06 00:40:55,-119.86138,0.16124,42,14
2020-04-06 00:41:00,-119.86138,0.16124,44,14
2020-04-06 00:41:05,-119.86138,0.16124,45,14
2020-04-06 00:41:10,-119.86138,0.16124,48,14
2020-04-06 00:41:15,-119.86138,0.16124,39,14
2020-04-06 00:41:20,-119.86138,0.16124,43,14
2020-04-06 00:41:25,-119.86138,0.16124,39,14
2020-04-06 00:41:30,-119.86138,0.16124,40,14
2020-04-06 00:41:35,-119.86138,0.16124,37,14
2020-04-06 00:41:40,-119.86138,0.16124,40,14
2020-04-06 00:41:45,-119.86138,0.16124,47,14
2020-04-06 00:41:50,-119.86138,0.16124,39,14
2020-04-06 00:41:55,-119.86138,0.16124,43,14
2020-04-06 00:42:00,-119.86138,0.16124,44,14
2020-04-06 00:42:05,-119.86138,0.16124,43,14
2020-04-06 00:42:10,-119.86138,0.16124,41,14
2020-04-06 00:42:15,-119.86138,0.16124,43,14
2020-04-06 00:42:20,-119.86138,0.16124,45,14
2020-04-06 00:42:25,-119.86138,0.16124,40,14
2020-04-06 00:42:30,-119.86138,0.16124,47,14
2020-04-06 00:42:35,-119.86138,0.16124,36,14
2020-04-06 00:42:40,-119.86138,0.16124,39,14
2020-04-06 00:42:45,-119.86138,0.16124,42,14
2020-04-06 00:42:50,-119.86138,0.16124,45,14
2020-04-06 00:42:55,-119.86138,0.16124,41,14
2020-04-06 00:43:00,-119.86138,0.16124,46,14
2020-04-06 00:43:05,-119.86138,0.16124,38,14
2020-04-06 00:43:10,-119.86138,0.16124,41,14
2020-04-06 00:43:15,-119.86138,0.16124,44,14
2020-04-06 00:43:20,-119.86138,0.16124,42,14
2020-04-06 00:43:25,-119.86138,0.16124,40,14
2020-04-06 00:43:30,-119.86138,0.16124,44,14
2020-04-06 00:43:35,-119.86138,0.16124,41,14
2020-04-06 00:43:40,-119.86138,0.16124,37,14
2020-04-06 00:43:45,-119.86138,0.16124,41,14
2020-04-06 00:43:50,-119.86138,0.16124,41,14
2020-04-06 00:43:55,-119.86138,0.16124,42,14
2020-04-06 00:44:00,-119.86138,0.16124,45,14
2020-04-06 00:44:05,-119.86138,0.16124,37,14
2020-04-06 00:44:10,-119.86138,0.16124,40,14
2020-04-06 00:44:15,-119.86138,0.16124,36,14
2020-04-06 00:44:20,-119.86138,0.16124,42,14
2020-04-06 00:44:25,-119.86138,0.16124,39,14
2020-04-06 00:44:30,-119.86138,0.16124,44,14
2020-04-06 00:44:35,-119.86138,0.16124,40,14
2020-04-06 00:44:40,-119.86138,0.16124,43,14
2020-04-06 00:44:45,-119.86138,0.16124,40,14
2020-04-06 00:44:50,-119.86138,0.16124,41,14
2020-04-06 00:44:55,-119.86138,0.16124,46,14
2020-04-06 00:45:00,-119.86138,0.16124,42,14
2020-04-06 00:45:05,-119.86138,0.16124,38,14
2020-04-06 00:45:10,-119.86138,0.16124,42,14
2020-04-06 00:45:15,-119.86138,0.16124,42,14
2020-04-06 00:45:20,-119.86138,0.16124,41,14
2020-04-06 00:45:25,-119.86138,0.16124,38,14
2020-04-06 00:45:30,-119.86138,0.16124,42,14
2020-04-06 00:45:35,-119.86138,0.16124,41,14
2020-04-06 00:45:40,-119.86138,0.16124,39,14
2020-04-06 00:45:45,-119.86138,0.16124,45,14
2020-04-06 00:45:50,-119.86138,0.16124,44,14
2020-04-06 00:45:55,-119.86138,0.16124,38,14
2020-04-06 00:46:00,-119.86138,0.16124,40,14
2020-04-06 00:46:05,-119.86138,0.16124,41,14
2020-04-06 00:46:10,-119.86138,0.16124,42,14
2020-04-06 00:46:15,-119.86138,0.16124,36,14
2020-04-06 00:46:20,-119.86138,0.16124,40,14
2020-04-06 00:46:25,-119.86138,0.16124,37,14
2020-04-06 00:46:30,-119.86138,0.16124,40,14
2020-04-06 00:46:35,-119.86138,0.16124,40,14
2020-04-06 00:46:40,-119.86138,0.16124,41,14
2020-04-06 00:46:45,-119.86138,0.16124,40,14
2020-04-06 00:46:50,-119.86138,0.16124,38,14
2020-04-06 00:46:55,-119.86138,0.16124,41,14
2020-04-06 00:47:00,-119.86138,0.16124,40,14
2020-04-06 00:47:05,-119.86138,0.16124,40,14
2020-04-06 00:47:10,-119.86138,0.16124,47,14
2020-04-06 00:47:15,-119.86138,0.16124,42,14
2020-04-06 00:47:20,-119.86138,0.16124,42,14
2020-04-06 00:47:25,-119.86138,0.16124,41,14
2020-04-06 00:47:30,-119.86138,0.16124,46,14
2020-04-06 00:47:35,-119.86138,0.16124,41,14
2020-04-06 00:47:40,-119.86138,0.16124,35,14
2020-04-06 00:47:45,-119.86138,0.16124,41,14
2020-04-06 00:47:50,-119.86138,0.16124,42,14
2020-04-06 00:47:55,-119.86138,0.16124,42,14
2020-04-06 00:48:00,-119.86138,0.16124,36,14
2020-04-06 00:48:05,-119.86138,0.16124,39,14
2020-04-06 00:48:10,-119.86138,0.16124,43,14
2020-04-06 00:48:15,-119.86138,0.16124,39,14
2020-04-06 00:48:20,-119.86138,0.16124,37,14
2020-04-06 00:48:25,-119.86138,0.16124,36,14
2020-04-06 00:48:30,-119.86138,0.16124,41,14
2020-04-06 00:48:35,-119.86138,0.16124,38,14
2020-04-06 00:48:40,-119.86138,0.16124,36,14
2020-04-06 00:48:45,-119.86138,0.16124,39,14
2020-04-06 00:48:50,-119.86138,0.16124,42,14
2020-04-06 00:48:55,-119.86138,0.16124,46,14
2020-04-06 00:49:00,-119.86138,0.16124,42,14
2020-04-06 00:49:05,-119.86138,0.16124,42,14
2020-04-06 00:49:10,-119.86138,0.16124,41,14
2020-04-06 00:49:15,-119.86138,0.16124,41,14
2020-04-06 00:49:20,-119.86138,0.16124,40,14
2020-04-06 00:49:25,-119.86138,0.16124,40,14
2020-04-06 00:49:30,-119.86138,0.16124,38,14
2020-04-06 00:49:35,-119.86138,0.16124,39,14
2020-04-06 00:49:40,-119.86138,0.16124,40,14
2020-04-06 00:49:45,-119.86138,0.16124,44,14
2020-04-06 00:49:50,-119.86138,0.16124,40,14
2020-04-06 00:49:55,-119.86138,0.16124,46,14
2020-04-06 00:50:00,-119.86138,0.16124,38,14
2020-04-06 00:50:05,-119.86138,0.16124,41,14
2020-04-06 00:50:10,-119.86138,0.16124,36,14
2020-04-06 00:50:15,-119.86138,0.16124,39,14
2020-04-06 00:50:20,-119.86138,0.16124,42,14
2020-04-06 00:50:25,-119.86138,0.16124,46,14
2020-04-06 00:50:30,-119.86138,0.16124,46,14
2020-04-06 00:50:35,-119.86138,0.16124,39,14
2020-04-06 00:50:40,-119.86138,0.16124,43,14
2020-04-06 00:50:45,-119.86138,0.16124,44,14
2020-04-06 00:50:50,-119.86138,0.16124,37,14
2020-04-06 00:50:55,-119.86138,0.16124,41,14
2020-04-06 00:51:00,-119.86138,0.16124,44,14
2020-04-06 00:51:05,-119.86138,0.16124,41,14
2020-04-06 00:51:10,-119.86138,0.16124,42,14
2020-04-06 00:51:15,-119.86138,0.16124,41,14
2020-04-06 00:51:20,-119.86138,0.16124,42,14
2020-04-06 00:51:25,-119.86138,0.16124,44,14
2020-04-06 00:51:30,-119.86138,0.16124,42,14
2020-04-06 00:51:35,-119.86138,0.16124,48,14
2020-04-06 00:51:40,-119.86138,0.16124,43,14
2020-04-06 00:51:45,-119.86138,0.16124,44,14
2020-04-06 00:51:50,-119.86138,0.16124,41,14
2020-04-06 00:51:55,-119.86138,0.16124,41,14
2020-04-06 00:52:00,-119.86138,0.16124,45,14
2020-04-06 00:52:05,-119.86138,0.16124,42,14
2020-04-06 00:52:10,-119.86138,0.16124,43,14
2020-04-06 00:52:15,-119.86138,0.16124,37,14
2020-04-06 00:52:20,-119.86138,0.16124,38,14
2020-04-06 00:52:25,-119.86138,0.16124,44,14
2020-04-06 00:52:30,-119.86138,0.16124,42,14
2020-04-06 00:52:35,-119.86138,0.16124,42,14
2020-04-06 00:52:40,-119.86138,0.16124,42,14
2020-04-06 00:52:45,-119.86138,0.16124,45,14
2020-04-06 00:52:50,-119.86138,0.16124,43,14
2020-04-06 00:52:55,-119.86138,0.16124,38,14
2020-04-06 00:53:00,-119.86138,0.16124,43,14
2020-04-06 00:53:05,-119.86138,0.16124,39,14
2020-04-06 00:53:10,-119.86138,0.16124,42,14
2020-04-06 00:53:15,-119.86138,0.16124,39,14
2020-04-06 00:53:20,-119.86138,0.16124,40,14
2020-04-06 00:53:25,-119.86138,0.16124,36,14
2020-04-06 00:53:30,-119.86138,0.16124,39,14
2020-04-06 00:53:35,-119.86138,0.16124,42,14
2020-04-06 00:53:40,-119.86138,0.16124,42,14
2020-04-06 00:53:45,-119.86138,0.16124,48,14
2020-04-06 00:53:50,-119.86138,0.16124,42,14
2020-04-06 00:53:55,-119.86138,0.16124,40,14
2020-04-06 00:54:00,-119.86138,0.16124,46,14
2020-04-06 00:54:05,-119.86138,0.16124,45,14
2020-04-06 00:54:10,-119.86138,0.16124,39,14
2020-04-06 00:54:15,-119.86138,0.16124,44,14
2020-04-06 00:54:20,-119.86138,0.16124,40,14
2020-04-06 00:54:25,-119.86138,0.16124,45,14
2020-04-06 00:54:30,-119.86138,0.16124,39,14
2020-04-06 00:54:35,-119.86138,0.16124,38,14
2020-04-06 00:54:40,-119.86138,0.16124,44,14
2020-04-06 00:54:45,-119.86138,0.16124,39,14
2020-04-06 00:54:50,-119.86138,0.16124,45,14
2020-04-06 00:54:55,-119.86138,0.16124,42,14
2020-04-06 00:55:00,-119.86138,0.16124,34,14
2020-04-06 00:55:05,-119.86138,0.16124,44,14
2020-04-06 00:55:10,-119.86138,0.16124,37,14
2020-04-06 00:55:15,-119.86138,0.16124,43,14
2020-04-06 00:55:20,-119.86138,0.16124,38,14
2020-04-06 00:55:25,-119.86138,0.16124,43,14
2020-04-06 00:55:30,-119.86138,0.16124,41,14
2020-04-06 00:55:35,-119.86138,0.16124,39,14
2020-04-06 00:55:40,-119.86138,0.16124,42,14
2020-04-06 00:55:45,-119.86138,0.16124,43,14
2020-04-06 00:55:50,-119.86138,0.16124,40,14
2020-04-06 00:55:55,-119.86138,0.16124,46,14
2020-04-06 00:56:00,-119.86138,0.16124,38,14
2020-04-06 00:56:05,-119.86138,0.16124,35,14
2020-04-06 00:56:10,-119.86138,0.16124,45,14
2020-04-06 00:56:15,-119.86138,0.16124,42,14
2020-04-06 00:56:20,-119.86138,0.16124,37,14
2020-04-06 00:56:25,-119.86138,0.16124,44,14
2020-04-06 00:56:30,-119.86138,0.16124,43,14
2020-04-06 00:56:35,-119.86138,0.16124,44,14
2020-04-06 00:56:40,-119.86138,0.16124,41,14
2020-04-06 00:56:45,-119.86138,0.16124,35,14
2020-04-06 00:56:50,-119.86138,0.16124,37,14
2020-04-06 00:56:55,-119.86138,0.16124,42,14
2020-04-06 00:57:00,-119.86138,0.16124,43,14
2020-04-06 00:57:05,-119.86138,0.16124,38,14
2020-04-06 00:57:10,-119.86138,0.16124,42,14
2020-04-06 00:57:15,-119.86138,0.16124,39,14
2020-04-06 00:57:20,-119.86138,0.16124,42,14
2020-04-06 00:57:25,-119.86138,0.16124,42,14
2020-04-06 00:57:30,-119.86138,0.16124,44,14
2020-04-06 00:57:35,-119.86138,0.16124,43,14
2020-04-06 00:57:40,-119.86138,0.16124,45,14
2020-04-06 00:57:45,-119.86138,0.16124,40,14
2020-04-06 00:57:50,-119.86138,0.16124,41,14
2020-04-06 00:57:55,-119.86138,0.16124,41,14
2020-04-06 00:58:00,-119.86138,0.16124,42,14
2020-04-06 00:58:05,-119.86138,0.16124,40,14
2020-04-06 00:58:10,-119.86138,0.16124,41,14
2020-04-06 00:58:15,-119.86138,0.16124,44,14
2020-04-06 00:58:20,-119.86138,0.16124,40,14
2020-04-06 00:58:25,-119.86138,0.16124,41,14
2020-04-06 00:58:30,-119.86138,0.16124,42,14
2020-04-06 00:58:35,-119.86138,0.16124,42,14
2020-04-06 00:58:40,-119.86138,0.16124,39,14
2020-04-06 00:58:45,-119.86138,0.16124,39,14
2020-04-06 00:58:50,-119.86138,0.16124,44,14
2020-04-06 00:58:55,-119.86138,0.16124,39,14
2020-04-06 00:59:00,-119.86138,0.16124,41,14
2020-04-06 00:59:05,-119.86138,0.16124,39,14
2020-04-06 00:59:10,-119.86138,0.16124,41,14
2020-04-06 00:59:15,-119.86138,0.16124,41,14
2020-04-06 00:59:20,-119.86138,0.16124,39,14
2020-04-06 00:59:25,-119.86138,0.16124,40,14
2020-04-06 00:59:30,-119.86138,0.16124,46,14
2020-04-06 00:59:35,-119.86138,0.16124,44,14
2020-04-06 00:59:40,-119.86138,0.16124,41,14
2020-04-06 00:59:45,-119.86138,0.16124,40,14
2020-04-06 00:59:50,-119.86138,0.16124,45,14
2020-04-06 00:59:55,-119.86138,0.16124,43,14
2020-04-06 01:00:00,-119.86138,0.16124,45,14
2020-04-06 01:00:05,-119.86138,0.16124,38,14
2020-04-06 01:00:10,-119.86138,0.16124,37,14
2020-04-06 01:00:15,-119.86138,0.16124,41,14
2020-04-06 01:00:20,-119.86138,0.16124,43,14
2020-04-06 01:00:25,-119.86138,0.16124,37,14
2020-04-06 01:00:30,-119.86138,0.16124,41,14
2020-04-06 01:00:35,-119.86138,0.16124,42,14
2020-04-06 01:00:40,-119.86138,0.16124,37,14
2020-04-06 01:00:45,-119.86138,0.16124,43,14
2020-04-06 01:00:50,-119.86138,0.16124,41,14
2020-04-06 01:00:55,-119.86138,0.16124,40,14
2020-04-06 01:01:00,-119.86138,0.16124,41,14
2020-04-06 01:01:05,-119.86138,0.16124,39,14
2020-04-06 01:01:10,-119.86138,0.16124,43,14
2020-04-06 01:01:15,-119.86138,0.16124,39,14
2020-04-06 01:01:20,-119.86138,0.16124,40,14
2020-04-06 01:01:25,-119.86138,0.16124,44,14
2020-04-06 01:01:30,-119.86138,0.16124,46,14
2020-04-06 01:01:35,-119.86138,0.16124,45,14
2020-04-06 01:01:40,-119.86138,0.16124,37,14
2020-04-06 01:01:45,-119.86138,0.16124,39,14
2020-04-06 01:01:50,-119.86138,0.16124,42,14
2020-04-06 01:01:55,-119.86138,0.16124,43,14
2020-04-06 01:02:00,-119.86138,0.16124,39,14
2020-04-06 01:02:05,-119.86138,0.16124,43,14
2020-04-06 01:02:10,-119.86138,0.16124,41,14
2020-04-06 01:02:15,-119.86138,0.16124,39,14
2020-04-06 01:02:20,-119.86138,0.16124,48,14
2020-04-06 01:02:25,-119.86138,0.16124,41,14
2020-04-06 01:02:30,-119.86138,0.16124,39,14
2020-04-06 01:02:35,-119.86138,0.16124,35,14
2020-04-06 01:02:40,-119.86138,0.16124,41,14
2020-04-06 01:02:45,-119.86138,0.16124,46,14
2020-04-06 01:02:50,-119.86138,0.16124,42,14
2020-04-06 01:02:55,-119.86138,0.16124,38,14
2020-04-06 01:03:00,-119.86138,0.16124,42,14
2020-04-06 01:03:05,-119.86138,0.16124,40,14
2020-04-06 01:03:10,-119.86138,0.16124,44,14
2020-04-06 01:03:15,-119.86138,0.16124,39,14
2020-04-06 01:03:20,-119.86138,0.16124,44,14
2020-04-06 01:03:25,-119.86138,0.16124,39,14
2020-04-06 01:03:30,-119.86138,0.16124,36,14
2020-04-06 01:03:35,-119.86138,0.16124,42,14
2020-04-06 01:03:40,-119.86138,0.16124,43,14
2020-04-06 01:03:45,-119.86138,0.16124,41,14
2020-04-06 01:03:50,-119.86138,0.16124,43,14
2020-04-06 01:03:55,-119.86138,0.16124,38,14
2020-04-06 01:04:00,-119.86138,0.16124,37,14
2020-04-06 01:04:05,-119.86138,0.16124,44,14
2020-04-06 01:04:10,-119.86138,0.16124,38,14
2020-04-06 01:04:15,-119.86138,0.16124,46,14
2020-04-06 01:04:20,-119.86138,0.16124,38,14
2020-04-06 01:04:25,-119.86138,0.16124,46,14
2020-04-06 01:04:30,-119.86138,0.16124,39,14
2020-04-06 01:04:35,-119.86138,0.16124,36,14
2020-04-06 01:04:40,-119.86138,0.16124,39,14
2020-04-06 01:04:45,-119.86138,0.16124,41,14
2020-04-06 01:04:50,-119.86138,0.16124,41,14
2020-04-06 01:04:55,-119.86138,0.16124,39,14
2020-04-06 01:05:00,-119.86138,0.16124,44,14
2020-04-06 01:05:05,-119.86138,0.16124,42,14
2020-04-06 01:05:10,-119.86138,0.16124,46,14
2020-04-06 01:05:15,-119.86138,0.16124,43,14
2020-04-06 01:05:20,-119.86138,0.16124,40,14
2020-04-06 01:05:25,-119.86138,0.16124,39,14
2020-04-06 01:05:30,-119.86138,0.16124,39,14
2020-04-06 01:05:35,-119.86138,0.16124,44,14
2020-04-06 01:05:40,-119.86138,0.16124,37,14
2020-04-06 01:05:45,-119.86138,0.16124,37,14
2020-04-06 01:05:50,-119.86138,0.16124,41,14
2020-04-06 01:05:55,-119.86138,0.16124,35,14
2020-04-06 01:06:00,-119.86138,0.16124,45,14
2020-04-06 01:06:05,-119.86138,0.16124,39,14
2020-04-06 01:06:10,-119.86138,0.16124,43,14
2020-04-06 01:06:15,-119.86138,0.16124,43,14
2020-04-06 01:06:20,-119.86138,0.16124,40,14
2020-04-06 01:06:25,-119.86138,0.16124,40,14
2020-04-06 01:06:30,-119.86138,0.16124,35,14
2020-04-06 01:06:35,-119.86138,0.16124,46,14
2020-04-06 01:06:40,-119.86138,0.16124,39,14
2020-04-06 01:06:45,-119.86138,0.16124,41,14
2020-04-06 01:06:50,-119.86138,0.16124,45,14
2020-04-06 01:06:55,-119.86138,0.16124,41,14
2020-04-06 01:07:00,-119.86138,0.16124,42,14
2020-04-06 01:07:05,-119.86138,0.16124,40,14
2020-04-06 01:07:10,-119.86138,0.16124,41,14
2020-04-06 01:07:15,-119.86138,0.16124,42,14
2020-04-06 01:07:20,-119.86138,0.16124,39,14
2020-04-06 01:07:25,-119.86138,0.16124,46,14
2020-04-06 01:07:30,-119.86138,0.16124,45,14
2020-04-06 01:07:35,-119.86138,0.16124,36,14
2020-04-06 01:07:40,-119.86138,0.16124,39,14
2020-04-06 01:07:45,-119.86138,0.16124,41,14
2020-04-06 01:07:50,-119.86138,0.16124,39,14
2020-04-06 01:07:55,-119.86138,0.16124,37,14
2020-04-06 01:08:00,-119.86138,0.16124,43,14
2020-04-06 01:08:05,-119.86138,0.16124,36,14
2020-04-06 01:08:10,-119.86138,0.16124,40,14
2020-04-06 01:08:15,-119.86138,0.16124,35,14
2020-04-06 01:08:20,-119.86138,0.16124,41,14
2020-04-06 01:08:25,-119.86138,0.16124,39,14
2020-04-06 01:08:30,-119.86138,0.16124,44,14
2020-04-06 01:08:35,-119.86138,0.16124,41,14
2020-04-06 01:08:40,-119.86138,0.16124,39,14
2020-04-06 01:08:45,-119.86138,0.16124,46,14
2020-04-06 01:08:50,-119.86138,0.16124,34,14
2020-04-06 01:08:55,-119.86138,0.16124,44,14
2020-04-06 01:09:00,-119.86138,0.16124,44,14
2020-04-06 01:09:05,-119.86138,0.16124,40,14
2020-04-06 01:09:10,-119.86138,0.16124,40,14
2020-04-06 01:09:15,-119.86138,0.16124,37,14
2020-04-06 01:09:20,-119.86138,0.16124,43,14
2020-04-06 01:09:25,-119.86138,0.16124,37,14
2020-04-06 01:09:30,-119.86138,0.16124,38,14
2020-04-06 01:09:35,-119.86138,0.16124,39,14
2020-04-06 01:09:40,-119.86138,0.16124,39,14
2020-04-06 01:09:45,-119.86138,0.16124,46,14
2020-04-06 01:09:50,-119.86138,0.16124,43,14
2020-04-06 01:09:55,-119.86138,0.16124,41,14
2020-04-06 01:10:00,-119.86138,0.16124,38,14
2020-04-06 01:10:05,-119.86138,0.16124,40,14
2020-04-06 01:10:10,-119.86138,0.16124,35,14
2020-04-06 01:10:15,-119.86138,0.16124,48,14
2020-04-06 01:10:20,-119.86138,0.16124,40,14
2020-04-06 01:10:25,-119.86138,0.16124,44,14
2020-04-06 01:10:30,-119.86138,0.16124,39,14
2020-04-06 01:10:35,-119.86138,0.16124,43,14
2020-04-06 01:10:40,-119.86138,0.16124,33,14
2020-04-06 01:10:45,-119.86138,0.16124,44,14
2020-04-06 01:10:50,-119.86138,0.16124,38,14
2020-04-06 01:10:55,-119.86138,0.16124,36,14
2020-04-06 01:11:00,-119.86138,0.16124,44,14
2020-04-06 01:11:05,-119.86138,0.16124,41,14
2020-04-06 01:11:10,-119.86138,0.16124,42,14
2020-04-06 01:11:15,-119.86138,0.16124,41,14
2020-04-06 01:11:20,-119.86138,0.16124,40,14
2020-04-06 01:11:25,-119.86138,0.16124,41,14
2020-04-06 01:11:30,-119.86138,0.16124,37,14
2020-04-06 01:11:35,-119.86138,0.16124,40,14
2020-04-06 01:11:40,-119.86138,0.16124,39,14
2020-04-06 01:11:45,-119.86138,0.16124,41,14
2020-04-06 01:11:50,-119.86138,0.16124,36,14
2020-04-06 01:11:55,-119.86138,0.16124,45,14
2020-04-06 01:12:00,-119.86138,0.16124,43,14
2020-04-06 01:12:05,-119.86138,0.16124,40,14
2020-04-06 01:12:10,-119.86138,0.16124,43,14
2020-04-06 01:12:15,-119.86138,0.16124,40,14
2020-04-06 01:12:20,-119.86138,0.16124,36,14
2020-04-06 01:12:25,-119.86138,0.16124,41,14
2020-04-06 01:12:30,-119.86138,0.16124,39,14
2020-04-06 01:12:35,-119.86138,0.16124,39,14
2020-04-06 01:12:40,-119.86138,0.16124,39,14
2020-04-06 01:12:45,-119.86138,0.16124,46,14
2020-04-06 01:12:50,-119.86138,0.16124,39,14
2020-04-06 01:12:55,-119.86138,0.16124,41,14
2020-04-06 01:13:00,-119.86138,0.16124,33,14
2020-04-06 01:13:05,-119.86138,0.16124,44,14
2020-04-06 01:13:10,-119.86138,0.16124,44,14
2020-04-06 01:13:15,-119.86138,0.16124,42,14
2020-04-06 01:13:20,-119.86138,0.16124,40,14
2020-04-06 01:13:25,-119.86138,0.16124,42,14
2020-04-06 01:13:30,-119.86138,0.16124,39,14
2020-04-06 01:13:35,-119.86138,0.16124,45,14
2020-04-06 01:13:40,-119.86138,0.16124,44,14
2020-04-06 01:13:45,-119.86138,0.16124,45,14
2020-04-06 01:13:50,-119.86138,0.16124,44,14
2020-04-06 01:13:55,-119.86138,0.16124,43,14
2020-04-06 01:14:00,-119.86138,0.16124,43,14
2020-04-06 01:14:05,-119.86138,0.16124,44,14
2020-04-06 01:14:10,-119.86138,0.16124,41,14
2020-04-06 01:14:15,-119.86138,0.16124,42,14
2020-04-06 01:14:20,-119.86138,0.16124,48,14
2020-04-06 01:14:25,-119.86138,0.16124,38,14
2020-04-06 01:14:30,-119.86138,0.16124,41,14
2020-04-06 01:14:35,-119.86138,0.16124,43,14
2020-04-06 01:14:40,-119.86138,0.16124,41,14
2020-04-06 01:14:45,-119.86138,0.16124,39,14
2020-04-06 01:14:50,-119.86138,0.16124,39,14
2020-04-06 01:14:55,-119.86138,0.16124,44,14
2020-04-06 01:15:00,-119.86138,0.16124,40,14
2020-04-06 01:15:05,-119.86138,0.16124,44,14
2020-04-06 01:15:10,-119.86138,0.16124,41,14
2020-04-06 01:15:15,-119.86138,0.16124,44,14
2020-04-06 01:15:20,-119.86138,0.16124,41,14
2020-04-06 01:15:25,-119.86138,0.16124,44,14
2020-04-06 01:15:30,-119.86138,0.16124,42,14
2020-04-06 01:15:35,-119.86138,0.16124,37,14
2020-04-06 01:15:40,-119.86138,0.16124,45,14
2020-04-06 01:15:45,-119.86138,0.16124,42,14
2020-04-06 01:15:50,-119.86138,0.16124,38,14
2020-04-06 01:15:55,-119.86138,0.16124,41,14
2020-04-06 01:16:00,-119.86138,0.16124,41,14
2020-04-06 01:16:05,-119.86138,0.16124,38,14
2020-04-06 01:16:10,-119.86138,0.16124,39,14
2020-04-06 01:16:15,-119.86138,0.16124,46,14
2020-04-06 01:16:20,-119.86138,0.16124,41,14
2020-04-06 01:16:25,-119.86138,0.16124,42,14
2020-04-06 01:16:30,-119.86138,0.16124,40,14
2020-04-06 01:16:35,-119.86138,0.16124,38,14
2020-04-06 01:16:40,-119.86138,0.16124,41,14
2020-04-06 01:16:45,-119.86138,0.16124,41,14
2020-04-06 01:16:50,-119.86138,0.16124,46,14
2020-04-06 01:16:55,-119.86138,0.16124,45,14
2020-04-06 01:17:00,-119.86138,0.16124,45,14
2020-04-06 01:17:05,-119.86138,0.16124,40,14
2020-04-06 01:17:10,-119.86138,0.16124,43,14
2020-04-06 01:17:15,-119.86138,0.16124,38,14
2020-04-06 01:17:20,-119.86138,0.16124,38,14
2020-04-06 01:17:25,-119.86138,0.16124,46,14
2020-04-06 01:17:30,-119.86138,0.16124,41,14
2020-04-06 01:17:35,-119.86138,0.16124,46,14
2020-04-06 01:17:40,-119.86138,0.16124,39,14
2020-04-06 01:17:45,-119.86138,0.16124,45,14
2020-04-06 01:17:50,-119.86138,0.16124,41,14
2020-04-06 01:17:55,-119.86138,0.16124,36,14
2020-04-06 01:18:00,-119.86138,0.16124,42,14
2020-04-06 01:18:05,-119.86138,0.16124,39,14
2020-04-06 01:18:10,-119.86138,0.16124,43,14
2020-04-06 01:18:15,-119.86138,0.16124,39,14
2020-04-06 01:18:20,-119.86138,0.16124,38,14
2020-04-06 01:18:25,-119.86138,0.16124,40,14
2020-04-06 01:18:30,-119.86138,0.16124,41,14
2020-04-06 01:18:35,-119.86138,0.16124,40,14
2020-04-06 01:18:40,-119.86138,0.16124,41,14
2020-04-06 01:18:45,-119.86138,0.16124,41,14
2020-04-06 01:18:50,-119.86138,0.16124,40,14
2020-04-06 01:18:55,-119.86138,0.16124,38,14
2020-04-06 01:19:00,-119.86138,0.16124,41,14
2020-04-06 01:19:05,-119.86138,0.16124,37,14
2020-04-06 01:19:10,-119.86138,0.16124,42,14
2020-04-06 01:19:15,-119.86138,0.16124,43,14
2020-04-06 01:19:20,-119.86138,0.16124,38,14
2020-04-06 01:19:25,-119.86138,0.16124,42,14
2020-04-06 01:19:30,-119.86138,0.16124,46,14
2020-04-06 01:19:35,-119.86138,0.16124,38,14
2020-04-06 01:19:40,-119.86138,0.16124,47,14
2020-04-06 01:19:45,-119.86138,0.16124,36,14
2020-04-06 01:19:50,-119.86138,0.16124,33,14
2020-04-06 01:19:55,-119.86138,0.16124,43,14
2020-04-06 01:20:00,-119.86138,0.16124,40,14
2020-04-06 01:20:05,-119.86138,0.16124,40,14
2020-04-06 01:20:10,-119.86138,0.16124,36,14
2020-04-06 01:20:15,-119.86138,0.16124,42,14
2020-04-06 01:20:20,-119.86138,0.16124,44,14
2020-04-06 01:20:25,-119.86138,0.16124,43,14
2020-04-06 01:20:30,-119.86138,0.16124,44,14
2020-04-06 01:20:35,-119.86138,0.16124,34,14
2020-04-06 01:20:40,-119.86138,0.16124,40,14
2020-04-06 01:20:45,-119.86138,0.16124,37,14
2020-04-06 01:20:50,-119.86138,0.16124,41,14
2020-04-06 01:20:55,-119.86138,0.16124,45,14
2020-04-06 01:21:00,-119.86138,0.16124,43,14
2020-04-06 01:21:05,-119.86138,0.16124,44,14
2020-04-06 01:21:10,-119.86138,0.16124,37,14
2020-04-06 01:21:15,-119.86138,0.16124,43,14
2020-04-06 01:21:20,-119.86138,0.16124,40,14
2020-04-06 01:21:25,-119.86138,0.16124,37,14
2020-04-06 01:21:30,-119.86138,0.16124,41,14
2020-04-06 01:21:35,-119.86138,0.16124,38,14
2020-04-06 01:21:40,-119.86138,0.16124,41,14
2020-04-06 01:21:45,-119.86138,0.16124,39,14
2020-04-06 01:21:50,-119.86138,0.16124,47,14
2020-04-06 01:21:55,-119.86138,0.16124,43,14
2020-04-06 01:22:00,-119.86138,0.16124,42,14
2020-04-06 01:22:05,-119.86138,0.16124,38,14
2020-04-06 01:22:10,-119.86138,0.16124,41,14
2020-04-06 01:22:15,-119.86138,0.16124,40,14
2020-04-06 01:22:20,-119.86138,0.16124,39,14
2020-04-06 01:22:25,-119.86138,0.16124,42,14
2020-04-06 01:22:30,-119.86138,0.16124,42,14
2020-04-06 01:22:35,-119.86138,0.16124,41,14
2020-04-06 01:22:40,-119.86138,0.16124,37,14
2020-04-06 01:22:45,-119.86138,0.16124,40,14
2020-04-06 01:22:50,-119.86138,0.16124,43,14
2020-04-06 01:22:55,-119.86138,0.16124,41,14
2020-04-06 01:23:00,-119.86138,0.16124,45,14
2020-04-06 01:23:05,-119.86138,0.16124,36,14
2020-04-06 01:23:10,-119.86138,0.16124,39,14
2020-04-06 01:23:15,-119.86138,0.16124,43,14
2020-04-06 01:23:20,-119.86138,0.16124,42,14
2020-04-06 01:23:25,-119.86138,0.16124,44,14
2020-04-06 01:23:30,-119.86138,0.16124,38,14
2020-04-06 01:23:35,-119.86138,0.16124,46,14
2020-04-06 01:23:40,-119.86138,0.16124,43,14
2020-04-06 01:23:45,-119.86138,0.16124,42,14
2020-04-06 01:23:50,-119.86138,0.16124,47,14
2020-04-06 01:23:55,-119.86138,0.16124,40,14
2020-04-06 01:24:00,-119.86138,0.16124,43,14
2020-04-06 01:24:05,-119.86138,0.16124,45,14
2020-04-06 01:24:10,-119.86138,0.16124,41,14
2020-04-06 01:24:15,-119.86138,0.16124,33,14
2020-04-06 01:24:20,-119.86138,0.16124,44,14
2020-04-06 01:24:25,-119.86138,0.16124,45,14
2020-04-06 01:24:30,-119.86138,0.16124,39,14
2020-04-06 01:24:35,-119.86138,0.16124,45,14
2020-04-06 01:24:40,-119.86138,0.16124,42,14
2020-04-06 01:24:45,-119.86138,0.16124,41,14
2020-04-06 01:24:50,-119.86138,0.16124,42,14
2020-04-06 01:24:55,-119.86138,0.16124,43,14
2020-04-06 01:25:00,-119.86138,0.16124,39,14
2020-04-06 01:25:05,-119.86138,0.16124,37,14
2020-04-06 01:25:10,-119.86138,0.16124,43,14
2020-04-06 01:25:15,-119.86138,0.16124,36,14
2020-04-06 01:25:20,-119.86138,0.16124,45,14
2020-04-06 01:25:25,-119.86138,0.16124,38,14
2020-04-06 01:25:30,-119.86138,0.16124,42,14
2020-04-06 01:25:35,-119.86138,0.16124,38,14
2020-04-06 01:25:40,-119.86138,0.16124,39,14
2020-04-06 01:25:45,-119.86138,0.16124,41,14
2020-04-06 01:25:50,-119.86138,0.16124,40,14
2020-04-06 01:25:55,-119.86138,0.16124,39,14
2020-04-06 01:26:00,-119.86138,0.16124,41,14
2020-04-06 01:26:05,-119.86138,0.16124,39,14
2020-04-06 01:26:10,-119.86138,0.16124,46,14
2020-04-06 01:26:15,-119.86138,0.16124,38,14
2020-04-06 01:26:20,-119.86138,0.16124,37,14
2020-04-06 01:26:25,-119.86138,0.16124,38,14
2020-04-06 01:26:30,-119.86138,0.16124,42,14
2020-04-06 01:26:35,-119.86138,0.16124,50,14
2020-04-06 01:26:40,-119.86138,0.16124,39,14
2020-04-06 01:26:45,-119.86138,0.16124,38,14
2020-04-06 01:26:50,-119.86138,0.16124,41,14
2020-04-06 01:26:55,-119.86138,0.16124,40,14
2020-04-06 01:27:00,-119.86138,0.16124,39,14
2020-04-06 01:27:05,-119.86138,0.16124,39,14
2020-04-06 01:27:10,-119.86138,0.16124,42,14
2020-04-06 01:27:15,-119.86138,0.16124,43,14
2020-04-06 01:27:20,-119.86138,0.16124,38,14
2020-04-06 01:27:25,-119.86138,0.16124,42,14
2020-04-06 01:27:30,-119.86138,0.16124,41,14
2020-04-06 01:27:35,-119.86138,0.16124,40,14
2020-04-06 01:27:40,-119.86138,0.16124,42,14
2020-04-06 01:27:45,-119.86138,0.16124,45,14
2020-04-06 01:27:50,-119.86138,0.16124,38,14
2020-04-06 01:27:55,-119.86138,0.16124,44,14
2020-04-06 01:28:00,-119.86138,0.16124,39,14
2020-04-06 01:28:05,-119.86138,0.16124,38,14
2020-04-06 01:28:10,-119.86138,0.16124,34,14
2020-04-06 01:28:15,-119.86138,0.16124,41,14
2020-04-06 01:28:20,-119.86138,0.16124,41,14
2020-04-06 01:28:25,-119.86138,0.16124,41,14
2020-04-06 01:28:30,-119.86138,0.16124,40,14
2020-04-06 01:28:35,-119.86138,0.16124,41,14
2020-04-06 01:28:40,-119.86138,0.16124,41,14
2020-04-06 01:28:45,-119.86138,0.16124,42,14
2020-04-06 01:28:50,-119.86138,0.16124,44,14
2020-04-06 01:28:55,-119.86138,0.16124,38,14
2020-04-06 01:29:00,-119.86138,0.16124,40,14
2020-04-06 01:29:05,-119.86138,0.16124,42,14
2020-04-06 01:29:10,-119.86138,0.16124,37,14
2020-04-06 01:29:15,-119.86138,0.16124,35,14
2020-04-06 01:29:20,-119.86138,0.16124,37,14
2020-04-06 01:29:25,-119.86138,0.16124,38,14
2020-04-06 01:29:30,-119.86138,0.16124,45,14
2020-04-06 01:29:35,-119.86138,0.16124,41,14
2020-04-06 01:29:40,-119.86138,0.16124,43,14
2020-04-06 01:29:45,-119.86138,0.16124,36,14
2020-04-06 01:29:50,-119.86138,0.16124,40,14
2020-04-06 01:29:55,-119.86138,0.16124,43,14
2020-04-06 01:30:00,-119.86138,0.16124,39,14
2020-04-06 01:30:05,-119.86138,0.16124,41,14
2020-04-06 01:30:10,-119.86138,0.16124,41,14
2020-04-06 01:30:15,-119.86138,0.16124,49,14
2020-04-06 01:30:20,-119.86138,0.16124,44,14
2020-04-06 01:30:25,-119.86138,0.16124,37,14
2020-04-06 01:30:30,-119.86138,0.16124,42,14
2020-04-06 01:30:35,-119.86138,0.16124,39,14
2020-04-06 01:30:40,-119.86138,0.16124,39,14
2020-04-06 01:30:45,-119.86138,0.16124,38,14
2020-04-06 01:30:50,-119.86138,0.16124,41,14
2020-04-06 01:30:55,-119.86138,0.16124,47,14
2020-04-06 01:31:00,-119.86138,0.16124,44,14
2020-04-06 01:31:05,-119.86138,0.16124,49,14
2020-04-06 01:31:10,-119.86138,0.16124,43,14
2020-04-06 01:31:15,-119.86138,0.16124,43,14
2020-04-06 01:31:20,-119.86138,0.16124,41,14
2020-04-06 01:31:25,-119.86138,0.16124,43,14
2020-04-06 01:31:30,-119.86138,0.16124,39,14
2020-04-06 01:31:35,-119.86138,0.16124,39,14
2020-04-06 01:31:40,-119.86138,0.16124,39,14
2020-04-06 01:31:45,-119.86138,0.16124,39,14
2020-04-06 01:31:50,-119.86138,0.16124,41,14
2020-04-06 01:31:55,-119.86138,0.16124,38,14
2020-04-06 01:32:00,-119.86138,0.16124,36,14
2020-04-06 01:32:05,-119.86138,0.16124,37,14
2020-04-06 01:32:10,-119.86138,0.16124,40,14
2020-04-06 01:32:15,-119.86138,0.16124,35,14
2020-04-06 01:32:20,-119.86138,0.16124,38,14
2020-04-06 01:32:25,-119.86138,0.16124,37,14
2020-04-06 01:32:30,-119.86138,0.16124,43,14
2020-04-06 01:32:35,-119.86138,0.16124,43,14
2020-04-06 01:32:40,-119.86138,0.16124,49,14
2020-04-06 01:32:45,-119.86138,0.16124,45,14
2020-04-06 01:32:50,-119.86138,0.16124,36,14
2020-04-06 01:32:55,-119.86138,0.16124,42,14
2020-04-06 01:33:00,-119.86138,0.16124,36,14
2020-04-06 01:33:05,-119.86138,0.16124,38,14
2020-04-06 01:33:10,-119.86138,0.16124,41,14
2020-04-06 01:33:15,-119.86138,0.16124,36,14
2020-04-06 01:33:20,-119.86138,0.16124,42,14
2020-04-06 01:33:25,-119.86138,0.16124,38,14
2020-04-06 01:33:30,-119.86138,0.16124,41,14
2020-04-06 01:33:35,-119.86138,0.16124,43,14
2020-04-06 01:33:40,-119.86138,0.16124,44,14
2020-04-06 01:33:45,-119.86138,0.16124,38,14
2020-04-06 01:33:50,-119.86138,0.16124,40,14
2020-04-06 01:33:55,-119.86138,0.16124,39,14
2020-04-06 01:34:00,-119.86138,0.16124,44,14
2020-04-06 01:34:05,-119.86138,0.16124,41,14
2020-04-06 01:34:10,-119.86138,0.16124,44,14
2020-04-06 01:34:15,-119.86138,0.16124,38,14
2020-04-06 01:34:20,-119.86138,0.16124,39,14
2020-04-06 01:34:25,-119.86138,0.16124,43,14
2020-04-06 01:34:30,-119.86138,0.16124,40,14
2020-04-06 01:34:35,-119.86138,0.16124,43,14
2020-04-06 01:34:40,-119.86138,0.16124,42,14
2020-04-06 01:34:45,-119.86138,0.16124,41,14
2020-04-06 01:34:50,-119.86138,0.16124,44,14
2020-04-06 01:34:55,-119.86138,0.16124,39,14
2020-04-06 01:35:00,-119.86138,0.16124,41,14
2020-04-06 01:35:05,-119.86138,0.16124,38,14
2020-04-06 01:35:10,-119.86138,0.16124,42,14
2020-04-06 01:35:15,-119.86138,0.16124,39,14
2020-04-06 01:35:20,-119.86138,0.16124,44,14
2020-04-06 01:35:25,-119.86138,0.16124,38,14
2020-04-06 01:35:30,-119.86138,0.16124,39,14
2020-04-06 01:35:35,-119.86138,0.16124,45,14
2020-04-06 01:35:40,-119.86138,0.16124,39,14
2020-04-06 01:35:45,-119.86138,0.16124,47,14
2020-04-06 01:35:50,-119.86138,0.16124,44,14
2020-04-06 01:35:55,-119.86138,0.16124,45,14
2020-04-06 01:36:00,-119.86138,0.16124,39,14
2020-04-06 01:36:05,-119.86138,0.16124,43,14
2020-04-06 01:36:10,-119.86138,0.16124,36,14
2020-04-06 01:36:15,-119.86138,0.16124,42,14
2020-04-06 01:36:20,-119.86138,0.16124,39,14
2020-04-06 01:36:25,-119.86138,0.16124,42,14
2020-04-06 01:36:30,-119.86138,0.16124,44,14
2020-04-06 01:36:35,-119.86138,0.16124,37,14
2020-04-06 01:36:40,-119.86138,0.16124,40,14
2020-04-06 01:36:45,-119.86138,0.16124,45,14
2020-04-06 01:36:50,-119.86138,0.16124,43,14
2020-04-06 01:36:55,-119.86138,0.16124,45,14
2020-04-06 01:37:00,-119.86138,0.16124,43,14
2020-04-06 01:37:05,-119.86138,0.16124,44,14
2020-04-06 01:37:10,-119.86138,0.16124,43,14
2020-04-06 01:37:15,-119.86138,0.16124,42,14
2020-04-06 01:37:20,-119.86138,0.16124,41,14
2020-04-06 01:37:25,-119.86138,0.16124,42,14
2020-04-06 01:37:30,-119.86138,0.16124,40,14
2020-04-06 01:37:35,-119.86138,0.16124,42,14
2020-04-06 01:37:40,-119.86138,0.16124,45,14
2020-04-06 01:37:45,-119.86138,0.16124,42,14
2020-04-06 01:37:50,-119.86138,0.16124,38,14
2020-04-06 01:37:55,-119.86138,0.16124,44,14
2020-04-06 01:38:00,-119.86138,0.16124,39,14
2020-04-06 01:38:05,-119.86138,0.16124,39,14
2020-04-06 01:38:10,-119.86138,0.16124,42,14
2020-04-06 01:38:15,-119.86138,0.16124,35,14
2020-04-06 01:38:20,-119.86138,0.16124,41,14
2020-04-06 01:38:25,-119.86138,0.16124,41,14
2020-04-06 01:38:30,-119.86138,0.16124,36,14
2020-04-06 01:38:35,-119.86138,0.16124,46,14
2020-04-06 01:38:40,-119.86138,0.16124,45,14
2020-04-06 01:38:45,-119.86138,0.16124,43,14
2020-04-06 01:38:50,-119.86138,0.16124,41,14
2020-04-06 01:38:55,-119.86138,0.16124,41,14
2020-04-06 01:39:00,-119.86138,0.16124,46,14
2020-04-06 01:39:05,-119.86138,0.16124,41,14
2020-04-06 01:39:10,-119.86138,0.16124,37,14
2020-04-06 01:39:15,-119.86138,0.16124,38,14
2020-04-06 01:39:20,-119.86138,0.16124,38,14
2020-04-06 01:39:25,-119.86138,0.16124,39,14
2020-04-06 01:39:30,-119.86138,0.16124,42,14
2020-04-06 01:39:35,-119.86138,0.16124,40,14
2020-04-06 01:39:40,-119.86138,0.16124,44,14
2020-04-06 01:39:45,-119.86138,0.16124,40,14
2020-04-06 01:39:50,-119.86138,0.16124,45,14
2020-04-06 01:39:55,-119.86138,0.16124,43,14
2020-04-06 01:40:00,-119.86138,0.16124,43,14
2020-04-06 01:40:05,-119.86138,0.16124,38,14
2020-04-06 01:40:10,-119.86138,0.16124,48,14
2020-04-06 01:40:15,-119.86138,0.16124,46,14
2020-04-06 01:40:20,-119.86138,0.16124,40,14
2020-04-06 01:40:25,-119.86138,0.16124,37,14
2020-04-06 01:40:30,-119.86138,0.16124,44,14
2020-04-06 01:40:35,-119.86138,0.16124,44,14
2020-04-06 01:40:40,-119.86138,0.16124,43,14
2020-04-06 01:40:45,-119.86138,0.16124,39,14
2020-04-06 01:40:50,-119.86138,0.16124,35,14
2020-04-06 01:40:55,-119.86138,0.16124,45,14
2020-04-06 01:41:00,-119.86138,0.16124,42,14
2020-04-06 01:41:05,-119.86138,0.16124,45,14
2020-04-06 01:41:10,-119.86138,0.16124,41,14
2020-04-06 01:41:15,-119.86138,0.16124,35,14
2020-04-06 01:41:20,-119.86138,0.16124,38,14
2020-04-06 01:41:25,-119.86138,0.16124,42,14
2020-04-06 01:41:30,-119.86138,0.16124,49,14
2020-04-06 01:41:35,-119.86138,0.16124,49,14
2020-04-06 01:41:40,-119.86138,0.16124,40,14
2020-04-06 01:41:45,-119.86138,0.16124,45,14
2020-04-06 01:41:50,-119.86138,0.16124,40,14
2020-04-06 01:41:55,-119.86138,0.16124,38,14
2020-04-06 01:42:00,-119.86138,0.16124,40,14
2020-04-06 01:42:05,-119.86138,0.16124,38,14
2020-04-06 01:42:10,-119.86138,0.16124,43,14
2020-04-06 01:42:15,-119.86138,0.16124,42,14
2020-04-06 01:42:20,-119.86138,0.16124,40,14
2020-04-06 01:42:25,-119.86138,0.16124,38,14
2020-04-06 01:42:30,-119.86138,0.16124,44,14
2020-04-06 01:42:35,-119.86138,0.16124,40,14
2020-04-06 01:42:40,-119.86138,0.16124,42,14
2020-04-06 01:42:45,-119.86138,0.16124,43,14
2020-04-06 01:42:50,-119.86138,0.16124,44,14
2020-04-06 01:42:55,-119.86138,0.16124,45,14
2020-04-06 01:43:00,-119.86138,0.16124,36,14
2020-04-06 01:43:05,-119.86138,0.16124,39,14
2020-04-06 01:43:10,-119.86138,0.16124,44,14
2020-04-06 01:43:15,-119.86138,0.16124,42,14
2020-04-06 01:43:20,-119.86138,0.16124,42,14
2020-04-06 01:43:25,-119.86138,0.16124,39,14
2020-04-06 01:43:30,-119.86138,0.16124,36,14
2020-04-06 01:43:35,-119.86138,0.16124,41,14
2020-04-06 01:43:40,-119.86138,0.16124,45,14
2020-04-06 01:43:45,-119.86138,0.16124,44,14
2020-04-06 01:43:50,-119.86138,0.16124,36,14
2020-04-06 01:43:55,-119.86138,0.16124,44,14
2020-04-06 01:44:00,-119.86138,0.16124,41,14
2020-04-06 01:44:05,-119.86138,0.16124,42,14
2020-04-06 01:44:10,-119.86138,0.16124,38,14
2020-04-06 01:44:15,-119.86138,0.16124,42,14
2020-04-06 01:44:20,-119.86138,0.16124,44,14
2020-04-06 01:44:25,-119.86138,0.16124,42,14
2020-04-06 01:44:30,-119.86138,0.16124,43,14
2020-04-06 01:44:35,-119.86138,0.16124,39,14
2020-04-06 01:44:40,-119.86138,0.16124,42,14
2020-04-06 01:44:45,-119.86138,0.16124,44,14
2020-04-06 01:44:50,-119.86138,0.16124,39,14
2020-04-06 01:44:55,-119.86138,0.16124,41,14
2020-04-06 01:45:00,-119.86138,0.16124,40,14
2020-04-06 01:45:05,-119.86138,0.16124,41,14
2020-04-06 01:45:10,-119.86138,0.16124,41,14
2020-04-06 01:45:15,-119.86138,0.16124,43,14
2020-04-06 01:45:20,-119.86138,0.16124,41,14
2020-04-06 01:45:25,-119.86138,0.16124,41,14
2020-04-06 01:45:30,-119.86138,0.16124,41,14
2020-04-06 01:45:35,-119.86138,0.16124,42,14
2020-04-06 01:45:40,-119.86138,0.16124,39,14
2020-04-06 01:45:45,-119.86138,0.16124,42,14
2020-04-06 01:45:50,-119.86138,0.16124,43,14
2020-04-06 01:45:55,-119.86138,0.16124,35,14
2020-04-06 01:46:00,-119.86138,0.16124,38,14
2020-04-06 01:46:05,-119.86138,0.16124,45,14
2020-04-06 01:46:10,-119.86138,0.16124,45,14
2020-04-06 01:46:15,-119.86138,0.16124,42,14
2020-04-06 01:46:20,-119.86138,0.16124,40,14
2020-04-06 01:46:25,-119.86138,0.16124,40,14
2020-04-06 01:46:30,-119.86138,0.16124,39,14
2020-04-06 01:46:35,-119.86138,0.16124,44,14
2020-04-06 01:46:40,-119.86138,0.16124,44,14
2020-04-06 01:46:45,-119.86138,0.16124,46,14
2020-04-06 01:46:50,-119.86138,0.16124,43,14
2020-04-06 01:46:55,-119.86138,0.16124,36,14
2020-04-06 01:47:00,-119.86138,0.16124,41,14
2020-04-06 01:47:05,-119.86138,0.16124,41,14
2020-04-06 01:47:10,-119.86138,0.16124,43,14
2020-04-06 01:47:15,-119.86138,0.16124,45,14
2020-04-06 01:47:20,-119.86138,0.16124,42,14
2020-04-06 01:47:25,-119.86138,0.16124,38,14
2020-04-06 01:47:30,-119.86138,0.16124,46,14
2020-04-06 01:47:35,-119.86138,0.16124,43,14
2020-04-06 01:47:40,-119.86138,0.16124,42,14
2020-04-06 01:47:45,-119.86138,0.16124,39,14
2020-04-06 01:47:50,-119.86138,0.16124,42,14
2020-04-06 01:47:55,-119.86138,0.16124,42,14
2020-04-06 01:48:00,-119.86138,0.16124,41,14
2020-04-06 01:48:05,-119.86138,0.16124,38,14
2020-04-06 01:48:10,-119.86138,0.16124,39,14
2020-04-06 01:48:15,-119.86138,0.16124,43,14
2020-04-06 01:48:20,-119.86138,0.16124,38,14
2020-04-06 01:48:25,-119.86138,0.16124,43,14
2020-04-06 01:48:30,-119.86138,0.16124,46,14
2020-04-06 01:48:35,-119.86138,0.16124,39,14
2020-04-06 01:48:40,-119.86138,0.16124,43,14
2020-04-06 01:48:45,-119.86138,0.16124,44,14
2020-04-06 01:48:50,-119.86138,0.16124,42,14
2020-04-06 01:48:55,-119.86138,0.16124,45,14
2020-04-06 01:49:00,-119.86138,0.16124,44,14
2020-04-06 01:49:05,-119.86138,0.16124,46,14
2020-04-06 01:49:10,-119.86138,0.16124,46,14
2020-04-06 01:49:15,-119.86138,0.16124,42,14
2020-04-06 01:49:20,-119.86138,0.16124,41,14
2020-04-06 01:49:25,-119.86138,0.16124,40,14
2020-04-06 01:49:30,-119.86138,0.16124,41,14
2020-04-06 01:49:35,-119.86138,0.16124,46,14
2020-04-06 01:49:40,-119.86138,0.16124,40,14
2020-04-06 01:49:45,-119.86138,0.16124,47,14
2020-04-06 01:49:50,-119.86138,0.16124,38,14
2020-04-06 01:49:55,-119.86138,0.16124,38,14
2020-04-06 01:50:00,-119.86138,0.16124,39,14
2020-04-06 01:50:05,-119.86138,0.16124,48,14
2020-04-06 01:50:10,-119.86138,0.16124,42,14
2020-04-06 01:50:15,-119.86138,0.16124,42,14
2020-04-06 01:50:20,-119.86138,0.16124,44,14
2020-04-06 01:50:25,-119.86138,0.16124,41,14
2020-04-06 01:50:30,-119.86138,0.16124,40,14
2020-04-06 01:50:35,-119.86138,0.16124,43,14
2020-04-06 01:50:40,-119.86138,0.16124,43,14
2020-04-06 01:50:45,-119.86138,0.16124,42,14
2020-04-06 01:50:50,-119.86138,0.16124,37,14
2020-04-06 01:50:55,-119.86138,0.16124,38,14
2020-04-06 01:51:00,-119.86138,0.16124,39,14
2020-04-06 01:51:05,-119.86138,0.16124,38,14
2020-04-06 01:51:10,-119.86138,0.16124,38,14
2020-04-06 01:51:15,-119.86138,0.16124,40,14
2020-04-06 01:51:20,-119.86138,0.16124,42,14
2020-04-06 01:51:25,-119.86138,0.16124,43,14
2020-04-06 01:51:30,-119.86138,0.16124,45,14
2020-04-06 01:51:35,-119.86138,0.16124,40,14
2020-04-06 01:51:40,-119.86138,0.16124,40,14
2020-04-06 01:51:45,-119.86138,0.16124,40,14
2020-04-06 01:51:50,-119.86138,0.16124,39,14
2020-04-06 01:51:55,-119.86138,0.16124,46,14
2020-04-06 01:52:00,-119.86138,0.16124,41,14
2020-04-06 01:52:05,-119.86138,0.16124,42,14
2020-04-06 01:52:10,-119.86138,0.16124,38,14
2020-04-06 01:52:15,-119.86138,0.16124,40,14
2020-04-06 01:52:20,-119.86138,0.16124,40,14
2020-04-06 01:52:25,-119.86138,0.16124,43,14
2020-04-06 01:52:30,-119.86138,0.16124,43,14
2020-04-06 01:52:35,-119.86138,0.16124,40,14
2020-04-06 01:52:40,-119.86138,0.16124,42,14
2020-04-06 01:52:45,-119.86138,0.16124,41,14
2020-04-06 01:52:50,-119.86138,0.16124,45,14
2020-04-06 01:52:55,-119.86138,0.16124,44,14
2020-04-06 01:53:00,-119.86138,0.16124,42,14
2020-04-06 01:53:05,-119.86138,0.16124,40,14
2020-04-06 01:53:10,-119.86138,0.16124,41,14
2020-04-06 01:53:15,-119.86138,0.16124,44,14
2020-04-06 01:53:20,-119.86138,0.16124,39,14
2020-04-06 01:53:25,-119.86138,0.16124,42,14
2020-04-06 01:53:30,-119.86138,0.16124,40,14
2020-04-06 01:53:35,-119.86138,0.16124,37,14
2020-04-06 01:53:40,-119.86138,0.16124,39,14
2020-04-06 01:53:45,-119.86138,0.16124,40,14
2020-04-06 01:53:50,-119.86138,0.16124,38,14
2020-04-06 01:53:55,-119.86138,0.16124,41,14
2020-04-06 01:54:00,-119.86138,0.16124,40,14
2020-04-06 01:54:05,-119.86138,0.16124,37,14
2020-04-06 01:54:10,-119.86138,0.16124,41,14
2020-04-06 01:54:15,-119.86138,0.16124,43,14
2020-04-06 01:54:20,-119.86138,0.16124,41,14
2020-04-06 01:54:25,-119.86138,0.16124,39,14
2020-04-06 01:54:30,-119.86138,0.16124,40,14
2020-04-06 01:54:35,-119.86138,0.16124,49,14
2020-04-06 01:54:40,-119.86138,0.16124,36,14
2020-04-06 01:54:45,-119.86138,0.16124,45,14
2020-04-06 01:54:50,-119.86138,0.16124,43,14
2020-04-06 01:54:55,-119.86138,0.16124,37,14
2020-04-06 01:55:00,-119.86138,0.16124,45,14
2020-04-06 01:55:05,-119.86138,0.16124,44,14
2020-04-06 01:55:10,-119.86138,0.16124,44,14
2020-04-06 01:55:15,-119.86138,0.16124,40,14
2020-04-06 01:55:20,-119.86138,0.16124,43,14
2020-04-06 01:55:25,-119.86138,0.16124,44,14
2020-04-06 01:55:30,-119.86138,0.16124,46,14
2020-04-06 01:55:35,-119.86138,0.16124,45,14
2020-04-06 01:55:40,-119.86138,0.16124,39,14
2020-04-06 01:55:45,-119.86138,0.16124,40,14
2020-04-06 01:55:50,-119.86138,0.16124,39,14
2020-04-06 01:55:55,-119.86138,0.16124,44,14
2020-04-06 01:56:00,-119.86138,0.16124,39,14
2020-04-06 01:56:05,-119.86138,0.16124,40,14
2020-04-06 01:56:10,-119.86138,0.16124,43,14
2020-04-06 01:56:15,-119.86138,0.16124,36,14
2020-04-06 01:56:20,-119.86138,0.16124,43,14
2020-04-06 01:56:25,-119.86138,0.16124,37,14
2020-04-06 01:56:30,-119.86138,0.16124,37,14
2020-04-06 01:56:35,-119.86138,0.16124,40,14
2020-04-06 01:56:40,-119.86138,0.16124,40,14
2020-04-06 01:56:45,-119.86138,0.16124,45,14
2020-04-06 01:56:50,-119.86138,0.16124,43,14
2020-04-06 01:56:55,-119.86138,0.16124,47,14
2020-04-06 01:57:00,-119.86138,0.16124,45,14
2020-04-06 01:57:05,-119.86138,0.16124,41,14
2020-04-06 01:57:10,-119.86138,0.16124,44,14
2020-04-06 01:57:15,-119.86138,0.16124,37,14
2020-04-06 01:57:20,-119.86138,0.16124,45,14
2020-04-06 01:57:25,-119.86138,0.16124,42,14
2020-04-06 01:57:30,-119.86138,0.16124,42,14
2020-04-06 01:57:35,-119.86138,0.16124,41,14
2020-04-06 01:57:40,-119.86138,0.16124,41,14
2020-04-06 01:57:45,-119.86138,0.16124,37,14
2020-04-06 01:57:50,-119.86138,0.16124,43,14
2020-04-06 01:57:55,-119.86138,0.16124,42,14
2020-04-06 01:58:00,-119.86138,0.16124,41,14
2020-04-06 01:58:05,-119.86138,0.16124,44,14
2020-04-06 01:58:10,-119.86138,0.16124,40,14
2020-04-06 01:58:15,-119.86138,0.16124,47,14
2020-04-06 01:58:20,-119.86138,0.16124,41,14
2020-04-06 01:58:25,-119.86138,0.16124,43,14
2020-04-06 01:58:30,-119.86138,0.16124,35,14
2020-04-06 01:58:35,-119.86138,0.16124,41,14
2020-04-06 01:58:40,-119.86138,0.16124,45,14
2020-04-06 01:58:45,-119.86138,0.16124,42,14
2020-04-06 01:58:50,-119.86138,0.16124,45,14
2020-04-06 01:58:55,-119.86138,0.16124,39,14
2020-04-06 01:59:00,-119.86138,0.16124,49,14
2020-04-06 01:59:05,-119.86138,0.16124,47,14
2020-04-06 01:59:10,-119.86138,0.16124,40,14
2020-04-06 01:59:15,-119.86138,0.16124,40,14
2020-04-06 01:59:20,-119.86138,0.16124,42,14
2020-04-06 01:59:25,-119.86138,0.16124,47,14
2020-04-06 01:59:30,-119.86138,0.16124,42,14
2020-04-06 01:59:35,-119.86138,0.16124,38,14
2020-04-06 01:59:40,-119.86138,0.16124,44,14
2020-04-06 01:59:45,-119.86138,0.16124,40,14
2020-04-06 01:59:50,-119.86138,0.16124,38,14
2020-04-06 01:59:55,-119.86138,0.16124,42,14
2020-04-06 02:00:00,-119.86138,0.16124,40,14
2020-04-06 02:00:05,-119.86138,0.16124,41,14
2020-04-06 02:00:10,-119.86138,0.16124,46,14
2020-04-06 02:00:15,-119.86138,0.16124,41,14
2020-04-06 02:00:20,-119.86138,0.16124,44,14
2020-04-06 02:00:25,-119.86138,0.16124,37,14
2020-04-06 02:00:30,-119.86138,0.16124,39,14
2020-04-06 02:00:35,-119.86138,0.16124,37,14
2020-04-06 02:00:40,-119.86138,0.16124,43,14
2020-04-06 02:00:45,-119.86138,0.16124,39,14
2020-04-06 02:00:50,-119.86138,0.16124,37,14
2020-04-06 02:00:55,-119.86138,0.16124,37,14
2020-04-06 02:01:00,-119.86138,0.16124,40,14
2020-04-06 02:01:05,-119.86138,0.16124,41,14
2020-04-06 02:01:10,-119.86138,0.16124,40,14
2020-04-06 02:01:15,-119.86138,0.16124,40,14
2020-04-06 02:01:20,-119.86138,0.16124,43,14
2020-04-06 02:01:25,-119.86138,0.16124,38,14
2020-04-06 02:01:30,-119.86138,0.16124,44,14
2020-04-06 02:01:35,-119.86138,0.16124,43,14
2020-04-06 02:01:40,-119.86138,0.16124,38,14
2020-04-06 02:01:45,-119.86138,0.16124,40,14
2020-04-06 02:01:50,-119.86138,0.16124,37,14
2020-04-06 02:01:55,-119.86138,0.16124,42,14
2020-04-06 02:02:00,-119.86138,0.16124,39,14
2020-04-06 02:02:05,-119.86138,0.16124,46,14
2020-04-06 02:02:10,-119.86138,0.16124,43,14
2020-04-06 02:02:15,-119.86138,0.16124,40,14
2020-04-06 02:02:20,-119.86138,0.16124,42,14
2020-04-06 02:02:25,-119.86138,0.16124,43,14
2020-04-06 02:02:30,-119.86138,0.16124,39,14
2020-04-06 02:02:35,-119.86138,0.16124,37,14
2020-04-06 02:02:40,-119.86138,0.16124,38,14
2020-04-06 02:02:45,-119.86138,0.16124,41,14
2020-04-06 02:02:50,-119.86138,0.16124,44,14
2020-04-06 02:02:55,-119.86138,0.16124,38,14
2020-04-06 02:03:00,-119.86138,0.16124,45,14
2020-04-06 02:03:05,-119.86138,0.16124,42,14
2020-04-06 02:03:10,-119.86138,0.16124,42,14
2020-04-06 02:03:15,-119.86138,0.16124,42,14
2020-04-06 02:03:20,-119.86138,0.16124,41,14
2020-04-06 02:03:25,-119.86138,0.16124,44,14
2020-04-06 02:03:30,-119.86138,0.16124,40,14
2020-04-06 02:03:35,-119.86138,0.16124,41,14
2020-04-06 02:03:40,-119.86138,0.16124,38,14
2020-04-06 02:03:45,-119.86138,0.16124,46,14
2020-04-06 02:03:50,-119.86138,0.16124,40,14
2020-04-06 02:03:55,-119.86138,0.16124,44,14
2020-04-06 02:04:00,-119.86138,0.16124,40,14
2020-04-06 02:04:05,-119.86138,0.16124,40,14
2020-04-06 02:04:10,-119.86138,0.16124,41,14
2020-04-06 02:04:15,-119.86138,0.16124,42,14
2020-04-06 02:04:20,-119.86138,0.16124,43,14
2020-04-06 02:04:25,-119.86138,0.16124,37,14
2020-04-06 02:04:30,-119.86138,0.16124,38,14
2020-04-06 02:04:35,-119.86138,0.16124,44,14
2020-04-06 02:04:40,-119.86138,0.16124,38,14
2020-04-06 02:04:45,-119.86138,0.16124,47,14
2020-04-06 02:04:50,-119.86138,0.16124,42,14
2020-04-06 02:04:55,-119.86138,0.16124,40,14
2020-04-06 02:05:00,-119.86138,0.16124,41,14
2020-04-06 02:05:05,-119.86138,0.16124,37,14
2020-04-06 02:05:10,-119.86138,0.16124,41,14
2020-04-06 02:05:15,-119.86138,0.16124,41,14
2020-04-06 02:05:20,-119.86138,0.16124,38,14
2020-04-06 02:05:25,-119.86138,0.16124,38,14
2020-04-06 02:05:30,-119.86138,0.16124,38,14
2020-04-06 02:05:35,-119.86138,0.16124,38,14
2020-04-06 02:05:40,-119.86138,0.16124,40,14
2020-04-06 02:05:45,-119.86138,0.16124,41,14
2020-04-06 02:05:50,-119.86138,0.16124,40,14
2020-04-06 02:05:55,-119.86138,0.16124,44,14
2020-04-06 02:06:00,-119.86138,0.16124,39,14
2020-04-06 02:06:05,-119.86138,0.16124,44,14
2020-04-06 02:06:10,-119.86138,0.16124,37,14
2020-04-06 02:06:15,-119.86138,0.16124,52,14
2020-04-06 02:06:20,-119.86138,0.16124,43,14
2020-04-06 02:06:25,-119.86138,0.16124,41,14
2020-04-06 02:06:30,-119.86138,0.16124,44,14
2020-04-06 02:06:35,-119.86138,0.16124,45,14
2020-04-06 02:06:40,-119.86138,0.16124,45,14
2020-04-06 02:06:45,-119.86138,0.16124,40,14
2020-04-06 02:06:50,-119.86138,0.16124,43,14
2020-04-06 02:06:55,-119.86138,0.16124,44,14
2020-04-06 02:07:00,-119.86138,0.16124,40,14
2020-04-06 02:07:05,-119.86138,0.16124,41,14
2020-04-06 02:07:10,-119.86138,0.16124,42,14
2020-04-06 02:07:15,-119.86138,0.16124,40,14
2020-04-06 02:07:20,-119.86138,0.16124,47,14
2020-04-06 02:07:25,-119.86138,0.16124,42,14
2020-04-06 02:07:30,-119.86138,0.16124,45,14
2020-04-06 02:07:35,-119.86138,0.16124,38,14
2020-04-06 02:07:40,-119.86138,0.16124,41,14
2020-04-06 02:07:45,-119.86138,0.16124,45,14
2020-04-06 02:07:50,-119.86138,0.16124,44,14
2020-04-06 02:07:55,-119.86138,0.16124,41,14
2020-04-06 02:08:00,-119.86138,0.16124,39,14
2020-04-06 02:08:05,-119.86138,0.16124,40,14
2020-04-06 02:08:10,-119.86138,0.16124,43,14
2020-04-06 02:08:15,-119.86138,0.16124,43,14
2020-04-06 02:08:20,-119.86138,0.16124,38,14
2020-04-06 02:08:25,-119.86138,0.16124,44,14
2020-04-06 02:08:30,-119.86138,0.16124,44,14
2020-04-06 02:08:35,-119.86138,0.16124,41,14
2020-04-06 02:08:40,-119.86138,0.16124,40,14
2020-04-06 02:08:45,-119.86138,0.16124,41,14
2020-04-06 02:08:50,-119.86138,0.16124,42,14
2020-04-06 02:08:55,-119.86138,0.16124,45,14
2020-04-06 02:09:00,-119.86138,0.16124,40,14
2020-04-06 02:09:05,-119.86138,0.16124,37,14
2020-04-06 02:09:10,-119.86138,0.16124,42,14
2020-04-06 02:09:15,-119.86138,0.16124,44,14
2020-04-06 02:09:20,-119.86138,0.16124,43,14
2020-04-06 02:09:25,-119.86138,0.16124,46,14
2020-04-06 02:09:30,-119.86138,0.16124,41,14
2020-04-06 02:09:35,-119.86138,0.16124,41,14
2020-04-06 02:09:40,-119.86138,0.16124,42,14
2020-04-06 02:09:45,-119.86138,0.16124,40,14
2020-04-06 02:09:50,-119.86138,0.16124,37,14
2020-04-06 02:09:55,-119.86138,0.16124,34,14
2020-04-06 02:10:00,-119.86138,0.16124,46,14
2020-04-06 02:10:05,-119.86138,0.16124,45,14
2020-04-06 02:10:10,-119.86138,0.16124,41,14
2020-04-06 02:10:15,-119.86138,0.16124,40,14
2020-04-06 02:10:20,-119.86138,0.16124,42,14
2020-04-06 02:10:25,-119.86138,0.16124,38,14
2020-04-06 02:10:30,-119.86138,0.16124,43,14
2020-04-06 02:10:35,-119.86138,0.16124,43,14
2020-04-06 02:10:40,-119.86138,0.16124,38,14
2020-04-06 02:10:45,-119.86138,0.16124,44,14
2020-04-06 02:10:50,-119.86138,0.16124,37,14
2020-04-06 02:10:55,-119.86138,0.16124,43,14
2020-04-06 02:11:00,-119.86138,0.16124,41,14
2020-04-06 02:11:05,-119.86138,0.16124,42,14
2020-04-06 02:11:10,-119.86138,0.16124,43,14
2020-04-06 02:11:15,-119.86138,0.16124,41,14
2020-04-06 02:11:20,-119.86138,0.16124,42,14
2020-04-06 02:11:25,-119.86138,0.16124,42,14
2020-04-06 02:11:30,-119.86138,0.16124,41,14
2020-04-06 02:11:35,-119.86138,0.16124,43,14
2020-04-06 02:11:40,-119.86138,0.16124,40,14
2020-04-06 02:11:45,-119.86138,0.16124,40,14
2020-04-06 02:11:50,-119.86138,0.16124,41,14
2020-04-06 02:11:55,-119.86138,0.16124,44,14
2020-04-06 02:12:00,-119.86138,0.16124,37,14
2020-04-06 02:12:05,-119.86138,0.16124,43,14
2020-04-06 02:12:10,-119.86138,0.16124,40,14
2020-04-06 02:12:15,-119.86138,0.16124,45,14
2020-04-06 02:12:20,-119.86138,0.16124,45,14
2020-04-06 02:12:25,-119.86138,0.16124,41,14
2020-04-06 02:12:30,-119.86138,0.16124,42,14
2020-04-06 02:12:35,-119.86138,0.16124,41,14
2020-04-06 02:12:40,-119.86138,0.16124,40,14
2020-04-06 02:12:45,-119.86138,0.16124,45,14
2020-04-06 02:12:50,-119.86138,0.16124,46,14
2020-04-06 02:12:55,-119.86138,0.16124,44,14
2020-04-06 02:13:00,-119.86138,0.16124,41,14
2020-04-06 02:13:05,-119.86138,0.16124,40,14
2020-04-06 02:13:10,-119.86138,0.16124,44,14
2020-04-06 02:13:15,-119.86138,0.16124,43,14
2020-04-06 02:13:20,-119.86138,0.16124,44,14
2020-04-06 02:13:25,-119.86138,0.16124,39,14
2020-04-06 02:13:30,-119.86138,0.16124,42,14
2020-04-06 02:13:35,-119.86138,0.16124,46,14
2020-04-06 02:13:40,-119.86138,0.16124,39,14
2020-04-06 02:13:45,-119.86138,0.16124,40,14
2020-04-06 02:13:50,-119.86138,0.16124,42,14
2020-04-06 02:13:55,-119.86138,0.16124,37,14
2020-04-06 02:14:00,-119.86138,0.16124,40,14
2020-04-06 02:14:05,-119.86138,0.16124,38,14
2020-04-06 02:14:10,-119.86138,0.16124,41,14
2020-04-06 02:14:15,-119.86138,0.16124,39,14
2020-04-06 02:14:20,-119.86138,0.16124,43,14
2020-04-06 02:14:25,-119.86138,0.16124,40,14
2020-04-06 02:14:30,-119.86138,0.16124,40,14
2020-04-06 02:14:35,-119.86138,0.16124,33,14
2020-04-06 02:14:40,-119.86138,0.16124,42,14
2020-04-06 02:14:45,-119.86138,0.16124,43,14
2020-04-06 02:14:50,-119.86138,0.16124,40,14
2020-04-06 02:14:55,-119.86138,0.16124,38,14
2020-04-06 02:15:00,-119.86138,0.16124,41,14
2020-04-06 02:15:05,-119.86138,0.16124,35,14
2020-04-06 02:15:10,-119.86138,0.16124,39,14
2020-04-06 02:15:15,-119.86138,0.16124,41,14
2020-04-06 02:15:20,-119.86138,0.16124,38,14
2020-04-06 02:15:25,-119.86138,0.16124,40,14
2020-04-06 02:15:30,-119.86138,0.16124,44,14
2020-04-06 02:15:35,-119.86138,0.16124,39,14
2020-04-06 02:15:40,-119.86138,0.16124,42,14
2020-04-06 02:15:45,-119.86138,0.16124,46,14
2020-04-06 02:15:50,-119.86138,0.16124,38,14
2020-04-06 02:15:55,-119.86138,0.16124,40,14
2020-04-06 02:16:00,-119.86138,0.16124,42,14
2020-04-06 02:16:05,-119.86138,0.16124,43,14
2020-04-06 02:16:10,-119.86138,0.16124,38,14
2020-04-06 02:16:15,-119.86138,0.16124,41,14
2020-04-06 02:16:20,-119.86138,0.16124,40,14
2020-04-06 02:16:25,-119.86138,0.16124,45,14
2020-04-06 02:16:30,-119.86138,0.16124,35,14
2020-04-06 02:16:35,-119.86138,0.16124,41,14
2020-04-06 02:16:40,-119.86138,0.16124,41,14
2020-04-06 02:16:45,-119.86138,0.16124,40,14
2020-04-06 02:16:50,-119.86138,0.16124,46,14
2020-04-06 02:16:55,-119.86138,0.16124,40,14
2020-04-06 02:17:00,-119.86138,0.16124,41,14
2020-04-06 02:17:05,-119.86138,0.16124,44,14
2020-04-06 02:17:10,-119.86138,0.16124,40,14
2020-04-06 02:17:15,-119.86138,0.16124,39,14
2020-04-06 02:17:20,-119.86138,0.16124,44,14
2020-04-06 02:17:25,-119.86138,0.16124,39,14
2020-04-06 02:17:30,-119.86138,0.16124,45,14
2020-04-06 02:17:35,-119.86138,0.16124,42,14
2020-04-06 02:17:40,-119.86138,0.16124,41,14
2020-04-06 02:17:45,-119.86138,0.16124,44,14
2020-04-06 02:17:50,-119.86138,0.16124,43,14
2020-04-06 02:17:55,-119.86138,0.16124,40,14
2020-04-06 02:18:00,-119.86138,0.16124,40,14
2020-04-06 02:18:05,-119.86138,0.16124,43,14
2020-04-06 02:18:10,-119.86138,0.16124,39,14
2020-04-06 02:18:15,-119.86138,0.16124,39,14
2020-04-06 02:18:20,-119.86138,0.16124,43,14
2020-04-06 02:18:25,-119.86138,0.16124,39,14
2020-04-06 02:18:30,-119.86138,0.16124,41,14
2020-04-06 02:18:35,-119.86138,0.16124,42,14
2020-04-06 02:18:40,-119.86138,0.16124,40,14
2020-04-06 02:18:45,-119.86138,0.16124,39,14
2020-04-06 02:18:50,-119.86138,0.16124,41,14
2020-04-06 02:18:55,-119.86138,0.16124,41,14
2020-04-06 02:19:00,-119.86138,0.16124,43,14
2020-04-06 02:19:05,-119.86138,0.16124,40,14
2020-04-06 02:19:10,-119.86138,0.16124,42,14
2020-04-06 02:19:15,-119.86138,0.16124,39,14
2020-04-06 02:19:20,-119.86138,0.16124,43,14
2020-04-06 02:19:25,-119.86138,0.16124,44,14
2020-04-06 02:19:30,-119.86138,0.16124,42,14
2020-04-06 02:19:35,-119.86138,0.16124,36,14
2020-04-06 02:19:40,-119.86138,0.16124,36,14
2020-04-06 02:19:45,-119.86138,0.16124,44,14
2020-04-06 02:19:50,-119.86138,0.16124,44,14
2020-04-06 02:19:55,-119.86138,0.16124,39,14
2020-04-06 02:20:00,-119.86138,0.16124,46,14
2020-04-06 02:20:05,-119.86138,0.16124,36,14
2020-04-06 02:20:10,-119.86138,0.16124,46,14
2020-04-06 02:20:15,-119.86138,0.16124,39,14
2020-04-06 02:20:20,-119.86138,0.16124,40,14
2020-04-06 02:20:25,-119.86138,0.16124,40,14
2020-04-06 02:20:30,-119.86138,0.16124,41,14
2020-04-06 02:20:35,-119.86138,0.16124,40,14
2020-04-06 02:20:40,-119.86138,0.16124,44,14
2020-04-06 02:20:45,-119.86138,0.16124,43,14
2020-04-06 02:20:50,-119.86138,0.16124,36,14
2020-04-06 02:20:55,-119.86138,0.16124,38,14
2020-04-06 02:21:00,-119.86138,0.16124,46,14
2020-04-06 02:21:05,-119.86138,0.16124,40,14
2020-04-06 02:21:10,-119.86138,0.16124,39,14
2020-04-06 02:21:15,-119.86138,0.16124,39,14
2020-04-06 02:21:20,-119.86138,0.16124,41,14
2020-04-06 02:21:25,-119.86138,0.16124,38,14
2020-04-06 02:21:30,-119.86138,0.16124,40,14
2020-04-06 02:21:35,-119.86138,0.16124,41,14
2020-04-06 02:21:40,-119.86138,0.16124,41,14
2020-04-06 02:21:45,-119.86138,0.16124,35,14
2020-04-06 02:21:50,-119.86138,0.16124,37,14
2020-04-06 02:21:55,-119.86138,0.16124,44,14
2020-04-06 02:22:00,-119.86138,0.16124,49,14
2020-04-06 02:22:05,-119.86138,0.16124,42,14
2020-04-06 02:22:10,-119.86138,0.16124,39,14
2020-04-06 02:22:15,-119.86138,0.16124,42,14
2020-04-06 02:22:20,-119.86138,0.16124,41,14
2020-04-06 02:22:25,-119.86138,0.16124,41,14
2020-04-06 02:22:30,-119.86138,0.16124,37,14
2020-04-06 02:22:35,-119.86138,0.16124,40,14
2020-04-06 02:22:40,-119.86138,0.16124,48,14
2020-04-06 02:22:45,-119.86138,0.16124,43,14
2020-04-06 02:22:50,-119.86138,0.16124,38,14
2020-04-06 02:22:55,-119.86138,0.16124,37,14
2020-04-06 02:23:00,-119.86138,0.16124,41,14
2020-04-06 02:23:05,-119.86138,0.16124,43,14
2020-04-06 02:23:10,-119.86138,0.16124,42,14
2020-04-06 02:23:15,-119.86138,0.16124,44,14
2020-04-06 02:23:20,-119.86138,0.16124,44,14
2020-04-06 02:23:25,-119.86138,0.16124,44,14
2020-04-06 02:23:30,-119.86138,0.16124,52,14
2020-04-06 02:23:35,-119.86138,0.16124,42,14
2020-04-06 02:23:40,-119.86138,0.16124,40,14
2020-04-06 02:23:45,-119.86138,0.16124,40,14
2020-04-06 02:23:50,-119.86138,0.16124,40,14
2020-04-06 02:23:55,-119.86138,0.16124,36,14
2020-04-06 02:24:00,-119.86138,0.16124,40,14
2020-04-06 02:24:05,-119.86138,0.16124,43,14
2020-04-06 02:24:10,-119.86138,0.16124,42,14
2020-04-06 02:24:15,-119.86138,0.16124,43,14
2020-04-06 02:24:20,-119.86138,0.16124,43,14
2020-04-06 02:24:25,-119.86138,0.16124,42,14
2020-04-06 02:24:30,-119.86138,0.16124,40,14
2020-04-06 02:24:35,-119.86138,0.16124,41,14
2020-04-06 02:24:40,-119.86138,0.16124,44,14
2020-04-06 02:24:45,-119.86138,0.16124,40,14
2020-04-06 02:24:50,-119.86138,0.16124,42,14
2020-04-06 02:24:55,-119.86138,0.16124,42,14
2020-04-06 02:25:00,-119.86138,0.16124,37,14
2020-04-06 02:25:05,-119.86138,0.16124,45,14
2020-04-06 02:25:10,-119.86138,0.16124,38,14
2020-04-06 02:25:15,-119.86138,0.16124,37,14
2020-04-06 02:25:20,-119.86138,0.16124,44,14
2020-04-06 02:25:25,-119.86138,0.16124,41,14
2020-04-06 02:25:30,-119.86138,0.16124,47,14
2020-04-06 02:25:35,-119.86138,0.16124,42,14
2020-04-06 02:25:40,-119.86138,0.16124,44,14
2020-04-06 02:25:45,-119.86138,0.16124,40,14
2020-04-06 02:25:50,-119.86138,0.16124,46,14
2020-04-06 02:25:55,-119.86138,0.16124,44,14
2020-04-06 02:26:00,-119.86138,0.16124,41,14
2020-04-06 02:26:05,-119.86138,0.16124,44,14
2020-04-06 02:26:10,-119.86138,0.16124,41,14
2020-04-06 02:26:15,-119.86138,0.16124,40,14
2020-04-06 02:26:20,-119.86138,0.16124,42,14
2020-04-06 02:26:25,-119.86138,0.16124,38,14
2020-04-06 02:26:30,-119.86138,0.16124,46,14
2020-04-06 02:26:35,-119.86138,0.16124,41,14
2020-04-06 02:26:40,-119.86138,0.16124,41,14
2020-04-06 02:26:45,-119.86138,0.16124,44,14
2020-04-06 02:26:50,-119.86138,0.16124,41,14
2020-04-06 02:26:55,-119.86138,0.16124,41,14
2020-04-06 02:27:00,-119.86138,0.16124,40,14
2020-04-06 02:27:05,-119.86138,0.16124,43,14
2020-04-06 02:27:10,-119.86138,0.16124,40,14
2020-04-06 02:27:15,-119.86138,0.16124,44,14
2020-04-06 02:27:20,-119.86138,0.16124,43,14
2020-04-06 02:27:25,-119.86138,0.16124,42,14
2020-04-06 02:27:30,-119.86138,0.16124,45,14
2020-04-06 02:27:35,-119.86138,0.16124,41,14
2020-04-06 02:27:40,-119.86138,0.16124,46,14
2020-04-06 02:27:45,-119.86138,0.16124,46,14
2020-04-06 02:27:50,-119.86138,0.16124,39,14
2020-04-06 02:27:55,-119.86138,0.16124,38,14
2020-04-06 02:28:00,-119.86138,0.16124,45,14
2020-04-06 02:28:05,-119.86138,0.16124,43,14
2020-04-06 02:28:10,-119.86138,0.16124,40,14
2020-04-06 02:28:15,-119.86138,0.16124,40,14
2020-04-06 02:28:20,-119.86138,0.16124,45,14
2020-04-06 02:28:25,-119.86138,0.16124,40,14
2020-04-06 02:28:30,-119.86138,0.16124,44,14
2020-04-06 02:28:35,-119.86138,0.16124,38,14
2020-04-06 02:28:40,-119.86138,0.16124,46,14
2020-04-06 02:28:45,-119.86138,0.16124,41,14
2020-04-06 02:28:50,-119.86138,0.16124,41,14
2020-04-06 02:28:55,-119.86138,0.16124,43,14
2020-04-06 02:29:00,-119.86138,0.16124,37,14
2020-04-06 02:29:05,-119.86138,0.16124,44,14
2020-04-06 02:29:10,-119.86138,0.16124,47,14
2020-04-06 02:29:15,-119.86138,0.16124,40,14
2020-04-06 02:29:20,-119.86138,0.16124,44,14
2020-04-06 02:29:25,-119.86138,0.16124,38,14
2020-04-06 02:29:30,-119.86138,0.16124,41,14
2020-04-06 02:29:35,-119.86138,0.16124,46,14
2020-04-06 02:29:40,-119.86138,0.16124,39,14
2020-04-06 02:29:45,-119.86138,0.16124,44,14
2020-04-06 02:29:50,-119.86138,0.16124,38,14
2020-04-06 02:29:55,-119.86138,0.16124,43,14
2020-04-06 02:30:00,-119.86138,0.16124,41,14
2020-04-06 02:30:05,-119.86138,0.16124,41,14
2020-04-06 02:30:10,-119.86138,0.16124,41,14
2020-04-06 02:30:15,-119.86138,0.16124,38,14
2020-04-06 02:30:20,-119.86138,0.16124,44,14
2020-04-06 02:30:25,-119.86138,0.16124,44,14
2020-04-06 02:30:30,-119.86138,0.16124,38,14
2020-04-06 02:30:35,-119.86138,0.16124,42,14
2020-04-06 02:30:40,-119.86138,0.16124,42,14
2020-04-06 02:30:45,-119.86138,0.16124,46,14
2020-04-06 02:30:50,-119.86138,0.16124,45,14
2020-04-06 02:30:55,-119.86138,0.16124,39,14
2020-04-06 02:31:00,-119.86138,0.16124,39,14
2020-04-06 02:31:05,-119.86138,0.16124,38,14
2020-04-06 02:31:10,-119.86138,0.16124,48,14
2020-04-06 02:31:15,-119.86138,0.16124,44,14
2020-04-06 02:31:20,-119.86138,0.16124,40,14
2020-04-06 02:31:25,-119.86138,0.16124,42,14
2020-04-06 02:31:30,-119.86138,0.16124,39,14
2020-04-06 02:31:35,-119.86138,0.16124,42,14
2020-04-06 02:31:40,-119.86138,0.16124,37,14
2020-04-06 02:31:45,-119.86138,0.16124,43,14
2020-04-06 02:31:50,-119.86138,0.16124,37,14
2020-04-06 02:31:55,-119.86138,0.16124,40,14
2020-04-06 02:32:00,-119.86138,0.16124,41,14
2020-04-06 02:32:05,-119.86138,0.16124,38,14
2020-04-06 02:32:10,-119.86138,0.16124,38,14
2020-04-06 02:32:15,-119.86138,0.16124,43,14
2020-04-06 02:32:20,-119.86138,0.16124,39,14
2020-04-06 02:32:25,-119.86138,0.16124,44,14
2020-04-06 02:32:30,-119.86138,0.16124,42,14
2020-04-06 02:32:35,-119.86138,0.16124,44,14
2020-04-06 02:32:40,-119.86138,0.16124,44,14
2020-04-06 02:32:45,-119.86138,0.16124,42,14
2020-04-06 02:32:50,-119.86138,0.16124,37,14
2020-04-06 02:32:55,-119.86138,0.16124,40,14
2020-04-06 02:33:00,-119.86138,0.16124,49,14
2020-04-06 02:33:05,-119.86138,0.16124,43,14
2020-04-06 02:33:10,-119.86138,0.16124,41,14
2020-04-06 02:33:15,-119.86138,0.16124,48,14
2020-04-06 02:33:20,-119.86138,0.16124,39,14
2020-04-06 02:33:25,-119.86138,0.16124,41,14
2020-04-06 02:33:30,-119.86138,0.16124,37,14
2020-04-06 02:33:35,-119.86138,0.16124,45,14
2020-04-06 02:33:40,-119.86138,0.16124,40,14
2020-04-06 02:33:45,-119.86138,0.16124,45,14
2020-04-06 02:33:50,-119.86138,0.16124,39,14
2020-04-06 02:33:55,-119.86138,0.16124,42,14
2020-04-06 02:34:00,-119.86138,0.16124,41,14
2020-04-06 02:34:05,-119.86138,0.16124,37,14
2020-04-06 02:34:10,-119.86138,0.16124,36,14
2020-04-06 02:34:15,-119.86138,0.16124,39,14
2020-04-06 02:34:20,-119.86138,0.16124,36,14
2020-04-06 02:34:25,-119.86138,0.16124,43,14
2020-04-06 02:34:30,-119.86138,0.16124,38,14
2020-04-06 02:34:35,-119.86138,0.16124,44,14
2020-04-06 02:34:40,-119.86138,0.16124,40,14
2020-04-06 02:34:45,-119.86138,0.16124,32,14
2020-04-06 02:34:50,-119.86138,0.16124,46,14
2020-04-06 02:34:55,-119.86138,0.16124,43,14
2020-04-06 02:35:00,-119.86138,0.16124,43,14
2020-04-06 02:35:05,-119.86138,0.16124,42,14
2020-04-06 02:35:10,-119.86138,0.16124,41,14
2020-04-06 02:35:15,-119.86138,0.16124,43,14
2020-04-06 02:35:20,-119.86138,0.16124,49,14
2020-04-06 02:35:25,-119.86138,0.16124,37,14
2020-04-06 02:35:30,-119.86138,0.16124,42,14
2020-04-06 02:35:35,-119.86138,0.16124,38,14
2020-04-06 02:35:40,-119.86138,0.16124,44,14
2020-04-06 02:35:45,-119.86138,0.16124,39,14
2020-04-06 02:35:50,-119.86138,0.16124,44,14
2020-04-06 02:35:55,-119.86138,0.16124,43,14
2020-04-06 02:36:00,-119.86138,0.16124,42,14
2020-04-06 02:36:05,-119.86138,0.16124,42,14
2020-04-06 02:36:10,-119.86138,0.16124,38,14
2020-04-06 02:36:15,-119.86138,0.16124,38,14
2020-04-06 02:36:20,-119.86138,0.16124,47,14
2020-04-06 02:36:25,-119.86138,0.16124,37,14
2020-04-06 02:36:30,-119.86138,0.16124,43,14
2020-04-06 02:36:35,-119.86138,0.16124,42,14
2020-04-06 02:36:40,-119.86138,0.16124,42,14
2020-04-06 02:36:45,-119.86138,0.16124,39,14
2020-04-06 02:36:50,-119.86138,0.16124,46,14
2020-04-06 02:36:55,-119.86138,0.16124,41,14
2020-04-06 02:37:00,-119.86138,0.16124,43,14
2020-04-06 02:37:05,-119.86138,0.16124,43,14
2020-04-06 02:37:10,-119.86138,0.16124,36,14
2020-04-06 02:37:15,-119.86138,0.16124,43,14
2020-04-06 02:37:20,-119.86138,0.16124,47,14
2020-04-06 02:37:25,-119.86138,0.16124,41,14
2020-04-06 02:37:30,-119.86138,0.16124,39,14
2020-04-06 02:37:35,-119.86138,0.16124,37,14
2020-04-06 02:37:40,-119.86138,0.16124,48,14
2020-04-06 02:37:45,-119.86138,0.16124,41,14
2020-04-06 02:37:50,-119.86138,0.16124,38,14
2020-04-06 02:37:55,-119.86138,0.16124,39,14
2020-04-06 02:38:00,-119.86138,0.16124,45,14
2020-04-06 02:38:05,-119.86138,0.16124,35,14
2020-04-06 02:38:10,-119.86138,0.16124,43,14
2020-04-06 02:38:15,-119.86138,0.16124,40,14
2020-04-06 02:38:20,-119.86138,0.16124,45,14
2020-04-06 02:38:25,-119.86138,0.16124,39,14
2020-04-06 02:38:30,-119.86138,0.16124,38,14
2020-04-06 02:38:35,-119.86138,0.16124,42,14
2020-04-06 02:38:40,-119.86138,0.16124,43,14
2020-04-06 02:38:45,-119.86138,0.16124,41,14
2020-04-06 02:38:50,-119.86138,0.16124,42,14
2020-04-06 02:38:55,-119.86138,0.16124,38,14
2020-04-06 02:39:00,-119.86138,0.16124,41,14
2020-04-06 02:39:05,-119.86138,0.16124,39,14
2020-04-06 02:39:10,-119.86138,0.16124,40,14
2020-04-06 02:39:15,-119.86138,0.16124,36,14
2020-04-06 02:39:20,-119.86138,0.16124,40,14
2020-04-06 02:39:25,-119.86138,0.16124,37,14
2020-04-06 02:39:30,-119.86138,0.16124,48,14
2020-04-06 02:39:35,-119.86138,0.16124,38,14
2020-04-06 02:39:40,-119.86138,0.16124,46,14
2020-04-06 02:39:45,-119.86138,0.16124,39,14
2020-04-06 02:39:50,-119.86138,0.16124,42,14
2020-04-06 02:39:55,-119.86138,0.16124,38,14
2020-04-06 02:40:00,-119.86138,0.16124,40,14
2020-04-06 02:40:05,-119.86138,0.16124,39,14
2020-04-06 02:40:10,-119.86138,0.16124,37,14
2020-04-06 02:40:15,-119.86138,0.16124,36,14
2020-04-06 02:40:20,-119.86138,0.16124,39,14
2020-04-06 02:40:25,-119.86138,0.16124,45,14
2020-04-06 02:40:30,-119.86138,0.16124,38,14
2020-04-06 02:40:35,-119.86138,0.16124,46,14
2020-04-06 02:40:40,-119.86138,0.16124,39,14
2020-04-06 02:40:45,-119.86138,0.16124,39,14
2020-04-06 02:40:50,-119.86138,0.16124,41,14
2020-04-06 02:40:55,-119.86138,0.16124,43,14
2020-04-06 02:41:00,-119.86138,0.16124,36,14
2020-04-06 02:41:05,-119.86138,0.16124,42,14
2020-04-06 02:41:10,-119.86138,0.16124,41,14
2020-04-06 02:41:15,-119.86138,0.16124,38,14
2020-04-06 02:41:20,-119.86138,0.16124,43,14
2020-04-06 02:41:25,-119.86138,0.16124,41,14
2020-04-06 02:41:30,-119.86138,0.16124,40,14
2020-04-06 02:41:35,-119.86138,0.16124,43,14
2020-04-06 02:41:40,-119.86138,0.16124,51,14
2020-04-06 02:41:45,-119.86138,0.16124,37,14
2020-04-06 02:41:50,-119.86138,0.16124,39,14
2020-04-06 02:41:55,-119.86138,0.16124,41,14
2020-04-06 02:42:00,-119.86138,0.16124,42,14
2020-04-06 02:42:05,-119.86138,0.16124,43,14
2020-04-06 02:42:10,-119.86138,0.16124,45,14
2020-04-06 02:42:15,-119.86138,0.16124,42,14
2020-04-06 02:42:20,-119.86138,0.16124,37,14
2020-04-06 02:42:25,-119.86138,0.16124,34,14
2020-04-06 02:42:30,-119.86138,0.16124,41,14
2020-04-06 02:42:35,-119.86138,0.16124,43,14
2020-04-06 02:42:40,-119.86138,0.16124,43,14
2020-04-06 02:42:45,-119.86138,0.16124,43,14
2020-04-06 02:42:50,-119.86138,0.16124,44,14
2020-04-06 02:42:55,-119.86138,0.16124,46,14
2020-04-06 02:43:00,-119.86138,0.16124,40,14
2020-04-06 02:43:05,-119.86138,0.16124,41,14
2020-04-06 02:43:10,-119.86138,0.16124,41,14
2020-04-06 02:43:15,-119.86138,0.16124,44,14
2020-04-06 02:43:20,-119.86138,0.16124,41,14
2020-04-06 02:43:25,-119.86138,0.16124,43,14
2020-04-06 02:43:30,-119.86138,0.16124,41,14
2020-04-06 02:43:35,-119.86138,0.16124,43,14
2020-04-06 02:43:40,-119.86138,0.16124,45,14
2020-04-06 02:43:45,-119.86138,0.16124,37,14
2020-04-06 02:43:50,-119.86138,0.16124,40,14
2020-04-06 02:43:55,-119.86138,0.16124,43,14
2020-04-06 02:44:00,-119.86138,0.16124,39,14
2020-04-06 02:44:05,-119.86138,0.16124,38,14
2020-04-06 02:44:10,-119.86138,0.16124,41,14
2020-04-06 02:44:15,-119.86138,0.16124,36,14
2020-04-06 02:44:20,-119.86138,0.16124,45,14
2020-04-06 02:44:25,-119.86138,0.16124,41,14
2020-04-06 02:44:30,-119.86138,0.16124,42,14
2020-04-06 02:44:35,-119.86138,0.16124,35,14
2020-04-06 02:44:40,-119.86138,0.16124,38,14
2020-04-06 02:44:45,-119.86138,0.16124,44,14
2020-04-06 02:44:50,-119.86138,0.16124,40,14
2020-04-06 02:44:55,-119.86138,0.16124,41,14
2020-04-06 02:45:00,-119.86138,0.16124,39,14
2020-04-06 02:45:05,-119.86138,0.16124,43,14
2020-04-06 02:45:10,-119.86138,0.16124,40,14
2020-04-06 02:45:15,-119.86138,0.16124,44,14
2020-04-06 02:45:20,-119.86138,0.16124,45,14
2020-04-06 02:45:25,-119.86138,0.16124,40,14
2020-04-06 02:45:30,-119.86138,0.16124,43,14
2020-04-06 02:45:35,-119.86138,0.16124,40,14
2020-04-06 02:45:40,-119.86138,0.16124,41,14
2020-04-06 02:45:45,-119.86138,0.16124,40,14
2020-04-06 02:45:50,-119.86138,0.16124,38,14
2020-04-06 02:45:55,-119.86138,0.16124,43,14
2020-04-06 02:46:00,-119.86138,0.16124,39,14
2020-04-06 02:46:05,-119.86138,0.16124,37,14
2020-04-06 02:46:10,-119.86138,0.16124,43,14
2020-04-06 02:46:15,-119.86138,0.16124,42,14
2020-04-06 02:46:20,-119.86138,0.16124,35,14
2020-04-06 02:46:25,-119.86138,0.16124,38,14
2020-04-06 02:46:30,-119.86138,0.16124,43,14
2020-04-06 02:46:35,-119.86138,0.16124,43,14
2020-04-06 02:46:40,-119.86138,0.16124,46,14
2020-04-06 02:46:45,-119.86138,0.16124,39,14
2020-04-06 02:46:50,-119.86138,0.16124,37,14
2020-04-06 02:46:55,-119.86138,0.16124,40,14
2020-04-06 02:47:00,-119.86138,0.16124,41,14
2020-04-06 02:47:05,-119.86138,0.16124,42,14
2020-04-06 02:47:10,-119.86138,0.16124,45,14
2020-04-06 02:47:15,-119.86138,0.16124,42,14
2020-04-06 02:47:20,-119.86138,0.16124,38,14
2020-04-06 02:47:25,-119.86138,0.16124,37,14
2020-04-06 02:47:30,-119.86138,0.16124,41,14
2020-04-06 02:47:35,-119.86138,0.16124,41,14
2020-04-06 02:47:40,-119.86138,0.16124,39,14
2020-04-06 02:47:45,-119.86138,0.16124,41,14
2020-04-06 02:47:50,-119.86138,0.16124,43,14
2020-04-06 02:47:55,-119.86138,0.16124,43,14
2020-04-06 02:48:00,-119.86138,0.16124,43,14
2020-04-06 02:48:05,-119.86138,0.16124,44,14
2020-04-06 02:48:10,-119.86138,0.16124,43,14
2020-04-06 02:48:15,-119.86138,0.16124,40,14
2020-04-06 02:48:20,-119.86138,0.16124,39,14
2020-04-06 02:48:25,-119.86138,0.16124,43,14
2020-04-06 02:48:30,-119.86138,0.16124,44,14
2020-04-06 02:48:35,-119.86138,0.16124,45,14
2020-04-06 02:48:40,-119.86138,0.16124,41,14
2020-04-06 02:48:45,-119.86138,0.16124,40,14
2020-04-06 02:48:50,-119.86138,0.16124,43,14
2020-04-06 02:48:55,-119.86138,0.16124,39,14
2020-04-06 02:49:00,-119.86138,0.16124,42,14
2020-04-06 02:49:05,-119.86138,0.16124,39,14
2020-04-06 02:49:10,-119.86138,0.16124,44,14
2020-04-06 02:49:15,-119.86138,0.16124,46,14
2020-04-06 02:49:20,-119.86138,0.16124,46,14
2020-04-06 02:49:25,-119.86138,0.16124,45,14
2020-04-06 02:49:30,-119.86138,0.16124,46,14
2020-04-06 02:49:35,-119.86138,0.16124,40,14
2020-04-06 02:49:40,-119.86138,0.16124,44,14
2020-04-06 02:49:45,-119.86138,0.16124,41,14
2020-04-06 02:49:50,-119.86138,0.16124,39,14
2020-04-06 02:49:55,-119.86138,0.16124,39,14
2020-04-06 02:50:00,-119.86138,0.16124,43,14
2020-04-06 02:50:05,-119.86138,0.16124,43,14
2020-04-06 02:50:10,-119.86138,0.16124,40,14
2020-04-06 02:50:15,-119.86138,0.16124,36,14
2020-04-06 02:50:20,-119.86138,0.16124,38,14
2020-04-06 02:50:25,-119.86138,0.16124,45,14
2020-04-06 02:50:30,-119.86138,0.16124,41,14
2020-04-06 02:50:35,-119.86138,0.16124,36,14
2020-04-06 02:50:40,-119.86138,0.16124,39,14
2020-04-06 02:50:45,-119.86138,0.16124,41,14
2020-04-06 02:50:50,-119.86138,0.16124,45,14
2020-04-06 02:50:55,-119.86138,0.16124,41,14
2020-04-06 02:51:00,-119.86138,0.16124,44,14
2020-04-06 02:51:05,-119.86138,0.16124,38,14
2020-04-06 02:51:10,-119.86138,0.16124,43,14
2020-04-06 02:51:15,-119.86138,0.16124,44,14
2020-04-06 02:51:20,-119.86138,0.16124,35,14
2020-04-06 02:51:25,-119.86138,0.16124,40,14
2020-04-06 02:51:30,-119.86138,0.16124,42,14
2020-04-06 02:51:35,-119.86138,0.16124,42,14
2020-04-06 02:51:40,-119.86138,0.16124,44,14
2020-04-06 02:51:45,-119.86138,0.16124,43,14
2020-04-06 02:51:50,-119.86138,0.16124,37,14
2020-04-06 02:51:55,-119.86138,0.16124,44,14
2020-04-06 02:52:00,-119.86138,0.16124,41,14
2020-04-06 02:52:05,-119.86138,0.16124,44,14
2020-04-06 02:52:10,-119.86138,0.16124,37,14
2020-04-06 02:52:15,-119.86138,0.16124,40,14
2020-04-06 02:52:20,-119.86138,0.16124,40,14
2020-04-06 02:52:25,-119.86138,0.16124,43,14
2020-04-06 02:52:30,-119.86138,0.16124,38,14
2020-04-06 02:52:35,-119.86138,0.16124,40,14
2020-04-06 02:52:40,-119.86138,0.16124,39,14
2020-04-06 02:52:45,-119.86138,0.16124,46,14
2020-04-06 02:52:50,-119.86138,0.16124,41,14
2020-04-06 02:52:55,-119.86138,0.16124,45,14
2020-04-06 02:53:00,-119.86138,0.16124,39,14
2020-04-06 02:53:05,-119.86138,0.16124,41,14
2020-04-06 02:53:10,-119.86138,0.16124,39,14
2020-04-06 02:53:15,-119.86138,0.16124,37,14
2020-04-06 02:53:20,-119.86138,0.16124,44,14
2020-04-06 02:53:25,-119.86138,0.16124,39,14
2020-04-06 02:53:30,-119.86138,0.16124,38,14
2020-04-06 02:53:35,-119.86138,0.16124,43,14
2020-04-06 02:53:40,-119.86138,0.16124,42,14
2020-04-06 02:53:45,-119.86138,0.16124,38,14
2020-04-06 02:53:50,-119.86138,0.16124,43,14
2020-04-06 02:53:55,-119.86138,0.16124,43,14
2020-04-06 02:54:00,-119.86138,0.16124,41,14
2020-04-06 02:54:05,-119.86138,0.16124,46,14
2020-04-06 02:54:10,-119.86138,0.16124,42,14
2020-04-06 02:54:15,-119.86138,0.16124,40,14
2020-04-06 02:54:20,-119.86138,0.16124,38,14
2020-04-06 02:54:25,-119.86138,0.16124,34,14
2020-04-06 02:54:30,-119.86138,0.16124,38,14
2020-04-06 02:54:35,-119.86138,0.16124,41,14
2020-04-06 02:54:40,-119.86138,0.16124,46,14
2020-04-06 02:54:45,-119.86138,0.16124,43,14
2020-04-06 02:54:50,-119.86138,0.16124,40,14
2020-04-06 02:54:55,-119.86138,0.16124,43,14
2020-04-06 02:55:00,-119.86138,0.16124,41,14
2020-04-06 02:55:05,-119.86138,0.16124,42,14
2020-04-06 02:55:10,-119.86138,0.16124,39,14
2020-04-06 02:55:15,-119.86138,0.16124,41,14
2020-04-06 02:55:20,-119.86138,0.16124,42,14
2020-04-06 02:55:25,-119.86138,0.16124,45,14
2020-04-06 02:55:30,-119.86138,0.16124,39,14
2020-04-06 02:55:35,-119.86138,0.16124,36,14
2020-04-06 02:55:40,-119.86138,0.16124,42,14
2020-04-06 02:55:45,-119.86138,0.16124,40,14
2020-04-06 02:55:50,-119.86138,0.16124,46,14
2020-04-06 02:55:55,-119.86138,0.16124,41,14
2020-04-06 02:56:00,-119.86138,0.16124,40,14
2020-04-06 02:56:05,-119.86138,0.16124,44,14
2020-04-06 02:56:10,-119.86138,0.16124,39,14
2020-04-06 02:56:15,-119.86138,0.16124,42,14
2020-04-06 02:56:20,-119.86138,0.16124,45,14
2020-04-06 02:56:25,-119.86138,0.16124,41,14
2020-04-06 02:56:30,-119.86138,0.16124,45,14
2020-04-06 02:56:35,-119.86138,0.16124,40,14
2020-04-06 02:56:40,-119.86138,0.16124,42,14
2020-04-06 02:56:45,-119.86138,0.16124,41,14
2020-04-06 02:56:50,-119.86138,0.16124,41,14
2020-04-06 02:56:55,-119.86138,0.16124,40,14
2020-04-06 02:57:00,-119.86138,0.16124,41,14
2020-04-06 02:57:05,-119.86138,0.16124,43,14
2020-04-06 02:57:10,-119.86138,0.16124,47,14
2020-04-06 02:57:15,-119.86138,0.16124,39,14
2020-04-06 02:57:20,-119.86138,0.16124,39,14
2020-04-06 02:57:25,-119.86138,0.16124,43,14
2020-04-06 02:57:30,-119.86138,0.16124,44,14
2020-04-06 02:57:35,-119.86138,0.16124,37,14
2020-04-06 02:57:40,-119.86138,0.16124,41,14
2020-04-06 02:57:45,-119.86138,0.16124,44,14
2020-04-06 02:57:50,-119.86138,0.16124,44,14
2020-04-06 02:57:55,-119.86138,0.16124,39,14
2020-04-06 02:58:00,-119.86138,0.16124,43,14
2020-04-06 02:58:05,-119.86138,0.16124,45,14
2020-04-06 02:58:10,-119.86138,0.16124,40,14
2020-04-06 02:58:15,-119.86138,0.16124,42,14
2020-04-06 02:58:20,-119.86138,0.16124,42,14
2020-04-06 02:58:25,-119.86138,0.16124,41,14
2020-04-06 02:58:30,-119.86138,0.16124,40,14
2020-04-06 02:58:35,-119.86138,0.16124,40,14
2020-04-06 02:58:40,-119.86138,0.16124,38,14
2020-04-06 02:58:45,-119.86138,0.16124,43,14
2020-04-06 02:58:50,-119.86138,0.16124,39,14
2020-04-06 02:58:55,-119.86138,0.16124,42,14
2020-04-06 02:59:00,-119.86138,0.16124,41,14
2020-04-06 02:59:05,-119.86138,0.16124,45,14
2020-04-06 02:59:10,-119.86138,0.16124,40,14
2020-04-06 02:59:15,-119.86138,0.16124,44,14
2020-04-06 02:59:20,-119.86138,0.16124,41,14
2020-04-06 02:59:25,-119.86138,0.16124,42,14
2020-04-06 02:59:30,-119.86138,0.16124,36,14
2020-04-06 02:59:35,-119.86138,0.16124,42,14
2020-04-06 02:59:40,-119.86138,0.16124,40,14
2020-04-06 02:59:45,-119.86138,0.16124,35,14
2020-04-06 02:59:50,-119.86138,0.16124,46,14
2020-04-06 02:59:55,-119.86138,0.16124,44,14
2020-04-06 03:00:00,-119.86138,0.16124,39,14
2020-04-06 03:00:05,-119.86138,0.16124,42,14
2020-04-06 03:00:10,-119.86138,0.16124,39,14
2020-04-06 03:00:15,-119.86138,0.16124,40,14
2020-04-06 03:00:20,-119.86138,0.16124,46,14
2020-04-06 03:00:25,-119.86138,0.16124,41,14
2020-04-06 03:00:30,-119.86138,0.16124,44,14
2020-04-06 03:00:35,-119.86138,0.16124,34,14
2020-04-06 03:00:40,-119.86138,0.16124,44,14
2020-04-06 03:00:45,-119.86138,0.16124,41,14
2020-04-06 03:00:50,-119.86138,0.16124,41,14
2020-04-06 03:00:55,-119.86138,0.16124,37,14
2020-04-06 03:01:00,-119.86138,0.16124,42,14
2020-04-06 03:01:05,-119.86138,0.16124,39,14
2020-04-06 03:01:10,-119.86138,0.16124,39,14
2020-04-06 03:01:15,-119.86138,0.16124,37,14
2020-04-06 03:01:20,-119.86138,0.16124,38,14
2020-04-06 03:01:25,-119.86138,0.16124,39,14
2020-04-06 03:01:30,-119.86138,0.16124,45,14
2020-04-06 03:01:35,-119.86138,0.16124,42,14
2020-04-06 03:01:40,-119.86138,0.16124,39,14
2020-04-06 03:01:45,-119.86138,0.16124,41,14
2020-04-06 03:01:50,-119.86138,0.16124,36,14
2020-04-06 03:01:55,-119.86138,0.16124,41,14
2020-04-06 03:02:00,-119.86138,0.16124,47,14
2020-04-06 03:02:05,-119.86138,0.16124,42,14
2020-04-06 03:02:10,-119.86138,0.16124,44,14
2020-04-06 03:02:15,-119.86138,0.16124,40,14
2020-04-06 03:02:20,-119.86138,0.16124,44,14
2020-04-06 03:02:25,-119.86138,0.16124,38,14
2020-04-06 03:02:30,-119.86138,0.16124,35,14
2020-04-06 03:02:35,-119.86138,0.16124,43,14
2020-04-06 03:02:40,-119.86138,0.16124,42,14
2020-04-06 03:02:45,-119.86138,0.16124,40,14
2020-04-06 03:02:50,-119.86138,0.16124,42,14
2020-04-06 03:02:55,-119.86138,0.16124,36,14
2020-04-06 03:03:00,-119.86138,0.16124,37,14
2020-04-06 03:03:05,-119.86138,0.16124,46,14
2020-04-06 03:03:10,-119.86138,0.16124,43,14
2020-04-06 03:03:15,-119.86138,0.16124,39,14
2020-04-06 03:03:20,-119.86138,0.16124,39,14
2020-04-06 03:03:25,-119.86138,0.16124,41,14
2020-04-06 03:03:30,-119.86138,0.16124,41,14
2020-04-06 03:03:35,-119.86138,0.16124,40,14
2020-04-06 03:03:40,-119.86138,0.16124,36,14
2020-04-06 03:03:45,-119.86138,0.16124,43,14
2020-04-06 03:03:50,-119.86138,0.16124,41,14
2020-04-06 03:03:55,-119.86138,0.16124,39,14
2020-04-06 03:04:00,-119.86138,0.16124,43,14
2020-04-06 03:04:05,-119.86138,0.16124,48,14
2020-04-06 03:04:10,-119.86138,0.16124,40,14
2020-04-06 03:04:15,-119.86138,0.16124,42,14
2020-04-06 03:04:20,-119.86138,0.16124,38,14
2020-04-06 03:04:25,-119.86138,0.16124,45,14
2020-04-06 03:04:30,-119.86138,0.16124,42,14
2020-04-06 03:04:35,-119.86138,0.16124,37,14
2020-04-06 03:04:40,-119.86138,0.16124,37,14
2020-04-06 03:04:45,-119.86138,0.16124,44,14
2020-04-06 03:04:50,-119.86138,0.16124,45,14
2020-04-06 03:04:55,-119.86138,0.16124,41,14
2020-04-06 03:05:00,-119.86138,0.16124,44,14
2020-04-06 03:05:05,-119.86138,0.16124,44,14
2020-04-06 03:05:10,-119.86138,0.16124,44,14
2020-04-06 03:05:15,-119.86138,0.16124,41,14
2020-04-06 03:05:20,-119.86138,0.16124,39,14
2020-04-06 03:05:25,-119.86138,0.16124,43,14
2020-04-06 03:05:30,-119.86138,0.16124,45,14
2020-04-06 03:05:35,-119.86138,0.16124,43,14
2020-04-06 03:05:40,-119.86138,0.16124,42,14
2020-04-06 03:05:45,-119.86138,0.16124,45,14
2020-04-06 03:05:50,-119.86138,0.16124,39,14
2020-04-06 03:05:55,-119.86138,0.16124,42,14
2020-04-06 03:06:00,-119.86138,0.16124,45,14
2020-04-06 03:06:05,-119.86138,0.16124,41,14
2020-04-06 03:06:10,-119.86138,0.16124,40,14
2020-04-06 03:06:15,-119.86138,0.16124,46,14
2020-04-06 03:06:20,-119.86138,0.16124,38,14
2020-04-06 03:06:25,-119.86138,0.16124,45,14
2020-04-06 03:06:30,-119.86138,0.16124,38,14
2020-04-06 03:06:35,-119.86138,0.16124,44,14
2020-04-06 03:06:40,-119.86138,0.16124,47,14
2020-04-06 03:06:45,-119.86138,0.16124,42,14
2020-04-06 03:06:50,-119.86138,0.16124,39,14
2020-04-06 03:06:55,-119.86138,0.16124,44,14
2020-04-06 03:07:00,-119.86138,0.16124,42,14
2020-04-06 03:07:05,-119.86138,0.16124,42,14
2020-04-06 03:07:10,-119.86138,0.16124,45,14
2020-04-06 03:07:15,-119.86138,0.16124,47,14
2020-04-06 03:07:20,-119.86138,0.16124,40,14
2020-04-06 03:07:25,-119.86138,0.16124,43,14
2020-04-06 03:07:30,-119.86138,0.16124,43,14
2020-04-06 03:07:35,-119.86138,0.16124,45,14
2020-04-06 03:07:40,-119.86138,0.16124,42,14
2020-04-06 03:07:45,-119.86138,0.16124,39,14
2020-04-06 03:07:50,-119.86138,0.16124,43,14
2020-04-06 03:07:55,-119.86138,0.16124,46,14
2020-04-06 03:08:00,-119.86138,0.16124,41,14
2020-04-06 03:08:05,-119.86138,0.16124,44,14
2020-04-06 03:08:10,-119.86138,0.16124,43,14
2020-04-06 03:08:15,-119.86138,0.16124,41,14
2020-04-06 03:08:20,-119.86138,0.16124,47,14
2020-04-06 03:08:25,-119.86138,0.16124,45,14
2020-04-06 03:08:30,-119.86138,0.16124,45,14
2020-04-06 03:08:35,-119.86138,0.16124,45,14
2020-04-06 03:08:40,-119.86138,0.16124,44,14
2020-04-06 03:08:45,-119.86138,0.16124,47,14
2020-04-06 03:08:50,-119.86138,0.16124,45,14
2020-04-06 03:08:55,-119.86138,0.16124,42,14
2020-04-06 03:09:00,-119.86138,0.16124,48,14
2020-04-06 03:09:05,-119.86138,0.16124,40,14
2020-04-06 03:09:10,-119.86138,0.16124,42,14
2020-04-06 03:09:15,-119.86138,0.16124,41,14
2020-04-06 03:09:20,-119.86138,0.16124,42,14
2020-04-06 03:09:25,-119.86138,0.16124,41,14
2020-04-06 03:09:30,-119.86138,0.16124,48,14
2020-04-06 03:09:35,-119.86138,0.16124,44,14
2020-04-06 03:09:40,-119.86138,0.16124,46,14
2020-04-06 03:09:45,-119.86138,0.16124,43,14
2020-04-06 03:09:50,-119.86138,0.16124,36,14
2020-04-06 03:09:55,-119.86138,0.16124,42,14
2020-04-06 03:10:00,-119.86138,0.16124,43,14
2020-04-06 03:10:05,-119.86138,0.16124,41,14
2020-04-06 03:10:10,-119.86138,0.16124,47,14
2020-04-06 03:10:15,-119.86138,0.16124,39,14
2020-04-06 03:10:20,-119.86138,0.16124,43,14
2020-04-06 03:10:25,-119.86138,0.16124,41,14
2020-04-06 03:10:30,-119.86138,0.16124,40,14
2020-04-06 03:10:35,-119.86138,0.16124,44,14
2020-04-06 03:10:40,-119.86138,0.16124,41,14
2020-04-06 03:10:45,-119.86138,0.16124,42,14
2020-04-06 03:10:50,-119.86138,0.16124,36,14
2020-04-06 03:10:55,-119.86138,0.16124,40,14
2020-04-06 03:11:00,-119.86138,0.16124,44,14
2020-04-06 03:11:05,-119.86138,0.16124,44,14
2020-04-06 03:11:10,-119.86138,0.16124,48,14
2020-04-06 03:11:15,-119.86138,0.16124,42,14
2020-04-06 03:11:20,-119.86138,0.16124,42,14
2020-04-06 03:11:25,-119.86138,0.16124,41,14
2020-04-06 03:11:30,-119.86138,0.16124,43,14
2020-04-06 03:11:35,-119.86138,0.16124,41,14
2020-04-06 03:11:40,-119.86138,0.16124,43,14
2020-04-06 03:11:45,-119.86138,0.16124,42,14
2020-04-06 03:11:50,-119.86138,0.16124,44,14
2020-04-06 03:11:55,-119.86138,0.16124,41,14
2020-04-06 03:12:00,-119.86138,0.16124,47,14
2020-04-06 03:12:05,-119.86138,0.16124,38,14
2020-04-06 03:12:10,-119.86138,0.16124,40,14
2020-04-06 03:12:15,-119.86138,0.16124,45,14
2020-04-06 03:12:20,-119.86138,0.16124,40,14
2020-04-06 03:12:25,-119.86138,0.16124,38,14
2020-04-06 03:12:30,-119.86138,0.16124,48,14
2020-04-06 03:12:35,-119.86138,0.16124,43,14
2020-04-06 03:12:40,-119.86138,0.16124,42,14
2020-04-06 03:12:45,-119.86138,0.16124,41,14
2020-04-06 03:12:50,-119.86138,0.16124,38,14
2020-04-06 03:12:55,-119.86138,0.16124,44,14
2020-04-06 03:13:00,-119.86138,0.16124,42,14
2020-04-06 03:13:05,-119.86138,0.16124,42,14
2020-04-06 03:13:10,-119.86138,0.16124,46,14
2020-04-06 03:13:15,-119.86138,0.16124,43,14
2020-04-06 03:13:20,-119.86138,0.16124,46,14
2020-04-06 03:13:25,-119.86138,0.16124,44,14
2020-04-06 03:13:30,-119.86138,0.16124,43,14
2020-04-06 03:13:35,-119.86138,0.16124,43,14
2020-04-06 03:13:40,-119.86138,0.16124,41,14
2020-04-06 03:13:45,-119.86138,0.16124,43,14
2020-04-06 03:13:50,-119.86138,0.16124,43,14
2020-04-06 03:13:55,-119.86138,0.16124,41,14
2020-04-06 03:14:00,-119.86138,0.16124,42,14
2020-04-06 03:14:05,-119.86138,0.16124,36,14
2020-04-06 03:14:10,-119.86138,0.16124,45,14
2020-04-06 03:14:15,-119.86138,0.16124,41,14
2020-04-06 03:14:20,-119.86138,0.16124,39,14
2020-04-06 03:14:25,-119.86138,0.16124,50,14
2020-04-06 03:14:30,-119.86138,0.16124,45,14
2020-04-06 03:14:35,-119.86138,0.16124,46,14
2020-04-06 03:14:40,-119.86138,0.16124,43,14
2020-04-06 03:14:45,-119.86138,0.16124,39,14
2020-04-06 03:14:50,-119.86138,0.16124,43,14
2020-04-06 03:14:55,-119.86138,0.16124,40,14
2020-04-06 03:15:00,-119.86138,0.16124,43,14
2020-04-06 03:15:05,-119.86138,0.16124,42,14
2020-04-06 03:15:10,-119.86138,0.16124,38,14
2020-04-06 03:15:15,-119.86138,0.16124,50,14
2020-04-06 03:15:20,-119.86138,0.16124,45,14
2020-04-06 03:15:25,-119.86138,0.16124,42,14
2020-04-06 03:15:30,-119.86138,0.16124,41,14
2020-04-06 03:15:35,-119.86138,0.16124,46,14
2020-04-06 03:15:40,-119.86138,0.16124,41,14
2020-04-06 03:15:45,-119.86138,0.16124,42,14
2020-04-06 03:15:50,-119.86138,0.16124,44,14
2020-04-06 03:15:55,-119.86138,0.16124,40,14
2020-04-06 03:16:00,-119.86138,0.16124,44,14
2020-04-06 03:16:05,-119.86138,0.16124,43,14
2020-04-06 03:16:10,-119.86138,0.16124,38,14
2020-04-06 03:16:15,-119.86138,0.16124,49,14
2020-04-06 03:16:20,-119.86138,0.16124,44,14
2020-04-06 03:16:25,-119.86138,0.16124,40,14
2020-04-06 03:16:30,-119.86138,0.16124,39,14
2020-04-06 03:16:35,-119.86138,0.16124,42,14
2020-04-06 03:16:40,-119.86138,0.16124,39,14
2020-04-06 03:16:45,-119.86138,0.16124,38,14
2020-04-06 03:16:50,-119.86138,0.16124,33,14
2020-04-06 03:16:55,-119.86138,0.16124,40,14
2020-04-06 03:17:00,-119.86138,0.16124,40,14
2020-04-06 03:17:05,-119.86138,0.16124,43,14
2020-04-06 03:17:10,-119.86138,0.16124,46,14
2020-04-06 03:17:15,-119.86138,0.16124,37,14
2020-04-06 03:17:20,-119.86138,0.16124,43,14
2020-04-06 03:17:25,-119.86138,0.16124,46,14
2020-04-06 03:17:30,-119.86138,0.16124,43,14
2020-04-06 03:17:35,-119.86138,0.16124,39,14
2020-04-06 03:17:40,-119.86138,0.16124,42,14
2020-04-06 03:17:45,-119.86138,0.16124,38,14
2020-04-06 03:17:50,-119.86138,0.16124,49,14
2020-04-06 03:17:55,-119.86138,0.16124,48,14
2020-04-06 03:18:00,-119.86138,0.16124,39,14
2020-04-06 03:18:05,-119.86138,0.16124,46,14
2020-04-06 03:18:10,-119.86138,0.16124,47,14
2020-04-06 03:18:15,-119.86138,0.16124,38,14
2020-04-06 03:18:20,-119.86138,0.16124,41,14
2020-04-06 03:18:25,-119.86138,0.16124,42,14
2020-04-06 03:18:30,-119.86138,0.16124,42,14
2020-04-06 03:18:35,-119.86138,0.16124,47,14
2020-04-06 03:18:40,-119.86138,0.16124,41,14
2020-04-06 03:18:45,-119.86138,0.16124,42,14
2020-04-06 03:18:50,-119.86138,0.16124,50,14
2020-04-06 03:18:55,-119.86138,0.16124,46,14
2020-04-06 03:19:00,-119.86138,0.16124,47,14
2020-04-06 03:19:05,-119.86138,0.16124,44,14
2020-04-06 03:19:10,-119.86138,0.16124,41,14
2020-04-06 03:19:15,-119.86138,0.16124,49,14
2020-04-06 03:19:20,-119.86138,0.16124,41,14
2020-04-06 03:19:25,-119.86138,0.16124,43,14
2020-04-06 03:19:30,-119.86138,0.16124,41,14
2020-04-06 03:19:35,-119.86138,0.16124,46,14
2020-04-06 03:19:40,-119.86138,0.16124,45,14
2020-04-06 03:19:45,-119.86138,0.16124,48,14
2020-04-06 03:19:50,-119.86138,0.16124,47,14
2020-04-06 03:19:55,-119.86138,0.16124,43,14
2020-04-06 03:20:00,-119.86138,0.16124,41,14
2020-04-06 03:20:05,-119.86138,0.16124,47,14
2020-04-06 03:20:10,-119.86138,0.16124,45,14
2020-04-06 03:20:15,-119.86138,0.16124,46,14
2020-04-06 03:20:20,-119.86138,0.16124,41,14
2020-04-06 03:20:25,-119.86138,0.16124,44,14
2020-04-06 03:20:30,-119.86138,0.16124,42,14
2020-04-06 03:20:35,-119.86138,0.16124,44,14
2020-04-06 03:20:40,-119.86138,0.16124,44,14
2020-04-06 03:20:45,-119.86138,0.16124,49,14
2020-04-06 03:20:50,-119.86138,0.16124,47,14
2020-04-06 03:20:55,-119.86138,0.16124,50,14
2020-04-06 03:21:00,-119.86138,0.16124,47,14
2020-04-06 03:21:05,-119.86138,0.16124,50,14
2020-04-06 03:21:10,-119.86138,0.16124,51,14
2020-04-06 03:21:15,-119.86138,0.16124,48,14
2020-04-06 03:21:20,-119.86138,0.16124,44,14
2020-04-06 03:21:25,-119.86138,0.16124,46,14
2020-04-06 03:21:30,-119.86138,0.16124,51,14
2020-04-06 03:21:35,-119.86138,0.16124,48,14
2020-04-06 03:21:40,-119.86138,0.16124,50,14
2020-04-06 03:21:45,-119.86138,0.16124,45,14
2020-04-06 03:21:50,-119.86138,0.16124,50,14
2020-04-06 03:21:55,-119.86138,0.16124,51,14
2020-04-06 03:22:00,-119.86138,0.16124,47,14
2020-04-06 03:22:05,-119.86138,0.16124,46,14
2020-04-06 03:22:10,-119.86138,0.16124,44,14
2020-04-06 03:22:15,-119.86138,0.16124,45,14
2020-04-06 03:22:20,-119.86138,0.16124,48,14
2020-04-06 03:22:25,-119.86138,0.16124,49,14
2020-04-06 03:22:30,-119.86138,0.16124,50,14
2020-04-06 03:22:35,-119.86138,0.16124,52,14
2020-04-06 03:22:40,-119.86138,0.16124,48,14
2020-04-06 03:22:45,-119.86138,0.16124,44,14
2020-04-06 03:22:50,-119.86138,0.16124,46,14
2020-04-06 03:22:55,-119.86138,0.16124,44,14
2020-04-06 03:23:00,-119.86138,0.16124,47,14
2020-04-06 03:23:05,-119.86138,0.16124,45,14
2020-04-06 03:23:10,-119.86138,0.16124,47,14
2020-04-06 03:23:15,-119.86138,0.16124,42,14
2020-04-06 03:23:20,-119.86138,0.16124,46,14
2020-04-06 03:23:25,-119.86138,0.16124,45,14
2020-04-06 03:23:30,-119.86138,0.16124,49,14
2020-04-06 03:23:35,-119.86138,0.16124,48,14
2020-04-06 03:23:40,-119.86138,0.16124,48,14
2020-04-06 03:23:45,-119.86138,0.16124,47,14
2020-04-06 03:23:50,-119.86138,0.16124,50,14
2020-04-06 03:23:55,-119.86138,0.16124,44,14
2020-04-06 03:24:00,-119.86138,0.16124,42,14
2020-04-06 03:24:05,-119.86138,0.16124,43,14
2020-04-06 03:24:10,-119.86138,0.16124,44,14
2020-04-06 03:24:15,-119.86138,0.16124,44,14
2020-04-06 03:24:20,-119.86138,0.16124,41,14
2020-04-06 03:24:25,-119.86138,0.16124,44,14
2020-04-06 03:24:30,-119.86138,0.16124,41,14
2020-04-06 03:24:35,-119.86138,0.16124,41,14
2020-04-06 03:24:40,-119.86138,0.16124,46,14
2020-04-06 03:24:45,-119.86138,0.16124,46,14
2020-04-06 03:24:50,-119.86138,0.16124,45,14
2020-04-06 03:24:55,-119.86138,0.16124,44,14
2020-04-06 03:25:00,-119.86138,0.16124,40,14
2020-04-06 03:25:05,-119.86138,0.16124,42,14
2020-04-06 03:25:10,-119.86138,0.16124,41,14
2020-04-06 03:25:15,-119.86138,0.16124,38,14
2020-04-06 03:25:20,-119.86138,0.16124,41,14
2020-04-06 03:25:25,-119.86138,0.16124,41,14
2020-04-06 03:25:30,-119.86138,0.16124,42,14
2020-04-06 03:25:35,-119.86138,0.16124,41,14
2020-04-06 03:25:40,-119.86138,0.16124,38,14
2020-04-06 03:25:45,-119.86138,0.16124,40,14
2020-04-06 03:25:50,-119.86138,0.16124,40,14
2020-04-06 03:25:55,-119.86138,0.16124,42,14
2020-04-06 03:26:00,-119.86138,0.16124,48,14
2020-04-06 03:26:05,-119.86138,0.16124,45,14
2020-04-06 03:26:10,-119.86138,0.16124,40,14
2020-04-06 03:26:15,-119.86138,0.16124,45,14
2020-04-06 03:26:20,-119.86138,0.16124,44,14
2020-04-06 03:26:25,-119.86138,0.16124,42,14
2020-04-06 03:26:30,-119.86138,0.16124,45,14
2020-04-06 03:26:35,-119.86138,0.16124,45,14
2020-04-06 03:26:40,-119.86138,0.16124,38,14
2020-04-06 03:26:45,-119.86138,0.16124,41,14
2020-04-06 03:26:50,-119.86138,0.16124,46,14
2020-04-06 03:26:55,-119.86138,0.16124,46,14
2020-04-06 03:27:00,-119.86138,0.16124,43,14
2020-04-06 03:27:05,-119.86138,0.16124,38,14
2020-04-06 03:27:10,-119.86138,0.16124,37,14
2020-04-06 03:27:15,-119.86138,0.16124,42,14
2020-04-06 03:27:20,-119.86138,0.16124,42,14
2020-04-06 03:27:25,-119.86138,0.16124,43,14
2020-04-06 03:27:30,-119.86138,0.16124,44,14
2020-04-06 03:27:35,-119.86138,0.16124,46,14
2020-04-06 03:27:40,-119.86138,0.16124,43,14
2020-04-06 03:27:45,-119.86138,0.16124,44,14
2020-04-06 03:27:50,-119.86138,0.16124,42,14
2020-04-06 03:27:55,-119.86138,0.16124,44,14
2020-04-06 03:28:00,-119.86138,0.16124,46,14
2020-04-06 03:28:05,-119.86138,0.16124,44,14
2020-04-06 03:28:10,-119.86138,0.16124,46,14
2020-04-06 03:28:15,-119.86138,0.16124,45,14
2020-04-06 03:28:20,-119.86138,0.16124,47,14
2020-04-06 03:28:25,-119.86138,0.16124,48,14
2020-04-06 03:28:30,-119.86138,0.16124,53,14
2020-04-06 03:28:35,-119.86138,0.16124,46,14
2020-04-06 03:28:40,-119.86138,0.16124,46,14
2020-04-06 03:28:45,-119.86138,0.16124,50,14
2020-04-06 03:28:50,-119.86138,0.16124,43,14
2020-04-06 03:28:55,-119.86138,0.16124,45,14
2020-04-06 03:29:00,-119.86138,0.16124,48,14
2020-04-06 03:29:05,-119.86138,0.16124,51,14
2020-04-06 03:29:10,-119.86138,0.16124,54,14
2020-04-06 03:29:15,-119.86138,0.16124,46,14
2020-04-06 03:29:20,-119.86138,0.16124,45,14
2020-04-06 03:29:25,-119.86138,0.16124,40,14
2020-04-06 03:29:30,-119.86138,0.16124,47,14
2020-04-06 03:29:35,-119.86138,0.16124,51,14
2020-04-06 03:29:40,-119.86138,0.16124,54,14
2020-04-06 03:29:45,-119.86138,0.16124,48,14
2020-04-06 03:29:50,-119.86138,0.16124,43,14
2020-04-06 03:29:55,-119.86138,0.16124,46,14
2020-04-06 03:30:00,-119.86138,0.16124,49,14
2020-04-06 03:30:05,-119.86138,0.16124,40,14
2020-04-06 03:30:10,-119.86138,0.16124,41,14
2020-04-06 03:30:15,-119.86138,0.16124,44,14
2020-04-06 03:30:20,-119.86138,0.16124,44,14
2020-04-06 03:30:25,-119.86138,0.16124,44,14
2020-04-06 03:30:30,-119.86138,0.16124,47,14
2020-04-06 03:30:35,-119.86138,0.16124,42,14
2020-04-06 03:30:40,-119.86138,0.16124,45,14
2020-04-06 03:30:45,-119.86138,0.16124,46,14
2020-04-06 03:30:50,-119.86138,0.16124,41,14
2020-04-06 03:30:55,-119.86138,0.16124,41,14
2020-04-06 03:31:00,-119.86138,0.16124,47,14
2020-04-06 03:31:05,-119.86138,0.16124,41,14
2020-04-06 03:31:10,-119.86138,0.16124,47,14
2020-04-06 03:31:15,-119.86138,0.16124,46,14
2020-04-06 03:31:20,-119.86138,0.16124,41,14
2020-04-06 03:31:25,-119.86138,0.16124,46,14
2020-04-06 03:31:30,-119.86138,0.16124,40,14
2020-04-06 03:31:35,-119.86138,0.16124,44,14
2020-04-06 03:31:40,-119.86138,0.16124,43,14
2020-04-06 03:31:45,-119.86138,0.16124,42,14
2020-04-06 03:31:50,-119.86138,0.16124,40,14
2020-04-06 03:31:55,-119.86138,0.16124,42,14
2020-04-06 03:32:00,-119.86138,0.16124,39,14
2020-04-06 03:32:05,-119.86138,0.16124,39,14
2020-04-06 03:32:10,-119.86138,0.16124,39,14
2020-04-06 03:32:15,-119.86138,0.16124,43,14
2020-04-06 03:32:20,-119.86138,0.16124,41,14
2020-04-06 03:32:25,-119.86138,0.16124,44,14
2020-04-06 03:32:30,-119.86138,0.16124,44,14
2020-04-06 03:32:35,-119.86138,0.16124,44,14
2020-04-06 03:32:40,-119.86138,0.16124,43,14
2020-04-06 03:32:45,-119.86138,0.16124,39,14
2020-04-06 03:32:50,-119.86138,0.16124,41,14
2020-04-06 03:32:55,-119.86138,0.16124,46,14
2020-04-06 03:33:00,-119.86138,0.16124,41,14
2020-04-06 03:33:05,-119.86138,0.16124,43,14
2020-04-06 03:33:10,-119.86138,0.16124,41,14
2020-04-06 03:33:15,-119.86138,0.16124,46,14
2020-04-06 03:33:20,-119.86138,0.16124,47,14
2020-04-06 03:33:25,-119.86138,0.16124,40,14
2020-04-06 03:33:30,-119.86138,0.16124,36,14
2020-04-06 03:33:35,-119.86138,0.16124,44,14
2020-04-06 03:33:40,-119.86138,0.16124,41,14
2020-04-06 03:33:45,-119.86138,0.16124,43,14
2020-04-06 03:33:50,-119.86138,0.16124,42,14
2020-04-06 03:33:55,-119.86138,0.16124,41,14
2020-04-06 03:34:00,-119.86138,0.16124,43,14
2020-04-06 03:34:05,-119.86138,0.16124,38,14
2020-04-06 03:34:10,-119.86138,0.16124,42,14
2020-04-06 03:34:15,-119.86138,0.16124,47,14
2020-04-06 03:34:20,-119.86138,0.16124,40,14
2020-04-06 03:34:25,-119.86138,0.16124,45,14
2020-04-06 03:34:30,-119.86138,0.16124,46,14
2020-04-06 03:34:35,-119.86138,0.16124,39,14
2020-04-06 03:34:40,-119.86138,0.16124,35,14
2020-04-06 03:34:45,-119.86138,0.16124,43,14
2020-04-06 03:34:50,-119.86138,0.16124,44,14
2020-04-06 03:34:55,-119.86138,0.16124,44,14
2020-04-06 03:35:00,-119.86138,0.16124,42,14
2020-04-06 03:35:05,-119.86138,0.16124,36,14
2020-04-06 03:35:10,-119.86138,0.16124,42,14
2020-04-06 03:35:15,-119.86138,0.16124,44,14
2020-04-06 03:35:20,-119.86138,0.16124,42,14
2020-04-06 03:35:25,-119.86138,0.16124,40,14
2020-04-06 03:35:30,-119.86138,0.16124,46,14
2020-04-06 03:35:35,-119.86138,0.16124,43,14
2020-04-06 03:35:40,-119.86138,0.16124,41,14
2020-04-06 03:35:45,-119.86138,0.16124,44,14
2020-04-06 03:35:50,-119.86138,0.16124,41,14
2020-04-06 03:35:55,-119.86138,0.16124,44,14
2020-04-06 03:36:00,-119.86138,0.16124,47,14
2020-04-06 03:36:05,-119.86138,0.16124,44,14
2020-04-06 03:36:10,-119.86138,0.16124,42,14
2020-04-06 03:36:15,-119.86138,0.16124,39,14
2020-04-06 03:36:20,-119.86138,0.16124,44,14
2020-04-06 03:36:25,-119.86138,0.16124,40,14
2020-04-06 03:36:30,-119.86138,0.16124,40,14
2020-04-06 03:36:35,-119.86138,0.16124,44,14
2020-04-06 03:36:40,-119.86138,0.16124,40,14
2020-04-06 03:36:45,-119.86138,0.16124,41,14
2020-04-06 03:36:50,-119.86138,0.16124,36,14
2020-04-06 03:36:55,-119.86138,0.16124,42,14
2020-04-06 03:37:00,-119.86138,0.16124,42,14
2020-04-06 03:37:05,-119.86138,0.16124,41,14
2020-04-06 03:37:10,-119.86138,0.16124,40,14
2020-04-06 03:37:15,-119.86138,0.16124,39,14
2020-04-06 03:37:20,-119.86138,0.16124,40,14
2020-04-06 03:37:25,-119.86138,0.16124,38,14
2020-04-06 03:37:30,-119.86138,0.16124,45,14
2020-04-06 03:37:35,-119.86138,0.16124,40,14
2020-04-06 03:37:40,-119.86138,0.16124,34,14
2020-04-06 03:37:45,-119.86138,0.16124,47,14
2020-04-06 03:37:50,-119.86138,0.16124,39,14
2020-04-06 03:37:55,-119.86138,0.16124,40,14
2020-04-06 03:38:00,-119.86138,0.16124,44,14
2020-04-06 03:38:05,-119.86138,0.16124,45,14
2020-04-06 03:38:10,-119.86138,0.16124,42,14
2020-04-06 03:38:15,-119.86138,0.16124,51,14
2020-04-06 03:38:20,-119.86138,0.16124,42,14
2020-04-06 03:38:25,-119.86138,0.16124,45,14
2020-04-06 03:38:30,-119.86138,0.16124,44,14
2020-04-06 03:38:35,-119.86138,0.16124,44,14
2020-04-06 03:38:40,-119.86138,0.16124,36,14
2020-04-06 03:38:45,-119.86138,0.16124,41,14
2020-04-06 03:38:50,-119.86138,0.16124,34,14
2020-04-06 03:38:55,-119.86138,0.16124,38,14
2020-04-06 03:39:00,-119.86138,0.16124,38,14
2020-04-06 03:39:05,-119.86138,0.16124,43,14
2020-04-06 03:39:10,-119.86138,0.16124,42,14
2020-04-06 03:39:15,-119.86138,0.16124,42,14
2020-04-06 03:39:20,-119.86138,0.16124,43,14
2020-04-06 03:39:25,-119.86138,0.16124,41,14
2020-04-06 03:39:30,-119.86138,0.16124,40,14
2020-04-06 03:39:35,-119.86138,0.16124,39,14
2020-04-06 03:39:40,-119.86138,0.16124,45,14
2020-04-06 03:39:45,-119.86138,0.16124,38,14
2020-04-06 03:39:50,-119.86138,0.16124,42,14
2020-04-06 03:39:55,-119.86138,0.16124,39,14
2020-04-06 03:40:00,-119.86138,0.16124,39,14
2020-04-06 03:40:05,-119.86138,0.16124,41,14
2020-04-06 03:40:10,-119.86138,0.16124,38,14
2020-04-06 03:40:15,-119.86138,0.16124,41,14
2020-04-06 03:40:20,-119.86138,0.16124,42,14
2020-04-06 03:40:25,-119.86138,0.16124,35,14
2020-04-06 03:40:30,-119.86138,0.16124,40,14
2020-04-06 03:40:35,-119.86138,0.16124,39,14
2020-04-06 03:40:40,-119.86138,0.16124,42,14
2020-04-06 03:40:45,-119.86138,0.16124,42,14
2020-04-06 03:40:50,-119.86138,0.16124,42,14
2020-04-06 03:40:55,-119.86138,0.16124,43,14
2020-04-06 03:41:00,-119.86138,0.16124,43,14
2020-04-06 03:41:05,-119.86138,0.16124,36,14
2020-04-06 03:41:10,-119.86138,0.16124,40,14
2020-04-06 03:41:15,-119.86138,0.16124,40,14
2020-04-06 03:41:20,-119.86138,0.16124,42,14
2020-04-06 03:41:25,-119.86138,0.16124,44,14
2020-04-06 03:41:30,-119.86138,0.16124,41,14
2020-04-06 03:41:35,-119.86138,0.16124,39,14
2020-04-06 03:41:40,-119.86138,0.16124,41,14
2020-04-06 03:41:45,-119.86138,0.16124,39,14
2020-04-06 03:41:50,-119.86138,0.16124,42,14
2020-04-06 03:41:55,-119.86138,0.16124,42,14
2020-04-06 03:42:00,-119.86138,0.16124,42,14
2020-04-06 03:42:05,-119.86138,0.16124,40,14
2020-04-06 03:42:10,-119.86138,0.16124,43,14
2020-04-06 03:42:15,-119.86138,0.16124,45,14
2020-04-06 03:42:20,-119.86138,0.16124,42,14
2020-04-06 03:42:25,-119.86138,0.16124,38,14
2020-04-06 03:42:30,-119.86138,0.16124,45,14
2020-04-06 03:42:35,-119.86138,0.16124,41,14
2020-04-06 03:42:40,-119.86138,0.16124,40,14
2020-04-06 03:42:45,-119.86138,0.16124,42,14
2020-04-06 03:42:50,-119.86138,0.16124,44,14
2020-04-06 03:42:55,-119.86138,0.16124,47,14
2020-04-06 03:43:00,-119.86138,0.16124,41,14
2020-04-06 03:43:05,-119.86138,0.16124,38,14
2020-04-06 03:43:10,-119.86138,0.16124,38,14
2020-04-06 03:43:15,-119.86138,0.16124,47,14
2020-04-06 03:43:20,-119.86138,0.16124,36,14
2020-04-06 03:43:25,-119.86138,0.16124,41,14
2020-04-06 03:43:30,-119.86138,0.16124,41,14
2020-04-06 03:43:35,-119.86138,0.16124,44,14
2020-04-06 03:43:40,-119.86138,0.16124,40,14
2020-04-06 03:43:45,-119.86138,0.16124,39,14
2020-04-06 03:43:50,-119.86138,0.16124,36,14
2020-04-06 03:43:55,-119.86138,0.16124,44,14
2020-04-06 03:44:00,-119.86138,0.16124,36,14
2020-04-06 03:44:05,-119.86138,0.16124,41,14
2020-04-06 03:44:10,-119.86138,0.16124,45,14
2020-04-06 03:44:15,-119.86138,0.16124,47,14
2020-04-06 03:44:20,-119.86138,0.16124,38,14
2020-04-06 03:44:25,-119.86138,0.16124,40,14
2020-04-06 03:44:30,-119.86138,0.16124,42,14
2020-04-06 03:44:35,-119.86138,0.16124,43,14
2020-04-06 03:44:40,-119.86138,0.16124,39,14
2020-04-06 03:44:45,-119.86138,0.16124,44,14
2020-04-06 03:44:50,-119.86138,0.16124,36,14
2020-04-06 03:44:55,-119.86138,0.16124,40,14
2020-04-06 03:45:00,-119.86138,0.16124,43,14
2020-04-06 03:45:05,-119.86138,0.16124,37,14
2020-04-06 03:45:10,-119.86138,0.16124,37,14
2020-04-06 03:45:15,-119.86138,0.16124,45,14
2020-04-06 03:45:20,-119.86138,0.16124,37,14
2020-04-06 03:45:25,-119.86138,0.16124,37,14
2020-04-06 03:45:30,-119.86138,0.16124,41,14
2020-04-06 03:45:35,-119.86138,0.16124,38,14
2020-04-06 03:45:40,-119.86138,0.16124,36,14
2020-04-06 03:45:45,-119.86138,0.16124,40,14
2020-04-06 03:45:50,-119.86138,0.16124,39,14
2020-04-06 03:45:55,-119.86138,0.16124,38,14
2020-04-06 03:46:00,-119.86138,0.16124,43,14
2020-04-06 03:46:05,-119.86138,0.16124,44,14
2020-04-06 03:46:10,-119.86138,0.16124,41,14
2020-04-06 03:46:15,-119.86138,0.16124,40,14
2020-04-06 03:46:20,-119.86138,0.16124,42,14
2020-04-06 03:46:25,-119.86138,0.16124,42,14
2020-04-06 03:46:30,-119.86138,0.16124,42,14
2020-04-06 03:46:35,-119.86138,0.16124,44,14
2020-04-06 03:46:40,-119.86138,0.16124,40,14
2020-04-06 03:46:45,-119.86138,0.16124,42,14
2020-04-06 03:46:50,-119.86138,0.16124,40,14
2020-04-06 03:46:55,-119.86138,0.16124,46,14
2020-04-06 03:47:00,-119.86138,0.16124,42,14
2020-04-06 03:47:05,-119.86138,0.16124,48,14
2020-04-06 03:47:10,-119.86138,0.16124,37,14
2020-04-06 03:47:15,-119.86138,0.16124,43,14
2020-04-06 03:47:20,-119.86138,0.16124,38,14
2020-04-06 03:47:25,-119.86138,0.16124,38,14
2020-04-06 03:47:30,-119.86138,0.16124,38,14
2020-04-06 03:47:35,-119.86138,0.16124,40,14
2020-04-06 03:47:40,-119.86138,0.16124,44,14
2020-04-06 03:47:45,-119.86138,0.16124,45,14
2020-04-06 03:47:50,-119.86138,0.16124,41,14
2020-04-06 03:47:55,-119.86138,0.16124,41,14
2020-04-06 03:48:00,-119.86138,0.16124,38,14
2020-04-06 03:48:05,-119.86138,0.16124,39,14
2020-04-06 03:48:10,-119.86138,0.16124,40,14
2020-04-06 03:48:15,-119.86138,0.16124,44,14
2020-04-06 03:48:20,-119.86138,0.16124,41,14
2020-04-06 03:48:25,-119.86138,0.16124,41,14
2020-04-06 03:48:30,-119.86138,0.16124,43,14
2020-04-06 03:48:35,-119.86138,0.16124,39,14
2020-04-06 03:48:40,-119.86138,0.16124,42,14
2020-04-06 03:48:45,-119.86138,0.16124,45,14
2020-04-06 03:48:50,-119.86138,0.16124,35,14
2020-04-06 03:48:55,-119.86138,0.16124,38,14
2020-04-06 03:49:00,-119.86138,0.16124,41,14
2020-04-06 03:49:05,-119.86138,0.16124,44,14
2020-04-06 03:49:10,-119.86138,0.16124,42,14
2020-04-06 03:49:15,-119.86138,0.16124,39,14
2020-04-06 03:49:20,-119.86138,0.16124,37,14
2020-04-06 03:49:25,-119.86138,0.16124,39,14
2020-04-06 03:49:30,-119.86138,0.16124,39,14
2020-04-06 03:49:35,-119.86138,0.16124,40,14
2020-04-06 03:49:40,-119.86138,0.16124,46,14
2020-04-06 03:49:45,-119.86138,0.16124,39,14
2020-04-06 03:49:50,-119.86138,0.16124,44,14
2020-04-06 03:49:55,-119.86138,0.16124,43,14
2020-04-06 03:50:00,-119.86138,0.16124,42,14
2020-04-06 03:50:05,-119.86138,0.16124,39,14
2020-04-06 03:50:10,-119.86138,0.16124,42,14
2020-04-06 03:50:15,-119.86138,0.16124,41,14
2020-04-06 03:50:20,-119.86138,0.16124,42,14
2020-04-06 03:50:25,-119.86138,0.16124,44,14
2020-04-06 03:50:30,-119.86138,0.16124,42,14
2020-04-06 03:50:35,-119.86138,0.16124,36,14
2020-04-06 03:50:40,-119.86138,0.16124,39,14
2020-04-06 03:50:45,-119.86138,0.16124,39,14
2020-04-06 03:50:50,-119.86138,0.16124,40,14
2020-04-06 03:50:55,-119.86138,0.16124,44,14
2020-04-06 03:51:00,-119.86138,0.16124,38,14
2020-04-06 03:51:05,-119.86138,0.16124,41,14
2020-04-06 03:51:10,-119.86138,0.16124,42,14
2020-04-06 03:51:15,-119.86138,0.16124,41,14
2020-04-06 03:51:20,-119.86138,0.16124,40,14
2020-04-06 03:51:25,-119.86138,0.16124,40,14
2020-04-06 03:51:30,-119.86138,0.16124,39,14
2020-04-06 03:51:35,-119.86138,0.16124,41,14
2020-04-06 03:51:40,-119.86138,0.16124,44,14
2020-04-06 03:51:45,-119.86138,0.16124,44,14
2020-04-06 03:51:50,-119.86138,0.16124,40,14
2020-04-06 03:51:55,-119.86138,0.16124,40,14
2020-04-06 03:52:00,-119.86138,0.16124,41,14
2020-04-06 03:52:05,-119.86138,0.16124,38,14
2020-04-06 03:52:10,-119.86138,0.16124,46,14
2020-04-06 03:52:15,-119.86138,0.16124,44,14
2020-04-06 03:52:20,-119.86138,0.16124,41,14
2020-04-06 03:52:25,-119.86138,0.16124,45,14
2020-04-06 03:52:30,-119.86138,0.16124,41,14
2020-04-06 03:52:35,-119.86138,0.16124,43,14
2020-04-06 03:52:40,-119.86138,0.16124,39,14
2020-04-06 03:52:45,-119.86138,0.16124,43,14
2020-04-06 03:52:50,-119.86138,0.16124,38,14
2020-04-06 03:52:55,-119.86138,0.16124,44,14
2020-04-06 03:53:00,-119.86138,0.16124,37,14
2020-04-06 03:53:05,-119.86138,0.16124,45,14
2020-04-06 03:53:10,-119.86138,0.16124,43,14
2020-04-06 03:53:15,-119.86138,0.16124,43,14
2020-04-06 03:53:20,-119.86138,0.16124,36,14
2020-04-06 03:53:25,-119.86138,0.16124,40,14
2020-04-06 03:53:30,-119.86138,0.16124,44,14
2020-04-06 03:53:35,-119.86138,0.16124,38,14
2020-04-06 03:53:40,-119.86138,0.16124,39,14
2020-04-06 03:53:45,-119.86138,0.16124,41,14
2020-04-06 03:53:50,-119.86138,0.16124,41,14
2020-04-06 03:53:55,-119.86138,0.16124,39,14
2020-04-06 03:54:00,-119.86138,0.16124,39,14
2020-04-06 03:54:05,-119.86138,0.16124,40,14
2020-04-06 03:54:10,-119.86138,0.16124,39,14
2020-04-06 03:54:15,-119.86138,0.16124,44,14
2020-04-06 03:54:20,-119.86138,0.16124,44,14
2020-04-06 03:54:25,-119.86138,0.16124,39,14
2020-04-06 03:54:30,-119.86138,0.16124,48,14
2020-04-06 03:54:35,-119.86138,0.16124,41,14
2020-04-06 03:54:40,-119.86138,0.16124,38,14
2020-04-06 03:54:45,-119.86138,0.16124,45,14
2020-04-06 03:54:50,-119.86138,0.16124,47,14
2020-04-06 03:54:55,-119.86138,0.16124,40,14
2020-04-06 03:55:00,-119.86138,0.16124,44,14
2020-04-06 03:55:05,-119.86138,0.16124,48,14
2020-04-06 03:55:10,-119.86138,0.16124,40,14
2020-04-06 03:55:15,-119.86138,0.16124,37,14
2020-04-06 03:55:20,-119.86138,0.16124,46,14
2020-04-06 03:55:25,-119.86138,0.16124,40,14
2020-04-06 03:55:30,-119.86138,0.16124,38,14
2020-04-06 03:55:35,-119.86138,0.16124,45,14
2020-04-06 03:55:40,-119.86138,0.16124,41,14
2020-04-06 03:55:45,-119.86138,0.16124,35,14
2020-04-06 03:55:50,-119.86138,0.16124,38,14
2020-04-06 03:55:55,-119.86138,0.16124,42,14
2020-04-06 03:56:00,-119.86138,0.16124,41,14
2020-04-06 03:56:05,-119.86138,0.16124,41,14
2020-04-06 03:56:10,-119.86138,0.16124,40,14
2020-04-06 03:56:15,-119.86138,0.16124,34,14
2020-04-06 03:56:20,-119.86138,0.16124,41,14
2020-04-06 03:56:25,-119.86138,0.16124,44,14
2020-04-06 03:56:30,-119.86138,0.16124,44,14
2020-04-06 03:56:35,-119.86138,0.16124,42,14
2020-04-06 03:56:40,-119.86138,0.16124,41,14
2020-04-06 03:56:45,-119.86138,0.16124,46,14
2020-04-06 03:56:50,-119.86138,0.16124,34,14
2020-04-06 03:56:55,-119.86138,0.16124,40,14
2020-04-06 03:57:00,-119.86138,0.16124,43,14
2020-04-06 03:57:05,-119.86138,0.16124,43,14
2020-04-06 03:57:10,-119.86138,0.16124,42,14
2020-04-06 03:57:15,-119.86138,0.16124,45,14
2020-04-06 03:57:20,-119.86138,0.16124,45,14
2020-04-06 03:57:25,-119.86138,0.16124,38,14
2020-04-06 03:57:30,-119.86138,0.16124,40,14
2020-04-06 03:57:35,-119.86138,0.16124,41,14
2020-04-06 03:57:40,-119.86138,0.16124,42,14
2020-04-06 03:57:45,-119.86138,0.16124,42,14
2020-04-06 03:57:50,-119.86138,0.16124,40,14
2020-04-06 03:57:55,-119.86138,0.16124,39,14
2020-04-06 03:58:00,-119.86138,0.16124,40,14
2020-04-06 03:58:05,-119.86138,0.16124,41,14
2020-04-06 03:58:10,-119.86138,0.16124,42,14
2020-04-06 03:58:15,-119.86138,0.16124,40,14
2020-04-06 03:58:20,-119.86138,0.16124,43,14
2020-04-06 03:58:25,-119.86138,0.16124,44,14
2020-04-06 03:58:30,-119.86138,0.16124,45,14
2020-04-06 03:58:35,-119.86138,0.16124,40,14
2020-04-06 03:58:40,-119.86138,0.16124,45,14
2020-04-06 03:58:45,-119.86138,0.16124,40,14
2020-04-06 03:58:50,-119.86138,0.16124,40,14
2020-04-06 03:58:55,-119.86138,0.16124,43,14
2020-04-06 03:59:00,-119.86138,0.16124,39,14
2020-04-06 03:59:05,-119.86138,0.16124,40,14
2020-04-06 03:59:10,-119.86138,0.16124,40,14
2020-04-06 03:59:15,-119.86138,0.16124,40,14
2020-04-06 03:59:20,-119.86138,0.16124,37,14
2020-04-06 03:59:25,-119.86138,0.16124,41,14
2020-04-06 03:59:30,-119.86138,0.16124,44,14
2020-04-06 03:59:35,-119.86138,0.16124,41,14
2020-04-06 03:59:40,-119.86138,0.16124,40,14
2020-04-06 03:59:45,-119.86138,0.16124,48,14
2020-04-06 03:59:50,-119.86138,0.16124,40,14
2020-04-06 03:59:55,-119.86138,0.16124,40,14
2020-04-06 04:00:00,-119.86138,0.16124,39,14
2020-04-06 04:00:05,-119.86138,0.16124,36,14
2020-04-06 04:00:10,-119.86138,0.16124,41,14
2020-04-06 04:00:15,-119.86138,0.16124,37,14
2020-04-06 04:00:20,-119.86138,0.16124,36,14
2020-04-06 04:00:25,-119.86138,0.16124,39,14
2020-04-06 04:00:30,-119.86138,0.16124,41,14
2020-04-06 04:00:35,-119.86138,0.16124,45,14
2020-04-06 04:00:40,-119.86138,0.16124,38,14
2020-04-06 04:00:45,-119.86138,0.16124,41,14
2020-04-06 04:00:50,-119.86138,0.16124,39,14
2020-04-06 04:00:55,-119.86138,0.16124,46,14
2020-04-06 04:01:00,-119.86138,0.16124,41,14
2020-04-06 04:01:05,-119.86138,0.16124,41,14
2020-04-06 04:01:10,-119.86138,0.16124,44,14
2020-04-06 04:01:15,-119.86138,0.16124,38,14
2020-04-06 04:01:20,-119.86138,0.16124,43,14
2020-04-06 04:01:25,-119.86138,0.16124,40,14
2020-04-06 04:01:30,-119.86138,0.16124,40,14
2020-04-06 04:01:35,-119.86138,0.16124,37,14
2020-04-06 04:01:40,-119.86138,0.16124,45,14
2020-04-06 04:01:45,-119.86138,0.16124,44,14
2020-04-06 04:01:50,-119.86138,0.16124,42,14
2020-04-06 04:01:55,-119.86138,0.16124,42,14
2020-04-06 04:02:00,-119.86138,0.16124,40,14
2020-04-06 04:02:05,-119.86138,0.16124,39,14
2020-04-06 04:02:10,-119.86138,0.16124,41,14
2020-04-06 04:02:15,-119.86138,0.16124,36,14
2020-04-06 04:02:20,-119.86138,0.16124,43,14
2020-04-06 04:02:25,-119.86138,0.16124,42,14
2020-04-06 04:02:30,-119.86138,0.16124,42,14
2020-04-06 04:02:35,-119.86138,0.16124,39,14
2020-04-06 04:02:40,-119.86138,0.16124,41,14
2020-04-06 04:02:45,-119.86138,0.16124,42,14
2020-04-06 04:02:50,-119.86138,0.16124,41,14
2020-04-06 04:02:55,-119.86138,0.16124,41,14
2020-04-06 04:03:00,-119.86138,0.16124,36,14
2020-04-06 04:03:05,-119.86138,0.16124,39,14
2020-04-06 04:03:10,-119.86138,0.16124,44,14
2020-04-06 04:03:15,-119.86138,0.16124,40,14
2020-04-06 04:03:20,-119.86138,0.16124,47,14
2020-04-06 04:03:25,-119.86138,0.16124,43,14
2020-04-06 04:03:30,-119.86138,0.16124,37,14
2020-04-06 04:03:35,-119.86138,0.16124,41,14
2020-04-06 04:03:40,-119.86138,0.16124,40,14
2020-04-06 04:03:45,-119.86138,0.16124,38,14
2020-04-06 04:03:50,-119.86138,0.16124,40,14
2020-04-06 04:03:55,-119.86138,0.16124,45,14
2020-04-06 04:04:00,-119.86138,0.16124,43,14
2020-04-06 04:04:05,-119.86138,0.16124,42,14
2020-04-06 04:04:10,-119.86138,0.16124,43,14
2020-04-06 04:04:15,-119.86138,0.16124,41,14
2020-04-06 04:04:20,-119.86138,0.16124,39,14
2020-04-06 04:04:25,-119.86138,0.16124,45,14
2020-04-06 04:04:30,-119.86138,0.16124,39,14
2020-04-06 04:04:35,-119.86138,0.16124,38,14
2020-04-06 04:04:40,-119.86138,0.16124,33,14
2020-04-06 04:04:45,-119.86138,0.16124,44,14
2020-04-06 04:04:50,-119.86138,0.16124,41,14
2020-04-06 04:04:55,-119.86138,0.16124,39,14
2020-04-06 04:05:00,-119.86138,0.16124,38,14
2020-04-06 04:05:05,-119.86138,0.16124,41,14
2020-04-06 04:05:10,-119.86138,0.16124,43,14
2020-04-06 04:05:15,-119.86138,0.16124,37,14
2020-04-06 04:05:20,-119.86138,0.16124,39,14
2020-04-06 04:05:25,-119.86138,0.16124,38,14
2020-04-06 04:05:30,-119.86138,0.16124,47,14
2020-04-06 04:05:35,-119.86138,0.16124,42,14
2020-04-06 04:05:40,-119.86138,0.16124,49,14
2020-04-06 04:05:45,-119.86138,0.16124,46,14
2020-04-06 04:05:50,-119.86138,0.16124,47,14
2020-04-06 04:05:55,-119.86138,0.16124,47,14
2020-04-06 04:06:00,-119.86138,0.16124,42,14
2020-04-06 04:06:05,-119.86138,0.16124,45,14
2020-04-06 04:06:10,-119.86138,0.16124,40,14
2020-04-06 04:06:15,-119.86138,0.16124,47,14
2020-04-06 04:06:20,-119.86138,0.16124,42,14
2020-04-06 04:06:25,-119.86138,0.16124,42,14
2020-04-06 04:06:30,-119.86138,0.16124,43,14
2020-04-06 04:06:35,-119.86138,0.16124,41,14
2020-04-06 04:06:40,-119.86138,0.16124,42,14
2020-04-06 04:06:45,-119.86138,0.16124,35,14
2020-04-06 04:06:50,-119.86138,0.16124,38,14
2020-04-06 04:06:55,-119.86138,0.16124,42,14
2020-04-06 04:07:00,-119.86138,0.16124,43,14
2020-04-06 04:07:05,-119.86138,0.16124,39,14
2020-04-06 04:07:10,-119.86138,0.16124,44,14
2020-04-06 04:07:15,-119.86138,0.16124,40,14
2020-04-06 04:07:20,-119.86138,0.16124,44,14
2020-04-06 04:07:25,-119.86138,0.16124,36,14
2020-04-06 04:07:30,-119.86138,0.16124,43,14
2020-04-06 04:07:35,-119.86138,0.16124,42,14
2020-04-06 04:07:40,-119.86138,0.16124,38,14
2020-04-06 04:07:45,-119.86138,0.16124,44,14
2020-04-06 04:07:50,-119.86138,0.16124,40,14
2020-04-06 04:07:55,-119.86138,0.16124,41,14
2020-04-06 04:08:00,-119.86138,0.16124,40,14
2020-04-06 04:08:05,-119.86138,0.16124,38,14
2020-04-06 04:08:10,-119.86138,0.16124,40,14
2020-04-06 04:08:15,-119.86138,0.16124,37,14
2020-04-06 04:08:20,-119.86138,0.16124,43,14
2020-04-06 04:08:25,-119.86138,0.16124,39,14
2020-04-06 04:08:30,-119.86138,0.16124,39,14
2020-04-06 04:08:35,-119.86138,0.16124,36,14
2020-04-06 04:08:40,-119.86138,0.16124,40,14
2020-04-06 04:08:45,-119.86138,0.16124,45,14
2020-04-06 04:08:50,-119.86138,0.16124,42,14
2020-04-06 04:08:55,-119.86138,0.16124,45,14
2020-04-06 04:09:00,-119.86138,0.16124,40,14
2020-04-06 04:09:05,-119.86138,0.16124,38,14
2020-04-06 04:09:10,-119.86138,0.16124,42,14
2020-04-06 04:09:15,-119.86138,0.16124,43,14
2020-04-06 04:09:20,-119.86138,0.16124,43,14
2020-04-06 04:09:25,-119.86138,0.16124,43,14
2020-04-06 04:09:30,-119.86138,0.16124,36,14
2020-04-06 04:09:35,-119.86138,0.16124,42,14
2020-04-06 04:09:40,-119.86138,0.16124,39,14
2020-04-06 04:09:45,-119.86138,0.16124,42,14
2020-04-06 04:09:50,-119.86138,0.16124,42,14
2020-04-06 04:09:55,-119.86138,0.16124,41,14
2020-04-06 04:10:00,-119.86138,0.16124,40,14
2020-04-06 04:10:05,-119.86138,0.16124,39,14
2020-04-06 04:10:10,-119.86138,0.16124,40,14
2020-04-06 04:10:15,-119.86138,0.16124,39,14
2020-04-06 04:10:20,-119.86138,0.16124,41,14
2020-04-06 04:10:25,-119.86138,0.16124,38,14
2020-04-06 04:10:30,-119.86138,0.16124,44,14
2020-04-06 04:10:35,-119.86138,0.16124,41,14
2020-04-06 04:10:40,-119.86138,0.16124,41,14
2020-04-06 04:10:45,-119.86138,0.16124,42,14
2020-04-06 04:10:50,-119.86138,0.16124,44,14
2020-04-06 04:10:55,-119.86138,0.16124,40,14
2020-04-06 04:11:00,-119.86138,0.16124,39,14
2020-04-06 04:11:05,-119.86138,0.16124,40,14
2020-04-06 04:11:10,-119.86138,0.16124,40,14
2020-04-06 04:11:15,-119.86138,0.16124,37,14
2020-04-06 04:11:20,-119.86138,0.16124,39,14
2020-04-06 04:11:25,-119.86138,0.16124,38,14
2020-04-06 04:11:30,-119.86138,0.16124,37,14
2020-04-06 04:11:35,-119.86138,0.16124,42,14
2020-04-06 04:11:40,-119.86138,0.16124,43,14
2020-04-06 04:11:45,-119.86138,0.16124,42,14
2020-04-06 04:11:50,-119.86138,0.16124,41,14
2020-04-06 04:11:55,-119.86138,0.16124,39,14
2020-04-06 04:12:00,-119.86138,0.16124,37,14
2020-04-06 04:12:05,-119.86138,0.16124,45,14
2020-04-06 04:12:10,-119.86138,0.16124,38,14
2020-04-06 04:12:15,-119.86138,0.16124,41,14
2020-04-06 04:12:20,-119.86138,0.16124,38,14
2020-04-06 04:12:25,-119.86138,0.16124,40,14
2020-04-06 04:12:30,-119.86138,0.16124,38,14
2020-04-06 04:12:35,-119.86138,0.16124,44,14
2020-04-06 04:12:40,-119.86138,0.16124,39,14
2020-04-06 04:12:45,-119.86138,0.16124,39,14
2020-04-06 04:12:50,-119.86138,0.16124,48,14
2020-04-06 04:12:55,-119.86138,0.16124,40,14
2020-04-06 04:13:00,-119.86138,0.16124,43,14
2020-04-06 04:13:05,-119.86138,0.16124,41,14
2020-04-06 04:13:10,-119.86138,0.16124,39,14
2020-04-06 04:13:15,-119.86138,0.16124,41,14
2020-04-06 04:13:20,-119.86138,0.16124,38,14
2020-04-06 04:13:25,-119.86138,0.16124,43,14
2020-04-06 04:13:30,-119.86138,0.16124,36,14
2020-04-06 04:13:35,-119.86138,0.16124,42,14
2020-04-06 04:13:40,-119.86138,0.16124,41,14
2020-04-06 04:13:45,-119.86138,0.16124,41,14
2020-04-06 04:13:50,-119.86138,0.16124,48,14
2020-04-06 04:13:55,-119.86138,0.16124,39,14
2020-04-06 04:14:00,-119.86138,0.16124,43,14
2020-04-06 04:14:05,-119.86138,0.16124,39,14
2020-04-06 04:14:10,-119.86138,0.16124,47,14
2020-04-06 04:14:15,-119.86138,0.16124,44,14
2020-04-06 04:14:20,-119.86138,0.16124,38,14
2020-04-06 04:14:25,-119.86138,0.16124,38,14
2020-04-06 04:14:30,-119.86138,0.16124,41,14
2020-04-06 04:14:35,-119.86138,0.16124,39,14
2020-04-06 04:14:40,-119.86138,0.16124,36,14
2020-04-06 04:14:45,-119.86138,0.16124,41,14
2020-04-06 04:14:50,-119.86138,0.16124,42,14
2020-04-06 04:14:55,-119.86138,0.16124,40,14
2020-04-06 04:15:00,-119.86138,0.16124,40,14
2020-04-06 04:15:05,-119.86138,0.16124,40,14
2020-04-06 04:15:10,-119.86138,0.16124,44,14
2020-04-06 04:15:15,-119.86138,0.16124,45,14
2020-04-06 04:15:20,-119.86138,0.16124,45,14
2020-04-06 04:15:25,-119.86138,0.16124,48,14
2020-04-06 04:15:30,-119.86138,0.16124,39,14
2020-04-06 04:15:35,-119.86138,0.16124,38,14
2020-04-06 04:15:40,-119.86138,0.16124,37,14
2020-04-06 04:15:45,-119.86138,0.16124,47,14
2020-04-06 04:15:50,-119.86138,0.16124,37,14
2020-04-06 04:15:55,-119.86138,0.16124,36,14
2020-04-06 04:16:00,-119.86138,0.16124,39,14
2020-04-06 04:16:05,-119.86138,0.16124,36,14
2020-04-06 04:16:10,-119.86138,0.16124,45,14
2020-04-06 04:16:15,-119.86138,0.16124,38,14
2020-04-06 04:16:20,-119.86138,0.16124,44,14
2020-04-06 04:16:25,-119.86138,0.16124,39,14
2020-04-06 04:16:30,-119.86138,0.16124,39,14
2020-04-06 04:16:35,-119.86138,0.16124,41,14
2020-04-06 04:16:40,-119.86138,0.16124,39,14
2020-04-06 04:16:45,-119.86138,0.16124,37,14
2020-04-06 04:16:50,-119.86138,0.16124,41,14
2020-04-06 04:16:55,-119.86138,0.16124,40,14
2020-04-06 04:17:00,-119.86138,0.16124,38,14
2020-04-06 04:17:05,-119.86138,0.16124,41,14
2020-04-06 04:17:10,-119.86138,0.16124,39,14
2020-04-06 04:17:15,-119.86138,0.16124,38,14
2020-04-06 04:17:20,-119.86138,0.16124,47,14
2020-04-06 04:17:25,-119.86138,0.16124,38,14
2020-04-06 04:17:30,-119.86138,0.16124,37,14
2020-04-06 04:17:35,-119.86138,0.16124,42,14
2020-04-06 04:17:40,-119.86138,0.16124,43,14
2020-04-06 04:17:45,-119.86138,0.16124,41,14
2020-04-06 04:17:50,-119.86138,0.16124,38,14
2020-04-06 04:17:55,-119.86138,0.16124,40,14
2020-04-06 04:18:00,-119.86138,0.16124,44,14
2020-04-06 04:18:05,-119.86138,0.16124,34,14
2020-04-06 04:18:10,-119.86138,0.16124,41,14
2020-04-06 04:18:15,-119.86138,0.16124,40,14
2020-04-06 04:18:20,-119.86138,0.16124,49,14
2020-04-06 04:18:25,-119.86138,0.16124,43,14
2020-04-06 04:18:30,-119.86138,0.16124,42,14
2020-04-06 04:18:35,-119.86138,0.16124,43,14
2020-04-06 04:18:40,-119.86138,0.16124,38,14
2020-04-06 04:18:45,-119.86138,0.16124,38,14
2020-04-06 04:18:50,-119.86138,0.16124,37,14
2020-04-06 04:18:55,-119.86138,0.16124,45,14
2020-04-06 04:19:00,-119.86138,0.16124,38,14
2020-04-06 04:19:05,-119.86138,0.16124,40,14
2020-04-06 04:19:10,-119.86138,0.16124,43,14
2020-04-06 04:19:15,-119.86138,0.16124,42,14
2020-04-06 04:19:20,-119.86138,0.16124,42,14
2020-04-06 04:19:25,-119.86138,0.16124,39,14
2020-04-06 04:19:30,-119.86138,0.16124,43,14
2020-04-06 04:19:35,-119.86138,0.16124,46,14
2020-04-06 04:19:40,-119.86138,0.16124,42,14
2020-04-06 04:19:45,-119.86138,0.16124,38,14
2020-04-06 04:19:50,-119.86138,0.16124,36,14
2020-04-06 04:19:55,-119.86138,0.16124,47,14
2020-04-06 04:20:00,-119.86138,0.16124,42,14
2020-04-06 04:20:05,-119.86138,0.16124,40,14
2020-04-06 04:20:10,-119.86138,0.16124,42,14
2020-04-06 04:20:15,-119.86138,0.16124,41,14
2020-04-06 04:20:20,-119.86138,0.16124,38,14
2020-04-06 04:20:25,-119.86138,0.16124,38,14
2020-04-06 04:20:30,-119.86138,0.16124,47,14
2020-04-06 04:20:35,-119.86138,0.16124,45,14
2020-04-06 04:20:40,-119.86138,0.16124,44,14
2020-04-06 04:20:45,-119.86138,0.16124,45,14
2020-04-06 04:20:50,-119.86138,0.16124,39,14
2020-04-06 04:20:55,-119.86138,0.16124,41,14
2020-04-06 04:21:00,-119.86138,0.16124,38,14
2020-04-06 04:21:05,-119.86138,0.16124,40,14
2020-04-06 04:21:10,-119.86138,0.16124,41,14
2020-04-06 04:21:15,-119.86138,0.16124,41,14
2020-04-06 04:21:20,-119.86138,0.16124,39,14
2020-04-06 04:21:25,-119.86138,0.16124,44,14
2020-04-06 04:21:30,-119.86138,0.16124,38,14
2020-04-06 04:21:35,-119.86138,0.16124,40,14
2020-04-06 04:21:40,-119.86138,0.16124,43,14
2020-04-06 04:21:45,-119.86138,0.16124,39,14
2020-04-06 04:21:50,-119.86138,0.16124,41,14
2020-04-06 04:21:55,-119.86138,0.16124,45,14
2020-04-06 04:22:00,-119.86138,0.16124,40,14
2020-04-06 04:22:05,-119.86138,0.16124,38,14
2020-04-06 04:22:10,-119.86138,0.16124,43,14
2020-04-06 04:22:15,-119.86138,0.16124,45,14
2020-04-06 04:22:20,-119.86138,0.16124,41,14
2020-04-06 04:22:25,-119.86138,0.16124,42,14
2020-04-06 04:22:30,-119.86138,0.16124,39,14
2020-04-06 04:22:35,-119.86138,0.16124,43,14
2020-04-06 04:22:40,-119.86138,0.16124,42,14
2020-04-06 04:22:45,-119.86138,0.16124,39,14
2020-04-06 04:22:50,-119.86138,0.16124,42,14
2020-04-06 04:22:55,-119.86138,0.16124,39,14
2020-04-06 04:23:00,-119.86138,0.16124,41,14
2020-04-06 04:23:05,-119.86138,0.16124,42,14
2020-04-06 04:23:10,-119.86138,0.16124,42,14
2020-04-06 04:23:15,-119.86138,0.16124,41,14
2020-04-06 04:23:20,-119.86138,0.16124,41,14
2020-04-06 04:23:25,-119.86138,0.16124,40,14
2020-04-06 04:23:30,-119.86138,0.16124,44,14
2020-04-06 04:23:35,-119.86138,0.16124,42,14
2020-04-06 04:23:40,-119.86138,0.16124,44,14
2020-04-06 04:23:45,-119.86138,0.16124,42,14
2020-04-06 04:23:50,-119.86138,0.16124,42,14
2020-04-06 04:23:55,-119.86138,0.16124,39,14
2020-04-06 04:24:00,-119.86138,0.16124,39,14
2020-04-06 04:24:05,-119.86138,0.16124,39,14
2020-04-06 04:24:10,-119.86138,0.16124,44,14
2020-04-06 04:24:15,-119.86138,0.16124,36,14
2020-04-06 04:24:20,-119.86138,0.16124,40,14
2020-04-06 04:24:25,-119.86138,0.16124,41,14
2020-04-06 04:24:30,-119.86138,0.16124,36,14
2020-04-06 04:24:35,-119.86138,0.16124,38,14
2020-04-06 04:24:40,-119.86138,0.16124,42,14
2020-04-06 04:24:45,-119.86138,0.16124,42,14
2020-04-06 04:24:50,-119.86138,0.16124,45,14
2020-04-06 04:24:55,-119.86138,0.16124,46,14
2020-04-06 04:25:00,-119.86138,0.16124,46,14
2020-04-06 04:25:05,-119.86138,0.16124,39,14
2020-04-06 04:25:10,-119.86138,0.16124,40,14
2020-04-06 04:25:15,-119.86138,0.16124,37,14
2020-04-06 04:25:20,-119.86138,0.16124,36,14
2020-04-06 04:25:25,-119.86138,0.16124,43,14
2020-04-06 04:25:30,-119.86138,0.16124,45,14
2020-04-06 04:25:35,-119.86138,0.16124,43,14
2020-04-06 04:25:40,-119.86138,0.16124,41,14
2020-04-06 04:25:45,-119.86138,0.16124,40,14
2020-04-06 04:25:50,-119.86138,0.16124,40,14
2020-04-06 04:25:55,-119.86138,0.16124,38,14
2020-04-06 04:26:00,-119.86138,0.16124,40,14
2020-04-06 04:26:05,-119.86138,0.16124,43,14
2020-04-06 04:26:10,-119.86138,0.16124,41,14
2020-04-06 04:26:15,-119.86138,0.16124,40,14
2020-04-06 04:26:20,-119.86138,0.16124,40,14
2020-04-06 04:26:25,-119.86138,0.16124,41,14
2020-04-06 04:26:30,-119.86138,0.16124,37,14
2020-04-06 04:26:35,-119.86138,0.16124,40,14
2020-04-06 04:26:40,-119.86138,0.16124,40,14
2020-04-06 04:26:45,-119.86138,0.16124,38,14
2020-04-06 04:26:50,-119.86138,0.16124,37,14
2020-04-06 04:26:55,-119.86138,0.16124,42,14
2020-04-06 04:27:00,-119.86138,0.16124,42,14
2020-04-06 04:27:05,-119.86138,0.16124,38,14
2020-04-06 04:27:10,-119.86138,0.16124,42,14
2020-04-06 04:27:15,-119.86138,0.16124,37,14
2020-04-06 04:27:20,-119.86138,0.16124,39,14
2020-04-06 04:27:25,-119.86138,0.16124,40,14
2020-04-06 04:27:30,-119.86138,0.16124,43,14
2020-04-06 04:27:35,-119.86138,0.16124,48,14
2020-04-06 04:27:40,-119.86138,0.16124,36,14
2020-04-06 04:27:45,-119.86138,0.16124,37,14
2020-04-06 04:27:50,-119.86138,0.16124,48,14
2020-04-06 04:27:55,-119.86138,0.16124,44,14
2020-04-06 04:28:00,-119.86138,0.16124,39,14
2020-04-06 04:28:05,-119.86138,0.16124,40,14
2020-04-06 04:28:10,-119.86138,0.16124,40,14
2020-04-06 04:28:15,-119.86138,0.16124,45,14
2020-04-06 04:28:20,-119.86138,0.16124,40,14
2020-04-06 04:28:25,-119.86138,0.16124,47,14
2020-04-06 04:28:30,-119.86138,0.16124,41,14
2020-04-06 04:28:35,-119.86138,0.16124,48,14
2020-04-06 04:28:40,-119.86138,0.16124,44,14
2020-04-06 04:28:45,-119.86138,0.16124,41,14
2020-04-06 04:28:50,-119.86138,0.16124,34,14
2020-04-06 04:28:55,-119.86138,0.16124,38,14
2020-04-06 04:29:00,-119.86138,0.16124,38,14
2020-04-06 04:29:05,-119.86138,0.16124,38,14
2020-04-06 04:29:10,-119.86138,0.16124,43,14
2020-04-06 04:29:15,-119.86138,0.16124,40,14
2020-04-06 04:29:20,-119.86138,0.16124,48,14
2020-04-06 04:29:25,-119.86138,0.16124,43,14
2020-04-06 04:29:30,-119.86138,0.16124,39,14
2020-04-06 04:29:35,-119.86138,0.16124,45,14
2020-04-06 04:29:40,-119.86138,0.16124,42,14
2020-04-06 04:29:45,-119.86138,0.16124,39,14
2020-04-06 04:29:50,-119.86138,0.16124,38,14
2020-04-06 04:29:55,-119.86138,0.16124,44,14
2020-04-06 04:30:00,-119.86138,0.16124,46,14
2020-04-06 04:30:05,-119.86138,0.16124,39,14
2020-04-06 04:30:10,-119.86138,0.16124,42,14
2020-04-06 04:30:15,-119.86138,0.16124,42,14
2020-04-06 04:30:20,-119.86138,0.16124,41,14
2020-04-06 04:30:25,-119.86138,0.16124,41,14
2020-04-06 04:30:30,-119.86138,0.16124,43,14
2020-04-06 04:30:35,-119.86138,0.16124,38,14
2020-04-06 04:30:40,-119.86138,0.16124,45,14
2020-04-06 04:30:45,-119.86138,0.16124,45,14
2020-04-06 04:30:50,-119.86138,0.16124,42,14
2020-04-06 04:30:55,-119.86138,0.16124,42,14
2020-04-06 04:31:00,-119.86138,0.16124,42,14
2020-04-06 04:31:05,-119.86138,0.16124,40,14
2020-04-06 04:31:10,-119.86138,0.16124,38,14
2020-04-06 04:31:15,-119.86138,0.16124,43,14
2020-04-06 04:31:20,-119.86138,0.16124,40,14
2020-04-06 04:31:25,-119.86138,0.16124,42,14
2020-04-06 04:31:30,-119.86138,0.16124,41,14
2020-04-06 04:31:35,-119.86138,0.16124,44,14
2020-04-06 04:31:40,-119.86138,0.16124,45,14
2020-04-06 04:31:45,-119.86138,0.16124,41,14
2020-04-06 04:31:50,-119.86138,0.16124,42,14
2020-04-06 04:31:55,-119.86138,0.16124,41,14
2020-04-06 04:32:00,-119.86138,0.16124,42,14
2020-04-06 04:32:05,-119.86138,0.16124,41,14
2020-04-06 04:32:10,-119.86138,0.16124,46,14
2020-04-06 04:32:15,-119.86138,0.16124,45,14
2020-04-06 04:32:20,-119.86138,0.16124,43,14
2020-04-06 04:32:25,-119.86138,0.16124,40,14
2020-04-06 04:32:30,-119.86138,0.16124,43,14
2020-04-06 04:32:35,-119.86138,0.16124,39,14
2020-04-06 04:32:40,-119.86138,0.16124,43,14
2020-04-06 04:32:45,-119.86138,0.16124,39,14
2020-04-06 04:32:50,-119.86138,0.16124,43,14
2020-04-06 04:32:55,-119.86138,0.16124,38,14
2020-04-06 04:33:00,-119.86138,0.16124,41,14
2020-04-06 04:33:05,-119.86138,0.16124,42,14
2020-04-06 04:33:10,-119.86138,0.16124,35,14
2020-04-06 04:33:15,-119.86138,0.16124,42,14
2020-04-06 04:33:20,-119.86138,0.16124,40,14
2020-04-06 04:33:25,-119.86138,0.16124,41,14
2020-04-06 04:33:30,-119.86138,0.16124,41,14
2020-04-06 04:33:35,-119.86138,0.16124,45,14
2020-04-06 04:33:40,-119.86138,0.16124,42,14
2020-04-06 04:33:45,-119.86138,0.16124,41,14
2020-04-06 04:33:50,-119.86138,0.16124,40,14
2020-04-06 04:33:55,-119.86138,0.16124,41,14
2020-04-06 04:34:00,-119.86138,0.16124,41,14
2020-04-06 04:34:05,-119.86138,0.16124,41,14
2020-04-06 04:34:10,-119.86138,0.16124,42,14
2020-04-06 04:34:15,-119.86138,0.16124,41,14
2020-04-06 04:34:20,-119.86138,0.16124,40,14
2020-04-06 04:34:25,-119.86138,0.16124,39,14
2020-04-06 04:34:30,-119.86138,0.16124,43,14
2020-04-06 04:34:35,-119.86138,0.16124,43,14
2020-04-06 04:34:40,-119.86138,0.16124,41,14
2020-04-06 04:34:45,-119.86138,0.16124,38,14
2020-04-06 04:34:50,-119.86138,0.16124,39,14
2020-04-06 04:34:55,-119.86138,0.16124,40,14
2020-04-06 04:35:00,-119.86138,0.16124,42,14
2020-04-06 04:35:05,-119.86138,0.16124,43,14
2020-04-06 04:35:10,-119.86138,0.16124,35,14
2020-04-06 04:35:15,-119.86138,0.16124,43,14
2020-04-06 04:35:20,-119.86138,0.16124,40,14
2020-04-06 04:35:25,-119.86138,0.16124,42,14
2020-04-06 04:35:30,-119.86138,0.16124,43,14
2020-04-06 04:35:35,-119.86138,0.16124,47,14
2020-04-06 04:35:40,-119.86138,0.16124,40,14
2020-04-06 04:35:45,-119.86138,0.16124,42,14
2020-04-06 04:35:50,-119.86138,0.16124,43,14
2020-04-06 04:35:55,-119.86138,0.16124,41,14
2020-04-06 04:36:00,-119.86138,0.16124,43,14
2020-04-06 04:36:05,-119.86138,0.16124,44,14
2020-04-06 04:36:10,-119.86138,0.16124,42,14
2020-04-06 04:36:15,-119.86138,0.16124,39,14
2020-04-06 04:36:20,-119.86138,0.16124,44,14
2020-04-06 04:36:25,-119.86138,0.16124,39,14
2020-04-06 04:36:30,-119.86138,0.16124,40,14
2020-04-06 04:36:35,-119.86138,0.16124,36,14
2020-04-06 04:36:40,-119.86138,0.16124,41,14
2020-04-06 04:36:45,-119.86138,0.16124,39,14
2020-04-06 04:36:50,-119.86138,0.16124,38,14
2020-04-06 04:36:55,-119.86138,0.16124,45,14
2020-04-06 04:37:00,-119.86138,0.16124,44,14
2020-04-06 04:37:05,-119.86138,0.16124,44,14
2020-04-06 04:37:10,-119.86138,0.16124,43,14
2020-04-06 04:37:15,-119.86138,0.16124,38,14
2020-04-06 04:37:20,-119.86138,0.16124,42,14
2020-04-06 04:37:25,-119.86138,0.16124,42,14
2020-04-06 04:37:30,-119.86138,0.16124,41,14
2020-04-06 04:37:35,-119.86138,0.16124,41,14
2020-04-06 04:37:40,-119.86138,0.16124,45,14
2020-04-06 04:37:45,-119.86138,0.16124,43,14
2020-04-06 04:37:50,-119.86138,0.16124,43,14
2020-04-06 04:37:55,-119.86138,0.16124,44,14
2020-04-06 04:38:00,-119.86138,0.16124,41,14
2020-04-06 04:38:05,-119.86138,0.16124,44,14
2020-04-06 04:38:10,-119.86138,0.16124,40,14
2020-04-06 04:38:15,-119.86138,0.16124,47,14
2020-04-06 04:38:20,-119.86138,0.16124,44,14
2020-04-06 04:38:25,-119.86138,0.16124,47,14
2020-04-06 04:38:30,-119.86138,0.16124,40,14
2020-04-06 04:38:35,-119.86138,0.16124,41,14
2020-04-06 04:38:40,-119.86138,0.16124,44,14
2020-04-06 04:38:45,-119.86138,0.16124,40,14
2020-04-06 04:38:50,-119.86138,0.16124,40,14
2020-04-06 04:38:55,-119.86138,0.16124,41,14
2020-04-06 04:39:00,-119.86138,0.16124,48,14
2020-04-06 04:39:05,-119.86138,0.16124,45,14
2020-04-06 04:39:10,-119.86138,0.16124,47,14
2020-04-06 04:39:15,-119.86138,0.16124,44,14
2020-04-06 04:39:20,-119.86138,0.16124,42,14
2020-04-06 04:39:25,-119.86138,0.16124,40,14
2020-04-06 04:39:30,-119.86138,0.16124,38,14
2020-04-06 04:39:35,-119.86138,0.16124,42,14
2020-04-06 04:39:40,-119.86138,0.16124,45,14
2020-04-06 04:39:45,-119.86138,0.16124,42,14
2020-04-06 04:39:50,-119.86138,0.16124,38,14
2020-04-06 04:39:55,-119.86138,0.16124,41,14
2020-04-06 04:40:00,-119.86138,0.16124,39,14
2020-04-06 04:40:05,-119.86138,0.16124,40,14
2020-04-06 04:40:10,-119.86138,0.16124,44,14
2020-04-06 04:40:15,-119.86138,0.16124,43,14
2020-04-06 04:40:20,-119.86138,0.16124,48,14
2020-04-06 04:40:25,-119.86138,0.16124,42,14
2020-04-06 04:40:30,-119.86138,0.16124,43,14
2020-04-06 04:40:35,-119.86138,0.16124,42,14
2020-04-06 04:40:40,-119.86138,0.16124,41,14
2020-04-06 04:40:45,-119.86138,0.16124,42,14
2020-04-06 04:40:50,-119.86138,0.16124,44,14
2020-04-06 04:40:55,-119.86138,0.16124,43,14
2020-04-06 04:41:00,-119.86138,0.16124,47,14
2020-04-06 04:41:05,-119.86138,0.16124,46,14
2020-04-06 04:41:10,-119.86138,0.16124,45,14
2020-04-06 04:41:15,-119.86138,0.16124,42,14
2020-04-06 04:41:20,-119.86138,0.16124,44,14
2020-04-06 04:41:25,-119.86138,0.16124,44,14
2020-04-06 04:41:30,-119.86138,0.16124,41,14
2020-04-06 04:41:35,-119.86138,0.16124,49,14
2020-04-06 04:41:40,-119.86138,0.16124,43,14
2020-04-06 04:41:45,-119.86138,0.16124,42,14
2020-04-06 04:41:50,-119.86138,0.16124,43,14
2020-04-06 04:41:55,-119.86138,0.16124,40,14
2020-04-06 04:42:00,-119.86138,0.16124,45,14
2020-04-06 04:42:05,-119.86138,0.16124,47,14
2020-04-06 04:42:10,-119.86138,0.16124,48,14
2020-04-06 04:42:15,-119.86138,0.16124,45,14
2020-04-06 04:42:20,-119.86138,0.16124,42,14
2020-04-06 04:42:25,-119.86138,0.16124,48,14
2020-04-06 04:42:30,-119.86138,0.16124,47,14
2020-04-06 04:42:35,-119.86138,0.16124,47,14
2020-04-06 04:42:40,-119.86138,0.16124,50,14
2020-04-06 04:42:45,-119.86138,0.16124,43,14
2020-04-06 04:42:50,-119.86138,0.16124,51,14
2020-04-06 04:42:55,-119.86138,0.16124,45,14
2020-04-06 04:43:00,-119.86138,0.16124,48,14
2020-04-06 04:43:05,-119.86138,0.16124,47,14
2020-04-06 04:43:10,-119.86138,0.16124,47,14
2020-04-06 04:43:15,-119.86138,0.16124,44,14
2020-04-06 04:43:20,-119.86138,0.16124,44,14
2020-04-06 04:43:25,-119.86138,0.16124,46,14
2020-04-06 04:43:30,-119.86138,0.16124,43,14
2020-04-06 04:43:35,-119.86138,0.16124,53,14
2020-04-06 04:43:40,-119.86138,0.16124,45,14
2020-04-06 04:43:45,-119.86138,0.16124,45,14
2020-04-06 04:43:50,-119.86138,0.16124,46,14
2020-04-06 04:43:55,-119.86138,0.16124,47,14
2020-04-06 04:44:00,-119.86138,0.16124,44,14
2020-04-06 04:44:05,-119.86138,0.16124,44,14
2020-04-06 04:44:10,-119.86138,0.16124,47,14
2020-04-06 04:44:15,-119.86138,0.16124,45,14
2020-04-06 04:44:20,-119.86138,0.16124,45,14
2020-04-06 04:44:25,-119.86138,0.16124,45,14
2020-04-06 04:44:30,-119.86138,0.16124,44,14
2020-04-06 04:44:35,-119.86138,0.16124,48,14
2020-04-06 04:44:40,-119.86138,0.16124,48,14
2020-04-06 04:44:45,-119.86138,0.16124,44,14
2020-04-06 04:44:50,-119.86138,0.16124,39,14
2020-04-06 04:44:55,-119.86138,0.16124,44,14
2020-04-06 04:45:00,-119.86138,0.16124,49,14
2020-04-06 04:45:05,-119.86138,0.16124,46,14
2020-04-06 04:45:10,-119.86138,0.16124,43,14
2020-04-06 04:45:15,-119.86138,0.16124,50,14
2020-04-06 04:45:20,-119.86138,0.16124,40,14
2020-04-06 04:45:25,-119.86138,0.16124,44,14
2020-04-06 04:45:30,-119.86138,0.16124,47,14
2020-04-06 04:45:35,-119.86138,0.16124,43,14
2020-04-06 04:45:40,-119.86138,0.16124,46,14
2020-04-06 04:45:45,-119.86138,0.16124,49,14
2020-04-06 04:45:50,-119.86138,0.16124,49,14
2020-04-06 04:45:55,-119.86138,0.16124,44,14
2020-04-06 04:46:00,-119.86138,0.16124,48,14
2020-04-06 04:46:05,-119.86138,0.16124,45,14
2020-04-06 04:46:10,-119.86138,0.16124,47,14
2020-04-06 04:46:15,-119.86138,0.16124,44,14
2020-04-06 04:46:20,-119.86138,0.16124,45,14
2020-04-06 04:46:25,-119.86138,0.16124,41,14
2020-04-06 04:46:30,-119.86138,0.16124,49,14
2020-04-06 04:46:35,-119.86138,0.16124,45,14
2020-04-06 04:46:40,-119.86138,0.16124,44,14
2020-04-06 04:46:45,-119.86138,0.16124,44,14
2020-04-06 04:46:50,-119.86138,0.16124,48,14
2020-04-06 04:46:55,-119.86138,0.16124,50,14
2020-04-06 04:47:00,-119.86138,0.16124,46,14
2020-04-06 04:47:05,-119.86138,0.16124,49,14
2020-04-06 04:47:10,-119.86138,0.16124,49,14
2020-04-06 04:47:15,-119.86138,0.16124,45,14
2020-04-06 04:47:20,-119.86138,0.16124,43,14
2020-04-06 04:47:25,-119.86138,0.16124,46,14
2020-04-06 04:47:30,-119.86138,0.16124,46,14
2020-04-06 04:47:35,-119.86138,0.16124,49,14
2020-04-06 04:47:40,-119.86138,0.16124,45,14
2020-04-06 04:47:45,-119.86138,0.16124,43,14
2020-04-06 04:47:50,-119.86138,0.16124,42,14
2020-04-06 04:47:55,-119.86138,0.16124,47,14
2020-04-06 04:48:00,-119.86138,0.16124,47,14
2020-04-06 04:48:05,-119.86138,0.16124,48,14
2020-04-06 04:48:10,-119.86138,0.16124,45,14
2020-04-06 04:48:15,-119.86138,0.16124,46,14
2020-04-06 04:48:20,-119.86138,0.16124,46,14
2020-04-06 04:48:25,-119.86138,0.16124,46,14
2020-04-06 04:48:30,-119.86138,0.16124,42,14
2020-04-06 04:48:35,-119.86138,0.16124,49,14
2020-04-06 04:48:40,-119.86138,0.16124,48,14
2020-04-06 04:48:45,-119.86138,0.16124,47,14
2020-04-06 04:48:50,-119.86138,0.16124,49,14
2020-04-06 04:48:55,-119.86138,0.16124,49,14
2020-04-06 04:49:00,-119.86138,0.16124,48,14
2020-04-06 04:49:05,-119.86138,0.16124,50,14
2020-04-06 04:49:10,-119.86138,0.16124,47,14
2020-04-06 04:49:15,-119.86138,0.16124,51,14
2020-04-06 04:49:20,-119.86138,0.16124,44,14
2020-04-06 04:49:25,-119.86138,0.16124,45,14
2020-04-06 04:49:30,-119.86138,0.16124,40,14
2020-04-06 04:49:35,-119.86138,0.16124,39,14
2020-04-06 04:49:40,-119.86138,0.16124,47,14
2020-04-06 04:49:45,-119.86138,0.16124,40,14
2020-04-06 04:49:50,-119.86138,0.16124,40,14
2020-04-06 04:49:55,-119.86138,0.16124,47,14
2020-04-06 04:50:00,-119.86138,0.16124,47,14
2020-04-06 04:50:05,-119.86138,0.16124,46,14
2020-04-06 04:50:10,-119.86138,0.16124,42,14
2020-04-06 04:50:15,-119.86138,0.16124,40,14
2020-04-06 04:50:20,-119.86138,0.16124,41,14
2020-04-06 04:50:25,-119.86138,0.16124,43,14
2020-04-06 04:50:30,-119.86138,0.16124,47,14
2020-04-06 04:50:35,-119.86138,0.16124,54,14
2020-04-06 04:50:40,-119.86138,0.16124,46,14
2020-04-06 04:50:45,-119.86138,0.16124,52,14
2020-04-06 04:50:50,-119.86138,0.16124,42,14
2020-04-06 04:50:55,-119.86138,0.16124,39,14
2020-04-06 04:51:00,-119.86138,0.16124,45,14
2020-04-06 04:51:05,-119.86138,0.16124,43,14
2020-04-06 04:51:10,-119.86138,0.16124,43,14
2020-04-06 04:51:15,-119.86138,0.16124,37,14
2020-04-06 04:51:20,-119.86138,0.16124,40,14
2020-04-06 04:51:25,-119.86138,0.16124,45,14
2020-04-06 04:51:30,-119.86138,0.16124,39,14
2020-04-06 04:51:35,-119.86138,0.16124,36,14
2020-04-06 04:51:40,-119.86138,0.16124,40,14
2020-04-06 04:51:45,-119.86138,0.16124,44,14
2020-04-06 04:51:50,-119.86138,0.16124,46,14
2020-04-06 04:51:55,-119.86138,0.16124,42,14
2020-04-06 04:52:00,-119.86138,0.16124,42,14
2020-04-06 04:52:05,-119.86138,0.16124,40,14
2020-04-06 04:52:10,-119.86138,0.16124,43,14
2020-04-06 04:52:15,-119.86138,0.16124,46,14
2020-04-06 04:52:20,-119.86138,0.16124,39,14
2020-04-06 04:52:25,-119.86138,0.16124,42,14
2020-04-06 04:52:30,-119.86138,0.16124,43,14
2020-04-06 04:52:35,-119.86138,0.16124,41,14
2020-04-06 04:52:40,-119.86138,0.16124,41,14
2020-04-06 04:52:45,-119.86138,0.16124,42,14
2020-04-06 04:52:50,-119.86138,0.16124,43,14
2020-04-06 04:52:55,-119.86138,0.16124,42,14
2020-04-06 04:53:00,-119.86138,0.16124,44,14
2020-04-06 04:53:05,-119.86138,0.16124,42,14
2020-04-06 04:53:10,-119.86138,0.16124,40,14
2020-04-06 04:53:15,-119.86138,0.16124,51,14
2020-04-06 04:53:20,-119.86138,0.16124,44,14
2020-04-06 04:53:25,-119.86138,0.16124,44,14
2020-04-06 04:53:30,-119.86138,0.16124,40,14
2020-04-06 04:53:35,-119.86138,0.16124,42,14
2020-04-06 04:53:40,-119.86138,0.16124,46,14
2020-04-06 04:53:45,-119.86138,0.16124,42,14
2020-04-06 04:53:50,-119.86138,0.16124,41,14
2020-04-06 04:53:55,-119.86138,0.16124,36,14
2020-04-06 04:54:00,-119.86138,0.16124,36,14
2020-04-06 04:54:05,-119.86138,0.16124,42,14
2020-04-06 04:54:10,-119.86138,0.16124,38,14
2020-04-06 04:54:15,-119.86138,0.16124,44,14
2020-04-06 04:54:20,-119.86138,0.16124,47,14
2020-04-06 04:54:25,-119.86138,0.16124,38,14
2020-04-06 04:54:30,-119.86138,0.16124,42,14
2020-04-06 04:54:35,-119.86138,0.16124,45,14
2020-04-06 04:54:40,-119.86138,0.16124,46,14
2020-04-06 04:54:45,-119.86138,0.16124,45,14
2020-04-06 04:54:50,-119.86138,0.16124,42,14
2020-04-06 04:54:55,-119.86138,0.16124,44,14
2020-04-06 04:55:00,-119.86138,0.16124,41,14
2020-04-06 04:55:05,-119.86138,0.16124,39,14
2020-04-06 04:55:10,-119.86138,0.16124,41,14
2020-04-06 04:55:15,-119.86138,0.16124,42,14
2020-04-06 04:55:20,-119.86138,0.16124,38,14
2020-04-06 04:55:25,-119.86138,0.16124,41,14
2020-04-06 04:55:30,-119.86138,0.16124,42,14
2020-04-06 04:55:35,-119.86138,0.16124,43,14
2020-04-06 04:55:40,-119.86138,0.16124,40,14
2020-04-06 04:55:45,-119.86138,0.16124,39,14
2020-04-06 04:55:50,-119.86138,0.16124,42,14
2020-04-06 04:55:55,-119.86138,0.16124,39,14
2020-04-06 04:56:00,-119.86138,0.16124,42,14
2020-04-06 04:56:05,-119.86138,0.16124,48,14
2020-04-06 04:56:10,-119.86138,0.16124,44,14
2020-04-06 04:56:15,-119.86138,0.16124,44,14
2020-04-06 04:56:20,-119.86138,0.16124,39,14
2020-04-06 04:56:25,-119.86138,0.16124,42,14
2020-04-06 04:56:30,-119.86138,0.16124,45,14
2020-04-06 04:56:35,-119.86138,0.16124,40,14
2020-04-06 04:56:40,-119.86138,0.16124,39,14
2020-04-06 04:56:45,-119.86138,0.16124,41,14
2020-04-06 04:56:50,-119.86138,0.16124,40,14
2020-04-06 04:56:55,-119.86138,0.16124,41,14
2020-04-06 04:57:00,-119.86138,0.16124,34,14
2020-04-06 04:57:05,-119.86138,0.16124,44,14
2020-04-06 04:57:10,-119.86138,0.16124,42,14
2020-04-06 04:57:15,-119.86138,0.16124,46,14
2020-04-06 04:57:20,-119.86138,0.16124,42,14
2020-04-06 04:57:25,-119.86138,0.16124,40,14
2020-04-06 04:57:30,-119.86138,0.16124,39,14
2020-04-06 04:57:35,-119.86138,0.16124,42,14
2020-04-06 04:57:40,-119.86138,0.16124,38,14
2020-04-06 04:57:45,-119.86138,0.16124,43,14
2020-04-06 04:57:50,-119.86138,0.16124,42,14
2020-04-06 04:57:55,-119.86138,0.16124,38,14
2020-04-06 04:58:00,-119.86138,0.16124,45,14
2020-04-06 04:58:05,-119.86138,0.16124,43,14
2020-04-06 04:58:10,-119.86138,0.16124,42,14
2020-04-06 04:58:15,-119.86138,0.16124,40,14
2020-04-06 04:58:20,-119.86138,0.16124,39,14
2020-04-06 04:58:25,-119.86138,0.16124,35,14
2020-04-06 04:58:30,-119.86138,0.16124,37,14
2020-04-06 04:58:35,-119.86138,0.16124,41,14
2020-04-06 04:58:40,-119.86138,0.16124,38,14
2020-04-06 04:58:45,-119.86138,0.16124,39,14
2020-04-06 04:58:50,-119.86138,0.16124,46,14
2020-04-06 04:58:55,-119.86138,0.16124,44,14
2020-04-06 04:59:00,-119.86138,0.16124,46,14
2020-04-06 04:59:05,-119.86138,0.16124,43,14
2020-04-06 04:59:10,-119.86138,0.16124,42,14
2020-04-06 04:59:15,-119.86138,0.16124,38,14
2020-04-06 04:59:20,-119.86138,0.16124,41,14
2020-04-06 04:59:25,-119.86138,0.16124,44,14
2020-04-06 04:59:30,-119.86138,0.16124,40,14
2020-04-06 04:59:35,-119.86138,0.16124,46,14
2020-04-06 04:59:40,-119.86138,0.16124,39,14
2020-04-06 04:59:45,-119.86138,0.16124,41,14
2020-04-06 04:59:50,-119.86138,0.16124,40,14
2020-04-06 04:59:55,-119.86138,0.16124,40,14
2020-04-06 05:00:00,-119.86138,0.16124,39,14
2020-04-06 05:00:05,-119.86138,0.16124,39,14
2020-04-06 05:00:10,-119.86138,0.16124,39,14
2020-04-06 05:00:15,-119.86138,0.16124,45,14
2020-04-06 05:00:20,-119.86138,0.16124,35,14
2020-04-06 05:00:25,-119.86138,0.16124,45,14
2020-04-06 05:00:30,-119.86138,0.16124,49,14
2020-04-06 05:00:35,-119.86138,0.16124,48,14
2020-04-06 05:00:40,-119.86138,0.16124,40,14
2020-04-06 05:00:45,-119.86138,0.16124,35,14
2020-04-06 05:00:50,-119.86138,0.16124,44,14
2020-04-06 05:00:55,-119.86138,0.16124,44,14
2020-04-06 05:01:00,-119.86138,0.16124,39,14
2020-04-06 05:01:05,-119.86138,0.16124,47,14
2020-04-06 05:01:10,-119.86138,0.16124,46,14
2020-04-06 05:01:15,-119.86138,0.16124,40,14
2020-04-06 05:01:20,-119.86138,0.16124,44,14
2020-04-06 05:01:25,-119.86138,0.16124,43,14
2020-04-06 05:01:30,-119.86138,0.16124,40,14
2020-04-06 05:01:35,-119.86138,0.16124,39,14
2020-04-06 05:01:40,-119.86138,0.16124,36,14
2020-04-06 05:01:45,-119.86138,0.16124,39,14
2020-04-06 05:01:50,-119.86138,0.16124,40,14
2020-04-06 05:01:55,-119.86138,0.16124,38,14
2020-04-06 05:02:00,-119.86138,0.16124,44,14
2020-04-06 05:02:05,-119.86138,0.16124,38,14
2020-04-06 05:02:10,-119.86138,0.16124,40,14
2020-04-06 05:02:15,-119.86138,0.16124,40,14
2020-04-06 05:02:20,-119.86138,0.16124,44,14
2020-04-06 05:02:25,-119.86138,0.16124,42,14
2020-04-06 05:02:30,-119.86138,0.16124,40,14
2020-04-06 05:02:35,-119.86138,0.16124,45,14
2020-04-06 05:02:40,-119.86138,0.16124,36,14
2020-04-06 05:02:45,-119.86138,0.16124,47,14
2020-04-06 05:02:50,-119.86138,0.16124,41,14
2020-04-06 05:02:55,-119.86138,0.16124,38,14
2020-04-06 05:03:00,-119.86138,0.16124,39,14
2020-04-06 05:03:05,-119.86138,0.16124,38,14
2020-04-06 05:03:10,-119.86138,0.16124,41,14
2020-04-06 05:03:15,-119.86138,0.16124,42,14
2020-04-06 05:03:20,-119.86138,0.16124,48,14
2020-04-06 05:03:25,-119.86138,0.16124,43,14
2020-04-06 05:03:30,-119.86138,0.16124,44,14
2020-04-06 05:03:35,-119.86138,0.16124,41,14
2020-04-06 05:03:40,-119.86138,0.16124,43,14
2020-04-06 05:03:45,-119.86138,0.16124,42,14
2020-04-06 05:03:50,-119.86138,0.16124,39,14
2020-04-06 05:03:55,-119.86138,0.16124,40,14
2020-04-06 05:04:00,-119.86138,0.16124,44,14
2020-04-06 05:04:05,-119.86138,0.16124,44,14
2020-04-06 05:04:10,-119.86138,0.16124,41,14
2020-04-06 05:04:15,-119.86138,0.16124,43,14
2020-04-06 05:04:20,-119.86138,0.16124,44,14
2020-04-06 05:04:25,-119.86138,0.16124,40,14
2020-04-06 05:04:30,-119.86138,0.16124,40,14
2020-04-06 05:04:35,-119.86138,0.16124,43,14
2020-04-06 05:04:40,-119.86138,0.16124,48,14
2020-04-06 05:04:45,-119.86138,0.16124,42,14
2020-04-06 05:04:50,-119.86138,0.16124,41,14
2020-04-06 05:04:55,-119.86138,0.16124,41,14
2020-04-06 05:05:00,-119.86138,0.16124,41,14
2020-04-06 05:05:05,-119.86138,0.16124,42,14
2020-04-06 05:05:10,-119.86138,0.16124,44,14
2020-04-06 05:05:15,-119.86138,0.16124,45,14
2020-04-06 05:05:20,-119.86138,0.16124,39,14
2020-04-06 05:05:25,-119.86138,0.16124,43,14
2020-04-06 05:05:30,-119.86138,0.16124,40,14
2020-04-06 05:05:35,-119.86138,0.16124,39,14
2020-04-06 05:05:40,-119.86138,0.16124,43,14
2020-04-06 05:05:45,-119.86138,0.16124,42,14
2020-04-06 05:05:50,-119.86138,0.16124,41,14
2020-04-06 05:05:55,-119.86138,0.16124,42,14
2020-04-06 05:06:00,-119.86138,0.16124,38,14
2020-04-06 05:06:05,-119.86138,0.16124,41,14
2020-04-06 05:06:10,-119.86138,0.16124,46,14
2020-04-06 05:06:15,-119.86138,0.16124,37,14
2020-04-06 05:06:20,-119.86138,0.16124,35,14
2020-04-06 05:06:25,-119.86138,0.16124,40,14
2020-04-06 05:06:30,-119.86138,0.16124,41,14
2020-04-06 05:06:35,-119.86138,0.16124,45,14
2020-04-06 05:06:40,-119.86138,0.16124,48,14
2020-04-06 05:06:45,-119.86138,0.16124,42,14
2020-04-06 05:06:50,-119.86138,0.16124,39,14
2020-04-06 05:06:55,-119.86138,0.16124,40,14
2020-04-06 05:07:00,-119.86138,0.16124,36,14
2020-04-06 05:07:05,-119.86138,0.16124,46,14
2020-04-06 05:07:10,-119.86138,0.16124,44,14
2020-04-06 05:07:15,-119.86138,0.16124,39,14
2020-04-06 05:07:20,-119.86138,0.16124,36,14
2020-04-06 05:07:25,-119.86138,0.16124,41,14
2020-04-06 05:07:30,-119.86138,0.16124,42,14
2020-04-06 05:07:35,-119.86138,0.16124,34,14
2020-04-06 05:07:40,-119.86138,0.16124,39,14
2020-04-06 05:07:45,-119.86138,0.16124,39,14
2020-04-06 05:07:50,-119.86138,0.16124,44,14
2020-04-06 05:07:55,-119.86138,0.16124,42,14
2020-04-06 05:08:00,-119.86138,0.16124,39,14
2020-04-06 05:08:05,-119.86138,0.16124,42,14
2020-04-06 05:08:10,-119.86138,0.16124,38,14
2020-04-06 05:08:15,-119.86138,0.16124,41,14
2020-04-06 05:08:20,-119.86138,0.16124,33,14
2020-04-06 05:08:25,-119.86138,0.16124,37,14
2020-04-06 05:08:30,-119.86138,0.16124,37,14
2020-04-06 05:08:35,-119.86138,0.16124,45,14
2020-04-06 05:08:40,-119.86138,0.16124,36,14
2020-04-06 05:08:45,-119.86138,0.16124,43,14
2020-04-06 05:08:50,-119.86138,0.16124,40,14
2020-04-06 05:08:55,-119.86138,0.16124,39,14
2020-04-06 05:09:00,-119.86138,0.16124,38,14
2020-04-06 05:09:05,-119.86138,0.16124,40,14
2020-04-06 05:09:10,-119.86138,0.16124,40,14
2020-04-06 05:09:15,-119.86138,0.16124,40,14
2020-04-06 05:09:20,-119.86138,0.16124,44,14
2020-04-06 05:09:25,-119.86138,0.16124,40,14
2020-04-06 05:09:30,-119.86138,0.16124,38,14
2020-04-06 05:09:35,-119.86138,0.16124,40,14
2020-04-06 05:09:40,-119.86138,0.16124,41,14
2020-04-06 05:09:45,-119.86138,0.16124,39,14
2020-04-06 05:09:50,-119.86138,0.16124,42,14
2020-04-06 05:09:55,-119.86138,0.16124,36,14
2020-04-06 05:10:00,-119.86138,0.16124,38,14
2020-04-06 05:10:05,-119.86138,0.16124,47,14
2020-04-06 05:10:10,-119.86138,0.16124,42,14
2020-04-06 05:10:15,-119.86138,0.16124,40,14
2020-04-06 05:10:20,-119.86138,0.16124,43,14
2020-04-06 05:10:25,-119.86138,0.16124,39,14
2020-04-06 05:10:30,-119.86138,0.16124,43,14
2020-04-06 05:10:35,-119.86138,0.16124,41,14
2020-04-06 05:10:40,-119.86138,0.16124,41,14
2020-04-06 05:10:45,-119.86138,0.16124,39,14
2020-04-06 05:10:50,-119.86138,0.16124,42,14
2020-04-06 05:10:55,-119.86138,0.16124,44,14
2020-04-06 05:11:00,-119.86138,0.16124,39,14
2020-04-06 05:11:05,-119.86138,0.16124,41,14
2020-04-06 05:11:10,-119.86138,0.16124,38,14
2020-04-06 05:11:15,-119.86138,0.16124,41,14
2020-04-06 05:11:20,-119.86138,0.16124,45,14
2020-04-06 05:11:25,-119.86138,0.16124,46,14
2020-04-06 05:11:30,-119.86138,0.16124,43,14
2020-04-06 05:11:35,-119.86138,0.16124,43,14
2020-04-06 05:11:40,-119.86138,0.16124,37,14
2020-04-06 05:11:45,-119.86138,0.16124,37,14
2020-04-06 05:11:50,-119.86138,0.16124,40,14
2020-04-06 05:11:55,-119.86138,0.16124,43,14
2020-04-06 05:12:00,-119.86138,0.16124,39,14
2020-04-06 05:12:05,-119.86138,0.16124,42,14
2020-04-06 05:12:10,-119.86138,0.16124,37,14
2020-04-06 05:12:15,-119.86138,0.16124,43,14
2020-04-06 05:12:20,-119.86138,0.16124,34,14
2020-04-06 05:12:25,-119.86138,0.16124,41,14
2020-04-06 05:12:30,-119.86138,0.16124,38,14
2020-04-06 05:12:35,-119.86138,0.16124,44,14
2020-04-06 05:12:40,-119.86138,0.16124,44,14
2020-04-06 05:12:45,-119.86138,0.16124,44,14
2020-04-06 05:12:50,-119.86138,0.16124,43,14
2020-04-06 05:12:55,-119.86138,0.16124,46,14
2020-04-06 05:13:00,-119.86138,0.16124,37,14
2020-04-06 05:13:05,-119.86138,0.16124,45,14
2020-04-06 05:13:10,-119.86138,0.16124,40,14
2020-04-06 05:13:15,-119.86138,0.16124,42,14
2020-04-06 05:13:20,-119.86138,0.16124,39,14
2020-04-06 05:13:25,-119.86138,0.16124,39,14
2020-04-06 05:13:30,-119.86138,0.16124,45,14
2020-04-06 05:13:35,-119.86138,0.16124,41,14
2020-04-06 05:13:40,-119.86138,0.16124,43,14
2020-04-06 05:13:45,-119.86138,0.16124,43,14
2020-04-06 05:13:50,-119.86138,0.16124,42,14
2020-04-06 05:13:55,-119.86138,0.16124,43,14
2020-04-06 05:14:00,-119.86138,0.16124,40,14
2020-04-06 05:14:05,-119.86138,0.16124,44,14
2020-04-06 05:14:10,-119.86138,0.16124,39,14
2020-04-06 05:14:15,-119.86138,0.16124,42,14
2020-04-06 05:14:20,-119.86138,0.16124,46,14
2020-04-06 05:14:25,-119.86138,0.16124,46,14
2020-04-06 05:14:30,-119.86138,0.16124,43,14
2020-04-06 05:14:35,-119.86138,0.16124,40,14
2020-04-06 05:14:40,-119.86138,0.16124,41,14
2020-04-06 05:14:45,-119.86138,0.16124,41,14
2020-04-06 05:14:50,-119.86138,0.16124,43,14
2020-04-06 05:14:55,-119.86138,0.16124,39,14
2020-04-06 05:15:00,-119.86138,0.16124,43,14
2020-04-06 05:15:05,-119.86138,0.16124,43,14
2020-04-06 05:15:10,-119.86138,0.16124,41,14
2020-04-06 05:15:15,-119.86138,0.16124,42,14
2020-04-06 05:15:20,-119.86138,0.16124,43,14
2020-04-06 05:15:25,-119.86138,0.16124,42,14
2020-04-06 05:15:30,-119.86138,0.16124,40,14
2020-04-06 05:15:35,-119.86138,0.16124,45,14
2020-04-06 05:15:40,-119.86138,0.16124,45,14
2020-04-06 05:15:45,-119.86138,0.16124,44,14
2020-04-06 05:15:50,-119.86138,0.16124,42,14
2020-04-06 05:15:55,-119.86138,0.16124,42,14
2020-04-06 05:16:00,-119.86138,0.16124,37,14
2020-04-06 05:16:05,-119.86138,0.16124,40,14
2020-04-06 05:16:10,-119.86138,0.16124,46,14
2020-04-06 05:16:15,-119.86138,0.16124,43,14
2020-04-06 05:16:20,-119.86138,0.16124,44,14
2020-04-06 05:16:25,-119.86138,0.16124,39,14
2020-04-06 05:16:30,-119.86138,0.16124,43,14
2020-04-06 05:16:35,-119.86138,0.16124,39,14
2020-04-06 05:16:40,-119.86138,0.16124,43,14
2020-04-06 05:16:45,-119.86138,0.16124,41,14
2020-04-06 05:16:50,-119.86138,0.16124,42,14
2020-04-06 05:16:55,-119.86138,0.16124,46,14
2020-04-06 05:17:00,-119.86138,0.16124,41,14
2020-04-06 05:17:05,-119.86138,0.16124,41,14
2020-04-06 05:17:10,-119.86138,0.16124,42,14
2020-04-06 05:17:15,-119.86138,0.16124,48,14
2020-04-06 05:17:20,-119.86138,0.16124,41,14
2020-04-06 05:17:25,-119.86138,0.16124,38,14
2020-04-06 05:17:30,-119.86138,0.16124,44,14
2020-04-06 05:17:35,-119.86138,0.16124,46,14
2020-04-06 05:17:40,-119.86138,0.16124,38,14
2020-04-06 05:17:45,-119.86138,0.16124,43,14
2020-04-06 05:17:50,-119.86138,0.16124,40,14
2020-04-06 05:17:55,-119.86138,0.16124,45,14
2020-04-06 05:18:00,-119.86138,0.16124,40,14
2020-04-06 05:18:05,-119.86138,0.16124,42,14
2020-04-06 05:18:10,-119.86138,0.16124,37,14
2020-04-06 05:18:15,-119.86138,0.16124,40,14
2020-04-06 05:18:20,-119.86138,0.16124,42,14
2020-04-06 05:18:25,-119.86138,0.16124,39,14
2020-04-06 05:18:30,-119.86138,0.16124,45,14
2020-04-06 05:18:35,-119.86138,0.16124,44,14
2020-04-06 05:18:40,-119.86138,0.16124,36,14
2020-04-06 05:18:45,-119.86138,0.16124,45,14
2020-04-06 05:18:50,-119.86138,0.16124,41,14
2020-04-06 05:18:55,-119.86138,0.16124,42,14
2020-04-06 05:19:00,-119.86138,0.16124,41,14
2020-04-06 05:19:05,-119.86138,0.16124,44,14
2020-04-06 05:19:10,-119.86138,0.16124,40,14
2020-04-06 05:19:15,-119.86138,0.16124,42,14
2020-04-06 05:19:20,-119.86138,0.16124,41,14
2020-04-06 05:19:25,-119.86138,0.16124,42,14
2020-04-06 05:19:30,-119.86138,0.16124,42,14
2020-04-06 05:19:35,-119.86138,0.16124,43,14
2020-04-06 05:19:40,-119.86138,0.16124,42,14
2020-04-06 05:19:45,-119.86138,0.16124,41,14
2020-04-06 05:19:50,-119.86138,0.16124,44,14
2020-04-06 05:19:55,-119.86138,0.16124,38,14
2020-04-06 05:20:00,-119.86138,0.16124,37,14
2020-04-06 05:20:05,-119.86138,0.16124,39,14
2020-04-06 05:20:10,-119.86138,0.16124,42,14
2020-04-06 05:20:15,-119.86138,0.16124,41,14
2020-04-06 05:20:20,-119.86138,0.16124,46,14
2020-04-06 05:20:25,-119.86138,0.16124,42,14
2020-04-06 05:20:30,-119.86138,0.16124,43,14
2020-04-06 05:20:35,-119.86138,0.16124,41,14
2020-04-06 05:20:40,-119.86138,0.16124,45,14
2020-04-06 05:20:45,-119.86138,0.16124,39,14
2020-04-06 05:20:50,-119.86138,0.16124,39,14
2020-04-06 05:20:55,-119.86138,0.16124,41,14
2020-04-06 05:21:00,-119.86138,0.16124,40,14
2020-04-06 05:21:05,-119.86138,0.16124,42,14
2020-04-06 05:21:10,-119.86138,0.16124,41,14
2020-04-06 05:21:15,-119.86138,0.16124,40,14
2020-04-06 05:21:20,-119.86138,0.16124,41,14
2020-04-06 05:21:25,-119.86138,0.16124,41,14
2020-04-06 05:21:30,-119.86138,0.16124,42,14
2020-04-06 05:21:35,-119.86138,0.16124,36,14
2020-04-06 05:21:40,-119.86138,0.16124,41,14
2020-04-06 05:21:45,-119.86138,0.16124,46,14
2020-04-06 05:21:50,-119.86138,0.16124,36,14
2020-04-06 05:21:55,-119.86138,0.16124,42,14
2020-04-06 05:22:00,-119.86138,0.16124,41,14
2020-04-06 05:22:05,-119.86138,0.16124,45,14
2020-04-06 05:22:10,-119.86138,0.16124,41,14
2020-04-06 05:22:15,-119.86138,0.16124,42,14
2020-04-06 05:22:20,-119.86138,0.16124,41,14
2020-04-06 05:22:25,-119.86138,0.16124,40,14
2020-04-06 05:22:30,-119.86138,0.16124,37,14
2020-04-06 05:22:35,-119.86138,0.16124,39,14
2020-04-06 05:22:40,-119.86138,0.16124,41,14
2020-04-06 05:22:45,-119.86138,0.16124,42,14
2020-04-06 05:22:50,-119.86138,0.16124,49,14
2020-04-06 05:22:55,-119.86138,0.16124,47,14
2020-04-06 05:23:00,-119.86138,0.16124,42,14
2020-04-06 05:23:05,-119.86138,0.16124,40,14
2020-04-06 05:23:10,-119.86138,0.16124,43,14
2020-04-06 05:23:15,-119.86138,0.16124,39,14
2020-04-06 05:23:20,-119.86138,0.16124,41,14
2020-04-06 05:23:25,-119.86138,0.16124,41,14
2020-04-06 05:23:30,-119.86138,0.16124,38,14
2020-04-06 05:23:35,-119.86138,0.16124,41,14
2020-04-06 05:23:40,-119.86138,0.16124,44,14
2020-04-06 05:23:45,-119.86138,0.16124,45,14
2020-04-06 05:23:50,-119.86138,0.16124,43,14
2020-04-06 05:23:55,-119.86138,0.16124,46,14
2020-04-06 05:24:00,-119.86138,0.16124,42,14
2020-04-06 05:24:05,-119.86138,0.16124,37,14
2020-04-06 05:24:10,-119.86138,0.16124,45,14
2020-04-06 05:24:15,-119.86138,0.16124,48,14
2020-04-06 05:24:20,-119.86138,0.16124,43,14
2020-04-06 05:24:25,-119.86138,0.16124,41,14
2020-04-06 05:24:30,-119.86138,0.16124,40,14
2020-04-06 05:24:35,-119.86138,0.16124,40,14
2020-04-06 05:24:40,-119.86138,0.16124,44,14
2020-04-06 05:24:45,-119.86138,0.16124,41,14
2020-04-06 05:24:50,-119.86138,0.16124,40,14
2020-04-06 05:24:55,-119.86138,0.16124,43,14
2020-04-06 05:25:00,-119.86138,0.16124,45,14
2020-04-06 05:25:05,-119.86138,0.16124,42,14
2020-04-06 05:25:10,-119.86138,0.16124,43,14
2020-04-06 05:25:15,-119.86138,0.16124,45,14
2020-04-06 05:25:20,-119.86138,0.16124,38,14
2020-04-06 05:25:25,-119.86138,0.16124,37,14
2020-04-06 05:25:30,-119.86138,0.16124,44,14
2020-04-06 05:25:35,-119.86138,0.16124,49,14
2020-04-06 05:25:40,-119.86138,0.16124,38,14
2020-04-06 05:25:45,-119.86138,0.16124,37,14
2020-04-06 05:25:50,-119.86138,0.16124,43,14
2020-04-06 05:25:55,-119.86138,0.16124,47,14
2020-04-06 05:26:00,-119.86138,0.16124,44,14
2020-04-06 05:26:05,-119.86138,0.16124,37,14
2020-04-06 05:26:10,-119.86138,0.16124,42,14
2020-04-06 05:26:15,-119.86138,0.16124,40,14
2020-04-06 05:26:20,-119.86138,0.16124,42,14
2020-04-06 05:26:25,-119.86138,0.16124,52,14
2020-04-06 05:26:30,-119.86138,0.16124,43,14
2020-04-06 05:26:35,-119.86138,0.16124,40,14
2020-04-06 05:26:40,-119.86138,0.16124,43,14
2020-04-06 05:26:45,-119.86138,0.16124,40,14
2020-04-06 05:26:50,-119.86138,0.16124,36,14
2020-04-06 05:26:55,-119.86138,0.16124,41,14
2020-04-06 05:27:00,-119.86138,0.16124,41,14
2020-04-06 05:27:05,-119.86138,0.16124,43,14
2020-04-06 05:27:10,-119.86138,0.16124,39,14
2020-04-06 05:27:15,-119.86138,0.16124,38,14
2020-04-06 05:27:20,-119.86138,0.16124,37,14
2020-04-06 05:27:25,-119.86138,0.16124,42,14
2020-04-06 05:27:30,-119.86138,0.16124,37,14
2020-04-06 05:27:35,-119.86138,0.16124,39,14
2020-04-06 05:27:40,-119.86138,0.16124,41,14
2020-04-06 05:27:45,-119.86138,0.16124,41,14
2020-04-06 05:27:50,-119.86138,0.16124,37,14
2020-04-06 05:27:55,-119.86138,0.16124,38,14
2020-04-06 05:28:00,-119.86138,0.16124,43,14
2020-04-06 05:28:05,-119.86138,0.16124,40,14
2020-04-06 05:28:10,-119.86138,0.16124,44,14
2020-04-06 05:28:15,-119.86138,0.16124,42,14
2020-04-06 05:28:20,-119.86138,0.16124,37,14
2020-04-06 05:28:25,-119.86138,0.16124,42,14
2020-04-06 05:28:30,-119.86138,0.16124,41,14
2020-04-06 05:28:35,-119.86138,0.16124,41,14
2020-04-06 05:28:40,-119.86138,0.16124,44,14
2020-04-06 05:28:45,-119.86138,0.16124,42,14
2020-04-06 05:28:50,-119.86138,0.16124,41,14
2020-04-06 05:28:55,-119.86138,0.16124,40,14
2020-04-06 05:29:00,-119.86138,0.16124,38,14
2020-04-06 05:29:05,-119.86138,0.16124,36,14
2020-04-06 05:29:10,-119.86138,0.16124,39,14
2020-04-06 05:29:15,-119.86138,0.16124,48,14
2020-04-06 05:29:20,-119.86138,0.16124,41,14
2020-04-06 05:29:25,-119.86138,0.16124,45,14
2020-04-06 05:29:30,-119.86138,0.16124,43,14
2020-04-06 05:29:35,-119.86138,0.16124,41,14
2020-04-06 05:29:40,-119.86138,0.16124,38,14
2020-04-06 05:29:45,-119.86138,0.16124,44,14
2020-04-06 05:29:50,-119.86138,0.16124,39,14
2020-04-06 05:29:55,-119.86138,0.16124,40,14
2020-04-06 05:30:00,-119.86138,0.16124,38,14
2020-04-06 05:30:05,-119.86138,0.16124,39,14
2020-04-06 05:30:10,-119.86138,0.16124,38,14
2020-04-06 05:30:15,-119.86138,0.16124,44,14
2020-04-06 05:30:20,-119.86138,0.16124,42,14
2020-04-06 05:30:25,-119.86138,0.16124,40,14
2020-04-06 05:30:30,-119.86138,0.16124,39,14
2020-04-06 05:30:35,-119.86138,0.16124,46,14
2020-04-06 05:30:40,-119.86138,0.16124,41,14
2020-04-06 05:30:45,-119.86138,0.16124,41,14
2020-04-06 05:30:50,-119.86138,0.16124,44,14
2020-04-06 05:30:55,-119.86138,0.16124,38,14
2020-04-06 05:31:00,-119.86138,0.16124,45,14
2020-04-06 05:31:05,-119.86138,0.16124,40,14
2020-04-06 05:31:10,-119.86138,0.16124,47,14
2020-04-06 05:31:15,-119.86138,0.16124,41,14
2020-04-06 05:31:20,-119.86138,0.16124,39,14
2020-04-06 05:31:25,-119.86138,0.16124,42,14
2020-04-06 05:31:30,-119.86138,0.16124,42,14
2020-04-06 05:31:35,-119.86138,0.16124,42,14
2020-04-06 05:31:40,-119.86138,0.16124,46,14
2020-04-06 05:31:45,-119.86138,0.16124,47,14
2020-04-06 05:31:50,-119.86138,0.16124,41,14
2020-04-06 05:31:55,-119.86138,0.16124,42,14
2020-04-06 05:32:00,-119.86138,0.16124,41,14
2020-04-06 05:32:05,-119.86138,0.16124,41,14
2020-04-06 05:32:10,-119.86138,0.16124,37,14
2020-04-06 05:32:15,-119.86138,0.16124,41,14
2020-04-06 05:32:20,-119.86138,0.16124,37,14
2020-04-06 05:32:25,-119.86138,0.16124,40,14
2020-04-06 05:32:30,-119.86138,0.16124,48,14
2020-04-06 05:32:35,-119.86138,0.16124,42,14
2020-04-06 05:32:40,-119.86138,0.16124,43,14
2020-04-06 05:32:45,-119.86138,0.16124,47,14
2020-04-06 05:32:50,-119.86138,0.16124,46,14
2020-04-06 05:32:55,-119.86138,0.16124,38,14
2020-04-06 05:33:00,-119.86138,0.16124,38,14
2020-04-06 05:33:05,-119.86138,0.16124,41,14
2020-04-06 05:33:10,-119.86138,0.16124,40,14
2020-04-06 05:33:15,-119.86138,0.16124,41,14
2020-04-06 05:33:20,-119.86138,0.16124,41,14
2020-04-06 05:33:25,-119.86138,0.16124,41,14
2020-04-06 05:33:30,-119.86138,0.16124,46,14
2020-04-06 05:33:35,-119.86138,0.16124,43,14
2020-04-06 05:33:40,-119.86138,0.16124,36,14
2020-04-06 05:33:45,-119.86138,0.16124,44,14
2020-04-06 05:33:50,-119.86138,0.16124,43,14
2020-04-06 05:33:55,-119.86138,0.16124,47,14
2020-04-06 05:34:00,-119.86138,0.16124,36,14
2020-04-06 05:34:05,-119.86138,0.16124,41,14
2020-04-06 05:34:10,-119.86138,0.16124,39,14
2020-04-06 05:34:15,-119.86138,0.16124,42,14
2020-04-06 05:34:20,-119.86138,0.16124,46,14
2020-04-06 05:34:25,-119.86138,0.16124,35,14
2020-04-06 05:34:30,-119.86138,0.16124,44,14
2020-04-06 05:34:35,-119.86138,0.16124,36,14
2020-04-06 05:34:40,-119.86138,0.16124,40,14
2020-04-06 05:34:45,-119.86138,0.16124,40,14
2020-04-06 05:34:50,-119.86138,0.16124,39,14
2020-04-06 05:34:55,-119.86138,0.16124,39,14
2020-04-06 05:35:00,-119.86138,0.16124,41,14
2020-04-06 05:35:05,-119.86138,0.16124,39,14
2020-04-06 05:35:10,-119.86138,0.16124,42,14
2020-04-06 05:35:15,-119.86138,0.16124,43,14
2020-04-06 05:35:20,-119.86138,0.16124,46,14
2020-04-06 05:35:25,-119.86138,0.16124,38,14
2020-04-06 05:35:30,-119.86138,0.16124,37,14
2020-04-06 05:35:35,-119.86138,0.16124,41,14
2020-04-06 05:35:40,-119.86138,0.16124,44,14
2020-04-06 05:35:45,-119.86138,0.16124,39,14
2020-04-06 05:35:50,-119.86138,0.16124,37,14
2020-04-06 05:35:55,-119.86138,0.16124,41,14
2020-04-06 05:36:00,-119.86138,0.16124,41,14
2020-04-06 05:36:05,-119.86138,0.16124,42,14
2020-04-06 05:36:10,-119.86138,0.16124,37,14
2020-04-06 05:36:15,-119.86138,0.16124,46,14
2020-04-06 05:36:20,-119.86138,0.16124,45,14
2020-04-06 05:36:25,-119.86138,0.16124,42,14
2020-04-06 05:36:30,-119.86138,0.16124,39,14
2020-04-06 05:36:35,-119.86138,0.16124,45,14
2020-04-06 05:36:40,-119.86138,0.16124,45,14
2020-04-06 05:36:45,-119.86138,0.16124,43,14
2020-04-06 05:36:50,-119.86138,0.16124,40,14
2020-04-06 05:36:55,-119.86138,0.16124,46,14
2020-04-06 05:37:00,-119.86138,0.16124,41,14
2020-04-06 05:37:05,-119.86138,0.16124,45,14
2020-04-06 05:37:10,-119.86138,0.16124,39,14
2020-04-06 05:37:15,-119.86138,0.16124,41,14
2020-04-06 05:37:20,-119.86138,0.16124,38,14
2020-04-06 05:37:25,-119.86138,0.16124,39,14
2020-04-06 05:37:30,-119.86138,0.16124,43,14
2020-04-06 05:37:35,-119.86138,0.16124,35,14
2020-04-06 05:37:40,-119.86138,0.16124,42,14
2020-04-06 05:37:45,-119.86138,0.16124,37,14
2020-04-06 05:37:50,-119.86138,0.16124,44,14
2020-04-06 05:37:55,-119.86138,0.16124,40,14
2020-04-06 05:38:00,-119.86138,0.16124,38,14
2020-04-06 05:38:05,-119.86138,0.16124,42,14
2020-04-06 05:38:10,-119.86138,0.16124,43,14
2020-04-06 05:38:15,-119.86138,0.16124,40,14
2020-04-06 05:38:20,-119.86138,0.16124,46,14
2020-04-06 05:38:25,-119.86138,0.16124,35,14
2020-04-06 05:38:30,-119.86138,0.16124,39,14
2020-04-06 05:38:35,-119.86138,0.16124,45,14
2020-04-06 05:38:40,-119.86138,0.16124,43,14
2020-04-06 05:38:45,-119.86138,0.16124,41,14
2020-04-06 05:38:50,-119.86138,0.16124,40,14
2020-04-06 05:38:55,-119.86138,0.16124,42,14
2020-04-06 05:39:00,-119.86138,0.16124,43,14
2020-04-06 05:39:05,-119.86138,0.16124,45,14
2020-04-06 05:39:10,-119.86138,0.16124,43,14
2020-04-06 05:39:15,-119.86138,0.16124,44,14
2020-04-06 05:39:20,-119.86138,0.16124,45,14
2020-04-06 05:39:25,-119.86138,0.16124,42,14
2020-04-06 05:39:30,-119.86138,0.16124,41,14
2020-04-06 05:39:35,-119.86138,0.16124,43,14
2020-04-06 05:39:40,-119.86138,0.16124,39,14
2020-04-06 05:39:45,-119.86138,0.16124,43,14
2020-04-06 05:39:50,-119.86138,0.16124,48,14
2020-04-06 05:39:55,-119.86138,0.16124,40,14
2020-04-06 05:40:00,-119.86138,0.16124,47,14
2020-04-06 05:40:05,-119.86138,0.16124,40,14
2020-04-06 05:40:10,-119.86138,0.16124,45,14
2020-04-06 05:40:15,-119.86138,0.16124,45,14
2020-04-06 05:40:20,-119.86138,0.16124,42,14
2020-04-06 05:40:25,-119.86138,0.16124,46,14
2020-04-06 05:40:30,-119.86138,0.16124,40,14
2020-04-06 05:40:35,-119.86138,0.16124,36,14
2020-04-06 05:40:40,-119.86138,0.16124,43,14
2020-04-06 05:40:45,-119.86138,0.16124,38,14
2020-04-06 05:40:50,-119.86138,0.16124,42,14
2020-04-06 05:40:55,-119.86138,0.16124,43,14
2020-04-06 05:41:00,-119.86138,0.16124,40,14
2020-04-06 05:41:05,-119.86138,0.16124,38,14
2020-04-06 05:41:10,-119.86138,0.16124,43,14
2020-04-06 05:41:15,-119.86138,0.16124,45,14
2020-04-06 05:41:20,-119.86138,0.16124,41,14
2020-04-06 05:41:25,-119.86138,0.16124,41,14
2020-04-06 05:41:30,-119.86138,0.16124,40,14
2020-04-06 05:41:35,-119.86138,0.16124,44,14
2020-04-06 05:41:40,-119.86138,0.16124,44,14
2020-04-06 05:41:45,-119.86138,0.16124,43,14
2020-04-06 05:41:50,-119.86138,0.16124,43,14
2020-04-06 05:41:55,-119.86138,0.16124,45,14
2020-04-06 05:42:00,-119.86138,0.16124,38,14
2020-04-06 05:42:05,-119.86138,0.16124,42,14
2020-04-06 05:42:10,-119.86138,0.16124,41,14
2020-04-06 05:42:15,-119.86138,0.16124,41,14
2020-04-06 05:42:20,-119.86138,0.16124,48,14
2020-04-06 05:42:25,-119.86138,0.16124,46,14
2020-04-06 05:42:30,-119.86138,0.16124,39,14
2020-04-06 05:42:35,-119.86138,0.16124,43,14
2020-04-06 05:42:40,-119.86138,0.16124,37,14
2020-04-06 05:42:45,-119.86138,0.16124,42,14
2020-04-06 05:42:50,-119.86138,0.16124,45,14
2020-04-06 05:42:55,-119.86138,0.16124,43,14
2020-04-06 05:43:00,-119.86138,0.16124,39,14
2020-04-06 05:43:05,-119.86138,0.16124,43,14
2020-04-06 05:43:10,-119.86138,0.16124,42,14
2020-04-06 05:43:15,-119.86138,0.16124,38,14
2020-04-06 05:43:20,-119.86138,0.16124,40,14
2020-04-06 05:43:25,-119.86138,0.16124,36,14
2020-04-06 05:43:30,-119.86138,0.16124,40,14
2020-04-06 05:43:35,-119.86138,0.16124,40,14
2020-04-06 05:43:40,-119.86138,0.16124,43,14
2020-04-06 05:43:45,-119.86138,0.16124,40,14
2020-04-06 05:43:50,-119.86138,0.16124,49,14
2020-04-06 05:43:55,-119.86138,0.16124,41,14
2020-04-06 05:44:00,-119.86138,0.16124,39,14
2020-04-06 05:44:05,-119.86138,0.16124,39,14
2020-04-06 05:44:10,-119.86138,0.16124,42,14
2020-04-06 05:44:15,-119.86138,0.16124,45,14
2020-04-06 05:44:20,-119.86138,0.16124,41,14
2020-04-06 05:44:25,-119.86138,0.16124,45,14
2020-04-06 05:44:30,-119.86138,0.16124,42,14
2020-04-06 05:44:35,-119.86138,0.16124,38,14
2020-04-06 05:44:40,-119.86138,0.16124,41,14
2020-04-06 05:44:45,-119.86138,0.16124,46,14
2020-04-06 05:44:50,-119.86138,0.16124,44,14
2020-04-06 05:44:55,-119.86138,0.16124,46,14
2020-04-06 05:45:00,-119.86138,0.16124,46,14
2020-04-06 05:45:05,-119.86138,0.16124,42,14
2020-04-06 05:45:10,-119.86138,0.16124,38,14
2020-04-06 05:45:15,-119.86138,0.16124,41,14
2020-04-06 05:45:20,-119.86138,0.16124,40,14
2020-04-06 05:45:25,-119.86138,0.16124,43,14
2020-04-06 05:45:30,-119.86138,0.16124,39,14
2020-04-06 05:45:35,-119.86138,0.16124,43,14
2020-04-06 05:45:40,-119.86138,0.16124,37,14
2020-04-06 05:45:45,-119.86138,0.16124,40,14
2020-04-06 05:45:50,-119.86138,0.16124,44,14
2020-04-06 05:45:55,-119.86138,0.16124,44,14
2020-04-06 05:46:00,-119.86138,0.16124,41,14
2020-04-06 05:46:05,-119.86138,0.16124,44,14
2020-04-06 05:46:10,-119.86138,0.16124,35,14
2020-04-06 05:46:15,-119.86138,0.16124,37,14
2020-04-06 05:46:20,-119.86138,0.16124,39,14
2020-04-06 05:46:25,-119.86138,0.16124,43,14
2020-04-06 05:46:30,-119.86138,0.16124,47,14
2020-04-06 05:46:35,-119.86138,0.16124,40,14
2020-04-06 05:46:40,-119.86138,0.16124,40,14
2020-04-06 05:46:45,-119.86138,0.16124,40,14
2020-04-06 05:46:50,-119.86138,0.16124,42,14
2020-04-06 05:46:55,-119.86138,0.16124,44,14
2020-04-06 05:47:00,-119.86138,0.16124,43,14
2020-04-06 05:47:05,-119.86138,0.16124,41,14
2020-04-06 05:47:10,-119.86138,0.16124,41,14
2020-04-06 05:47:15,-119.86138,0.16124,43,14
2020-04-06 05:47:20,-119.86138,0.16124,37,14
2020-04-06 05:47:25,-119.86138,0.16124,40,14
2020-04-06 05:47:30,-119.86138,0.16124,45,14
2020-04-06 05:47:35,-119.86138,0.16124,39,14
2020-04-06 05:47:40,-119.86138,0.16124,41,14
2020-04-06 05:47:45,-119.86138,0.16124,47,14
2020-04-06 05:47:50,-119.86138,0.16124,44,14
2020-04-06 05:47:55,-119.86138,0.16124,40,14
2020-04-06 05:48:00,-119.86138,0.16124,43,14
2020-04-06 05:48:05,-119.86138,0.16124,38,14
2020-04-06 05:48:10,-119.86138,0.16124,45,14
2020-04-06 05:48:15,-119.86138,0.16124,36,14
2020-04-06 05:48:20,-119.86138,0.16124,44,14
2020-04-06 05:48:25,-119.86138,0.16124,40,14
2020-04-06 05:48:30,-119.86138,0.16124,42,14
2020-04-06 05:48:35,-119.86138,0.16124,40,14
2020-04-06 05:48:40,-119.86138,0.16124,37,14
2020-04-06 05:48:45,-119.86138,0.16124,40,14
2020-04-06 05:48:50,-119.86138,0.16124,38,14
2020-04-06 05:48:55,-119.86138,0.16124,40,14
2020-04-06 05:49:00,-119.86138,0.16124,43,14
2020-04-06 05:49:05,-119.86138,0.16124,39,14
2020-04-06 05:49:10,-119.86138,0.16124,40,14
2020-04-06 05:49:15,-119.86138,0.16124,41,14
2020-04-06 05:49:20,-119.86138,0.16124,39,14
2020-04-06 05:49:25,-119.86138,0.16124,38,14
2020-04-06 05:49:30,-119.86138,0.16124,39,14
2020-04-06 05:49:35,-119.86138,0.16124,44,14
2020-04-06 05:49:40,-119.86138,0.16124,38,14
2020-04-06 05:49:45,-119.86138,0.16124,45,14
2020-04-06 05:49:50,-119.86138,0.16124,40,14
2020-04-06 05:49:55,-119.86138,0.16124,45,14
2020-04-06 05:50:00,-119.86138,0.16124,38,14
2020-04-06 05:50:05,-119.86138,0.16124,40,14
2020-04-06 05:50:10,-119.86138,0.16124,41,14
2020-04-06 05:50:15,-119.86138,0.16124,36,14
2020-04-06 05:50:20,-119.86138,0.16124,39,14
2020-04-06 05:50:25,-119.86138,0.16124,42,14
2020-04-06 05:50:30,-119.86138,0.16124,44,14
2020-04-06 05:50:35,-119.86138,0.16124,40,14
2020-04-06 05:50:40,-119.86138,0.16124,35,14
2020-04-06 05:50:45,-119.86138,0.16124,48,14
2020-04-06 05:50:50,-119.86138,0.16124,41,14
2020-04-06 05:50:55,-119.86138,0.16124,40,14
2020-04-06 05:51:00,-119.86138,0.16124,43,14
2020-04-06 05:51:05,-119.86138,0.16124,40,14
2020-04-06 05:51:10,-119.86138,0.16124,42,14
2020-04-06 05:51:15,-119.86138,0.16124,40,14
2020-04-06 05:51:20,-119.86138,0.16124,40,14
2020-04-06 05:51:25,-119.86138,0.16124,42,14
2020-04-06 05:51:30,-119.86138,0.16124,39,14
2020-04-06 05:51:35,-119.86138,0.16124,43,14
2020-04-06 05:51:40,-119.86138,0.16124,39,14
2020-04-06 05:51:45,-119.86138,0.16124,39,14
2020-04-06 05:51:50,-119.86138,0.16124,44,14
2020-04-06 05:51:55,-119.86138,0.16124,40,14
2020-04-06 05:52:00,-119.86138,0.16124,38,14
2020-04-06 05:52:05,-119.86138,0.16124,43,14
2020-04-06 05:52:10,-119.86138,0.16124,40,14
2020-04-06 05:52:15,-119.86138,0.16124,44,14
2020-04-06 05:52:20,-119.86138,0.16124,37,14
2020-04-06 05:52:25,-119.86138,0.16124,44,14
2020-04-06 05:52:30,-119.86138,0.16124,43,14
2020-04-06 05:52:35,-119.86138,0.16124,46,14
2020-04-06 05:52:40,-119.86138,0.16124,46,14
2020-04-06 05:52:45,-119.86138,0.16124,40,14
2020-04-06 05:52:50,-119.86138,0.16124,40,14
2020-04-06 05:52:55,-119.86138,0.16124,40,14
2020-04-06 05:53:00,-119.86138,0.16124,47,14
2020-04-06 05:53:05,-119.86138,0.16124,36,14
2020-04-06 05:53:10,-119.86138,0.16124,43,14
2020-04-06 05:53:15,-119.86138,0.16124,43,14
2020-04-06 05:53:20,-119.86138,0.16124,39,14
2020-04-06 05:53:25,-119.86138,0.16124,40,14
2020-04-06 05:53:30,-119.86138,0.16124,40,14
2020-04-06 05:53:35,-119.86138,0.16124,40,14
2020-04-06 05:53:40,-119.86138,0.16124,38,14
2020-04-06 05:53:45,-119.86138,0.16124,44,14
2020-04-06 05:53:50,-119.86138,0.16124,39,14
2020-04-06 05:53:55,-119.86138,0.16124,44,14
2020-04-06 05:54:00,-119.86138,0.16124,42,14
2020-04-06 05:54:05,-119.86138,0.16124,39,14
2020-04-06 05:54:10,-119.86138,0.16124,43,14
2020-04-06 05:54:15,-119.86138,0.16124,46,14
2020-04-06 05:54:20,-119.86138,0.16124,39,14
2020-04-06 05:54:25,-119.86138,0.16124,41,14
2020-04-06 05:54:30,-119.86138,0.16124,39,14
2020-04-06 05:54:35,-119.86138,0.16124,40,14
2020-04-06 05:54:40,-119.86138,0.16124,41,14
2020-04-06 05:54:45,-119.86138,0.16124,43,14
2020-04-06 05:54:50,-119.86138,0.16124,43,14
2020-04-06 05:54:55,-119.86138,0.16124,40,14
2020-04-06 05:55:00,-119.86138,0.16124,44,14
2020-04-06 05:55:05,-119.86138,0.16124,42,14
2020-04-06 05:55:10,-119.86138,0.16124,45,14
2020-04-06 05:55:15,-119.86138,0.16124,45,14
2020-04-06 05:55:20,-119.86138,0.16124,41,14
2020-04-06 05:55:25,-119.86138,0.16124,39,14
2020-04-06 05:55:30,-119.86138,0.16124,40,14
2020-04-06 05:55:35,-119.86138,0.16124,37,14
2020-04-06 05:55:40,-119.86138,0.16124,41,14
2020-04-06 05:55:45,-119.86138,0.16124,37,14
2020-04-06 05:55:50,-119.86138,0.16124,46,14
2020-04-06 05:55:55,-119.86138,0.16124,46,14
2020-04-06 05:56:00,-119.86138,0.16124,41,14
2020-04-06 05:56:05,-119.86138,0.16124,44,14
2020-04-06 05:56:10,-119.86138,0.16124,42,14
2020-04-06 05:56:15,-119.86138,0.16124,40,14
2020-04-06 05:56:20,-119.86138,0.16124,43,14
2020-04-06 05:56:25,-119.86138,0.16124,42,14
2020-04-06 05:56:30,-119.86138,0.16124,39,14
2020-04-06 05:56:35,-119.86138,0.16124,42,14
2020-04-06 05:56:40,-119.86138,0.16124,38,14
2020-04-06 05:56:45,-119.86138,0.16124,40,14
2020-04-06 05:56:50,-119.86138,0.16124,41,14
2020-04-06 05:56:55,-119.86138,0.16124,39,14
2020-04-06 05:57:00,-119.86138,0.16124,39,14
2020-04-06 05:57:05,-119.86138,0.16124,38,14
2020-04-06 05:57:10,-119.86138,0.16124,43,14
2020-04-06 05:57:15,-119.86138,0.16124,41,14
2020-04-06 05:57:20,-119.86138,0.16124,40,14
2020-04-06 05:57:25,-119.86138,0.16124,45,14
2020-04-06 05:57:30,-119.86138,0.16124,43,14
2020-04-06 05:57:35,-119.86138,0.16124,45,14
2020-04-06 05:57:40,-119.86138,0.16124,35,14
2020-04-06 05:57:45,-119.86138,0.16124,44,14
2020-04-06 05:57:50,-119.86138,0.16124,44,14
2020-04-06 05:57:55,-119.86138,0.16124,43,14
2020-04-06 05:58:00,-119.86138,0.16124,45,14
2020-04-06 05:58:05,-119.86138,0.16124,42,14
2020-04-06 05:58:10,-119.86138,0.16124,42,14
2020-04-06 05:58:15,-119.86138,0.16124,45,14
2020-04-06 05:58:20,-119.86138,0.16124,39,14
2020-04-06 05:58:25,-119.86138,0.16124,41,14
2020-04-06 05:58:30,-119.86138,0.16124,41,14
2020-04-06 05:58:35,-119.86138,0.16124,42,14
2020-04-06 05:58:40,-119.86138,0.16124,35,14
2020-04-06 05:58:45,-119.86138,0.16124,38,14
2020-04-06 05:58:50,-119.86138,0.16124,40,14
2020-04-06 05:58:55,-119.86138,0.16124,38,14
2020-04-06 05:59:00,-119.86138,0.16124,41,14
2020-04-06 05:59:05,-119.86138,0.16124,40,14
2020-04-06 05:59:10,-119.86138,0.16124,44,14
2020-04-06 05:59:15,-119.86138,0.16124,44,14
2020-04-06 05:59:20,-119.86138,0.16124,41,14
2020-04-06 05:59:25,-119.86138,0.16124,41,14
2020-04-06 05:59:30,-119.86138,0.16124,44,14
2020-04-06 05:59:35,-119.86138,0.16124,37,14
2020-04-06 05:59:40,-119.86138,0.16124,41,14
2020-04-06 05:59:45,-119.86138,0.16124,38,14
2020-04-06 05:59:50,-119.86138,0.16124,43,14
2020-04-06 05:59:55,-119.86138,0.16124,37,14
2020-04-06 06:00:00,-119.86138,0.16124,44,14
2020-04-06 06:00:05,-119.86138,0.16124,38,14
2020-04-06 06:00:10,-119.86138,0.16124,42,14
2020-04-06 06:00:15,-119.86138,0.16124,42,14
2020-04-06 06:00:20,-119.86138,0.16124,40,14
2020-04-06 06:00:25,-119.86138,0.16124,44,14
2020-04-06 06:00:30,-119.86138,0.16124,49,14
2020-04-06 06:00:35,-119.86138,0.16124,36,14
2020-04-06 06:00:40,-119.86138,0.16124,44,14
2020-04-06 06:00:45,-119.86138,0.16124,41,14
2020-04-06 06:00:50,-119.86138,0.16124,39,14
2020-04-06 06:00:55,-119.86138,0.16124,40,14
2020-04-06 06:01:00,-119.86138,0.16124,43,14
2020-04-06 06:01:05,-119.86138,0.16124,43,14
2020-04-06 06:01:10,-119.86138,0.16124,42,14
2020-04-06 06:01:15,-119.86138,0.16124,43,14
2020-04-06 06:01:20,-119.86138,0.16124,39,14
2020-04-06 06:01:25,-119.86138,0.16124,43,14
2020-04-06 06:01:30,-119.86138,0.16124,44,14
2020-04-06 06:01:35,-119.86138,0.16124,43,14
2020-04-06 06:01:40,-119.86138,0.16124,41,14
2020-04-06 06:01:45,-119.86138,0.16124,42,14
2020-04-06 06:01:50,-119.86138,0.16124,41,14
2020-04-06 06:01:55,-119.86138,0.16124,40,14
2020-04-06 06:02:00,-119.86138,0.16124,41,14
2020-04-06 06:02:05,-119.86138,0.16124,43,14
2020-04-06 06:02:10,-119.86138,0.16124,44,14
2020-04-06 06:02:15,-119.86138,0.16124,46,14
2020-04-06 06:02:20,-119.86138,0.16124,39,14
2020-04-06 06:02:25,-119.86138,0.16124,42,14
2020-04-06 06:02:30,-119.86138,0.16124,40,14
2020-04-06 06:02:35,-119.86138,0.16124,39,14
2020-04-06 06:02:40,-119.86138,0.16124,43,14
2020-04-06 06:02:45,-119.86138,0.16124,43,14
2020-04-06 06:02:50,-119.86138,0.16124,39,14
2020-04-06 06:02:55,-119.86138,0.16124,40,14
2020-04-06 06:03:00,-119.86138,0.16124,42,14
2020-04-06 06:03:05,-119.86138,0.16124,44,14
2020-04-06 06:03:10,-119.86138,0.16124,40,14
2020-04-06 06:03:15,-119.86138,0.16124,38,14
2020-04-06 06:03:20,-119.86138,0.16124,42,14
2020-04-06 06:03:25,-119.86138,0.16124,42,14
2020-04-06 06:03:30,-119.86138,0.16124,39,14
2020-04-06 06:03:35,-119.86138,0.16124,44,14
2020-04-06 06:03:40,-119.86138,0.16124,42,14
2020-04-06 06:03:45,-119.86138,0.16124,42,14
2020-04-06 06:03:50,-119.86138,0.16124,41,14
2020-04-06 06:03:55,-119.86138,0.16124,40,14
2020-04-06 06:04:00,-119.86138,0.16124,38,14
2020-04-06 06:04:05,-119.86138,0.16124,41,14
2020-04-06 06:04:10,-119.86138,0.16124,48,14
2020-04-06 06:04:15,-119.86138,0.16124,44,14
2020-04-06 06:04:20,-119.86138,0.16124,40,14
2020-04-06 06:04:25,-119.86138,0.16124,38,14
2020-04-06 06:04:30,-119.86138,0.16124,36,14
2020-04-06 06:04:35,-119.86138,0.16124,43,14
2020-04-06 06:04:40,-119.86138,0.16124,38,14
2020-04-06 06:04:45,-119.86138,0.16124,37,14
2020-04-06 06:04:50,-119.86138,0.16124,42,14
2020-04-06 06:04:55,-119.86138,0.16124,41,14
2020-04-06 06:05:00,-119.86138,0.16124,40,14
2020-04-06 06:05:05,-119.86138,0.16124,40,14
2020-04-06 06:05:10,-119.86138,0.16124,42,14
2020-04-06 06:05:15,-119.86138,0.16124,39,14
2020-04-06 06:05:20,-119.86138,0.16124,43,14
2020-04-06 06:05:25,-119.86138,0.16124,42,14
2020-04-06 06:05:30,-119.86138,0.16124,44,14
2020-04-06 06:05:35,-119.86138,0.16124,42,14
2020-04-06 06:05:40,-119.86138,0.16124,40,14
2020-04-06 06:05:45,-119.86138,0.16124,40,14
2020-04-06 06:05:50,-119.86138,0.16124,34,14
2020-04-06 06:05:55,-119.86138,0.16124,42,14
2020-04-06 06:06:00,-119.86138,0.16124,39,14
2020-04-06 06:06:05,-119.86138,0.16124,40,14
2020-04-06 06:06:10,-119.86138,0.16124,43,14
2020-04-06 06:06:15,-119.86138,0.16124,41,14
2020-04-06 06:06:20,-119.86138,0.16124,40,14
2020-04-06 06:06:25,-119.86138,0.16124,42,14
2020-04-06 06:06:30,-119.86138,0.16124,44,14
2020-04-06 06:06:35,-119.86138,0.16124,40,14
2020-04-06 06:06:40,-119.86138,0.16124,48,14
2020-04-06 06:06:45,-119.86138,0.16124,37,14
2020-04-06 06:06:50,-119.86138,0.16124,41,14
2020-04-06 06:06:55,-119.86138,0.16124,38,14
2020-04-06 06:07:00,-119.86138,0.16124,42,14
2020-04-06 06:07:05,-119.86138,0.16124,42,14
2020-04-06 06:07:10,-119.86138,0.16124,41,14
2020-04-06 06:07:15,-119.86138,0.16124,44,14
2020-04-06 06:07:20,-119.86138,0.16124,42,14
2020-04-06 06:07:25,-119.86138,0.16124,38,14
2020-04-06 06:07:30,-119.86138,0.16124,39,14
2020-04-06 06:07:35,-119.86138,0.16124,41,14
2020-04-06 06:07:40,-119.86138,0.16124,41,14
2020-04-06 06:07:45,-119.86138,0.16124,42,14
2020-04-06 06:07:50,-119.86138,0.16124,39,14
2020-04-06 06:07:55,-119.86138,0.16124,49,14
2020-04-06 06:08:00,-119.86138,0.16124,44,14
2020-04-06 06:08:05,-119.86138,0.16124,42,14
2020-04-06 06:08:10,-119.86138,0.16124,40,14
2020-04-06 06:08:15,-119.86138,0.16124,42,14
2020-04-06 06:08:20,-119.86138,0.16124,42,14
2020-04-06 06:08:25,-119.86138,0.16124,37,14
2020-04-06 06:08:30,-119.86138,0.16124,41,14
2020-04-06 06:08:35,-119.86138,0.16124,41,14
2020-04-06 06:08:40,-119.86138,0.16124,40,14
2020-04-06 06:08:45,-119.86138,0.16124,41,14
2020-04-06 06:08:50,-119.86138,0.16124,40,14
2020-04-06 06:08:55,-119.86138,0.16124,43,14
2020-04-06 06:09:00,-119.86138,0.16124,47,14
2020-04-06 06:09:05,-119.86138,0.16124,41,14
2020-04-06 06:09:10,-119.86138,0.16124,44,14
2020-04-06 06:09:15,-119.86138,0.16124,44,14
2020-04-06 06:09:20,-119.86138,0.16124,43,14
2020-04-06 06:09:25,-119.86138,0.16124,37,14
2020-04-06 06:09:30,-119.86138,0.16124,39,14
2020-04-06 06:09:35,-119.86138,0.16124,42,14
2020-04-06 06:09:40,-119.86138,0.16124,44,14
2020-04-06 06:09:45,-119.86138,0.16124,41,14
2020-04-06 06:09:50,-119.86138,0.16124,40,14
2020-04-06 06:09:55,-119.86138,0.16124,46,14
2020-04-06 06:10:00,-119.86138,0.16124,39,14
2020-04-06 06:10:05,-119.86138,0.16124,37,14
2020-04-06 06:10:10,-119.86138,0.16124,42,14
2020-04-06 06:10:15,-119.86138,0.16124,39,14
2020-04-06 06:10:20,-119.86138,0.16124,40,14
2020-04-06 06:10:25,-119.86138,0.16124,40,14
2020-04-06 06:10:30,-119.86138,0.16124,38,14
2020-04-06 06:10:35,-119.86138,0.16124,41,14
2020-04-06 06:10:40,-119.86138,0.16124,40,14
2020-04-06 06:10:45,-119.86138,0.16124,42,14
2020-04-06 06:10:50,-119.86138,0.16124,41,14
2020-04-06 06:10:55,-119.86138,0.16124,44,14
2020-04-06 06:11:00,-119.86138,0.16124,46,14
2020-04-06 06:11:05,-119.86138,0.16124,41,14
2020-04-06 06:11:10,-119.86138,0.16124,48,14
2020-04-06 06:11:15,-119.86138,0.16124,39,14
2020-04-06 06:11:20,-119.86138,0.16124,38,14
2020-04-06 06:11:25,-119.86138,0.16124,41,14
2020-04-06 06:11:30,-119.86138,0.16124,40,14
2020-04-06 06:11:35,-119.86138,0.16124,39,14
2020-04-06 06:11:40,-119.86138,0.16124,45,14
2020-04-06 06:11:45,-119.86138,0.16124,44,14
2020-04-06 06:11:50,-119.86138,0.16124,38,14
2020-04-06 06:11:55,-119.86138,0.16124,43,14
2020-04-06 06:12:00,-119.86138,0.16124,42,14
2020-04-06 06:12:05,-119.86138,0.16124,39,14
2020-04-06 06:12:10,-119.86138,0.16124,43,14
2020-04-06 06:12:15,-119.86138,0.16124,40,14
2020-04-06 06:12:20,-119.86138,0.16124,48,14
2020-04-06 06:12:25,-119.86138,0.16124,41,14
2020-04-06 06:12:30,-119.86138,0.16124,43,14
2020-04-06 06:12:35,-119.86138,0.16124,39,14
2020-04-06 06:12:40,-119.86138,0.16124,45,14
2020-04-06 06:12:45,-119.86138,0.16124,38,14
2020-04-06 06:12:50,-119.86138,0.16124,38,14
2020-04-06 06:12:55,-119.86138,0.16124,38,14
2020-04-06 06:13:00,-119.86138,0.16124,47,14
2020-04-06 06:13:05,-119.86138,0.16124,45,14
2020-04-06 06:13:10,-119.86138,0.16124,42,14
2020-04-06 06:13:15,-119.86138,0.16124,41,14
2020-04-06 06:13:20,-119.86138,0.16124,39,14
2020-04-06 06:13:25,-119.86138,0.16124,41,14
2020-04-06 06:13:30,-119.86138,0.16124,44,14
2020-04-06 06:13:35,-119.86138,0.16124,46,14
2020-04-06 06:13:40,-119.86138,0.16124,47,14
2020-04-06 06:13:45,-119.86138,0.16124,40,14
2020-04-06 06:13:50,-119.86138,0.16124,43,14
2020-04-06 06:13:55,-119.86138,0.16124,42,14
2020-04-06 06:14:00,-119.86138,0.16124,38,14
2020-04-06 06:14:05,-119.86138,0.16124,40,14
2020-04-06 06:14:10,-119.86138,0.16124,42,14
2020-04-06 06:14:15,-119.86138,0.16124,44,14
2020-04-06 06:14:20,-119.86138,0.16124,41,14
2020-04-06 06:14:25,-119.86138,0.16124,41,14
2020-04-06 06:14:30,-119.86138,0.16124,40,14
2020-04-06 06:14:35,-119.86138,0.16124,49,14
2020-04-06 06:14:40,-119.86138,0.16124,40,14
2020-04-06 06:14:45,-119.86138,0.16124,43,14
2020-04-06 06:14:50,-119.86138,0.16124,43,14
2020-04-06 06:14:55,-119.86138,0.16124,38,14
2020-04-06 06:15:00,-119.86138,0.16124,38,14
2020-04-06 06:15:05,-119.86138,0.16124,41,14
2020-04-06 06:15:10,-119.86138,0.16124,42,14
2020-04-06 06:15:15,-119.86138,0.16124,42,14
2020-04-06 06:15:20,-119.86138,0.16124,40,14
2020-04-06 06:15:25,-119.86138,0.16124,42,14
2020-04-06 06:15:30,-119.86138,0.16124,43,14
2020-04-06 06:15:35,-119.86138,0.16124,39,14
2020-04-06 06:15:40,-119.86138,0.16124,41,14
2020-04-06 06:15:45,-119.86138,0.16124,44,14
2020-04-06 06:15:50,-119.86138,0.16124,43,14
2020-04-06 06:15:55,-119.86138,0.16124,40,14
2020-04-06 06:16:00,-119.86138,0.16124,40,14
2020-04-06 06:16:05,-119.86138,0.16124,42,14
2020-04-06 06:16:10,-119.86138,0.16124,48,14
2020-04-06 06:16:15,-119.86138,0.16124,43,14
2020-04-06 06:16:20,-119.86138,0.16124,45,14
2020-04-06 06:16:25,-119.86138,0.16124,41,14
2020-04-06 06:16:30,-119.86138,0.16124,40,14
2020-04-06 06:16:35,-119.86138,0.16124,44,14
2020-04-06 06:16:40,-119.86138,0.16124,48,14
2020-04-06 06:16:45,-119.86138,0.16124,43,14
2020-04-06 06:16:50,-119.86138,0.16124,41,14
2020-04-06 06:16:55,-119.86138,0.16124,40,14
2020-04-06 06:17:00,-119.86138,0.16124,39,14
2020-04-06 06:17:05,-119.86138,0.16124,42,14
2020-04-06 06:17:10,-119.86138,0.16124,43,14
2020-04-06 06:17:15,-119.86138,0.16124,41,14
2020-04-06 06:17:20,-119.86138,0.16124,45,14
2020-04-06 06:17:25,-119.86138,0.16124,36,14
2020-04-06 06:17:30,-119.86138,0.16124,44,14
2020-04-06 06:17:35,-119.86138,0.16124,38,14
2020-04-06 06:17:40,-119.86138,0.16124,40,14
2020-04-06 06:17:45,-119.86138,0.16124,46,14
2020-04-06 06:17:50,-119.86138,0.16124,47,14
2020-04-06 06:17:55,-119.86138,0.16124,41,14
2020-04-06 06:18:00,-119.86138,0.16124,50,14
2020-04-06 06:18:05,-119.86138,0.16124,41,14
2020-04-06 06:18:10,-119.86138,0.16124,40,14
2020-04-06 06:18:15,-119.86138,0.16124,41,14
2020-04-06 06:18:20,-119.86138,0.16124,41,14
2020-04-06 06:18:25,-119.86138,0.16124,41,14
2020-04-06 06:18:30,-119.86138,0.16124,42,14
2020-04-06 06:18:35,-119.86138,0.16124,43,14
2020-04-06 06:18:40,-119.86138,0.16124,38,14
2020-04-06 06:18:45,-119.86138,0.16124,37,14
2020-04-06 06:18:50,-119.86138,0.16124,41,14
2020-04-06 06:18:55,-119.86138,0.16124,40,14
2020-04-06 06:19:00,-119.86138,0.16124,41,14
2020-04-06 06:19:05,-119.86138,0.16124,39,14
2020-04-06 06:19:10,-119.86138,0.16124,37,14
2020-04-06 06:19:15,-119.86138,0.16124,38,14
2020-04-06 06:19:20,-119.86138,0.16124,43,14
2020-04-06 06:19:25,-119.86138,0.16124,43,14
2020-04-06 06:19:30,-119.86138,0.16124,38,14
2020-04-06 06:19:35,-119.86138,0.16124,44,14
2020-04-06 06:19:40,-119.86138,0.16124,42,14
2020-04-06 06:19:45,-119.86138,0.16124,45,14
2020-04-06 06:19:50,-119.86138,0.16124,46,14
2020-04-06 06:19:55,-119.86138,0.16124,39,14
2020-04-06 06:20:00,-119.86138,0.16124,38,14
2020-04-06 06:20:05,-119.86138,0.16124,43,14
2020-04-06 06:20:10,-119.86138,0.16124,41,14
2020-04-06 06:20:15,-119.86138,0.16124,42,14
2020-04-06 06:20:20,-119.86138,0.16124,46,14
2020-04-06 06:20:25,-119.86138,0.16124,39,14
2020-04-06 06:20:30,-119.86138,0.16124,38,14
2020-04-06 06:20:35,-119.86138,0.16124,43,14
2020-04-06 06:20:40,-119.86138,0.16124,41,14
2020-04-06 06:20:45,-119.86138,0.16124,40,14
2020-04-06 06:20:50,-119.86138,0.16124,45,14
2020-04-06 06:20:55,-119.86138,0.16124,45,14
2020-04-06 06:21:00,-119.86138,0.16124,38,14
2020-04-06 06:21:05,-119.86138,0.16124,42,14
2020-04-06 06:21:10,-119.86138,0.16124,45,14
2020-04-06 06:21:15,-119.86138,0.16124,46,14
2020-04-06 06:21:20,-119.86138,0.16124,40,14
2020-04-06 06:21:25,-119.86138,0.16124,43,14
2020-04-06 06:21:30,-119.86138,0.16124,39,14
2020-04-06 06:21:35,-119.86138,0.16124,42,14
2020-04-06 06:21:40,-119.86138,0.16124,44,14
2020-04-06 06:21:45,-119.86138,0.16124,42,14
2020-04-06 06:21:50,-119.86138,0.16124,47,14
2020-04-06 06:21:55,-119.86138,0.16124,42,14
2020-04-06 06:22:00,-119.86138,0.16124,35,14
2020-04-06 06:22:05,-119.86138,0.16124,39,14
2020-04-06 06:22:10,-119.86138,0.16124,38,14
2020-04-06 06:22:15,-119.86138,0.16124,39,14
2020-04-06 06:22:20,-119.86138,0.16124,39,14
2020-04-06 06:22:25,-119.86138,0.16124,42,14
2020-04-06 06:22:30,-119.86138,0.16124,45,14
2020-04-06 06:22:35,-119.86138,0.16124,40,14
2020-04-06 06:22:40,-119.86138,0.16124,42,14
2020-04-06 06:22:45,-119.86138,0.16124,41,14
2020-04-06 06:22:50,-119.86138,0.16124,47,14
2020-04-06 06:22:55,-119.86138,0.16124,41,14
2020-04-06 06:23:00,-119.86138,0.16124,40,14
2020-04-06 06:23:05,-119.86138,0.16124,39,14
2020-04-06 06:23:10,-119.86138,0.16124,50,14
2020-04-06 06:23:15,-119.86138,0.16124,41,14
2020-04-06 06:23:20,-119.86138,0.16124,41,14
2020-04-06 06:23:25,-119.86138,0.16124,42,14
2020-04-06 06:23:30,-119.86138,0.16124,42,14
2020-04-06 06:23:35,-119.86138,0.16124,40,14
2020-04-06 06:23:40,-119.86138,0.16124,40,14
2020-04-06 06:23:45,-119.86138,0.16124,43,14
2020-04-06 06:23:50,-119.86138,0.16124,46,14
2020-04-06 06:23:55,-119.86138,0.16124,46,14
2020-04-06 06:24:00,-119.86138,0.16124,42,14
2020-04-06 06:24:05,-119.86138,0.16124,47,14
2020-04-06 06:24:10,-119.86138,0.16124,42,14
2020-04-06 06:24:15,-119.86138,0.16124,44,14
2020-04-06 06:24:20,-119.86138,0.16124,43,14
2020-04-06 06:24:25,-119.86138,0.16124,38,14
2020-04-06 06:24:30,-119.86138,0.16124,49,14
2020-04-06 06:24:35,-119.86138,0.16124,48,14
2020-04-06 06:24:40,-119.86138,0.16124,40,14
2020-04-06 06:24:45,-119.86138,0.16124,41,14
2020-04-06 06:24:50,-119.86138,0.16124,41,14
2020-04-06 06:24:55,-119.86138,0.16124,40,14
2020-04-06 06:25:00,-119.86138,0.16124,38,14
2020-04-06 06:25:05,-119.86138,0.16124,41,14
2020-04-06 06:25:10,-119.86138,0.16124,40,14
2020-04-06 06:25:15,-119.86138,0.16124,40,14
2020-04-06 06:25:20,-119.86138,0.16124,42,14
2020-04-06 06:25:25,-119.86138,0.16124,47,14
2020-04-06 06:25:30,-119.86138,0.16124,44,14
2020-04-06 06:25:35,-119.86138,0.16124,39,14
2020-04-06 06:25:40,-119.86138,0.16124,39,14
2020-04-06 06:25:45,-119.86138,0.16124,41,14
2020-04-06 06:25:50,-119.86138,0.16124,41,14
2020-04-06 06:25:55,-119.86138,0.16124,45,14
2020-04-06 06:26:00,-119.86138,0.16124,44,14
2020-04-06 06:26:05,-119.86138,0.16124,41,14
2020-04-06 06:26:10,-119.86138,0.16124,44,14
2020-04-06 06:26:15,-119.86138,0.16124,47,14
2020-04-06 06:26:20,-119.86138,0.16124,42,14
2020-04-06 06:26:25,-119.86138,0.16124,40,14
2020-04-06 06:26:30,-119.86138,0.16124,42,14
2020-04-06 06:26:35,-119.86138,0.16124,41,14
2020-04-06 06:26:40,-119.86138,0.16124,46,14
2020-04-06 06:26:45,-119.86138,0.16124,42,14
2020-04-06 06:26:50,-119.86138,0.16124,42,14
2020-04-06 06:26:55,-119.86138,0.16124,44,14
2020-04-06 06:27:00,-119.86138,0.16124,38,14
2020-04-06 06:27:05,-119.86138,0.16124,43,14
2020-04-06 06:27:10,-119.86138,0.16124,45,14
2020-04-06 06:27:15,-119.86138,0.16124,34,14
2020-04-06 06:27:20,-119.86138,0.16124,38,14
2020-04-06 06:27:25,-119.86138,0.16124,41,14
2020-04-06 06:27:30,-119.86138,0.16124,43,14
2020-04-06 06:27:35,-119.86138,0.16124,42,14
2020-04-06 06:27:40,-119.86138,0.16124,44,14
2020-04-06 06:27:45,-119.86138,0.16124,40,14
2020-04-06 06:27:50,-119.86138,0.16124,39,14
2020-04-06 06:27:55,-119.86138,0.16124,42,14
2020-04-06 06:28:00,-119.86138,0.16124,40,14
2020-04-06 06:28:05,-119.86138,0.16124,45,14
2020-04-06 06:28:10,-119.86138,0.16124,41,14
2020-04-06 06:28:15,-119.86138,0.16124,42,14
2020-04-06 06:28:20,-119.86138,0.16124,37,14
2020-04-06 06:28:25,-119.86138,0.16124,38,14
2020-04-06 06:28:30,-119.86138,0.16124,45,14
2020-04-06 06:28:35,-119.86138,0.16124,43,14
2020-04-06 06:28:40,-119.86138,0.16124,47,14
2020-04-06 06:28:45,-119.86138,0.16124,46,14
2020-04-06 06:28:50,-119.86138,0.16124,44,14
2020-04-06 06:28:55,-119.86138,0.16124,44,14
2020-04-06 06:29:00,-119.86138,0.16124,43,14
2020-04-06 06:29:05,-119.86138,0.16124,41,14
2020-04-06 06:29:10,-119.86138,0.16124,42,14
2020-04-06 06:29:15,-119.86138,0.16124,43,14
2020-04-06 06:29:20,-119.86138,0.16124,48,14
2020-04-06 06:29:25,-119.86138,0.16124,40,14
2020-04-06 06:29:30,-119.86138,0.16124,44,14
2020-04-06 06:29:35,-119.86138,0.16124,38,14
2020-04-06 06:29:40,-119.86138,0.16124,42,14
2020-04-06 06:29:45,-119.86138,0.16124,44,14
2020-04-06 06:29:50,-119.86138,0.16124,45,14
2020-04-06 06:29:55,-119.86138,0.16124,46,14
2020-04-06 06:30:00,-119.86138,0.16124,45,14
2020-04-06 06:30:05,-119.86138,0.16124,41,14
2020-04-06 06:30:10,-119.86138,0.16124,48,14
2020-04-06 06:30:15,-119.86138,0.16124,43,14
2020-04-06 06:30:20,-119.86138,0.16124,51,14
2020-04-06 06:30:25,-119.86138,0.16124,48,14
2020-04-06 06:30:30,-119.86138,0.16124,43,14
2020-04-06 06:30:35,-119.86138,0.16124,39,14
2020-04-06 06:30:40,-119.86138,0.16124,51,14
2020-04-06 06:30:45,-119.86138,0.16124,49,14
2020-04-06 06:30:50,-119.86138,0.16124,45,14
2020-04-06 06:30:55,-119.86138,0.16124,49,14
2020-04-06 06:31:00,-119.86138,0.16124,45,14
2020-04-06 06:31:05,-119.86138,0.16124,51,14
2020-04-06 06:31:10,-119.86138,0.16124,42,14
2020-04-06 06:31:15,-119.86138,0.16124,47,14
2020-04-06 06:31:20,-119.86138,0.16124,43,14
2020-04-06 06:31:25,-119.86138,0.16124,46,14
2020-04-06 06:31:30,-119.86138,0.16124,47,14
2020-04-06 06:31:35,-119.86138,0.16124,41,14
2020-04-06 06:31:40,-119.86138,0.16124,45,14
2020-04-06 06:31:45,-119.86138,0.16124,38,14
2020-04-06 06:31:50,-119.86138,0.16124,45,14
2020-04-06 06:31:55,-119.86138,0.16124,40,14
2020-04-06 06:32:00,-119.86138,0.16124,47,14
2020-04-06 06:32:05,-119.86138,0.16124,41,14
2020-04-06 06:32:10,-119.86138,0.16124,41,14
2020-04-06 06:32:15,-119.86138,0.16124,43,14
2020-04-06 06:32:20,-119.86138,0.16124,42,14
2020-04-06 06:32:25,-119.86138,0.16124,48,14
2020-04-06 06:32:30,-119.86138,0.16124,46,14
2020-04-06 06:32:35,-119.86138,0.16124,43,14
2020-04-06 06:32:40,-119.86138,0.16124,50,14
2020-04-06 06:32:45,-119.86138,0.16124,40,14
2020-04-06 06:32:50,-119.86138,0.16124,41,14
2020-04-06 06:32:55,-119.86138,0.16124,44,14
2020-04-06 06:33:00,-119.86138,0.16124,48,14
2020-04-06 06:33:05,-119.86138,0.16124,47,14
2020-04-06 06:33:10,-119.86138,0.16124,41,14
2020-04-06 06:33:15,-119.86138,0.16124,45,14
2020-04-06 06:33:20,-119.86138,0.16124,44,14
2020-04-06 06:33:25,-119.86138,0.16124,42,14
2020-04-06 06:33:30,-119.86138,0.16124,46,14
2020-04-06 06:33:35,-119.86138,0.16124,43,14
2020-04-06 06:33:40,-119.86138,0.16124,47,14
2020-04-06 06:33:45,-119.86138,0.16124,45,14
2020-04-06 06:33:50,-119.86138,0.16124,46,14
2020-04-06 06:33:55,-119.86138,0.16124,43,14
2020-04-06 06:34:00,-119.86138,0.16124,44,14
2020-04-06 06:34:05,-119.86138,0.16124,46,14
2020-04-06 06:34:10,-119.86138,0.16124,45,14
2020-04-06 06:34:15,-119.86138,0.16124,40,14
2020-04-06 06:34:20,-119.86138,0.16124,46,14
2020-04-06 06:34:25,-119.86138,0.16124,43,14
2020-04-06 06:34:30,-119.86138,0.16124,49,14
2020-04-06 06:34:35,-119.86138,0.16124,43,14
2020-04-06 06:34:40,-119.86138,0.16124,41,14
2020-04-06 06:34:45,-119.86138,0.16124,45,14
2020-04-06 06:34:50,-119.86138,0.16124,41,14
2020-04-06 06:34:55,-119.86138,0.16124,45,14
2020-04-06 06:35:00,-119.86138,0.16124,45,14
2020-04-06 06:35:05,-119.86138,0.16124,47,14
2020-04-06 06:35:10,-119.86138,0.16124,45,14
2020-04-06 06:35:15,-119.86138,0.16124,45,14
2020-04-06 06:35:20,-119.86138,0.16124,41,14
2020-04-06 06:35:25,-119.86138,0.16124,36,14
2020-04-06 06:35:30,-119.86138,0.16124,40,14
2020-04-06 06:35:35,-119.86138,0.16124,38,14
2020-04-06 06:35:40,-119.86138,0.16124,43,14
2020-04-06 06:35:45,-119.86138,0.16124,37,14
2020-04-06 06:35:50,-119.86138,0.16124,46,14
2020-04-06 06:35:55,-119.86138,0.16124,46,14
2020-04-06 06:36:00,-119.86138,0.16124,45,14
2020-04-06 06:36:05,-119.86138,0.16124,43,14
2020-04-06 06:36:10,-119.86138,0.16124,44,14
2020-04-06 06:36:15,-119.86138,0.16124,44,14
2020-04-06 06:36:20,-119.86138,0.16124,39,14
2020-04-06 06:36:25,-119.86138,0.16124,40,14
2020-04-06 06:36:30,-119.86138,0.16124,42,14
2020-04-06 06:36:35,-119.86138,0.16124,44,14
2020-04-06 06:36:40,-119.86138,0.16124,42,14
2020-04-06 06:36:45,-119.86138,0.16124,43,14
2020-04-06 06:36:50,-119.86138,0.16124,43,14
2020-04-06 06:36:55,-119.86138,0.16124,44,14
2020-04-06 06:37:00,-119.86138,0.16124,44,14
2020-04-06 06:37:05,-119.86138,0.16124,44,14
2020-04-06 06:37:10,-119.86138,0.16124,40,14
2020-04-06 06:37:15,-119.86138,0.16124,46,14
2020-04-06 06:37:20,-119.86138,0.16124,43,14
2020-04-06 06:37:25,-119.86138,0.16124,44,14
2020-04-06 06:37:30,-119.86138,0.16124,45,14
2020-04-06 06:37:35,-119.86138,0.16124,51,14
2020-04-06 06:37:40,-119.86138,0.16124,46,14
2020-04-06 06:37:45,-119.86138,0.16124,42,14
2020-04-06 06:37:50,-119.86138,0.16124,46,14
2020-04-06 06:37:55,-119.86138,0.16124,45,14
2020-04-06 06:38:00,-119.86138,0.16124,47,14
2020-04-06 06:38:05,-119.86138,0.16124,44,14
2020-04-06 06:38:10,-119.86138,0.16124,44,14
2020-04-06 06:38:15,-119.86138,0.16124,42,14
2020-04-06 06:38:20,-119.86138,0.16124,49,14
2020-04-06 06:38:25,-119.86138,0.16124,44,14
2020-04-06 06:38:30,-119.86138,0.16124,46,14
2020-04-06 06:38:35,-119.86138,0.16124,42,14
2020-04-06 06:38:40,-119.86138,0.16124,50,14
2020-04-06 06:38:45,-119.86138,0.16124,47,14
2020-04-06 06:38:50,-119.86138,0.16124,45,14
2020-04-06 06:38:55,-119.86138,0.16124,48,14
2020-04-06 06:39:00,-119.86138,0.16124,45,14
2020-04-06 06:39:05,-119.86138,0.16124,47,14
2020-04-06 06:39:10,-119.86138,0.16124,41,14
2020-04-06 06:39:15,-119.86138,0.16124,46,14
2020-04-06 06:39:20,-119.86138,0.16124,51,14
2020-04-06 06:39:25,-119.86138,0.16124,36,14
2020-04-06 06:39:30,-119.86138,0.16124,38,14
2020-04-06 06:39:35,-119.86138,0.16124,46,14
2020-04-06 06:39:40,-119.86138,0.16124,44,14
2020-04-06 06:39:45,-119.86138,0.16124,42,14
2020-04-06 06:39:50,-119.86138,0.16124,43,14
2020-04-06 06:39:55,-119.86138,0.16124,39,14
2020-04-06 06:40:00,-119.86138,0.16124,45,14
2020-04-06 06:40:05,-119.86138,0.16124,40,14
2020-04-06 06:40:10,-119.86138,0.16124,43,14
2020-04-06 06:40:15,-119.86138,0.16124,42,14
2020-04-06 06:40:20,-119.86138,0.16124,44,14
2020-04-06 06:40:25,-119.86138,0.16124,46,14
2020-04-06 06:40:30,-119.86138,0.16124,44,14
2020-04-06 06:40:35,-119.86138,0.16124,40,14
2020-04-06 06:40:40,-119.86138,0.16124,41,14
2020-04-06 06:40:45,-119.86138,0.16124,42,14
2020-04-06 06:40:50,-119.86138,0.16124,44,14
2020-04-06 06:40:55,-119.86138,0.16124,38,14
2020-04-06 06:41:00,-119.86138,0.16124,40,14
2020-04-06 06:41:05,-119.86138,0.16124,45,14
2020-04-06 06:41:10,-119.86138,0.16124,40,14
2020-04-06 06:41:15,-119.86138,0.16124,43,14
2020-04-06 06:41:20,-119.86138,0.16124,41,14
2020-04-06 06:41:25,-119.86138,0.16124,41,14
2020-04-06 06:41:30,-119.86138,0.16124,41,14
2020-04-06 06:41:35,-119.86138,0.16124,45,14
2020-04-06 06:41:40,-119.86138,0.16124,40,14
2020-04-06 06:41:45,-119.86138,0.16124,38,14
2020-04-06 06:41:50,-119.86138,0.16124,41,14
2020-04-06 06:41:55,-119.86138,0.16124,43,14
2020-04-06 06:42:00,-119.86138,0.16124,43,14
2020-04-06 06:42:05,-119.86138,0.16124,43,14
2020-04-06 06:42:10,-119.86138,0.16124,51,14
2020-04-06 06:42:15,-119.86138,0.16124,44,14
2020-04-06 06:42:20,-119.86138,0.16124,41,14
2020-04-06 06:42:25,-119.86138,0.16124,39,14
2020-04-06 06:42:30,-119.86138,0.16124,42,14
2020-04-06 06:42:35,-119.86138,0.16124,43,14
2020-04-06 06:42:40,-119.86138,0.16124,35,14
2020-04-06 06:42:45,-119.86138,0.16124,38,14
2020-04-06 06:42:50,-119.86138,0.16124,36,14
2020-04-06 06:42:55,-119.86138,0.16124,36,14
2020-04-06 06:43:00,-119.86138,0.16124,41,14
2020-04-06 06:43:05,-119.86138,0.16124,44,14
2020-04-06 06:43:10,-119.86138,0.16124,38,14
2020-04-06 06:43:15,-119.86138,0.16124,37,14
2020-04-06 06:43:20,-119.86138,0.16124,37,14
2020-04-06 06:43:25,-119.86138,0.16124,38,14
2020-04-06 06:43:30,-119.86138,0.16124,44,14
2020-04-06 06:43:35,-119.86138,0.16124,36,14
2020-04-06 06:43:40,-119.86138,0.16124,40,14
2020-04-06 06:43:45,-119.86138,0.16124,42,14
2020-04-06 06:43:50,-119.86138,0.16124,37,14
2020-04-06 06:43:55,-119.86138,0.16124,41,14
2020-04-06 06:44:00,-119.86138,0.16124,39,14
2020-04-06 06:44:05,-119.86138,0.16124,37,14
2020-04-06 06:44:10,-119.86138,0.16124,41,14
2020-04-06 06:44:15,-119.86138,0.16124,43,14
2020-04-06 06:44:20,-119.86138,0.16124,40,14
2020-04-06 06:44:25,-119.86138,0.16124,38,14
2020-04-06 06:44:30,-119.86138,0.16124,41,14
2020-04-06 06:44:35,-119.86138,0.16124,43,14
2020-04-06 06:44:40,-119.86138,0.16124,46,14
2020-04-06 06:44:45,-119.86138,0.16124,39,14
2020-04-06 06:44:50,-119.86138,0.16124,41,14
2020-04-06 06:44:55,-119.86138,0.16124,40,14
2020-04-06 06:45:00,-119.86138,0.16124,39,14
2020-04-06 06:45:05,-119.86138,0.16124,35,14
2020-04-06 06:45:10,-119.86138,0.16124,39,14
2020-04-06 06:45:15,-119.86138,0.16124,39,14
2020-04-06 06:45:20,-119.86138,0.16124,39,14
2020-04-06 06:45:25,-119.86138,0.16124,41,14
2020-04-06 06:45:30,-119.86138,0.16124,44,14
2020-04-06 06:45:35,-119.86138,0.16124,43,14
2020-04-06 06:45:40,-119.86138,0.16124,38,14
2020-04-06 06:45:45,-119.86138,0.16124,38,14
2020-04-06 06:45:50,-119.86138,0.16124,41,14
2020-04-06 06:45:55,-119.86138,0.16124,41,14
2020-04-06 06:46:00,-119.86138,0.16124,38,14
2020-04-06 06:46:05,-119.86138,0.16124,40,14
2020-04-06 06:46:10,-119.86138,0.16124,42,14
2020-04-06 06:46:15,-119.86138,0.16124,43,14
2020-04-06 06:46:20,-119.86138,0.16124,37,14
2020-04-06 06:46:25,-119.86138,0.16124,43,14
2020-04-06 06:46:30,-119.86138,0.16124,40,14
2020-04-06 06:46:35,-119.86138,0.16124,45,14
2020-04-06 06:46:40,-119.86138,0.16124,42,14
2020-04-06 06:46:45,-119.86138,0.16124,41,14
2020-04-06 06:46:50,-119.86138,0.16124,40,14
2020-04-06 06:46:55,-119.86138,0.16124,40,14
2020-04-06 06:47:00,-119.86138,0.16124,42,14
2020-04-06 06:47:05,-119.86138,0.16124,38,14
2020-04-06 06:47:10,-119.86138,0.16124,39,14
2020-04-06 06:47:15,-119.86138,0.16124,42,14
2020-04-06 06:47:20,-119.86138,0.16124,38,14
2020-04-06 06:47:25,-119.86138,0.16124,44,14
2020-04-06 06:47:30,-119.86138,0.16124,39,14
2020-04-06 06:47:35,-119.86138,0.16124,42,14
2020-04-06 06:47:40,-119.86138,0.16124,44,14
2020-04-06 06:47:45,-119.86138,0.16124,42,14
2020-04-06 06:47:50,-119.86138,0.16124,43,14
2020-04-06 06:47:55,-119.86138,0.16124,44,14
2020-04-06 06:48:00,-119.86138,0.16124,38,14
2020-04-06 06:48:05,-119.86138,0.16124,36,14
2020-04-06 06:48:10,-119.86138,0.16124,42,14
2020-04-06 06:48:15,-119.86138,0.16124,42,14
2020-04-06 06:48:20,-119.86138,0.16124,42,14
2020-04-06 06:48:25,-119.86138,0.16124,40,14
2020-04-06 06:48:30,-119.86138,0.16124,35,14
2020-04-06 06:48:35,-119.86138,0.16124,39,14
2020-04-06 06:48:40,-119.86138,0.16124,46,14
2020-04-06 06:48:45,-119.86138,0.16124,43,14
2020-04-06 06:48:50,-119.86138,0.16124,43,14
2020-04-06 06:48:55,-119.86138,0.16124,44,14
2020-04-06 06:49:00,-119.86138,0.16124,41,14
2020-04-06 06:49:05,-119.86138,0.16124,40,14
2020-04-06 06:49:10,-119.86138,0.16124,41,14
2020-04-06 06:49:15,-119.86138,0.16124,41,14
2020-04-06 06:49:20,-119.86138,0.16124,38,14
2020-04-06 06:49:25,-119.86138,0.16124,39,14
2020-04-06 06:49:30,-119.86138,0.16124,40,14
2020-04-06 06:49:35,-119.86138,0.16124,42,14
2020-04-06 06:49:40,-119.86138,0.16124,39,14
2020-04-06 06:49:45,-119.86138,0.16124,41,14
2020-04-06 06:49:50,-119.86138,0.16124,40,14
2020-04-06 06:49:55,-119.86138,0.16124,46,14
2020-04-06 06:50:00,-119.86138,0.16124,43,14
2020-04-06 06:50:05,-119.86138,0.16124,39,14
2020-04-06 06:50:10,-119.86138,0.16124,45,14
2020-04-06 06:50:15,-119.86138,0.16124,42,14
2020-04-06 06:50:20,-119.86138,0.16124,41,14
2020-04-06 06:50:25,-119.86138,0.16124,39,14
2020-04-06 06:50:30,-119.86138,0.16124,40,14
2020-04-06 06:50:35,-119.86138,0.16124,43,14
2020-04-06 06:50:40,-119.86138,0.16124,41,14
2020-04-06 06:50:45,-119.86138,0.16124,44,14
2020-04-06 06:50:50,-119.86138,0.16124,46,14
2020-04-06 06:50:55,-119.86138,0.16124,43,14
2020-04-06 06:51:00,-119.86138,0.16124,35,14
2020-04-06 06:51:05,-119.86138,0.16124,38,14
2020-04-06 06:51:10,-119.86138,0.16124,42,14
2020-04-06 06:51:15,-119.86138,0.16124,40,14
2020-04-06 06:51:20,-119.86138,0.16124,45,14
2020-04-06 06:51:25,-119.86138,0.16124,42,14
2020-04-06 06:51:30,-119.86138,0.16124,45,14
2020-04-06 06:51:35,-119.86138,0.16124,46,14
2020-04-06 06:51:40,-119.86138,0.16124,44,14
2020-04-06 06:51:45,-119.86138,0.16124,41,14
2020-04-06 06:51:50,-119.86138,0.16124,40,14
2020-04-06 06:51:55,-119.86138,0.16124,46,14
2020-04-06 06:52:00,-119.86138,0.16124,39,14
2020-04-06 06:52:05,-119.86138,0.16124,49,14
2020-04-06 06:52:10,-119.86138,0.16124,41,14
2020-04-06 06:52:15,-119.86138,0.16124,43,14
2020-04-06 06:52:20,-119.86138,0.16124,45,14
2020-04-06 06:52:25,-119.86138,0.16124,43,14
2020-04-06 06:52:30,-119.86138,0.16124,40,14
2020-04-06 06:52:35,-119.86138,0.16124,41,14
2020-04-06 06:52:40,-119.86138,0.16124,43,14
2020-04-06 06:52:45,-119.86138,0.16124,41,14
2020-04-06 06:52:50,-119.86138,0.16124,41,14
2020-04-06 06:52:55,-119.86138,0.16124,42,14
2020-04-06 06:53:00,-119.86138,0.16124,41,14
2020-04-06 06:53:05,-119.86138,0.16124,41,14
2020-04-06 06:53:10,-119.86138,0.16124,45,14
2020-04-06 06:53:15,-119.86138,0.16124,36,14
2020-04-06 06:53:20,-119.86138,0.16124,44,14
2020-04-06 06:53:25,-119.86138,0.16124,38,14
2020-04-06 06:53:30,-119.86138,0.16124,36,14
2020-04-06 06:53:35,-119.86138,0.16124,42,14
2020-04-06 06:53:40,-119.86138,0.16124,46,14
2020-04-06 06:53:45,-119.86138,0.16124,44,14
2020-04-06 06:53:50,-119.86138,0.16124,35,14
2020-04-06 06:53:55,-119.86138,0.16124,38,14
2020-04-06 06:54:00,-119.86138,0.16124,39,14
2020-04-06 06:54:05,-119.86138,0.16124,46,14
2020-04-06 06:54:10,-119.86138,0.16124,41,14
2020-04-06 06:54:15,-119.86138,0.16124,38,14
2020-04-06 06:54:20,-119.86138,0.16124,40,14
2020-04-06 06:54:25,-119.86138,0.16124,38,14
2020-04-06 06:54:30,-119.86138,0.16124,40,14
2020-04-06 06:54:35,-119.86138,0.16124,41,14
2020-04-06 06:54:40,-119.86138,0.16124,43,14
2020-04-06 06:54:45,-119.86138,0.16124,41,14
2020-04-06 06:54:50,-119.86138,0.16124,37,14
2020-04-06 06:54:55,-119.86138,0.16124,37,14
2020-04-06 06:55:00,-119.86138,0.16124,43,14
2020-04-06 06:55:05,-119.86138,0.16124,41,14
2020-04-06 06:55:10,-119.86138,0.16124,42,14
2020-04-06 06:55:15,-119.86138,0.16124,44,14
2020-04-06 06:55:20,-119.86138,0.16124,43,14
2020-04-06 06:55:25,-119.86138,0.16124,38,14
2020-04-06 06:55:30,-119.86138,0.16124,39,14
2020-04-06 06:55:35,-119.86138,0.16124,43,14
2020-04-06 06:55:40,-119.86138,0.16124,43,14
2020-04-06 06:55:45,-119.86138,0.16124,39,14
2020-04-06 06:55:50,-119.86138,0.16124,42,14
2020-04-06 06:55:55,-119.86138,0.16124,46,14
2020-04-06 06:56:00,-119.86138,0.16124,42,14
2020-04-06 06:56:05,-119.86138,0.16124,43,14
2020-04-06 06:56:10,-119.86138,0.16124,45,14
2020-04-06 06:56:15,-119.86138,0.16124,41,14
2020-04-06 06:56:20,-119.86138,0.16124,43,14
2020-04-06 06:56:25,-119.86138,0.16124,40,14
2020-04-06 06:56:30,-119.86138,0.16124,43,14
2020-04-06 06:56:35,-119.86138,0.16124,44,14
2020-04-06 06:56:40,-119.86138,0.16124,40,14
2020-04-06 06:56:45,-119.86138,0.16124,43,14
2020-04-06 06:56:50,-119.86138,0.16124,38,14
2020-04-06 06:56:55,-119.86138,0.16124,39,14
2020-04-06 06:57:00,-119.86138,0.16124,43,14
2020-04-06 06:57:05,-119.86138,0.16124,43,14
2020-04-06 06:57:10,-119.86138,0.16124,36,14
2020-04-06 06:57:15,-119.86138,0.16124,41,14
2020-04-06 06:57:20,-119.86138,0.16124,45,14
2020-04-06 06:57:25,-119.86138,0.16124,42,14
2020-04-06 06:57:30,-119.86138,0.16124,38,14
2020-04-06 06:57:35,-119.86138,0.16124,46,14
2020-04-06 06:57:40,-119.86138,0.16124,44,14
2020-04-06 06:57:45,-119.86138,0.16124,40,14
2020-04-06 06:57:50,-119.86138,0.16124,40,14
2020-04-06 06:57:55,-119.86138,0.16124,39,14
2020-04-06 06:58:00,-119.86138,0.16124,41,14
2020-04-06 06:58:05,-119.86138,0.16124,41,14
2020-04-06 06:58:10,-119.86138,0.16124,42,14
2020-04-06 06:58:15,-119.86138,0.16124,41,14
2020-04-06 06:58:20,-119.86138,0.16124,44,14
2020-04-06 06:58:25,-119.86138,0.16124,40,14
2020-04-06 06:58:30,-119.86138,0.16124,42,14
2020-04-06 06:58:35,-119.86138,0.16124,46,14
2020-04-06 06:58:40,-119.86138,0.16124,40,14
2020-04-06 06:58:45,-119.86138,0.16124,45,14
2020-04-06 06:58:50,-119.86138,0.16124,44,14
2020-04-06 06:58:55,-119.86138,0.16124,44,14
2020-04-06 06:59:00,-119.86138,0.16124,45,14
2020-04-06 06:59:05,-119.86138,0.16124,41,14
2020-04-06 06:59:10,-119.86138,0.16124,46,14
2020-04-06 06:59:15,-119.86138,0.16124,42,14
2020-04-06 06:59:20,-119.86138,0.16124,39,14
2020-04-06 06:59:25,-119.86138,0.16124,42,14
2020-04-06 06:59:30,-119.86138,0.16124,39,14
2020-04-06 06:59:35,-119.86138,0.16124,40,14
2020-04-06 06:59:40,-119.86138,0.16124,40,14
2020-04-06 06:59:45,-119.86138,0.16124,39,14
2020-04-06 06:59:50,-119.86138,0.16124,39,14
2020-04-06 06:59:55,-119.86138,0.16124,42,14
2020-04-06 07:00:00,-119.86138,0.16124,41,14
2020-04-06 07:00:05,-119.86138,0.16124,38,14
2020-04-06 07:00:10,-119.86138,0.16124,36,14
2020-04-06 07:00:15,-119.86138,0.16124,41,14
2020-04-06 07:00:20,-119.86138,0.16124,40,14
2020-04-06 07:00:25,-119.86138,0.16124,37,14
2020-04-06 07:00:30,-119.86138,0.16124,41,14
2020-04-06 07:00:35,-119.86138,0.16124,43,14
2020-04-06 07:00:40,-119.86138,0.16124,41,14
2020-04-06 07:00:45,-119.86138,0.16124,43,14
2020-04-06 07:00:50,-119.86138,0.16124,43,14
2020-04-06 07:00:55,-119.86138,0.16124,40,14
2020-04-06 07:01:00,-119.86138,0.16124,46,14
2020-04-06 07:01:05,-119.86138,0.16124,44,14
2020-04-06 07:01:10,-119.86138,0.16124,44,14
2020-04-06 07:01:15,-119.86138,0.16124,43,14
2020-04-06 07:01:20,-119.86138,0.16124,37,14
2020-04-06 07:01:25,-119.86138,0.16124,44,14
2020-04-06 07:01:30,-119.86138,0.16124,42,14
2020-04-06 07:01:35,-119.86138,0.16124,44,14
2020-04-06 07:01:40,-119.86138,0.16124,43,14
2020-04-06 07:01:45,-119.86138,0.16124,39,14
2020-04-06 07:01:50,-119.86138,0.16124,40,14
2020-04-06 07:01:55,-119.86138,0.16124,40,14
2020-04-06 07:02:00,-119.86138,0.16124,39,14
2020-04-06 07:02:05,-119.86138,0.16124,43,14
2020-04-06 07:02:10,-119.86138,0.16124,41,14
2020-04-06 07:02:15,-119.86138,0.16124,47,14
2020-04-06 07:02:20,-119.86138,0.16124,41,14
2020-04-06 07:02:25,-119.86138,0.16124,37,14
2020-04-06 07:02:30,-119.86138,0.16124,41,14
2020-04-06 07:02:35,-119.86138,0.16124,45,14
2020-04-06 07:02:40,-119.86138,0.16124,45,14
2020-04-06 07:02:45,-119.86138,0.16124,42,14
2020-04-06 07:02:50,-119.86138,0.16124,42,14
2020-04-06 07:02:55,-119.86138,0.16124,42,14
2020-04-06 07:03:00,-119.86138,0.16124,41,14
2020-04-06 07:03:05,-119.86138,0.16124,48,14
2020-04-06 07:03:10,-119.86138,0.16124,43,14
2020-04-06 07:03:15,-119.86138,0.16124,39,14
2020-04-06 07:03:20,-119.86138,0.16124,37,14
2020-04-06 07:03:25,-119.86138,0.16124,44,14
2020-04-06 07:03:30,-119.86138,0.16124,39,14
2020-04-06 07:03:35,-119.86138,0.16124,42,14
2020-04-06 07:03:40,-119.86138,0.16124,38,14
2020-04-06 07:03:45,-119.86138,0.16124,43,14
2020-04-06 07:03:50,-119.86138,0.16124,42,14
2020-04-06 07:03:55,-119.86138,0.16124,40,14
2020-04-06 07:04:00,-119.86138,0.16124,42,14
2020-04-06 07:04:05,-119.86138,0.16124,41,14
2020-04-06 07:04:10,-119.86138,0.16124,45,14
2020-04-06 07:04:15,-119.86138,0.16124,40,14
2020-04-06 07:04:20,-119.86138,0.16124,42,14
2020-04-06 07:04:25,-119.86138,0.16124,42,14
2020-04-06 07:04:30,-119.86138,0.16124,39,14
2020-04-06 07:04:35,-119.86138,0.16124,40,14
2020-04-06 07:04:40,-119.86138,0.16124,35,14
2020-04-06 07:04:45,-119.86138,0.16124,42,14
2020-04-06 07:04:50,-119.86138,0.16124,37,14
2020-04-06 07:04:55,-119.86138,0.16124,39,14
2020-04-06 07:05:00,-119.86138,0.16124,47,14
2020-04-06 07:05:05,-119.86138,0.16124,40,14
2020-04-06 07:05:10,-119.86138,0.16124,41,14
2020-04-06 07:05:15,-119.86138,0.16124,33,14
2020-04-06 07:05:20,-119.86138,0.16124,45,14
2020-04-06 07:05:25,-119.86138,0.16124,37,14
2020-04-06 07:05:30,-119.86138,0.16124,41,14
2020-04-06 07:05:35,-119.86138,0.16124,42,14
2020-04-06 07:05:40,-119.86138,0.16124,38,14
2020-04-06 07:05:45,-119.86138,0.16124,42,14
2020-04-06 07:05:50,-119.86138,0.16124,45,14
2020-04-06 07:05:55,-119.86138,0.16124,44,14
2020-04-06 07:06:00,-119.86138,0.16124,44,14
2020-04-06 07:06:05,-119.86138,0.16124,41,14
2020-04-06 07:06:10,-119.86138,0.16124,40,14
2020-04-06 07:06:15,-119.86138,0.16124,40,14
2020-04-06 07:06:20,-119.86138,0.16124,43,14
2020-04-06 07:06:25,-119.86138,0.16124,42,14
2020-04-06 07:06:30,-119.86138,0.16124,42,14
2020-04-06 07:06:35,-119.86138,0.16124,40,14
2020-04-06 07:06:40,-119.86138,0.16124,44,14
2020-04-06 07:06:45,-119.86138,0.16124,43,14
2020-04-06 07:06:50,-119.86138,0.16124,41,14
2020-04-06 07:06:55,-119.86138,0.16124,45,14
2020-04-06 07:07:00,-119.86138,0.16124,37,14
2020-04-06 07:07:05,-119.86138,0.16124,43,14
2020-04-06 07:07:10,-119.86138,0.16124,40,14
2020-04-06 07:07:15,-119.86138,0.16124,42,14
2020-04-06 07:07:20,-119.86138,0.16124,40,14
2020-04-06 07:07:25,-119.86138,0.16124,37,14
2020-04-06 07:07:30,-119.86138,0.16124,40,14
2020-04-06 07:07:35,-119.86138,0.16124,40,14
2020-04-06 07:07:40,-119.86138,0.16124,43,14
2020-04-06 07:07:45,-119.86138,0.16124,39,14
2020-04-06 07:07:50,-119.86138,0.16124,44,14
2020-04-06 07:07:55,-119.86138,0.16124,38,14
2020-04-06 07:08:00,-119.86138,0.16124,47,14
2020-04-06 07:08:05,-119.86138,0.16124,43,14
2020-04-06 07:08:10,-119.86138,0.16124,41,14
2020-04-06 07:08:15,-119.86138,0.16124,42,14
2020-04-06 07:08:20,-119.86138,0.16124,41,14
2020-04-06 07:08:25,-119.86138,0.16124,41,14
2020-04-06 07:08:30,-119.86138,0.16124,43,14
2020-04-06 07:08:35,-119.86138,0.16124,40,14
2020-04-06 07:08:40,-119.86138,0.16124,38,14
2020-04-06 07:08:45,-119.86138,0.16124,45,14
2020-04-06 07:08:50,-119.86138,0.16124,42,14
2020-04-06 07:08:55,-119.86138,0.16124,40,14
2020-04-06 07:09:00,-119.86138,0.16124,43,14
2020-04-06 07:09:05,-119.86138,0.16124,41,14
2020-04-06 07:09:10,-119.86138,0.16124,38,14
2020-04-06 07:09:15,-119.86138,0.16124,39,14
2020-04-06 07:09:20,-119.86138,0.16124,35,14
2020-04-06 07:09:25,-119.86138,0.16124,42,14
2020-04-06 07:09:30,-119.86138,0.16124,43,14
2020-04-06 07:09:35,-119.86138,0.16124,42,14
2020-04-06 07:09:40,-119.86138,0.16124,41,14
2020-04-06 07:09:45,-119.86138,0.16124,43,14
2020-04-06 07:09:50,-119.86138,0.16124,38,14
2020-04-06 07:09:55,-119.86138,0.16124,45,14
2020-04-06 07:10:00,-119.86138,0.16124,39,14
2020-04-06 07:10:05,-119.86138,0.16124,41,14
2020-04-06 07:10:10,-119.86138,0.16124,41,14
2020-04-06 07:10:15,-119.86138,0.16124,40,14
2020-04-06 07:10:20,-119.86138,0.16124,41,14
2020-04-06 07:10:25,-119.86138,0.16124,38,14
2020-04-06 07:10:30,-119.86138,0.16124,43,14
2020-04-06 07:10:35,-119.86138,0.16124,39,14
2020-04-06 07:10:40,-119.86138,0.16124,39,14
2020-04-06 07:10:45,-119.86138,0.16124,39,14
2020-04-06 07:10:50,-119.86138,0.16124,38,14
2020-04-06 07:10:55,-119.86138,0.16124,41,14
2020-04-06 07:11:00,-119.86138,0.16124,43,14
2020-04-06 07:11:05,-119.86138,0.16124,42,14
2020-04-06 07:11:10,-119.86138,0.16124,40,14
2020-04-06 07:11:15,-119.86138,0.16124,42,14
2020-04-06 07:11:20,-119.86138,0.16124,48,14
2020-04-06 07:11:25,-119.86138,0.16124,40,14
2020-04-06 07:11:30,-119.86138,0.16124,41,14
2020-04-06 07:11:35,-119.86138,0.16124,42,14
2020-04-06 07:11:40,-119.86138,0.16124,37,14
2020-04-06 07:11:45,-119.86138,0.16124,42,14
2020-04-06 07:11:50,-119.86138,0.16124,40,14
2020-04-06 07:11:55,-119.86138,0.16124,47,14
2020-04-06 07:12:00,-119.86138,0.16124,45,14
2020-04-06 07:12:05,-119.86138,0.16124,42,14
2020-04-06 07:12:10,-119.86138,0.16124,40,14
2020-04-06 07:12:15,-119.86138,0.16124,42,14
2020-04-06 07:12:20,-119.86138,0.16124,39,14
2020-04-06 07:12:25,-119.86138,0.16124,35,14
2020-04-06 07:12:30,-119.86138,0.16124,38,14
2020-04-06 07:12:35,-119.86138,0.16124,41,14
2020-04-06 07:12:40,-119.86138,0.16124,42,14
2020-04-06 07:12:45,-119.86138,0.16124,39,14
2020-04-06 07:12:50,-119.86138,0.16124,38,14
2020-04-06 07:12:55,-119.86138,0.16124,42,14
2020-04-06 07:13:00,-119.86138,0.16124,41,14
2020-04-06 07:13:05,-119.86138,0.16124,37,14
2020-04-06 07:13:10,-119.86138,0.16124,40,14
2020-04-06 07:13:15,-119.86138,0.16124,38,14
2020-04-06 07:13:20,-119.86138,0.16124,41,14
2020-04-06 07:13:25,-119.86138,0.16124,43,14
2020-04-06 07:13:30,-119.86138,0.16124,44,14
2020-04-06 07:13:35,-119.86138,0.16124,42,14
2020-04-06 07:13:40,-119.86138,0.16124,41,14
2020-04-06 07:13:45,-119.86138,0.16124,42,14
2020-04-06 07:13:50,-119.86138,0.16124,42,14
2020-04-06 07:13:55,-119.86138,0.16124,44,14
2020-04-06 07:14:00,-119.86138,0.16124,37,14
2020-04-06 07:14:05,-119.86138,0.16124,40,14
2020-04-06 07:14:10,-119.86138,0.16124,45,14
2020-04-06 07:14:15,-119.86138,0.16124,40,14
2020-04-06 07:14:20,-119.86138,0.16124,42,14
2020-04-06 07:14:25,-119.86138,0.16124,42,14
2020-04-06 07:14:30,-119.86138,0.16124,42,14
2020-04-06 07:14:35,-119.86138,0.16124,45,14
2020-04-06 07:14:40,-119.86138,0.16124,42,14
2020-04-06 07:14:45,-119.86138,0.16124,37,14
2020-04-06 07:14:50,-119.86138,0.16124,40,14
2020-04-06 07:14:55,-119.86138,0.16124,37,14
2020-04-06 07:15:00,-119.86138,0.16124,46,14
2020-04-06 07:15:05,-119.86138,0.16124,40,14
2020-04-06 07:15:10,-119.86138,0.16124,40,14
2020-04-06 07:15:15,-119.86138,0.16124,41,14
2020-04-06 07:15:20,-119.86138,0.16124,39,14
2020-04-06 07:15:25,-119.86138,0.16124,44,14
2020-04-06 07:15:30,-119.86138,0.16124,43,14
2020-04-06 07:15:35,-119.86138,0.16124,44,14
2020-04-06 07:15:40,-119.86138,0.16124,40,14
2020-04-06 07:15:45,-119.86138,0.16124,42,14
2020-04-06 07:15:50,-119.86138,0.16124,42,14
2020-04-06 07:15:55,-119.86138,0.16124,45,14
2020-04-06 07:16:00,-119.86138,0.16124,37,14
2020-04-06 07:16:05,-119.86138,0.16124,42,14
2020-04-06 07:16:10,-119.86138,0.16124,45,14
2020-04-06 07:16:15,-119.86138,0.16124,42,14
2020-04-06 07:16:20,-119.86138,0.16124,42,14
2020-04-06 07:16:25,-119.86138,0.16124,41,14
2020-04-06 07:16:30,-119.86138,0.16124,44,14
2020-04-06 07:16:35,-119.86138,0.16124,45,14
2020-04-06 07:16:40,-119.86138,0.16124,45,14
2020-04-06 07:16:45,-119.86138,0.16124,38,14
2020-04-06 07:16:50,-119.86138,0.16124,44,14
2020-04-06 07:16:55,-119.86138,0.16124,41,14
2020-04-06 07:17:00,-119.86138,0.16124,41,14
2020-04-06 07:17:05,-119.86138,0.16124,40,14
2020-04-06 07:17:10,-119.86138,0.16124,43,14
2020-04-06 07:17:15,-119.86138,0.16124,39,14
2020-04-06 07:17:20,-119.86138,0.16124,38,14
2020-04-06 07:17:25,-119.86138,0.16124,46,14
2020-04-06 07:17:30,-119.86138,0.16124,41,14
2020-04-06 07:17:35,-119.86138,0.16124,41,14
2020-04-06 07:17:40,-119.86138,0.16124,39,14
2020-04-06 07:17:45,-119.86138,0.16124,45,14
2020-04-06 07:17:50,-119.86138,0.16124,39,14
2020-04-06 07:17:55,-119.86138,0.16124,41,14
2020-04-06 07:18:00,-119.86138,0.16124,41,14
2020-04-06 07:18:05,-119.86138,0.16124,37,14
2020-04-06 07:18:10,-119.86138,0.16124,51,14
2020-04-06 07:18:15,-119.86138,0.16124,46,14
2020-04-06 07:18:20,-119.86138,0.16124,44,14
2020-04-06 07:18:25,-119.86138,0.16124,41,14
2020-04-06 07:18:30,-119.86138,0.16124,44,14
2020-04-06 07:18:35,-119.86138,0.16124,46,14
2020-04-06 07:18:40,-119.86138,0.16124,36,14
2020-04-06 07:18:45,-119.86138,0.16124,45,14
2020-04-06 07:18:50,-119.86138,0.16124,45,14
2020-04-06 07:18:55,-119.86138,0.16124,39,14
2020-04-06 07:19:00,-119.86138,0.16124,39,14
2020-04-06 07:19:05,-119.86138,0.16124,40,14
2020-04-06 07:19:10,-119.86138,0.16124,41,14
2020-04-06 07:19:15,-119.86138,0.16124,47,14
2020-04-06 07:19:20,-119.86138,0.16124,38,14
2020-04-06 07:19:25,-119.86138,0.16124,46,14
2020-04-06 07:19:30,-119.86138,0.16124,44,14
2020-04-06 07:19:35,-119.86138,0.16124,46,14
2020-04-06 07:19:40,-119.86138,0.16124,43,14
2020-04-06 07:19:45,-119.86138,0.16124,45,14
2020-04-06 07:19:50,-119.86138,0.16124,47,14
2020-04-06 07:19:55,-119.86138,0.16124,48,14
2020-04-06 07:20:00,-119.86138,0.16124,43,14
2020-04-06 07:20:05,-119.86138,0.16124,44,14
2020-04-06 07:20:10,-119.86138,0.16124,43,14
2020-04-06 07:20:15,-119.86138,0.16124,41,14
2020-04-06 07:20:20,-119.86138,0.16124,46,14
2020-04-06 07:20:25,-119.86138,0.16124,47,14
2020-04-06 07:20:30,-119.86138,0.16124,43,14
2020-04-06 07:20:35,-119.86138,0.16124,47,14
2020-04-06 07:20:40,-119.86138,0.16124,39,14
2020-04-06 07:20:45,-119.86138,0.16124,42,14
2020-04-06 07:20:50,-119.86138,0.16124,43,14
2020-04-06 07:20:55,-119.86138,0.16124,41,14
2020-04-06 07:21:00,-119.86138,0.16124,40,14
2020-04-06 07:21:05,-119.86138,0.16124,41,14
2020-04-06 07:21:10,-119.86138,0.16124,42,14
2020-04-06 07:21:15,-119.86138,0.16124,46,14
2020-04-06 07:21:20,-119.86138,0.16124,38,14
2020-04-06 07:21:25,-119.86138,0.16124,42,14
2020-04-06 07:21:30,-119.86138,0.16124,44,14
2020-04-06 07:21:35,-119.86138,0.16124,42,14
2020-04-06 07:21:40,-119.86138,0.16124,44,14
2020-04-06 07:21:45,-119.86138,0.16124,42,14
2020-04-06 07:21:50,-119.86138,0.16124,40,14
2020-04-06 07:21:55,-119.86138,0.16124,37,14
2020-04-06 07:22:00,-119.86138,0.16124,43,14
2020-04-06 07:22:05,-119.86138,0.16124,45,14
2020-04-06 07:22:10,-119.86138,0.16124,41,14
2020-04-06 07:22:15,-119.86138,0.16124,49,14
2020-04-06 07:22:20,-119.86138,0.16124,44,14
2020-04-06 07:22:25,-119.86138,0.16124,39,14
2020-04-06 07:22:30,-119.86138,0.16124,39,14
2020-04-06 07:22:35,-119.86138,0.16124,37,14
2020-04-06 07:22:40,-119.86138,0.16124,40,14
2020-04-06 07:22:45,-119.86138,0.16124,43,14
2020-04-06 07:22:50,-119.86138,0.16124,38,14
2020-04-06 07:22:55,-119.86138,0.16124,42,14
2020-04-06 07:23:00,-119.86138,0.16124,44,14
2020-04-06 07:23:05,-119.86138,0.16124,40,14
2020-04-06 07:23:10,-119.86138,0.16124,42,14
2020-04-06 07:23:15,-119.86138,0.16124,44,14
2020-04-06 07:23:20,-119.86138,0.16124,42,14
2020-04-06 07:23:25,-119.86138,0.16124,41,14
2020-04-06 07:23:30,-119.86138,0.16124,38,14
2020-04-06 07:23:35,-119.86138,0.16124,38,14
2020-04-06 07:23:40,-119.86138,0.16124,38,14
2020-04-06 07:23:45,-119.86138,0.16124,37,14
2020-04-06 07:23:50,-119.86138,0.16124,38,14
2020-04-06 07:23:55,-119.86138,0.16124,44,14
2020-04-06 07:24:00,-119.86138,0.16124,36,14
2020-04-06 07:24:05,-119.86138,0.16124,38,14
2020-04-06 07:24:10,-119.86138,0.16124,42,14
2020-04-06 07:24:15,-119.86138,0.16124,37,14
2020-04-06 07:24:20,-119.86138,0.16124,38,14
2020-04-06 07:24:25,-119.86138,0.16124,39,14
2020-04-06 07:24:30,-119.86138,0.16124,42,14
2020-04-06 07:24:35,-119.86138,0.16124,41,14
2020-04-06 07:24:40,-119.86138,0.16124,39,14
2020-04-06 07:24:45,-119.86138,0.16124,41,14
2020-04-06 07:24:50,-119.86138,0.16124,46,14
2020-04-06 07:24:55,-119.86138,0.16124,45,14
2020-04-06 07:25:00,-119.86138,0.16124,39,14
2020-04-06 07:25:05,-119.86138,0.16124,38,14
2020-04-06 07:25:10,-119.86138,0.16124,39,14
2020-04-06 07:25:15,-119.86138,0.16124,39,14
2020-04-06 07:25:20,-119.86138,0.16124,43,14
2020-04-06 07:25:25,-119.86138,0.16124,43,14
2020-04-06 07:25:30,-119.86138,0.16124,40,14
2020-04-06 07:25:35,-119.86138,0.16124,41,14
2020-04-06 07:25:40,-119.86138,0.16124,36,14
2020-04-06 07:25:45,-119.86138,0.16124,37,14
2020-04-06 07:25:50,-119.86138,0.16124,39,14
2020-04-06 07:25:55,-119.86138,0.16124,38,14
2020-04-06 07:26:00,-119.86138,0.16124,38,14
2020-04-06 07:26:05,-119.86138,0.16124,40,14
2020-04-06 07:26:10,-119.86138,0.16124,37,14
2020-04-06 07:26:15,-119.86138,0.16124,43,14
2020-04-06 07:26:20,-119.86138,0.16124,41,14
2020-04-06 07:26:25,-119.86138,0.16124,38,14
2020-04-06 07:26:30,-119.86138,0.16124,42,14
2020-04-06 07:26:35,-119.86138,0.16124,43,14
2020-04-06 07:26:40,-119.86138,0.16124,42,14
2020-04-06 07:26:45,-119.86138,0.16124,39,14
2020-04-06 07:26:50,-119.86138,0.16124,42,14
2020-04-06 07:26:55,-119.86138,0.16124,35,14
2020-04-06 07:27:00,-119.86138,0.16124,35,14
2020-04-06 07:27:05,-119.86138,0.16124,45,14
2020-04-06 07:27:10,-119.86138,0.16124,43,14
2020-04-06 07:27:15,-119.86138,0.16124,35,14
2020-04-06 07:27:20,-119.86138,0.16124,40,14
2020-04-06 07:27:25,-119.86138,0.16124,43,14
2020-04-06 07:27:30,-119.86138,0.16124,38,14
2020-04-06 07:27:35,-119.86138,0.16124,41,14
2020-04-06 07:27:40,-119.86138,0.16124,46,14
2020-04-06 07:27:45,-119.86138,0.16124,44,14
2020-04-06 07:27:50,-119.86138,0.16124,41,14
2020-04-06 07:27:55,-119.86138,0.16124,36,14
2020-04-06 07:28:00,-119.86138,0.16124,42,14
2020-04-06 07:28:05,-119.86138,0.16124,44,14
2020-04-06 07:28:10,-119.86138,0.16124,40,14
2020-04-06 07:28:15,-119.86138,0.16124,40,14
2020-04-06 07:28:20,-119.86138,0.16124,40,14
2020-04-06 07:28:25,-119.86138,0.16124,43,14
2020-04-06 07:28:30,-119.86138,0.16124,37,14
2020-04-06 07:28:35,-119.86138,0.16124,44,14
2020-04-06 07:28:40,-119.86138,0.16124,41,14
2020-04-06 07:28:45,-119.86138,0.16124,42,14
2020-04-06 07:28:50,-119.86138,0.16124,43,14
2020-04-06 07:28:55,-119.86138,0.16124,38,14
2020-04-06 07:29:00,-119.86138,0.16124,44,14
2020-04-06 07:29:05,-119.86138,0.16124,46,14
2020-04-06 07:29:10,-119.86138,0.16124,48,14
2020-04-06 07:29:15,-119.86138,0.16124,46,14
2020-04-06 07:29:20,-119.86138,0.16124,39,14
2020-04-06 07:29:25,-119.86138,0.16124,33,14
2020-04-06 07:29:30,-119.86138,0.16124,38,14
2020-04-06 07:29:35,-119.86138,0.16124,39,14
2020-04-06 07:29:40,-119.86138,0.16124,44,14
2020-04-06 07:29:45,-119.86138,0.16124,37,14
2020-04-06 07:29:50,-119.86138,0.16124,39,14
2020-04-06 07:29:55,-119.86138,0.16124,42,14
2020-04-06 07:30:00,-119.86138,0.16124,38,14
2020-04-06 07:30:05,-119.86138,0.16124,40,14
2020-04-06 07:30:10,-119.86138,0.16124,47,14
2020-04-06 07:30:15,-119.86138,0.16124,40,14
2020-04-06 07:30:20,-119.86138,0.16124,43,14
2020-04-06 07:30:25,-119.86138,0.16124,40,14
2020-04-06 07:30:30,-119.86138,0.16124,43,14
2020-04-06 07:30:35,-119.86138,0.16124,41,14
2020-04-06 07:30:40,-119.86138,0.16124,46,14
2020-04-06 07:30:45,-119.86138,0.16124,39,14
2020-04-06 07:30:50,-119.86138,0.16124,43,14
2020-04-06 07:30:55,-119.86138,0.16124,40,14
2020-04-06 07:31:00,-119.86138,0.16124,45,14
2020-04-06 07:31:05,-119.86138,0.16124,42,14
2020-04-06 07:31:10,-119.86138,0.16124,43,14
2020-04-06 07:31:15,-119.86138,0.16124,42,14
2020-04-06 07:31:20,-119.86138,0.16124,37,14
2020-04-06 07:31:25,-119.86138,0.16124,43,14
2020-04-06 07:31:30,-119.86138,0.16124,44,14
2020-04-06 07:31:35,-119.86138,0.16124,43,14
2020-04-06 07:31:40,-119.86138,0.16124,45,14
2020-04-06 07:31:45,-119.86138,0.16124,43,14
2020-04-06 07:31:50,-119.86138,0.16124,41,14
2020-04-06 07:31:55,-119.86138,0.16124,46,14
2020-04-06 07:32:00,-119.86138,0.16124,45,14
2020-04-06 07:32:05,-119.86138,0.16124,45,14
2020-04-06 07:32:10,-119.86138,0.16124,44,14
2020-04-06 07:32:15,-119.86138,0.16124,41,14
2020-04-06 07:32:20,-119.86138,0.16124,39,14
2020-04-06 07:32:25,-119.86138,0.16124,40,14
2020-04-06 07:32:30,-119.86138,0.16124,42,14
2020-04-06 07:32:35,-119.86138,0.16124,41,14
2020-04-06 07:32:40,-119.86138,0.16124,44,14
2020-04-06 07:32:45,-119.86138,0.16124,42,14
2020-04-06 07:32:50,-119.86138,0.16124,38,14
2020-04-06 07:32:55,-119.86138,0.16124,40,14
2020-04-06 07:33:00,-119.86138,0.16124,41,14
2020-04-06 07:33:05,-119.86138,0.16124,41,14
2020-04-06 07:33:10,-119.86138,0.16124,40,14
2020-04-06 07:33:15,-119.86138,0.16124,43,14
2020-04-06 07:33:20,-119.86138,0.16124,42,14
2020-04-06 07:33:25,-119.86138,0.16124,46,14
2020-04-06 07:33:30,-119.86138,0.16124,46,14
2020-04-06 07:33:35,-119.86138,0.16124,38,14
2020-04-06 07:33:40,-119.86138,0.16124,40,14
2020-04-06 07:33:45,-119.86138,0.16124,43,14
2020-04-06 07:33:50,-119.86138,0.16124,44,14
2020-04-06 07:33:55,-119.86138,0.16124,42,14
2020-04-06 07:34:00,-119.86138,0.16124,38,14
2020-04-06 07:34:05,-119.86138,0.16124,47,14
2020-04-06 07:34:10,-119.86138,0.16124,42,14
2020-04-06 07:34:15,-119.86138,0.16124,41,14
2020-04-06 07:34:20,-119.86138,0.16124,40,14
2020-04-06 07:34:25,-119.86138,0.16124,42,14
2020-04-06 07:34:30,-119.86138,0.16124,45,14
2020-04-06 07:34:35,-119.86138,0.16124,40,14
2020-04-06 07:34:40,-119.86138,0.16124,43,14
2020-04-06 07:34:45,-119.86138,0.16124,41,14
2020-04-06 07:34:50,-119.86138,0.16124,38,14
2020-04-06 07:34:55,-119.86138,0.16124,47,14
2020-04-06 07:35:00,-119.86138,0.16124,42,14
2020-04-06 07:35:05,-119.86138,0.16124,43,14
2020-04-06 07:35:10,-119.86138,0.16124,43,14
2020-04-06 07:35:15,-119.86138,0.16124,41,14
2020-04-06 07:35:20,-119.86138,0.16124,39,14
2020-04-06 07:35:25,-119.86138,0.16124,44,14
2020-04-06 07:35:30,-119.86138,0.16124,43,14
2020-04-06 07:35:35,-119.86138,0.16124,39,14
2020-04-06 07:35:40,-119.86138,0.16124,46,14
2020-04-06 07:35:45,-119.86138,0.16124,41,14
2020-04-06 07:35:50,-119.86138,0.16124,42,14
2020-04-06 07:35:55,-119.86138,0.16124,42,14
2020-04-06 07:36:00,-119.86138,0.16124,33,14
2020-04-06 07:36:05,-119.86138,0.16124,42,14
2020-04-06 07:36:10,-119.86138,0.16124,47,14
2020-04-06 07:36:15,-119.86138,0.16124,43,14
2020-04-06 07:36:20,-119.86138,0.16124,40,14
2020-04-06 07:36:25,-119.86138,0.16124,44,14
2020-04-06 07:36:30,-119.86138,0.16124,41,14
2020-04-06 07:36:35,-119.86138,0.16124,39,14
2020-04-06 07:36:40,-119.86138,0.16124,39,14
2020-04-06 07:36:45,-119.86138,0.16124,39,14
2020-04-06 07:36:50,-119.86138,0.16124,44,14
2020-04-06 07:36:55,-119.86138,0.16124,39,14
2020-04-06 07:37:00,-119.86138,0.16124,41,14
2020-04-06 07:37:05,-119.86138,0.16124,40,14
2020-04-06 07:37:10,-119.86138,0.16124,45,14
2020-04-06 07:37:15,-119.86138,0.16124,45,14
2020-04-06 07:37:20,-119.86138,0.16124,42,14
2020-04-06 07:37:25,-119.86138,0.16124,36,14
2020-04-06 07:37:30,-119.86138,0.16124,44,14
2020-04-06 07:37:35,-119.86138,0.16124,48,14
2020-04-06 07:37:40,-119.86138,0.16124,38,14
2020-04-06 07:37:45,-119.86138,0.16124,44,14
2020-04-06 07:37:50,-119.86138,0.16124,40,14
2020-04-06 07:37:55,-119.86138,0.16124,42,14
2020-04-06 07:38:00,-119.86138,0.16124,38,14
2020-04-06 07:38:05,-119.86138,0.16124,45,14
2020-04-06 07:38:10,-119.86138,0.16124,39,14
2020-04-06 07:38:15,-119.86138,0.16124,42,14
2020-04-06 07:38:20,-119.86138,0.16124,42,14
2020-04-06 07:38:25,-119.86138,0.16124,39,14
2020-04-06 07:38:30,-119.86138,0.16124,44,14
2020-04-06 07:38:35,-119.86138,0.16124,41,14
2020-04-06 07:38:40,-119.86138,0.16124,43,14
2020-04-06 07:38:45,-119.86138,0.16124,40,14
2020-04-06 07:38:50,-119.86138,0.16124,44,14
2020-04-06 07:38:55,-119.86138,0.16124,43,14
2020-04-06 07:39:00,-119.86138,0.16124,46,14
2020-04-06 07:39:05,-119.86138,0.16124,43,14
2020-04-06 07:39:10,-119.86138,0.16124,46,14
2020-04-06 07:39:15,-119.86138,0.16124,45,14
2020-04-06 07:39:20,-119.86138,0.16124,39,14
2020-04-06 07:39:25,-119.86138,0.16124,47,14
2020-04-06 07:39:30,-119.86138,0.16124,41,14
2020-04-06 07:39:35,-119.86138,0.16124,37,14
2020-04-06 07:39:40,-119.86138,0.16124,44,14
2020-04-06 07:39:45,-119.86138,0.16124,43,14
2020-04-06 07:39:50,-119.86138,0.16124,39,14
2020-04-06 07:39:55,-119.86138,0.16124,39,14
2020-04-06 07:40:00,-119.86138,0.16124,39,14
2020-04-06 07:40:05,-119.86138,0.16124,37,14
2020-04-06 07:40:10,-119.86138,0.16124,40,14
2020-04-06 07:40:15,-119.86138,0.16124,39,14
2020-04-06 07:40:20,-119.86138,0.16124,40,14
2020-04-06 07:40:25,-119.86138,0.16124,36,14
2020-04-06 07:40:30,-119.86138,0.16124,42,14
2020-04-06 07:40:35,-119.86138,0.16124,41,14
2020-04-06 07:40:40,-119.86138,0.16124,40,14
2020-04-06 07:40:45,-119.86138,0.16124,38,14
2020-04-06 07:40:50,-119.86138,0.16124,45,14
2020-04-06 07:40:55,-119.86138,0.16124,39,14
2020-04-06 07:41:00,-119.86138,0.16124,40,14
2020-04-06 07:41:05,-119.86138,0.16124,39,14
2020-04-06 07:41:10,-119.86138,0.16124,44,14
2020-04-06 07:41:15,-119.86138,0.16124,37,14
2020-04-06 07:41:20,-119.86138,0.16124,42,14
2020-04-06 07:41:25,-119.86138,0.16124,40,14
2020-04-06 07:41:30,-119.86138,0.16124,42,14
2020-04-06 07:41:35,-119.86138,0.16124,45,14
2020-04-06 07:41:40,-119.86138,0.16124,40,14
2020-04-06 07:41:45,-119.86138,0.16124,40,14
2020-04-06 07:41:50,-119.86138,0.16124,43,14
2020-04-06 07:41:55,-119.86138,0.16124,41,14
2020-04-06 07:42:00,-119.86138,0.16124,40,14
2020-04-06 07:42:05,-119.86138,0.16124,44,14
2020-04-06 07:42:10,-119.86138,0.16124,45,14
2020-04-06 07:42:15,-119.86138,0.16124,41,14
2020-04-06 07:42:20,-119.86138,0.16124,36,14
2020-04-06 07:42:25,-119.86138,0.16124,40,14
2020-04-06 07:42:30,-119.86138,0.16124,37,14
2020-04-06 07:42:35,-119.86138,0.16124,45,14
2020-04-06 07:42:40,-119.86138,0.16124,44,14
2020-04-06 07:42:45,-119.86138,0.16124,42,14
2020-04-06 07:42:50,-119.86138,0.16124,41,14
2020-04-06 07:42:55,-119.86138,0.16124,45,14
2020-04-06 07:43:00,-119.86138,0.16124,40,14
2020-04-06 07:43:05,-119.86138,0.16124,40,14
2020-04-06 07:43:10,-119.86138,0.16124,42,14
2020-04-06 07:43:15,-119.86138,0.16124,45,14
2020-04-06 07:43:20,-119.86138,0.16124,45,14
2020-04-06 07:43:25,-119.86138,0.16124,42,14
2020-04-06 07:43:30,-119.86138,0.16124,44,14
2020-04-06 07:43:35,-119.86138,0.16124,43,14
2020-04-06 07:43:40,-119.86138,0.16124,49,14
2020-04-06 07:43:45,-119.86138,0.16124,42,14
2020-04-06 07:43:50,-119.86138,0.16124,36,14
2020-04-06 07:43:55,-119.86138,0.16124,42,14
2020-04-06 07:44:00,-119.86138,0.16124,42,14
2020-04-06 07:44:05,-119.86138,0.16124,42,14
2020-04-06 07:44:10,-119.86138,0.16124,41,14
2020-04-06 07:44:15,-119.86138,0.16124,41,14
2020-04-06 07:44:20,-119.86138,0.16124,42,14
2020-04-06 07:44:25,-119.86138,0.16124,42,14
2020-04-06 07:44:30,-119.86138,0.16124,47,14
2020-04-06 07:44:35,-119.86138,0.16124,42,14
2020-04-06 07:44:40,-119.86138,0.16124,41,14
2020-04-06 07:44:45,-119.86138,0.16124,42,14
2020-04-06 07:44:50,-119.86138,0.16124,41,14
2020-04-06 07:44:55,-119.86138,0.16124,46,14
2020-04-06 07:45:00,-119.86138,0.16124,41,14
2020-04-06 07:45:05,-119.86138,0.16124,38,14
2020-04-06 07:45:10,-119.86138,0.16124,43,14
2020-04-06 07:45:15,-119.86138,0.16124,41,14
2020-04-06 07:45:20,-119.86138,0.16124,41,14
2020-04-06 07:45:25,-119.86138,0.16124,40,14
2020-04-06 07:45:30,-119.86138,0.16124,40,14
2020-04-06 07:45:35,-119.86138,0.16124,41,14
2020-04-06 07:45:40,-119.86138,0.16124,39,14
2020-04-06 07:45:45,-119.86138,0.16124,38,14
2020-04-06 07:45:50,-119.86138,0.16124,43,14
2020-04-06 07:45:55,-119.86138,0.16124,47,14
2020-04-06 07:46:00,-119.86138,0.16124,36,14
2020-04-06 07:46:05,-119.86138,0.16124,42,14
2020-04-06 07:46:10,-119.86138,0.16124,44,14
2020-04-06 07:46:15,-119.86138,0.16124,40,14
2020-04-06 07:46:20,-119.86138,0.16124,38,14
2020-04-06 07:46:25,-119.86138,0.16124,41,14
2020-04-06 07:46:30,-119.86138,0.16124,43,14
2020-04-06 07:46:35,-119.86138,0.16124,44,14
2020-04-06 07:46:40,-119.86138,0.16124,45,14
2020-04-06 07:46:45,-119.86138,0.16124,42,14
2020-04-06 07:46:50,-119.86138,0.16124,43,14
2020-04-06 07:46:55,-119.86138,0.16124,40,14
2020-04-06 07:47:00,-119.86138,0.16124,42,14
2020-04-06 07:47:05,-119.86138,0.16124,42,14
2020-04-06 07:47:10,-119.86138,0.16124,48,14
2020-04-06 07:47:15,-119.86138,0.16124,44,14
2020-04-06 07:47:20,-119.86138,0.16124,37,14
2020-04-06 07:47:25,-119.86138,0.16124,41,14
2020-04-06 07:47:30,-119.86138,0.16124,38,14
2020-04-06 07:47:35,-119.86138,0.16124,44,14
2020-04-06 07:47:40,-119.86138,0.16124,40,14
2020-04-06 07:47:45,-119.86138,0.16124,41,14
2020-04-06 07:47:50,-119.86138,0.16124,50,14
2020-04-06 07:47:55,-119.86138,0.16124,45,14
2020-04-06 07:48:00,-119.86138,0.16124,45,14
2020-04-06 07:48:05,-119.86138,0.16124,42,14
2020-04-06 07:48:10,-119.86138,0.16124,43,14
2020-04-06 07:48:15,-119.86138,0.16124,40,14
2020-04-06 07:48:20,-119.86138,0.16124,43,14
2020-04-06 07:48:25,-119.86138,0.16124,45,14
2020-04-06 07:48:30,-119.86138,0.16124,41,14
2020-04-06 07:48:35,-119.86138,0.16124,43,14
2020-04-06 07:48:40,-119.86138,0.16124,38,14
2020-04-06 07:48:45,-119.86138,0.16124,37,14
2020-04-06 07:48:50,-119.86138,0.16124,46,14
2020-04-06 07:48:55,-119.86138,0.16124,44,14
2020-04-06 07:49:00,-119.86138,0.16124,37,14
2020-04-06 07:49:05,-119.86138,0.16124,42,14
2020-04-06 07:49:10,-119.86138,0.16124,37,14
2020-04-06 07:49:15,-119.86138,0.16124,44,14
2020-04-06 07:49:20,-119.86138,0.16124,44,14
2020-04-06 07:49:25,-119.86138,0.16124,39,14
2020-04-06 07:49:30,-119.86138,0.16124,44,14
2020-04-06 07:49:35,-119.86138,0.16124,36,14
2020-04-06 07:49:40,-119.86138,0.16124,43,14
2020-04-06 07:49:45,-119.86138,0.16124,45,14
2020-04-06 07:49:50,-119.86138,0.16124,43,14
2020-04-06 07:49:55,-119.86138,0.16124,44,14
2020-04-06 07:50:00,-119.86138,0.16124,43,14
2020-04-06 07:50:05,-119.86138,0.16124,45,14
2020-04-06 07:50:10,-119.86138,0.16124,48,14
2020-04-06 07:50:15,-119.86138,0.16124,42,14
2020-04-06 07:50:20,-119.86138,0.16124,41,14
2020-04-06 07:50:25,-119.86138,0.16124,40,14
2020-04-06 07:50:30,-119.86138,0.16124,37,14
2020-04-06 07:50:35,-119.86138,0.16124,40,14
2020-04-06 07:50:40,-119.86138,0.16124,43,14
2020-04-06 07:50:45,-119.86138,0.16124,36,14
2020-04-06 07:50:50,-119.86138,0.16124,39,14
2020-04-06 07:50:55,-119.86138,0.16124,38,14
2020-04-06 07:51:00,-119.86138,0.16124,40,14
2020-04-06 07:51:05,-119.86138,0.16124,43,14
2020-04-06 07:51:10,-119.86138,0.16124,42,14
2020-04-06 07:51:15,-119.86138,0.16124,41,14
2020-04-06 07:51:20,-119.86138,0.16124,40,14
2020-04-06 07:51:25,-119.86138,0.16124,41,14
2020-04-06 07:51:30,-119.86138,0.16124,46,14
2020-04-06 07:51:35,-119.86138,0.16124,41,14
2020-04-06 07:51:40,-119.86138,0.16124,37,14
2020-04-06 07:51:45,-119.86138,0.16124,40,14
2020-04-06 07:51:50,-119.86138,0.16124,44,14
2020-04-06 07:51:55,-119.86138,0.16124,43,14
2020-04-06 07:52:00,-119.86138,0.16124,40,14
2020-04-06 07:52:05,-119.86138,0.16124,36,14
2020-04-06 07:52:10,-119.86138,0.16124,39,14
2020-04-06 07:52:15,-119.86138,0.16124,44,14
2020-04-06 07:52:20,-119.86138,0.16124,40,14
2020-04-06 07:52:25,-119.86138,0.16124,41,14
2020-04-06 07:52:30,-119.86138,0.16124,42,14
2020-04-06 07:52:35,-119.86138,0.16124,45,14
2020-04-06 07:52:40,-119.86138,0.16124,40,14
2020-04-06 07:52:45,-119.86138,0.16124,41,14
2020-04-06 07:52:50,-119.86138,0.16124,41,14
2020-04-06 07:52:55,-119.86138,0.16124,43,14
2020-04-06 07:53:00,-119.86138,0.16124,39,14
2020-04-06 07:53:05,-119.86138,0.16124,41,14
2020-04-06 07:53:10,-119.86138,0.16124,36,14
2020-04-06 07:53:15,-119.86138,0.16124,43,14
2020-04-06 07:53:20,-119.86138,0.16124,42,14
2020-04-06 07:53:25,-119.86138,0.16124,39,14
2020-04-06 07:53:30,-119.86138,0.16124,42,14
2020-04-06 07:53:35,-119.86138,0.16124,38,14
2020-04-06 07:53:40,-119.86138,0.16124,42,14
2020-04-06 07:53:45,-119.86138,0.16124,42,14
2020-04-06 07:53:50,-119.86138,0.16124,42,14
2020-04-06 07:53:55,-119.86138,0.16124,42,14
2020-04-06 07:54:00,-119.86138,0.16124,35,14
2020-04-06 07:54:05,-119.86138,0.16124,44,14
2020-04-06 07:54:10,-119.86138,0.16124,40,14
2020-04-06 07:54:15,-119.86138,0.16124,42,14
2020-04-06 07:54:20,-119.86138,0.16124,37,14
2020-04-06 07:54:25,-119.86138,0.16124,46,14
2020-04-06 07:54:30,-119.86138,0.16124,43,14
2020-04-06 07:54:35,-119.86138,0.16124,41,14
2020-04-06 07:54:40,-119.86138,0.16124,41,14
2020-04-06 07:54:45,-119.86138,0.16124,44,14
2020-04-06 07:54:50,-119.86138,0.16124,44,14
2020-04-06 07:54:55,-119.86138,0.16124,39,14
2020-04-06 07:55:00,-119.86138,0.16124,43,14
2020-04-06 07:55:05,-119.86138,0.16124,43,14
2020-04-06 07:55:10,-119.86138,0.16124,39,14
2020-04-06 07:55:15,-119.86138,0.16124,40,14
2020-04-06 07:55:20,-119.86138,0.16124,40,14
2020-04-06 07:55:25,-119.86138,0.16124,45,14
2020-04-06 07:55:30,-119.86138,0.16124,42,14
2020-04-06 07:55:35,-119.86138,0.16124,43,14
2020-04-06 07:55:40,-119.86138,0.16124,44,14
2020-04-06 07:55:45,-119.86138,0.16124,42,14
2020-04-06 07:55:50,-119.86138,0.16124,44,14
2020-04-06 07:55:55,-119.86138,0.16124,45,14
2020-04-06 07:56:00,-119.86138,0.16124,43,14
2020-04-06 07:56:05,-119.86138,0.16124,33,14
2020-04-06 07:56:10,-119.86138,0.16124,40,14
2020-04-06 07:56:15,-119.86138,0.16124,37,14
2020-04-06 07:56:20,-119.86138,0.16124,45,14
2020-04-06 07:56:25,-119.86138,0.16124,41,14
2020-04-06 07:56:30,-119.86138,0.16124,43,14
2020-04-06 07:56:35,-119.86138,0.16124,42,14
2020-04-06 07:56:40,-119.86138,0.16124,40,14
2020-04-06 07:56:45,-119.86138,0.16124,40,14
2020-04-06 07:56:50,-119.86138,0.16124,37,14
2020-04-06 07:56:55,-119.86138,0.16124,35,14
2020-04-06 07:57:00,-119.86138,0.16124,44,14
2020-04-06 07:57:05,-119.86138,0.16124,38,14
2020-04-06 07:57:10,-119.86138,0.16124,39,14
2020-04-06 07:57:15,-119.86138,0.16124,41,14
2020-04-06 07:57:20,-119.86138,0.16124,37,14
2020-04-06 07:57:25,-119.86138,0.16124,46,14
2020-04-06 07:57:30,-119.86138,0.16124,37,14
2020-04-06 07:57:35,-119.86138,0.16124,41,14
2020-04-06 07:57:40,-119.86138,0.16124,47,14
2020-04-06 07:57:45,-119.86138,0.16124,38,14
2020-04-06 07:57:50,-119.86138,0.16124,42,14
2020-04-06 07:57:55,-119.86138,0.16124,37,14
2020-04-06 07:58:00,-119.86138,0.16124,45,14
2020-04-06 07:58:05,-119.86138,0.16124,40,14
2020-04-06 07:58:10,-119.86138,0.16124,39,14
2020-04-06 07:58:15,-119.86138,0.16124,38,14
2020-04-06 07:58:20,-119.86138,0.16124,41,14
2020-04-06 07:58:25,-119.86138,0.16124,38,14
2020-04-06 07:58:30,-119.86138,0.16124,40,14
2020-04-06 07:58:35,-119.86138,0.16124,42,14
2020-04-06 07:58:40,-119.86138,0.16124,43,14
2020-04-06 07:58:45,-119.86138,0.16124,36,14
2020-04-06 07:58:50,-119.86138,0.16124,40,14
2020-04-06 07:58:55,-119.86138,0.16124,45,14
2020-04-06 07:59:00,-119.86138,0.16124,41,14
2020-04-06 07:59:05,-119.86138,0.16124,42,14
2020-04-06 07:59:10,-119.86138,0.16124,38,14
2020-04-06 07:59:15,-119.86138,0.16124,41,14
2020-04-06 07:59:20,-119.86138,0.16124,42,14
2020-04-06 07:59:25,-119.86138,0.16124,45,14
2020-04-06 07:59:30,-119.86138,0.16124,43,14
2020-04-06 07:59:35,-119.86138,0.16124,40,14
2020-04-06 07:59:40,-119.86138,0.16124,42,14
2020-04-06 07:59:45,-119.86138,0.16124,41,14
2020-04-06 07:59:50,-119.86138,0.16124,40,14
2020-04-06 07:59:55,-119.86138,0.16124,43,14
2020-04-06 08:00:00,-119.86138,0.16124,39,14
2020-04-06 08:00:05,-119.86138,0.16124,41,14
2020-04-06 08:00:10,-119.86138,0.16124,39,14
2020-04-06 08:00:15,-119.86138,0.16124,44,14
2020-04-06 08:00:20,-119.86138,0.16124,41,14
2020-04-06 08:00:25,-119.86138,0.16124,40,14
2020-04-06 08:00:30,-119.86138,0.16124,41,14
2020-04-06 08:00:35,-119.86138,0.16124,42,14
2020-04-06 08:00:40,-119.86138,0.16124,35,14
2020-04-06 08:00:45,-119.86138,0.16124,42,14
2020-04-06 08:00:50,-119.86138,0.16124,42,14
2020-04-06 08:00:55,-119.86138,0.16124,37,14
2020-04-06 08:01:00,-119.86138,0.16124,37,14
2020-04-06 08:01:05,-119.86138,0.16124,36,14
2020-04-06 08:01:10,-119.86138,0.16124,46,14
2020-04-06 08:01:15,-119.86138,0.16124,39,14
2020-04-06 08:01:20,-119.86138,0.16124,41,14
2020-04-06 08:01:25,-119.86138,0.16124,40,14
2020-04-06 08:01:30,-119.86138,0.16124,39,14
2020-04-06 08:01:35,-119.86138,0.16124,41,14
2020-04-06 08:01:40,-119.86138,0.16124,42,14
2020-04-06 08:01:45,-119.86138,0.16124,41,14
2020-04-06 08:01:50,-119.86138,0.16124,45,14
2020-04-06 08:01:55,-119.86138,0.16124,39,14
2020-04-06 08:02:00,-119.86138,0.16124,46,14
2020-04-06 08:02:05,-119.86138,0.16124,46,14
2020-04-06 08:02:10,-119.86138,0.16124,44,14
2020-04-06 08:02:15,-119.86138,0.16124,36,14
2020-04-06 08:02:20,-119.86138,0.16124,42,14
2020-04-06 08:02:25,-119.86138,0.16124,42,14
2020-04-06 08:02:30,-119.86138,0.16124,42,14
2020-04-06 08:02:35,-119.86138,0.16124,40,14
2020-04-06 08:02:40,-119.86138,0.16124,41,14
2020-04-06 08:02:45,-119.86138,0.16124,43,14
2020-04-06 08:02:50,-119.86138,0.16124,46,14
2020-04-06 08:02:55,-119.86138,0.16124,43,14
2020-04-06 08:03:00,-119.86138,0.16124,40,14
2020-04-06 08:03:05,-119.86138,0.16124,38,14
2020-04-06 08:03:10,-119.86138,0.16124,41,14
2020-04-06 08:03:15,-119.86138,0.16124,46,14
2020-04-06 08:03:20,-119.86138,0.16124,40,14
2020-04-06 08:03:25,-119.86138,0.16124,39,14
2020-04-06 08:03:30,-119.86138,0.16124,42,14
2020-04-06 08:03:35,-119.86138,0.16124,45,14
2020-04-06 08:03:40,-119.86138,0.16124,42,14
2020-04-06 08:03:45,-119.86138,0.16124,39,14
2020-04-06 08:03:50,-119.86138,0.16124,42,14
2020-04-06 08:03:55,-119.86138,0.16124,40,14
2020-04-06 08:04:00,-119.86138,0.16124,37,14
2020-04-06 08:04:05,-119.86138,0.16124,44,14
2020-04-06 08:04:10,-119.86138,0.16124,36,14
2020-04-06 08:04:15,-119.86138,0.16124,37,14
2020-04-06 08:04:20,-119.86138,0.16124,39,14
2020-04-06 08:04:25,-119.86138,0.16124,41,14
2020-04-06 08:04:30,-119.86138,0.16124,42,14
2020-04-06 08:04:35,-119.86138,0.16124,42,14
2020-04-06 08:04:40,-119.86138,0.16124,43,14
2020-04-06 08:04:45,-119.86138,0.16124,45,14
2020-04-06 08:04:50,-119.86138,0.16124,38,14
2020-04-06 08:04:55,-119.86138,0.16124,41,14
2020-04-06 08:05:00,-119.86138,0.16124,43,14
2020-04-06 08:05:05,-119.86138,0.16124,41,14
2020-04-06 08:05:10,-119.86138,0.16124,38,14
2020-04-06 08:05:15,-119.86138,0.16124,42,14
2020-04-06 08:05:20,-119.86138,0.16124,41,14
2020-04-06 08:05:25,-119.86138,0.16124,44,14
2020-04-06 08:05:30,-119.86138,0.16124,41,14
2020-04-06 08:05:35,-119.86138,0.16124,37,14
2020-04-06 08:05:40,-119.86138,0.16124,45,14
2020-04-06 08:05:45,-119.86138,0.16124,42,14
2020-04-06 08:05:50,-119.86138,0.16124,41,14
2020-04-06 08:05:55,-119.86138,0.16124,42,14
2020-04-06 08:06:00,-119.86138,0.16124,41,14
2020-04-06 08:06:05,-119.86138,0.16124,40,14
2020-04-06 08:06:10,-119.86138,0.16124,45,14
2020-04-06 08:06:15,-119.86138,0.16124,40,14
2020-04-06 08:06:20,-119.86138,0.16124,42,14
2020-04-06 08:06:25,-119.86138,0.16124,38,14
2020-04-06 08:06:30,-119.86138,0.16124,44,14
2020-04-06 08:06:35,-119.86138,0.16124,40,14
2020-04-06 08:06:40,-119.86138,0.16124,41,14
2020-04-06 08:06:45,-119.86138,0.16124,46,14
2020-04-06 08:06:50,-119.86138,0.16124,40,14
2020-04-06 08:06:55,-119.86138,0.16124,44,14
2020-04-06 08:07:00,-119.86138,0.16124,43,14
2020-04-06 08:07:05,-119.86138,0.16124,41,14
2020-04-06 08:07:10,-119.86138,0.16124,46,14
2020-04-06 08:07:15,-119.86138,0.16124,46,14
2020-04-06 08:07:20,-119.86138,0.16124,40,14
2020-04-06 08:07:25,-119.86138,0.16124,41,14
2020-04-06 08:07:30,-119.86138,0.16124,37,14
2020-04-06 08:07:35,-119.86138,0.16124,36,14
2020-04-06 08:07:40,-119.86138,0.16124,39,14
2020-04-06 08:07:45,-119.86138,0.16124,39,14
2020-04-06 08:07:50,-119.86138,0.16124,44,14
2020-04-06 08:07:55,-119.86138,0.16124,42,14
2020-04-06 08:08:00,-119.86138,0.16124,39,14
2020-04-06 08:08:05,-119.86138,0.16124,37,14
2020-04-06 08:08:10,-119.86138,0.16124,39,14
2020-04-06 08:08:15,-119.86138,0.16124,39,14
2020-04-06 08:08:20,-119.86138,0.16124,39,14
2020-04-06 08:08:25,-119.86138,0.16124,44,14
2020-04-06 08:08:30,-119.86138,0.16124,44,14
2020-04-06 08:08:35,-119.86138,0.16124,31,14
2020-04-06 08:08:40,-119.86138,0.16124,36,14
2020-04-06 08:08:45,-119.86138,0.16124,42,14
2020-04-06 08:08:50,-119.86138,0.16124,39,14
2020-04-06 08:08:55,-119.86138,0.16124,40,14
2020-04-06 08:09:00,-119.86138,0.16124,43,14
2020-04-06 08:09:05,-119.86138,0.16124,45,14
2020-04-06 08:09:10,-119.86138,0.16124,42,14
2020-04-06 08:09:15,-119.86138,0.16124,41,14
2020-04-06 08:09:20,-119.86138,0.16124,42,14
2020-04-06 08:09:25,-119.86138,0.16124,42,14
2020-04-06 08:09:30,-119.86138,0.16124,42,14
2020-04-06 08:09:35,-119.86138,0.16124,42,14
2020-04-06 08:09:40,-119.86138,0.16124,40,14
2020-04-06 08:09:45,-119.86138,0.16124,41,14
2020-04-06 08:09:50,-119.86138,0.16124,43,14
2020-04-06 08:09:55,-119.86138,0.16124,44,14
2020-04-06 08:10:00,-119.86138,0.16124,38,14
2020-04-06 08:10:05,-119.86138,0.16124,38,14
2020-04-06 08:10:10,-119.86138,0.16124,44,14
2020-04-06 08:10:15,-119.86138,0.16124,41,14
2020-04-06 08:10:20,-119.86138,0.16124,44,14
2020-04-06 08:10:25,-119.86138,0.16124,43,14
2020-04-06 08:10:30,-119.86138,0.16124,39,14
2020-04-06 08:10:35,-119.86138,0.16124,39,14
2020-04-06 08:10:40,-119.86138,0.16124,43,14
2020-04-06 08:10:45,-119.86138,0.16124,36,14
2020-04-06 08:10:50,-119.86138,0.16124,40,14
2020-04-06 08:10:55,-119.86138,0.16124,41,14
2020-04-06 08:11:00,-119.86138,0.16124,41,14
2020-04-06 08:11:05,-119.86138,0.16124,41,14
2020-04-06 08:11:10,-119.86138,0.16124,36,14
2020-04-06 08:11:15,-119.86138,0.16124,38,14
2020-04-06 08:11:20,-119.86138,0.16124,36,14
2020-04-06 08:11:25,-119.86138,0.16124,42,14
2020-04-06 08:11:30,-119.86138,0.16124,37,14
2020-04-06 08:11:35,-119.86138,0.16124,36,14
2020-04-06 08:11:40,-119.86138,0.16124,42,14
2020-04-06 08:11:45,-119.86138,0.16124,44,14
2020-04-06 08:11:50,-119.86138,0.16124,40,14
2020-04-06 08:11:55,-119.86138,0.16124,42,14
2020-04-06 08:12:00,-119.86138,0.16124,42,14
2020-04-06 08:12:05,-119.86138,0.16124,38,14
2020-04-06 08:12:10,-119.86138,0.16124,39,14
2020-04-06 08:12:15,-119.86138,0.16124,44,14
2020-04-06 08:12:20,-119.86138,0.16124,43,14
2020-04-06 08:12:25,-119.86138,0.16124,42,14
2020-04-06 08:12:30,-119.86138,0.16124,40,14
2020-04-06 08:12:35,-119.86138,0.16124,43,14
2020-04-06 08:12:40,-119.86138,0.16124,38,14
2020-04-06 08:12:45,-119.86138,0.16124,42,14
2020-04-06 08:12:50,-119.86138,0.16124,42,14
2020-04-06 08:12:55,-119.86138,0.16124,43,14
2020-04-06 08:13:00,-119.86138,0.16124,40,14
2020-04-06 08:13:05,-119.86138,0.16124,41,14
2020-04-06 08:13:10,-119.86138,0.16124,43,14
2020-04-06 08:13:15,-119.86138,0.16124,42,14
2020-04-06 08:13:20,-119.86138,0.16124,41,14
2020-04-06 08:13:25,-119.86138,0.16124,43,14
2020-04-06 08:13:30,-119.86138,0.16124,43,14
2020-04-06 08:13:35,-119.86138,0.16124,41,14
2020-04-06 08:13:40,-119.86138,0.16124,44,14
2020-04-06 08:13:45,-119.86138,0.16124,40,14
2020-04-06 08:13:50,-119.86138,0.16124,42,14
2020-04-06 08:13:55,-119.86138,0.16124,42,14
2020-04-06 08:14:00,-119.86138,0.16124,48,14
2020-04-06 08:14:05,-119.86138,0.16124,40,14
2020-04-06 08:14:10,-119.86138,0.16124,43,14
2020-04-06 08:14:15,-119.86138,0.16124,40,14
2020-04-06 08:14:20,-119.86138,0.16124,41,14
2020-04-06 08:14:25,-119.86138,0.16124,42,14
2020-04-06 08:14:30,-119.86138,0.16124,37,14
2020-04-06 08:14:35,-119.86138,0.16124,41,14
2020-04-06 08:14:40,-119.86138,0.16124,46,14
2020-04-06 08:14:45,-119.86138,0.16124,41,14
2020-04-06 08:14:50,-119.86138,0.16124,44,14
2020-04-06 08:14:55,-119.86138,0.16124,39,14
2020-04-06 08:15:00,-119.86138,0.16124,43,14
2020-04-06 08:15:05,-119.86138,0.16124,49,14
2020-04-06 08:15:10,-119.86138,0.16124,44,14
2020-04-06 08:15:15,-119.86138,0.16124,42,14
2020-04-06 08:15:20,-119.86138,0.16124,38,14
2020-04-06 08:15:25,-119.86138,0.16124,42,14
2020-04-06 08:15:30,-119.86138,0.16124,37,14
2020-04-06 08:15:35,-119.86138,0.16124,44,14
2020-04-06 08:15:40,-119.86138,0.16124,43,14
2020-04-06 08:15:45,-119.86138,0.16124,42,14
2020-04-06 08:15:50,-119.86138,0.16124,40,14
2020-04-06 08:15:55,-119.86138,0.16124,38,14
2020-04-06 08:16:00,-119.86138,0.16124,42,14
2020-04-06 08:16:05,-119.86138,0.16124,44,14
2020-04-06 08:16:10,-119.86138,0.16124,40,14
2020-04-06 08:16:15,-119.86138,0.16124,34,14
2020-04-06 08:16:20,-119.86138,0.16124,41,14
2020-04-06 08:16:25,-119.86138,0.16124,42,14
2020-04-06 08:16:30,-119.86138,0.16124,42,14
2020-04-06 08:16:35,-119.86138,0.16124,38,14
2020-04-06 08:16:40,-119.86138,0.16124,41,14
2020-04-06 08:16:45,-119.86138,0.16124,43,14
2020-04-06 08:16:50,-119.86138,0.16124,40,14
2020-04-06 08:16:55,-119.86138,0.16124,41,14
2020-04-06 08:17:00,-119.86138,0.16124,46,14
2020-04-06 08:17:05,-119.86138,0.16124,42,14
2020-04-06 08:17:10,-119.86138,0.16124,37,14
2020-04-06 08:17:15,-119.86138,0.16124,41,14
2020-04-06 08:17:20,-119.86138,0.16124,38,14
2020-04-06 08:17:25,-119.86138,0.16124,42,14
2020-04-06 08:17:30,-119.86138,0.16124,43,14
2020-04-06 08:17:35,-119.86138,0.16124,45,14
2020-04-06 08:17:40,-119.86138,0.16124,46,14
2020-04-06 08:17:45,-119.86138,0.16124,40,14
2020-04-06 08:17:50,-119.86138,0.16124,38,14
2020-04-06 08:17:55,-119.86138,0.16124,43,14
2020-04-06 08:18:00,-119.86138,0.16124,45,14
2020-04-06 08:18:05,-119.86138,0.16124,38,14
2020-04-06 08:18:10,-119.86138,0.16124,42,14
2020-04-06 08:18:15,-119.86138,0.16124,43,14
2020-04-06 08:18:20,-119.86138,0.16124,40,14
2020-04-06 08:18:25,-119.86138,0.16124,41,14
2020-04-06 08:18:30,-119.86138,0.16124,42,14
2020-04-06 08:18:35,-119.86138,0.16124,37,14
2020-04-06 08:18:40,-119.86138,0.16124,40,14
2020-04-06 08:18:45,-119.86138,0.16124,44,14
2020-04-06 08:18:50,-119.86138,0.16124,49,14
2020-04-06 08:18:55,-119.86138,0.16124,37,14
2020-04-06 08:19:00,-119.86138,0.16124,37,14
2020-04-06 08:19:05,-119.86138,0.16124,35,14
2020-04-06 08:19:10,-119.86138,0.16124,41,14
2020-04-06 08:19:15,-119.86138,0.16124,43,14
2020-04-06 08:19:20,-119.86138,0.16124,42,14
2020-04-06 08:19:25,-119.86138,0.16124,42,14
2020-04-06 08:19:30,-119.86138,0.16124,43,14
2020-04-06 08:19:35,-119.86138,0.16124,41,14
2020-04-06 08:19:40,-119.86138,0.16124,42,14
2020-04-06 08:19:45,-119.86138,0.16124,38,14
2020-04-06 08:19:50,-119.86138,0.16124,45,14
2020-04-06 08:19:55,-119.86138,0.16124,43,14
2020-04-06 08:20:00,-119.86138,0.16124,44,14
2020-04-06 08:20:05,-119.86138,0.16124,38,14
2020-04-06 08:20:10,-119.86138,0.16124,47,14
2020-04-06 08:20:15,-119.86138,0.16124,36,14
2020-04-06 08:20:20,-119.86138,0.16124,44,14
2020-04-06 08:20:25,-119.86138,0.16124,37,14
2020-04-06 08:20:30,-119.86138,0.16124,35,14
2020-04-06 08:20:35,-119.86138,0.16124,39,14
2020-04-06 08:20:40,-119.86138,0.16124,38,14
2020-04-06 08:20:45,-119.86138,0.16124,44,14
2020-04-06 08:20:50,-119.86138,0.16124,45,14
2020-04-06 08:20:55,-119.86138,0.16124,45,14
2020-04-06 08:21:00,-119.86138,0.16124,39,14
2020-04-06 08:21:05,-119.86138,0.16124,46,14
2020-04-06 08:21:10,-119.86138,0.16124,47,14
2020-04-06 08:21:15,-119.86138,0.16124,39,14
2020-04-06 08:21:20,-119.86138,0.16124,38,14
2020-04-06 08:21:25,-119.86138,0.16124,41,14
2020-04-06 08:21:30,-119.86138,0.16124,40,14
2020-04-06 08:21:35,-119.86138,0.16124,37,14
2020-04-06 08:21:40,-119.86138,0.16124,38,14
2020-04-06 08:21:45,-119.86138,0.16124,44,14
2020-04-06 08:21:50,-119.86138,0.16124,44,14
2020-04-06 08:21:55,-119.86138,0.16124,40,14
2020-04-06 08:22:00,-119.86138,0.16124,41,14
2020-04-06 08:22:05,-119.86138,0.16124,38,14
2020-04-06 08:22:10,-119.86138,0.16124,42,14
2020-04-06 08:22:15,-119.86138,0.16124,40,14
2020-04-06 08:22:20,-119.86138,0.16124,39,14
2020-04-06 08:22:25,-119.86138,0.16124,38,14
2020-04-06 08:22:30,-119.86138,0.16124,42,14
2020-04-06 08:22:35,-119.86138,0.16124,45,14
2020-04-06 08:22:40,-119.86138,0.16124,38,14
2020-04-06 08:22:45,-119.86138,0.16124,47,14
2020-04-06 08:22:50,-119.86138,0.16124,44,14
2020-04-06 08:22:55,-119.86138,0.16124,40,14
2020-04-06 08:23:00,-119.86138,0.16124,41,14
2020-04-06 08:23:05,-119.86138,0.16124,41,14
2020-04-06 08:23:10,-119.86138,0.16124,41,14
2020-04-06 08:23:15,-119.86138,0.16124,42,14
2020-04-06 08:23:20,-119.86138,0.16124,44,14
2020-04-06 08:23:25,-119.86138,0.16124,46,14
2020-04-06 08:23:30,-119.86138,0.16124,35,14
2020-04-06 08:23:35,-119.86138,0.16124,43,14
2020-04-06 08:23:40,-119.86138,0.16124,38,14
2020-04-06 08:23:45,-119.86138,0.16124,47,14
2020-04-06 08:23:50,-119.86138,0.16124,39,14
2020-04-06 08:23:55,-119.86138,0.16124,39,14
2020-04-06 08:24:00,-119.86138,0.16124,44,14
2020-04-06 08:24:05,-119.86138,0.16124,40,14
2020-04-06 08:24:10,-119.86138,0.16124,39,14
2020-04-06 08:24:15,-119.86138,0.16124,42,14
2020-04-06 08:24:20,-119.86138,0.16124,45,14
2020-04-06 08:24:25,-119.86138,0.16124,42,14
2020-04-06 08:24:30,-119.86138,0.16124,40,14
2020-04-06 08:24:35,-119.86138,0.16124,43,14
2020-04-06 08:24:40,-119.86138,0.16124,38,14
2020-04-06 08:24:45,-119.86138,0.16124,38,14
2020-04-06 08:24:50,-119.86138,0.16124,45,14
2020-04-06 08:24:55,-119.86138,0.16124,42,14
2020-04-06 08:25:00,-119.86138,0.16124,40,14
2020-04-06 08:25:05,-119.86138,0.16124,37,14
2020-04-06 08:25:10,-119.86138,0.16124,38,14
2020-04-06 08:25:15,-119.86138,0.16124,42,14
2020-04-06 08:25:20,-119.86138,0.16124,40,14
2020-04-06 08:25:25,-119.86138,0.16124,40,14
2020-04-06 08:25:30,-119.86138,0.16124,39,14
2020-04-06 08:25:35,-119.86138,0.16124,37,14
2020-04-06 08:25:40,-119.86138,0.16124,41,14
2020-04-06 08:25:45,-119.86138,0.16124,41,14
2020-04-06 08:25:50,-119.86138,0.16124,40,14
2020-04-06 08:25:55,-119.86138,0.16124,42,14
2020-04-06 08:26:00,-119.86138,0.16124,48,14
2020-04-06 08:26:05,-119.86138,0.16124,37,14
2020-04-06 08:26:10,-119.86138,0.16124,39,14
2020-04-06 08:26:15,-119.86138,0.16124,40,14
2020-04-06 08:26:20,-119.86138,0.16124,42,14
2020-04-06 08:26:25,-119.86138,0.16124,43,14
2020-04-06 08:26:30,-119.86138,0.16124,36,14
2020-04-06 08:26:35,-119.86138,0.16124,36,14
2020-04-06 08:26:40,-119.86138,0.16124,37,14
2020-04-06 08:26:45,-119.86138,0.16124,40,14
2020-04-06 08:26:50,-119.86138,0.16124,40,14
2020-04-06 08:26:55,-119.86138,0.16124,35,14
2020-04-06 08:27:00,-119.86138,0.16124,41,14
2020-04-06 08:27:05,-119.86138,0.16124,37,14
2020-04-06 08:27:10,-119.86138,0.16124,46,14
2020-04-06 08:27:15,-119.86138,0.16124,45,14
2020-04-06 08:27:20,-119.86138,0.16124,41,14
2020-04-06 08:27:25,-119.86138,0.16124,41,14
2020-04-06 08:27:30,-119.86138,0.16124,44,14
2020-04-06 08:27:35,-119.86138,0.16124,43,14
2020-04-06 08:27:40,-119.86138,0.16124,41,14
2020-04-06 08:27:45,-119.86138,0.16124,37,14
2020-04-06 08:27:50,-119.86138,0.16124,41,14
2020-04-06 08:27:55,-119.86138,0.16124,45,14
2020-04-06 08:28:00,-119.86138,0.16124,41,14
2020-04-06 08:28:05,-119.86138,0.16124,42,14
2020-04-06 08:28:10,-119.86138,0.16124,40,14
2020-04-06 08:28:15,-119.86138,0.16124,43,14
2020-04-06 08:28:20,-119.86138,0.16124,40,14
2020-04-06 08:28:25,-119.86138,0.16124,40,14
2020-04-06 08:28:30,-119.86138,0.16124,38,14
2020-04-06 08:28:35,-119.86138,0.16124,45,14
2020-04-06 08:28:40,-119.86138,0.16124,39,14
2020-04-06 08:28:45,-119.86138,0.16124,42,14
2020-04-06 08:28:50,-119.86138,0.16124,37,14
2020-04-06 08:28:55,-119.86138,0.16124,40,14
2020-04-06 08:29:00,-119.86138,0.16124,44,14
2020-04-06 08:29:05,-119.86138,0.16124,39,14
2020-04-06 08:29:10,-119.86138,0.16124,40,14
2020-04-06 08:29:15,-119.86138,0.16124,45,14
2020-04-06 08:29:20,-119.86138,0.16124,41,14
2020-04-06 08:29:25,-119.86138,0.16124,40,14
2020-04-06 08:29:30,-119.86138,0.16124,41,14
2020-04-06 08:29:35,-119.86138,0.16124,42,14
2020-04-06 08:29:40,-119.86138,0.16124,43,14
2020-04-06 08:29:45,-119.86138,0.16124,39,14
2020-04-06 08:29:50,-119.86138,0.16124,41,14
2020-04-06 08:29:55,-119.86138,0.16124,37,14
2020-04-06 08:30:00,-119.86138,0.16124,41,14
2020-04-06 08:30:05,-119.86138,0.16124,40,14
2020-04-06 08:30:10,-119.86138,0.16124,42,14
2020-04-06 08:30:15,-119.86138,0.16124,45,14
2020-04-06 08:30:20,-119.86138,0.16124,43,14
2020-04-06 08:30:25,-119.86138,0.16124,40,14
2020-04-06 08:30:30,-119.86138,0.16124,47,14
2020-04-06 08:30:35,-119.86138,0.16124,45,14
2020-04-06 08:30:40,-119.86138,0.16124,37,14
2020-04-06 08:30:45,-119.86138,0.16124,43,14
2020-04-06 08:30:50,-119.86138,0.16124,45,14
2020-04-06 08:30:55,-119.86138,0.16124,44,14
2020-04-06 08:31:00,-119.86138,0.16124,41,14
2020-04-06 08:31:05,-119.86138,0.16124,42,14
2020-04-06 08:31:10,-119.86138,0.16124,42,14
2020-04-06 08:31:15,-119.86138,0.16124,43,14
2020-04-06 08:31:20,-119.86138,0.16124,44,14
2020-04-06 08:31:25,-119.86138,0.16124,38,14
2020-04-06 08:31:30,-119.86138,0.16124,44,14
2020-04-06 08:31:35,-119.86138,0.16124,42,14
2020-04-06 08:31:40,-119.86138,0.16124,46,14
2020-04-06 08:31:45,-119.86138,0.16124,43,14
2020-04-06 08:31:50,-119.86138,0.16124,42,14
2020-04-06 08:31:55,-119.86138,0.16124,44,14
2020-04-06 08:32:00,-119.86138,0.16124,40,14
2020-04-06 08:32:05,-119.86138,0.16124,42,14
2020-04-06 08:32:10,-119.86138,0.16124,40,14
2020-04-06 08:32:15,-119.86138,0.16124,39,14
2020-04-06 08:32:20,-119.86138,0.16124,42,14
2020-04-06 08:32:25,-119.86138,0.16124,41,14
2020-04-06 08:32:30,-119.86138,0.16124,42,14
2020-04-06 08:32:35,-119.86138,0.16124,39,14
2020-04-06 08:32:40,-119.86138,0.16124,40,14
2020-04-06 08:32:45,-119.86138,0.16124,33,14
2020-04-06 08:32:50,-119.86138,0.16124,42,14
2020-04-06 08:32:55,-119.86138,0.16124,47,14
2020-04-06 08:33:00,-119.86138,0.16124,40,14
2020-04-06 08:33:05,-119.86138,0.16124,39,14
2020-04-06 08:33:10,-119.86138,0.16124,12,14
2020-04-06 08:33:15,-119.86138,0.16124,39,14
2020-04-06 08:33:20,-119.86138,0.16124,46,14
2020-04-06 08:33:25,-119.86138,0.16124,47,14
2020-04-06 08:33:30,-119.86138,0.16124,44,14
2020-04-06 08:33:35,-119.86138,0.16124,38,14
2020-04-06 08:33:40,-119.86138,0.16124,44,14
2020-04-06 08:33:45,-119.86138,0.16124,41,14
2020-04-06 08:33:50,-119.86138,0.16124,40,14
2020-04-06 08:33:55,-119.86138,0.16124,40,14
2020-04-06 08:34:00,-119.86138,0.16124,39,14
2020-04-06 08:34:05,-119.86138,0.16124,35,14
2020-04-06 08:34:10,-119.86138,0.16124,42,14
2020-04-06 08:34:15,-119.86138,0.16124,35,14
2020-04-06 08:34:20,-119.86138,0.16124,44,14
2020-04-06 08:34:25,-119.86138,0.16124,46,14
2020-04-06 08:34:30,-119.86138,0.16124,42,14
2020-04-06 08:34:35,-119.86138,0.16124,42,14
2020-04-06 08:34:40,-119.86138,0.16124,43,14
2020-04-06 08:34:45,-119.86138,0.16124,39,14
2020-04-06 08:34:50,-119.86138,0.16124,46,14
2020-04-06 08:34:55,-119.86138,0.16124,44,14
2020-04-06 08:35:00,-119.86138,0.16124,41,14
2020-04-06 08:35:05,-119.86138,0.16124,45,14
2020-04-06 08:35:10,-119.86138,0.16124,42,14
2020-04-06 08:35:15,-119.86138,0.16124,36,14
2020-04-06 08:35:20,-119.86138,0.16124,42,14
2020-04-06 08:35:25,-119.86138,0.16124,39,14
2020-04-06 08:35:30,-119.86138,0.16124,36,14
2020-04-06 08:35:35,-119.86138,0.16124,38,14
2020-04-06 08:35:40,-119.86138,0.16124,45,14
2020-04-06 08:35:45,-119.86138,0.16124,49,14
2020-04-06 08:35:50,-119.86138,0.16124,40,14
2020-04-06 08:35:55,-119.86138,0.16124,45,14
2020-04-06 08:36:00,-119.86138,0.16124,43,14
2020-04-06 08:36:05,-119.86138,0.16124,36,14
2020-04-06 08:36:10,-119.86138,0.16124,43,14
2020-04-06 08:36:15,-119.86138,0.16124,39,14
2020-04-06 08:36:20,-119.86138,0.16124,40,14
2020-04-06 08:36:25,-119.86138,0.16124,41,14
2020-04-06 08:36:30,-119.86138,0.16124,41,14
2020-04-06 08:36:35,-119.86138,0.16124,38,14
2020-04-06 08:36:40,-119.86138,0.16124,40,14
2020-04-06 08:36:45,-119.86138,0.16124,48,14
2020-04-06 08:36:50,-119.86138,0.16124,41,14
2020-04-06 08:36:55,-119.86138,0.16124,43,14
2020-04-06 08:37:00,-119.86138,0.16124,41,14
2020-04-06 08:37:05,-119.86138,0.16124,39,14
2020-04-06 08:37:10,-119.86138,0.16124,42,14
2020-04-06 08:37:15,-119.86138,0.16124,38,14
2020-04-06 08:37:20,-119.86138,0.16124,40,14
2020-04-06 08:37:25,-119.86138,0.16124,40,14
2020-04-06 08:37:30,-119.86138,0.16124,41,14
2020-04-06 08:37:35,-119.86138,0.16124,38,14
2020-04-06 08:37:40,-119.86138,0.16124,44,14
2020-04-06 08:37:45,-119.86138,0.16124,40,14
2020-04-06 08:37:50,-119.86138,0.16124,39,14
2020-04-06 08:37:55,-119.86138,0.16124,43,14
2020-04-06 08:38:00,-119.86138,0.16124,41,14
2020-04-06 08:38:05,-119.86138,0.16124,44,14
2020-04-06 08:38:10,-119.86138,0.16124,40,14
2020-04-06 08:38:15,-119.86138,0.16124,39,14
2020-04-06 08:38:20,-119.86138,0.16124,37,14
2020-04-06 08:38:25,-119.86138,0.16124,42,14
2020-04-06 08:38:30,-119.86138,0.16124,45,14
2020-04-06 08:38:35,-119.86138,0.16124,41,14
2020-04-06 08:38:40,-119.86138,0.16124,43,14
2020-04-06 08:38:45,-119.86138,0.16124,38,14
2020-04-06 08:38:50,-119.86138,0.16124,41,14
2020-04-06 08:38:55,-119.86138,0.16124,40,14
2020-04-06 08:39:00,-119.86138,0.16124,45,14
2020-04-06 08:39:05,-119.86138,0.16124,42,14
2020-04-06 08:39:10,-119.86138,0.16124,43,14
2020-04-06 08:39:15,-119.86138,0.16124,42,14
2020-04-06 08:39:20,-119.86138,0.16124,44,14
2020-04-06 08:39:25,-119.86138,0.16124,38,14
2020-04-06 08:39:30,-119.86138,0.16124,44,14
2020-04-06 08:39:35,-119.86138,0.16124,46,14
2020-04-06 08:39:40,-119.86138,0.16124,42,14
2020-04-06 08:39:45,-119.86138,0.16124,45,14
2020-04-06 08:39:50,-119.86138,0.16124,45,14
2020-04-06 08:39:55,-119.86138,0.16124,45,14
2020-04-06 08:40:00,-119.86138,0.16124,46,14
2020-04-06 08:40:05,-119.86138,0.16124,38,14
2020-04-06 08:40:10,-119.86138,0.16124,40,14
2020-04-06 08:40:15,-119.86138,0.16124,40,14
2020-04-06 08:40:20,-119.86138,0.16124,39,14
2020-04-06 08:40:25,-119.86138,0.16124,35,14
2020-04-06 08:40:30,-119.86138,0.16124,44,14
2020-04-06 08:40:35,-119.86138,0.16124,39,14
2020-04-06 08:40:40,-119.86138,0.16124,39,14
2020-04-06 08:40:45,-119.86138,0.16124,40,14
2020-04-06 08:40:50,-119.86138,0.16124,39,14
2020-04-06 08:40:55,-119.86138,0.16124,35,14
2020-04-06 08:41:00,-119.86138,0.16124,42,14
2020-04-06 08:41:05,-119.86138,0.16124,35,14
2020-04-06 08:41:10,-119.86138,0.16124,40,14
2020-04-06 08:41:15,-119.86138,0.16124,39,14
2020-04-06 08:41:20,-119.86138,0.16124,41,14
2020-04-06 08:41:25,-119.86138,0.16124,40,14
2020-04-06 08:41:30,-119.86138,0.16124,38,14
2020-04-06 08:41:35,-119.86138,0.16124,41,14
2020-04-06 08:41:40,-119.86138,0.16124,42,14
2020-04-06 08:41:45,-119.86138,0.16124,38,14
2020-04-06 08:41:50,-119.86138,0.16124,40,14
2020-04-06 08:41:55,-119.86138,0.16124,43,14
2020-04-06 08:42:00,-119.86138,0.16124,46,14
2020-04-06 08:42:05,-119.86138,0.16124,44,14
2020-04-06 08:42:10,-119.86138,0.16124,42,14
2020-04-06 08:42:15,-119.86138,0.16124,44,14
2020-04-06 08:42:20,-119.86138,0.16124,40,14
2020-04-06 08:42:25,-119.86138,0.16124,39,14
2020-04-06 08:42:30,-119.86138,0.16124,44,14
2020-04-06 08:42:35,-119.86138,0.16124,36,14
2020-04-06 08:42:40,-119.86138,0.16124,40,14
2020-04-06 08:42:45,-119.86138,0.16124,37,14
2020-04-06 08:42:50,-119.86138,0.16124,42,14
2020-04-06 08:42:55,-119.86138,0.16124,44,14
2020-04-06 08:43:00,-119.86138,0.16124,41,14
2020-04-06 08:43:05,-119.86138,0.16124,42,14
2020-04-06 08:43:10,-119.86138,0.16124,40,14
2020-04-06 08:43:15,-119.86138,0.16124,39,14
2020-04-06 08:43:20,-119.86138,0.16124,43,14
2020-04-06 08:43:25,-119.86138,0.16124,44,14
2020-04-06 08:43:30,-119.86138,0.16124,37,14
2020-04-06 08:43:35,-119.86138,0.16124,42,14
2020-04-06 08:43:40,-119.86138,0.16124,40,14
2020-04-06 08:43:45,-119.86138,0.16124,43,14
2020-04-06 08:43:50,-119.86138,0.16124,41,14
2020-04-06 08:43:55,-119.86138,0.16124,39,14
2020-04-06 08:44:00,-119.86138,0.16124,43,14
2020-04-06 08:44:05,-119.86138,0.16124,44,14
2020-04-06 08:44:10,-119.86138,0.16124,40,14
2020-04-06 08:44:15,-119.86138,0.16124,39,14
2020-04-06 08:44:20,-119.86138,0.16124,39,14
2020-04-06 08:44:25,-119.86138,0.16124,42,14
2020-04-06 08:44:30,-119.86138,0.16124,40,14
2020-04-06 08:44:35,-119.86138,0.16124,42,14
2020-04-06 08:44:40,-119.86138,0.16124,43,14
2020-04-06 08:44:45,-119.86138,0.16124,40,14
2020-04-06 08:44:50,-119.86138,0.16124,43,14
2020-04-06 08:44:55,-119.86138,0.16124,41,14
2020-04-06 08:45:00,-119.86138,0.16124,39,14
2020-04-06 08:45:05,-119.86138,0.16124,46,14
2020-04-06 08:45:10,-119.86138,0.16124,41,14
2020-04-06 08:45:15,-119.86138,0.16124,43,14
2020-04-06 08:45:20,-119.86138,0.16124,36,14
2020-04-06 08:45:25,-119.86138,0.16124,41,14
2020-04-06 08:45:30,-119.86138,0.16124,41,14
2020-04-06 08:45:35,-119.86138,0.16124,37,14
2020-04-06 08:45:40,-119.86138,0.16124,43,14
2020-04-06 08:45:45,-119.86138,0.16124,43,14
2020-04-06 08:45:50,-119.86138,0.16124,39,14
2020-04-06 08:45:55,-119.86138,0.16124,46,14
2020-04-06 08:46:00,-119.86138,0.16124,42,14
2020-04-06 08:46:05,-119.86138,0.16124,40,14
2020-04-06 08:46:10,-119.86138,0.16124,41,14
2020-04-06 08:46:15,-119.86138,0.16124,42,14
2020-04-06 08:46:20,-119.86138,0.16124,42,14
2020-04-06 08:46:25,-119.86138,0.16124,42,14
2020-04-06 08:46:30,-119.86138,0.16124,41,14
2020-04-06 08:46:35,-119.86138,0.16124,42,14
2020-04-06 08:46:40,-119.86138,0.16124,45,14
2020-04-06 08:46:45,-119.86138,0.16124,44,14
2020-04-06 08:46:50,-119.86138,0.16124,43,14
2020-04-06 08:46:55,-119.86138,0.16124,38,14
2020-04-06 08:47:00,-119.86138,0.16124,39,14
2020-04-06 08:47:05,-119.86138,0.16124,40,14
2020-04-06 08:47:10,-119.86138,0.16124,37,14
2020-04-06 08:47:15,-119.86138,0.16124,39,14
2020-04-06 08:47:20,-119.86138,0.16124,45,14
2020-04-06 08:47:25,-119.86138,0.16124,38,14
2020-04-06 08:47:30,-119.86138,0.16124,50,14
2020-04-06 08:47:35,-119.86138,0.16124,40,14
2020-04-06 08:47:40,-119.86138,0.16124,42,14
2020-04-06 08:47:45,-119.86138,0.16124,41,14
2020-04-06 08:47:50,-119.86138,0.16124,43,14
2020-04-06 08:47:55,-119.86138,0.16124,38,14
2020-04-06 08:48:00,-119.86138,0.16124,43,14
2020-04-06 08:48:05,-119.86138,0.16124,47,14
2020-04-06 08:48:10,-119.86138,0.16124,39,14
2020-04-06 08:48:15,-119.86138,0.16124,35,14
2020-04-06 08:48:20,-119.86138,0.16124,40,14
2020-04-06 08:48:25,-119.86138,0.16124,42,14
2020-04-06 08:48:30,-119.86138,0.16124,38,14
2020-04-06 08:48:35,-119.86138,0.16124,45,14
2020-04-06 08:48:40,-119.86138,0.16124,39,14
2020-04-06 08:48:45,-119.86138,0.16124,45,14
2020-04-06 08:48:50,-119.86138,0.16124,40,14
2020-04-06 08:48:55,-119.86138,0.16124,44,14
2020-04-06 08:49:00,-119.86138,0.16124,41,14
2020-04-06 08:49:05,-119.86138,0.16124,43,14
2020-04-06 08:49:10,-119.86138,0.16124,42,14
2020-04-06 08:49:15,-119.86138,0.16124,37,14
2020-04-06 08:49:20,-119.86138,0.16124,45,14
2020-04-06 08:49:25,-119.86138,0.16124,44,14
2020-04-06 08:49:30,-119.86138,0.16124,40,14
2020-04-06 08:49:35,-119.86138,0.16124,37,14
2020-04-06 08:49:40,-119.86138,0.16124,40,14
2020-04-06 08:49:45,-119.86138,0.16124,41,14
2020-04-06 08:49:50,-119.86138,0.16124,41,14
2020-04-06 08:49:55,-119.86138,0.16124,41,14
2020-04-06 08:50:00,-119.86138,0.16124,42,14
2020-04-06 08:50:05,-119.86138,0.16124,43,14
2020-04-06 08:50:10,-119.86138,0.16124,43,14
2020-04-06 08:50:15,-119.86138,0.16124,43,14
2020-04-06 08:50:20,-119.86138,0.16124,47,14
2020-04-06 08:50:25,-119.86138,0.16124,47,14
2020-04-06 08:50:30,-119.86138,0.16124,39,14
2020-04-06 08:50:35,-119.86138,0.16124,39,14
2020-04-06 08:50:40,-119.86138,0.16124,43,14
2020-04-06 08:50:45,-119.86138,0.16124,42,14
2020-04-06 08:50:50,-119.86138,0.16124,44,14
2020-04-06 08:50:55,-119.86138,0.16124,44,14
2020-04-06 08:51:00,-119.86138,0.16124,42,14
2020-04-06 08:51:05,-119.86138,0.16124,42,14
2020-04-06 08:51:10,-119.86138,0.16124,43,14
2020-04-06 08:51:15,-119.86138,0.16124,45,14
2020-04-06 08:51:20,-119.86138,0.16124,43,14
2020-04-06 08:51:25,-119.86138,0.16124,41,14
2020-04-06 08:51:30,-119.86138,0.16124,40,14
2020-04-06 08:51:35,-119.86138,0.16124,41,14
2020-04-06 08:51:40,-119.86138,0.16124,39,14
2020-04-06 08:51:45,-119.86138,0.16124,42,14
2020-04-06 08:51:50,-119.86138,0.16124,40,14
2020-04-06 08:51:55,-119.86138,0.16124,45,14
2020-04-06 08:52:00,-119.86138,0.16124,41,14
2020-04-06 08:52:05,-119.86138,0.16124,42,14
2020-04-06 08:52:10,-119.86138,0.16124,42,14
2020-04-06 08:52:15,-119.86138,0.16124,45,14
2020-04-06 08:52:20,-119.86138,0.16124,37,14
2020-04-06 08:52:25,-119.86138,0.16124,43,14
2020-04-06 08:52:30,-119.86138,0.16124,42,14
2020-04-06 08:52:35,-119.86138,0.16124,46,14
2020-04-06 08:52:40,-119.86138,0.16124,44,14
2020-04-06 08:52:45,-119.86138,0.16124,43,14
2020-04-06 08:52:50,-119.86138,0.16124,45,14
2020-04-06 08:52:55,-119.86138,0.16124,41,14
2020-04-06 08:53:00,-119.86138,0.16124,43,14
2020-04-06 08:53:05,-119.86138,0.16124,45,14
2020-04-06 08:53:10,-119.86138,0.16124,47,14
2020-04-06 08:53:15,-119.86138,0.16124,46,14
2020-04-06 08:53:20,-119.86138,0.16124,38,14
2020-04-06 08:53:25,-119.86138,0.16124,47,14
2020-04-06 08:53:30,-119.86138,0.16124,41,14
2020-04-06 08:53:35,-119.86138,0.16124,42,14
2020-04-06 08:53:40,-119.86138,0.16124,40,14
2020-04-06 08:53:45,-119.86138,0.16124,41,14
2020-04-06 08:53:50,-119.86138,0.16124,45,14
2020-04-06 08:53:55,-119.86138,0.16124,43,14
2020-04-06 08:54:00,-119.86138,0.16124,45,14
2020-04-06 08:54:05,-119.86138,0.16124,41,14
2020-04-06 08:54:10,-119.86138,0.16124,41,14
2020-04-06 08:54:15,-119.86138,0.16124,43,14
2020-04-06 08:54:20,-119.86138,0.16124,43,14
2020-04-06 08:54:25,-119.86138,0.16124,38,14
2020-04-06 08:54:30,-119.86138,0.16124,42,14
2020-04-06 08:54:35,-119.86138,0.16124,44,14
2020-04-06 08:54:40,-119.86138,0.16124,38,14
2020-04-06 08:54:45,-119.86138,0.16124,38,14
2020-04-06 08:54:50,-119.86138,0.16124,40,14
2020-04-06 08:54:55,-119.86138,0.16124,37,14
2020-04-06 08:55:00,-119.86138,0.16124,42,14
2020-04-06 08:55:05,-119.86138,0.16124,49,14
2020-04-06 08:55:10,-119.86138,0.16124,43,14
2020-04-06 08:55:15,-119.86138,0.16124,44,14
2020-04-06 08:55:20,-119.86138,0.16124,42,14
2020-04-06 08:55:25,-119.86138,0.16124,42,14
2020-04-06 08:55:30,-119.86138,0.16124,36,14
2020-04-06 08:55:35,-119.86138,0.16124,38,14
2020-04-06 08:55:40,-119.86138,0.16124,39,14
2020-04-06 08:55:45,-119.86138,0.16124,43,14
2020-04-06 08:55:50,-119.86138,0.16124,46,14
2020-04-06 08:55:55,-119.86138,0.16124,45,14
2020-04-06 08:56:00,-119.86138,0.16124,37,14
2020-04-06 08:56:05,-119.86138,0.16124,43,14
2020-04-06 08:56:10,-119.86138,0.16124,45,14
2020-04-06 08:56:15,-119.86138,0.16124,43,14
2020-04-06 08:56:20,-119.86138,0.16124,43,14
2020-04-06 08:56:25,-119.86138,0.16124,47,14
2020-04-06 08:56:30,-119.86138,0.16124,42,14
2020-04-06 08:56:35,-119.86138,0.16124,39,14
2020-04-06 08:56:40,-119.86138,0.16124,41,14
2020-04-06 08:56:45,-119.86138,0.16124,43,14
2020-04-06 08:56:50,-119.86138,0.16124,45,14
2020-04-06 08:56:55,-119.86138,0.16124,38,14
2020-04-06 08:57:00,-119.86138,0.16124,43,14
2020-04-06 08:57:05,-119.86138,0.16124,38,14
2020-04-06 08:57:10,-119.86138,0.16124,42,14
2020-04-06 08:57:15,-119.86138,0.16124,38,14
2020-04-06 08:57:20,-119.86138,0.16124,38,14
2020-04-06 08:57:25,-119.86138,0.16124,39,14
2020-04-06 08:57:30,-119.86138,0.16124,38,14
2020-04-06 08:57:35,-119.86138,0.16124,42,14
2020-04-06 08:57:40,-119.86138,0.16124,38,14
2020-04-06 08:57:45,-119.86138,0.16124,40,14
2020-04-06 08:57:50,-119.86138,0.16124,45,14
2020-04-06 08:57:55,-119.86138,0.16124,36,14
2020-04-06 08:58:00,-119.86138,0.16124,41,14
2020-04-06 08:58:05,-119.86138,0.16124,45,14
2020-04-06 08:58:10,-119.86138,0.16124,45,14
2020-04-06 08:58:15,-119.86138,0.16124,36,14
2020-04-06 08:58:20,-119.86138,0.16124,43,14
2020-04-06 08:58:25,-119.86138,0.16124,40,14
2020-04-06 08:58:30,-119.86138,0.16124,45,14
2020-04-06 08:58:35,-119.86138,0.16124,37,14
2020-04-06 08:58:40,-119.86138,0.16124,45,14
2020-04-06 08:58:45,-119.86138,0.16124,45,14
2020-04-06 08:58:50,-119.86138,0.16124,38,14
2020-04-06 08:58:55,-119.86138,0.16124,41,14
2020-04-06 08:59:00,-119.86138,0.16124,43,14
2020-04-06 08:59:05,-119.86138,0.16124,39,14
2020-04-06 08:59:10,-119.86138,0.16124,38,14
2020-04-06 08:59:15,-119.86138,0.16124,47,14
2020-04-06 08:59:20,-119.86138,0.16124,48,14
2020-04-06 08:59:25,-119.86138,0.16124,46,14
2020-04-06 08:59:30,-119.86138,0.16124,43,14
2020-04-06 08:59:35,-119.86138,0.16124,44,14
2020-04-06 08:59:40,-119.86138,0.16124,38,14
2020-04-06 08:59:45,-119.86138,0.16124,41,14
2020-04-06 08:59:50,-119.86138,0.16124,40,14
2020-04-06 08:59:55,-119.86138,0.16124,44,14
2020-04-06 09:00:00,-119.86138,0.16124,47,14
2020-04-06 09:00:05,-119.86138,0.16124,39,14
2020-04-06 09:00:10,-119.86138,0.16124,40,14
2020-04-06 09:00:15,-119.86138,0.16124,41,14
2020-04-06 09:00:20,-119.86138,0.16124,48,14
2020-04-06 09:00:25,-119.86138,0.16124,44,14
2020-04-06 09:00:30,-119.86138,0.16124,41,14
2020-04-06 09:00:35,-119.86138,0.16124,45,14
2020-04-06 09:00:40,-119.86138,0.16124,40,14
2020-04-06 09:00:45,-119.86138,0.16124,44,14
2020-04-06 09:00:50,-119.86138,0.16124,43,14
2020-04-06 09:00:55,-119.86138,0.16124,40,14
2020-04-06 09:01:00,-119.86138,0.16124,42,14
2020-04-06 09:01:05,-119.86138,0.16124,45,14
2020-04-06 09:01:10,-119.86138,0.16124,39,14
2020-04-06 09:01:15,-119.86138,0.16124,44,14
2020-04-06 09:01:20,-119.86138,0.16124,38,14
2020-04-06 09:01:25,-119.86138,0.16124,38,14
2020-04-06 09:01:30,-119.86138,0.16124,41,14
2020-04-06 09:01:35,-119.86138,0.16124,41,14
2020-04-06 09:01:40,-119.86138,0.16124,44,14
2020-04-06 09:01:45,-119.86138,0.16124,40,14
2020-04-06 09:01:50,-119.86138,0.16124,47,14
2020-04-06 09:01:55,-119.86138,0.16124,48,14
2020-04-06 09:02:00,-119.86138,0.16124,45,14
2020-04-06 09:02:05,-119.86138,0.16124,41,14
2020-04-06 09:02:10,-119.86138,0.16124,43,14
2020-04-06 09:02:15,-119.86138,0.16124,36,14
2020-04-06 09:02:20,-119.86138,0.16124,45,14
2020-04-06 09:02:25,-119.86138,0.16124,38,14
2020-04-06 09:02:30,-119.86138,0.16124,37,14
2020-04-06 09:02:35,-119.86138,0.16124,44,14
2020-04-06 09:02:40,-119.86138,0.16124,42,14
2020-04-06 09:02:45,-119.86138,0.16124,44,14
2020-04-06 09:02:50,-119.86138,0.16124,45,14
2020-04-06 09:02:55,-119.86138,0.16124,42,14
2020-04-06 09:03:00,-119.86138,0.16124,44,14
2020-04-06 09:03:05,-119.86138,0.16124,43,14
2020-04-06 09:03:10,-119.86138,0.16124,39,14
2020-04-06 09:03:15,-119.86138,0.16124,45,14
2020-04-06 09:03:20,-119.86138,0.16124,40,14
2020-04-06 09:03:25,-119.86138,0.16124,42,14
2020-04-06 09:03:30,-119.86138,0.16124,41,14
2020-04-06 09:03:35,-119.86138,0.16124,41,14
2020-04-06 09:03:40,-119.86138,0.16124,37,14
2020-04-06 09:03:45,-119.86138,0.16124,41,14
2020-04-06 09:03:50,-119.86138,0.16124,42,14
2020-04-06 09:03:55,-119.86138,0.16124,41,14
2020-04-06 09:04:00,-119.86138,0.16124,40,14
2020-04-06 09:04:05,-119.86138,0.16124,41,14
2020-04-06 09:04:10,-119.86138,0.16124,43,14
2020-04-06 09:04:15,-119.86138,0.16124,43,14
2020-04-06 09:04:20,-119.86138,0.16124,40,14
2020-04-06 09:04:25,-119.86138,0.16124,40,14
2020-04-06 09:04:30,-119.86138,0.16124,46,14
2020-04-06 09:04:35,-119.86138,0.16124,44,14
2020-04-06 09:04:40,-119.86138,0.16124,41,14
2020-04-06 09:04:45,-119.86138,0.16124,43,14
2020-04-06 09:04:50,-119.86138,0.16124,42,14
2020-04-06 09:04:55,-119.86138,0.16124,43,14
2020-04-06 09:05:00,-119.86138,0.16124,42,14
2020-04-06 09:05:05,-119.86138,0.16124,40,14
2020-04-06 09:05:10,-119.86138,0.16124,41,14
2020-04-06 09:05:15,-119.86138,0.16124,40,14
2020-04-06 09:05:20,-119.86138,0.16124,41,14
2020-04-06 09:05:25,-119.86138,0.16124,42,14
2020-04-06 09:05:30,-119.86138,0.16124,39,14
2020-04-06 09:05:35,-119.86138,0.16124,44,14
2020-04-06 09:05:40,-119.86138,0.16124,38,14
2020-04-06 09:05:45,-119.86138,0.16124,36,14
2020-04-06 09:05:50,-119.86138,0.16124,45,14
2020-04-06 09:05:55,-119.86138,0.16124,38,14
2020-04-06 09:06:00,-119.86138,0.16124,40,14
2020-04-06 09:06:05,-119.86138,0.16124,39,14
2020-04-06 09:06:10,-119.86138,0.16124,43,14
2020-04-06 09:06:15,-119.86138,0.16124,43,14
2020-04-06 09:06:20,-119.86138,0.16124,40,14
2020-04-06 09:06:25,-119.86138,0.16124,42,14
2020-04-06 09:06:30,-119.86138,0.16124,35,14
2020-04-06 09:06:35,-119.86138,0.16124,44,14
2020-04-06 09:06:40,-119.86138,0.16124,46,14
2020-04-06 09:06:45,-119.86138,0.16124,35,14
2020-04-06 09:06:50,-119.86138,0.16124,46,14
2020-04-06 09:06:55,-119.86138,0.16124,45,14
2020-04-06 09:07:00,-119.86138,0.16124,40,14
2020-04-06 09:07:05,-119.86138,0.16124,44,14
2020-04-06 09:07:10,-119.86138,0.16124,41,14
2020-04-06 09:07:15,-119.86138,0.16124,41,14
2020-04-06 09:07:20,-119.86138,0.16124,41,14
2020-04-06 09:07:25,-119.86138,0.16124,41,14
2020-04-06 09:07:30,-119.86138,0.16124,38,14
2020-04-06 09:07:35,-119.86138,0.16124,41,14
2020-04-06 09:07:40,-119.86138,0.16124,39,14
2020-04-06 09:07:45,-119.86138,0.16124,43,14
2020-04-06 09:07:50,-119.86138,0.16124,44,14
2020-04-06 09:07:55,-119.86138,0.16124,42,14
2020-04-06 09:08:00,-119.86138,0.16124,32,14
2020-04-06 09:08:05,-119.86138,0.16124,43,14
2020-04-06 09:08:10,-119.86138,0.16124,39,14
2020-04-06 09:08:15,-119.86138,0.16124,41,14
2020-04-06 09:08:20,-119.86138,0.16124,44,14
2020-04-06 09:08:25,-119.86138,0.16124,40,14
2020-04-06 09:08:30,-119.86138,0.16124,45,14
2020-04-06 09:08:35,-119.86138,0.16124,40,14
2020-04-06 09:08:40,-119.86138,0.16124,45,14
2020-04-06 09:08:45,-119.86138,0.16124,38,14
2020-04-06 09:08:50,-119.86138,0.16124,42,14
2020-04-06 09:08:55,-119.86138,0.16124,38,14
2020-04-06 09:09:00,-119.86138,0.16124,40,14
2020-04-06 09:09:05,-119.86138,0.16124,43,14
2020-04-06 09:09:10,-119.86138,0.16124,41,14
2020-04-06 09:09:15,-119.86138,0.16124,45,14
2020-04-06 09:09:20,-119.86138,0.16124,47,14
2020-04-06 09:09:25,-119.86138,0.16124,41,14
2020-04-06 09:09:30,-119.86138,0.16124,41,14
2020-04-06 09:09:35,-119.86138,0.16124,41,14
2020-04-06 09:09:40,-119.86138,0.16124,40,14
2020-04-06 09:09:45,-119.86138,0.16124,41,14
2020-04-06 09:09:50,-119.86138,0.16124,39,14
2020-04-06 09:09:55,-119.86138,0.16124,41,14
2020-04-06 09:10:00,-119.86138,0.16124,39,14
2020-04-06 09:10:05,-119.86138,0.16124,38,14
2020-04-06 09:10:10,-119.86138,0.16124,43,14
2020-04-06 09:10:15,-119.86138,0.16124,41,14
2020-04-06 09:10:20,-119.86138,0.16124,44,14
2020-04-06 09:10:25,-119.86138,0.16124,44,14
2020-04-06 09:10:30,-119.86138,0.16124,45,14
2020-04-06 09:10:35,-119.86138,0.16124,46,14
2020-04-06 09:10:40,-119.86138,0.16124,43,14
2020-04-06 09:10:45,-119.86138,0.16124,40,14
2020-04-06 09:10:50,-119.86138,0.16124,41,14
2020-04-06 09:10:55,-119.86138,0.16124,39,14
2020-04-06 09:11:00,-119.86138,0.16124,43,14
2020-04-06 09:11:05,-119.86138,0.16124,37,14
2020-04-06 09:11:10,-119.86138,0.16124,40,14
2020-04-06 09:11:15,-119.86138,0.16124,39,14
2020-04-06 09:11:20,-119.86138,0.16124,39,14
2020-04-06 09:11:25,-119.86138,0.16124,42,14
2020-04-06 09:11:30,-119.86138,0.16124,43,14
2020-04-06 09:11:35,-119.86138,0.16124,39,14
2020-04-06 09:11:40,-119.86138,0.16124,43,14
2020-04-06 09:11:45,-119.86138,0.16124,42,14
2020-04-06 09:11:50,-119.86138,0.16124,42,14
2020-04-06 09:11:55,-119.86138,0.16124,44,14
2020-04-06 09:12:00,-119.86138,0.16124,39,14
2020-04-06 09:12:05,-119.86138,0.16124,44,14
2020-04-06 09:12:10,-119.86138,0.16124,38,14
2020-04-06 09:12:15,-119.86138,0.16124,37,14
2020-04-06 09:12:20,-119.86138,0.16124,40,14
2020-04-06 09:12:25,-119.86138,0.16124,42,14
2020-04-06 09:12:30,-119.86138,0.16124,43,14
2020-04-06 09:12:35,-119.86138,0.16124,44,14
2020-04-06 09:12:40,-119.86138,0.16124,40,14
2020-04-06 09:12:45,-119.86138,0.16124,38,14
2020-04-06 09:12:50,-119.86138,0.16124,40,14
2020-04-06 09:12:55,-119.86138,0.16124,41,14
2020-04-06 09:13:00,-119.86138,0.16124,40,14
2020-04-06 09:13:05,-119.86138,0.16124,40,14
2020-04-06 09:13:10,-119.86138,0.16124,42,14
2020-04-06 09:13:15,-119.86138,0.16124,38,14
2020-04-06 09:13:20,-119.86138,0.16124,42,14
2020-04-06 09:13:25,-119.86138,0.16124,36,14
2020-04-06 09:13:30,-119.86138,0.16124,40,14
2020-04-06 09:13:35,-119.86138,0.16124,40,14
2020-04-06 09:13:40,-119.86138,0.16124,40,14
2020-04-06 09:13:45,-119.86138,0.16124,38,14
2020-04-06 09:13:50,-119.86138,0.16124,44,14
2020-04-06 09:13:55,-119.86138,0.16124,46,14
2020-04-06 09:14:00,-119.86138,0.16124,41,14
2020-04-06 09:14:05,-119.86138,0.16124,41,14
2020-04-06 09:14:10,-119.86138,0.16124,42,14
2020-04-06 09:14:15,-119.86138,0.16124,38,14
2020-04-06 09:14:20,-119.86138,0.16124,40,14
2020-04-06 09:14:25,-119.86138,0.16124,40,14
2020-04-06 09:14:30,-119.86138,0.16124,41,14
2020-04-06 09:14:35,-119.86138,0.16124,41,14
2020-04-06 09:14:40,-119.86138,0.16124,40,14
2020-04-06 09:14:45,-119.86138,0.16124,45,14
2020-04-06 09:14:50,-119.86138,0.16124,45,14
2020-04-06 09:14:55,-119.86138,0.16124,42,14
2020-04-06 09:15:00,-119.86138,0.16124,41,14
2020-04-06 09:15:05,-119.86138,0.16124,40,14
2020-04-06 09:15:10,-119.86138,0.16124,42,14
2020-04-06 09:15:15,-119.86138,0.16124,40,14
2020-04-06 09:15:20,-119.86138,0.16124,44,14
2020-04-06 09:15:25,-119.86138,0.16124,42,14
2020-04-06 09:15:30,-119.86138,0.16124,46,14
2020-04-06 09:15:35,-119.86138,0.16124,43,14
2020-04-06 09:15:40,-119.86138,0.16124,46,14
2020-04-06 09:15:45,-119.86138,0.16124,42,14
2020-04-06 09:15:50,-119.86138,0.16124,44,14
2020-04-06 09:15:55,-119.86138,0.16124,41,14
2020-04-06 09:16:00,-119.86138,0.16124,39,14
2020-04-06 09:16:05,-119.86138,0.16124,41,14
2020-04-06 09:16:10,-119.86138,0.16124,40,14
2020-04-06 09:16:15,-119.86138,0.16124,41,14
2020-04-06 09:16:20,-119.86138,0.16124,39,14
2020-04-06 09:16:25,-119.86138,0.16124,37,14
2020-04-06 09:16:30,-119.86138,0.16124,39,14
2020-04-06 09:16:35,-119.86138,0.16124,37,14
2020-04-06 09:16:40,-119.86138,0.16124,44,14
2020-04-06 09:16:45,-119.86138,0.16124,42,14
2020-04-06 09:16:50,-119.86138,0.16124,40,14
2020-04-06 09:16:55,-119.86138,0.16124,48,14
2020-04-06 09:17:00,-119.86138,0.16124,38,14
2020-04-06 09:17:05,-119.86138,0.16124,46,14
2020-04-06 09:17:10,-119.86138,0.16124,38,14
2020-04-06 09:17:15,-119.86138,0.16124,37,14
2020-04-06 09:17:20,-119.86138,0.16124,41,14
2020-04-06 09:17:25,-119.86138,0.16124,47,14
2020-04-06 09:17:30,-119.86138,0.16124,47,14
2020-04-06 09:17:35,-119.86138,0.16124,41,14
2020-04-06 09:17:40,-119.86138,0.16124,41,14
2020-04-06 09:17:45,-119.86138,0.16124,40,14
2020-04-06 09:17:50,-119.86138,0.16124,36,14
2020-04-06 09:17:55,-119.86138,0.16124,40,14
2020-04-06 09:18:00,-119.86138,0.16124,38,14
2020-04-06 09:18:05,-119.86138,0.16124,44,14
2020-04-06 09:18:10,-119.86138,0.16124,40,14
2020-04-06 09:18:15,-119.86138,0.16124,38,14
2020-04-06 09:18:20,-119.86138,0.16124,41,14
2020-04-06 09:18:25,-119.86138,0.16124,36,14
2020-04-06 09:18:30,-119.86138,0.16124,38,14
2020-04-06 09:18:35,-119.86138,0.16124,40,14
2020-04-06 09:18:40,-119.86138,0.16124,46,14
2020-04-06 09:18:45,-119.86138,0.16124,38,14
2020-04-06 09:18:50,-119.86138,0.16124,42,14
2020-04-06 09:18:55,-119.86138,0.16124,43,14
2020-04-06 09:19:00,-119.86138,0.16124,44,14
2020-04-06 09:19:05,-119.86138,0.16124,43,14
2020-04-06 09:19:10,-119.86138,0.16124,39,14
2020-04-06 09:19:15,-119.86138,0.16124,41,14
2020-04-06 09:19:20,-119.86138,0.16124,52,14
2020-04-06 09:19:25,-119.86138,0.16124,49,14
2020-04-06 09:19:30,-119.86138,0.16124,39,14
2020-04-06 09:19:35,-119.86138,0.16124,41,14
2020-04-06 09:19:40,-119.86138,0.16124,42,14
2020-04-06 09:19:45,-119.86138,0.16124,46,14
2020-04-06 09:19:50,-119.86138,0.16124,48,14
2020-04-06 09:19:55,-119.86138,0.16124,41,14
2020-04-06 09:20:00,-119.86138,0.16124,39,14
2020-04-06 09:20:05,-119.86138,0.16124,42,14
2020-04-06 09:20:10,-119.86138,0.16124,47,14
2020-04-06 09:20:15,-119.86138,0.16124,44,14
2020-04-06 09:20:20,-119.86138,0.16124,45,14
2020-04-06 09:20:25,-119.86138,0.16124,38,14
2020-04-06 09:20:30,-119.86138,0.16124,41,14
2020-04-06 09:20:35,-119.86138,0.16124,41,14
2020-04-06 09:20:40,-119.86138,0.16124,43,14
2020-04-06 09:20:45,-119.86138,0.16124,36,14
2020-04-06 09:20:50,-119.86138,0.16124,43,14
2020-04-06 09:20:55,-119.86138,0.16124,41,14
2020-04-06 09:21:00,-119.86138,0.16124,46,14
2020-04-06 09:21:05,-119.86138,0.16124,44,14
2020-04-06 09:21:10,-119.86138,0.16124,35,14
2020-04-06 09:21:15,-119.86138,0.16124,42,14
2020-04-06 09:21:20,-119.86138,0.16124,41,14
2020-04-06 09:21:25,-119.86138,0.16124,37,14
2020-04-06 09:21:30,-119.86138,0.16124,39,14
2020-04-06 09:21:35,-119.86138,0.16124,40,14
2020-04-06 09:21:40,-119.86138,0.16124,41,14
2020-04-06 09:21:45,-119.86138,0.16124,43,14
2020-04-06 09:21:50,-119.86138,0.16124,47,14
2020-04-06 09:21:55,-119.86138,0.16124,39,14
2020-04-06 09:22:00,-119.86138,0.16124,46,14
2020-04-06 09:22:05,-119.86138,0.16124,39,14
2020-04-06 09:22:10,-119.86138,0.16124,44,14
2020-04-06 09:22:15,-119.86138,0.16124,43,14
2020-04-06 09:22:20,-119.86138,0.16124,43,14
2020-04-06 09:22:25,-119.86138,0.16124,40,14
2020-04-06 09:22:30,-119.86138,0.16124,39,14
2020-04-06 09:22:35,-119.86138,0.16124,41,14
2020-04-06 09:22:40,-119.86138,0.16124,39,14
2020-04-06 09:22:45,-119.86138,0.16124,39,14
2020-04-06 09:22:50,-119.86138,0.16124,43,14
2020-04-06 09:22:55,-119.86138,0.16124,45,14
2020-04-06 09:23:00,-119.86138,0.16124,40,14
2020-04-06 09:23:05,-119.86138,0.16124,42,14
2020-04-06 09:23:10,-119.86138,0.16124,42,14
2020-04-06 09:23:15,-119.86138,0.16124,41,14
2020-04-06 09:23:20,-119.86138,0.16124,41,14
2020-04-06 09:23:25,-119.86138,0.16124,40,14
2020-04-06 09:23:30,-119.86138,0.16124,40,14
2020-04-06 09:23:35,-119.86138,0.16124,42,14
2020-04-06 09:23:40,-119.86138,0.16124,44,14
2020-04-06 09:23:45,-119.86138,0.16124,40,14
2020-04-06 09:23:50,-119.86138,0.16124,35,14
2020-04-06 09:23:55,-119.86138,0.16124,40,14
2020-04-06 09:24:00,-119.86138,0.16124,38,14
2020-04-06 09:24:05,-119.86138,0.16124,38,14
2020-04-06 09:24:10,-119.86138,0.16124,44,14
2020-04-06 09:24:15,-119.86138,0.16124,48,14
2020-04-06 09:24:20,-119.86138,0.16124,39,14
2020-04-06 09:24:25,-119.86138,0.16124,45,14
2020-04-06 09:24:30,-119.86138,0.16124,38,14
2020-04-06 09:24:35,-119.86138,0.16124,41,14
2020-04-06 09:24:40,-119.86138,0.16124,41,14
2020-04-06 09:24:45,-119.86138,0.16124,42,14
2020-04-06 09:24:50,-119.86138,0.16124,38,14
2020-04-06 09:24:55,-119.86138,0.16124,51,14
2020-04-06 09:25:00,-119.86138,0.16124,45,14
2020-04-06 09:25:05,-119.86138,0.16124,42,14
2020-04-06 09:25:10,-119.86138,0.16124,39,14
2020-04-06 09:25:15,-119.86138,0.16124,42,14
2020-04-06 09:25:20,-119.86138,0.16124,48,14
2020-04-06 09:25:25,-119.86138,0.16124,40,14
2020-04-06 09:25:30,-119.86138,0.16124,37,14
2020-04-06 09:25:35,-119.86138,0.16124,34,14
2020-04-06 09:25:40,-119.86138,0.16124,41,14
2020-04-06 09:25:45,-119.86138,0.16124,40,14
2020-04-06 09:25:50,-119.86138,0.16124,41,14
2020-04-06 09:25:55,-119.86138,0.16124,41,14
2020-04-06 09:26:00,-119.86138,0.16124,42,14
2020-04-06 09:26:05,-119.86138,0.16124,47,14
2020-04-06 09:26:10,-119.86138,0.16124,43,14
2020-04-06 09:26:15,-119.86138,0.16124,40,14
2020-04-06 09:26:20,-119.86138,0.16124,41,14
2020-04-06 09:26:25,-119.86138,0.16124,43,14
2020-04-06 09:26:30,-119.86138,0.16124,42,14
2020-04-06 09:26:35,-119.86138,0.16124,37,14
2020-04-06 09:26:40,-119.86138,0.16124,43,14
2020-04-06 09:26:45,-119.86138,0.16124,39,14
2020-04-06 09:26:50,-119.86138,0.16124,47,14
2020-04-06 09:26:55,-119.86138,0.16124,41,14
2020-04-06 09:27:00,-119.86138,0.16124,37,14
2020-04-06 09:27:05,-119.86138,0.16124,38,14
2020-04-06 09:27:10,-119.86138,0.16124,40,14
2020-04-06 09:27:15,-119.86138,0.16124,44,14
2020-04-06 09:27:20,-119.86138,0.16124,40,14
2020-04-06 09:27:25,-119.86138,0.16124,37,14
2020-04-06 09:27:30,-119.86138,0.16124,38,14
2020-04-06 09:27:35,-119.86138,0.16124,42,14
2020-04-06 09:27:40,-119.86138,0.16124,39,14
2020-04-06 09:27:45,-119.86138,0.16124,43,14
2020-04-06 09:27:50,-119.86138,0.16124,42,14
2020-04-06 09:27:55,-119.86138,0.16124,43,14
2020-04-06 09:28:00,-119.86138,0.16124,44,14
2020-04-06 09:28:05,-119.86138,0.16124,37,14
2020-04-06 09:28:10,-119.86138,0.16124,42,14
2020-04-06 09:28:15,-119.86138,0.16124,36,14
2020-04-06 09:28:20,-119.86138,0.16124,42,14
2020-04-06 09:28:25,-119.86138,0.16124,36,14
2020-04-06 09:28:30,-119.86138,0.16124,41,14
2020-04-06 09:28:35,-119.86138,0.16124,41,14
2020-04-06 09:28:40,-119.86138,0.16124,41,14
2020-04-06 09:28:45,-119.86138,0.16124,42,14
2020-04-06 09:28:50,-119.86138,0.16124,43,14
2020-04-06 09:28:55,-119.86138,0.16124,44,14
2020-04-06 09:29:00,-119.86138,0.16124,43,14
2020-04-06 09:29:05,-119.86138,0.16124,38,14
2020-04-06 09:29:10,-119.86138,0.16124,37,14
2020-04-06 09:29:15,-119.86138,0.16124,41,14
2020-04-06 09:29:20,-119.86138,0.16124,42,14
2020-04-06 09:29:25,-119.86138,0.16124,43,14
2020-04-06 09:29:30,-119.86138,0.16124,39,14
2020-04-06 09:29:35,-119.86138,0.16124,41,14
2020-04-06 09:29:40,-119.86138,0.16124,41,14
2020-04-06 09:29:45,-119.86138,0.16124,42,14
2020-04-06 09:29:50,-119.86138,0.16124,44,14
2020-04-06 09:29:55,-119.86138,0.16124,43,14
2020-04-06 09:30:00,-119.86138,0.16124,40,14
2020-04-06 09:30:05,-119.86138,0.16124,40,14
2020-04-06 09:30:10,-119.86138,0.16124,44,14
2020-04-06 09:30:15,-119.86138,0.16124,42,14
2020-04-06 09:30:20,-119.86138,0.16124,37,14
2020-04-06 09:30:25,-119.86138,0.16124,42,14
2020-04-06 09:30:30,-119.86138,0.16124,40,14
2020-04-06 09:30:35,-119.86138,0.16124,42,14
2020-04-06 09:30:40,-119.86138,0.16124,38,14
2020-04-06 09:30:45,-119.86138,0.16124,38,14
2020-04-06 09:30:50,-119.86138,0.16124,42,14
2020-04-06 09:30:55,-119.86138,0.16124,39,14
2020-04-06 09:31:00,-119.86138,0.16124,42,14
2020-04-06 09:31:05,-119.86138,0.16124,43,14
2020-04-06 09:31:10,-119.86138,0.16124,37,14
2020-04-06 09:31:15,-119.86138,0.16124,41,14
2020-04-06 09:31:20,-119.86138,0.16124,39,14
2020-04-06 09:31:25,-119.86138,0.16124,40,14
2020-04-06 09:31:30,-119.86138,0.16124,41,14
2020-04-06 09:31:35,-119.86138,0.16124,40,14
2020-04-06 09:31:40,-119.86138,0.16124,38,14
2020-04-06 09:31:45,-119.86138,0.16124,45,14
2020-04-06 09:31:50,-119.86138,0.16124,39,14
2020-04-06 09:31:55,-119.86138,0.16124,40,14
2020-04-06 09:32:00,-119.86138,0.16124,40,14
2020-04-06 09:32:05,-119.86138,0.16124,42,14
2020-04-06 09:32:10,-119.86138,0.16124,40,14
2020-04-06 09:32:15,-119.86138,0.16124,40,14
2020-04-06 09:32:20,-119.86138,0.16124,42,14
2020-04-06 09:32:25,-119.86138,0.16124,40,14
2020-04-06 09:32:30,-119.86138,0.16124,43,14
2020-04-06 09:32:35,-119.86138,0.16124,45,14
2020-04-06 09:32:40,-119.86138,0.16124,38,14
2020-04-06 09:32:45,-119.86138,0.16124,41,14
2020-04-06 09:32:50,-119.86138,0.16124,41,14
2020-04-06 09:32:55,-119.86138,0.16124,47,14
2020-04-06 09:33:00,-119.86138,0.16124,39,14
2020-04-06 09:33:05,-119.86138,0.16124,38,14
2020-04-06 09:33:10,-119.86138,0.16124,42,14
2020-04-06 09:33:15,-119.86138,0.16124,40,14
2020-04-06 09:33:20,-119.86138,0.16124,44,14
2020-04-06 09:33:25,-119.86138,0.16124,42,14
2020-04-06 09:33:30,-119.86138,0.16124,41,14
2020-04-06 09:33:35,-119.86138,0.16124,44,14
2020-04-06 09:33:40,-119.86138,0.16124,45,14
2020-04-06 09:33:45,-119.86138,0.16124,40,14
2020-04-06 09:33:50,-119.86138,0.16124,44,14
2020-04-06 09:33:55,-119.86138,0.16124,43,14
2020-04-06 09:34:00,-119.86138,0.16124,45,14
2020-04-06 09:34:05,-119.86138,0.16124,46,14
2020-04-06 09:34:10,-119.86138,0.16124,42,14
2020-04-06 09:34:15,-119.86138,0.16124,44,14
2020-04-06 09:34:20,-119.86138,0.16124,42,14
2020-04-06 09:34:25,-119.86138,0.16124,41,14
2020-04-06 09:34:30,-119.86138,0.16124,43,14
2020-04-06 09:34:35,-119.86138,0.16124,41,14
2020-04-06 09:34:40,-119.86138,0.16124,37,14
2020-04-06 09:34:45,-119.86138,0.16124,42,14
2020-04-06 09:34:50,-119.86138,0.16124,42,14
2020-04-06 09:34:55,-119.86138,0.16124,37,14
2020-04-06 09:35:00,-119.86138,0.16124,44,14
2020-04-06 09:35:05,-119.86138,0.16124,47,14
2020-04-06 09:35:10,-119.86138,0.16124,41,14
2020-04-06 09:35:15,-119.86138,0.16124,41,14
2020-04-06 09:35:20,-119.86138,0.16124,43,14
2020-04-06 09:35:25,-119.86138,0.16124,40,14
2020-04-06 09:35:30,-119.86138,0.16124,38,14
2020-04-06 09:35:35,-119.86138,0.16124,40,14
2020-04-06 09:35:40,-119.86138,0.16124,39,14
2020-04-06 09:35:45,-119.86138,0.16124,42,14
2020-04-06 09:35:50,-119.86138,0.16124,41,14
2020-04-06 09:35:55,-119.86138,0.16124,40,14
2020-04-06 09:36:00,-119.86138,0.16124,44,14
2020-04-06 09:36:05,-119.86138,0.16124,43,14
2020-04-06 09:36:10,-119.86138,0.16124,46,14
2020-04-06 09:36:15,-119.86138,0.16124,41,14
2020-04-06 09:36:20,-119.86138,0.16124,44,14
2020-04-06 09:36:25,-119.86138,0.16124,41,14
2020-04-06 09:36:30,-119.86138,0.16124,36,14
2020-04-06 09:36:35,-119.86138,0.16124,42,14
2020-04-06 09:36:40,-119.86138,0.16124,39,14
2020-04-06 09:36:45,-119.86138,0.16124,36,14
2020-04-06 09:36:50,-119.86138,0.16124,38,14
2020-04-06 09:36:55,-119.86138,0.16124,44,14
2020-04-06 09:37:00,-119.86138,0.16124,49,14
2020-04-06 09:37:05,-119.86138,0.16124,43,14
2020-04-06 09:37:10,-119.86138,0.16124,46,14
2020-04-06 09:37:15,-119.86138,0.16124,44,14
2020-04-06 09:37:20,-119.86138,0.16124,42,14
2020-04-06 09:37:25,-119.86138,0.16124,39,14
2020-04-06 09:37:30,-119.86138,0.16124,50,14
2020-04-06 09:37:35,-119.86138,0.16124,44,14
2020-04-06 09:37:40,-119.86138,0.16124,40,14
2020-04-06 09:37:45,-119.86138,0.16124,40,14
2020-04-06 09:37:50,-119.86138,0.16124,41,14
2020-04-06 09:37:55,-119.86138,0.16124,41,14
2020-04-06 09:38:00,-119.86138,0.16124,39,14
2020-04-06 09:38:05,-119.86138,0.16124,42,14
2020-04-06 09:38:10,-119.86138,0.16124,37,14
2020-04-06 09:38:15,-119.86138,0.16124,44,14
2020-04-06 09:38:20,-119.86138,0.16124,38,14
2020-04-06 09:38:25,-119.86138,0.16124,41,14
2020-04-06 09:38:30,-119.86138,0.16124,46,14
2020-04-06 09:38:35,-119.86138,0.16124,41,14
2020-04-06 09:38:40,-119.86138,0.16124,47,14
2020-04-06 09:38:45,-119.86138,0.16124,43,14
2020-04-06 09:38:50,-119.86138,0.16124,42,14
2020-04-06 09:38:55,-119.86138,0.16124,40,14
2020-04-06 09:39:00,-119.86138,0.16124,44,14
2020-04-06 09:39:05,-119.86138,0.16124,43,14
2020-04-06 09:39:10,-119.86138,0.16124,38,14
2020-04-06 09:39:15,-119.86138,0.16124,41,14
2020-04-06 09:39:20,-119.86138,0.16124,43,14
2020-04-06 09:39:25,-119.86138,0.16124,41,14
2020-04-06 09:39:30,-119.86138,0.16124,42,14
2020-04-06 09:39:35,-119.86138,0.16124,42,14
2020-04-06 09:39:40,-119.86138,0.16124,42,14
2020-04-06 09:39:45,-119.86138,0.16124,45,14
2020-04-06 09:39:50,-119.86138,0.16124,41,14
2020-04-06 09:39:55,-119.86138,0.16124,42,14
2020-04-06 09:40:00,-119.86138,0.16124,38,14
2020-04-06 09:40:05,-119.86138,0.16124,40,14
2020-04-06 09:40:10,-119.86138,0.16124,36,14
2020-04-06 09:40:15,-119.86138,0.16124,46,14
2020-04-06 09:40:20,-119.86138,0.16124,39,14
2020-04-06 09:40:25,-119.86138,0.16124,40,14
2020-04-06 09:40:30,-119.86138,0.16124,49,14
2020-04-06 09:40:35,-119.86138,0.16124,34,14
2020-04-06 09:40:40,-119.86138,0.16124,44,14
2020-04-06 09:40:45,-119.86138,0.16124,39,14
2020-04-06 09:40:50,-119.86138,0.16124,44,14
2020-04-06 09:40:55,-119.86138,0.16124,43,14
2020-04-06 09:41:00,-119.86138,0.16124,41,14
2020-04-06 09:41:05,-119.86138,0.16124,42,14
2020-04-06 09:41:10,-119.86138,0.16124,40,14
2020-04-06 09:41:15,-119.86138,0.16124,41,14
2020-04-06 09:41:20,-119.86138,0.16124,44,14
2020-04-06 09:41:25,-119.86138,0.16124,41,14
2020-04-06 09:41:30,-119.86138,0.16124,40,14
2020-04-06 09:41:35,-119.86138,0.16124,47,14
2020-04-06 09:41:40,-119.86138,0.16124,44,14
2020-04-06 09:41:45,-119.86138,0.16124,40,14
2020-04-06 09:41:50,-119.86138,0.16124,42,14
2020-04-06 09:41:55,-119.86138,0.16124,41,14
2020-04-06 09:42:00,-119.86138,0.16124,43,14
2020-04-06 09:42:05,-119.86138,0.16124,46,14
2020-04-06 09:42:10,-119.86138,0.16124,40,14
2020-04-06 09:42:15,-119.86138,0.16124,47,14
2020-04-06 09:42:20,-119.86138,0.16124,40,14
2020-04-06 09:42:25,-119.86138,0.16124,40,14
2020-04-06 09:42:30,-119.86138,0.16124,45,14
2020-04-06 09:42:35,-119.86138,0.16124,42,14
2020-04-06 09:42:40,-119.86138,0.16124,39,14
2020-04-06 09:42:45,-119.86138,0.16124,38,14
2020-04-06 09:42:50,-119.86138,0.16124,45,14
2020-04-06 09:42:55,-119.86138,0.16124,47,14
2020-04-06 09:43:00,-119.86138,0.16124,45,14
2020-04-06 09:43:05,-119.86138,0.16124,43,14
2020-04-06 09:43:10,-119.86138,0.16124,46,14
2020-04-06 09:43:15,-119.86138,0.16124,40,14
2020-04-06 09:43:20,-119.86138,0.16124,40,14
2020-04-06 09:43:25,-119.86138,0.16124,47,14
2020-04-06 09:43:30,-119.86138,0.16124,46,14
2020-04-06 09:43:35,-119.86138,0.16124,37,14
2020-04-06 09:43:40,-119.86138,0.16124,39,14
2020-04-06 09:43:45,-119.86138,0.16124,42,14
2020-04-06 09:43:50,-119.86138,0.16124,40,14
2020-04-06 09:43:55,-119.86138,0.16124,39,14
2020-04-06 09:44:00,-119.86138,0.16124,41,14
2020-04-06 09:44:05,-119.86138,0.16124,43,14
2020-04-06 09:44:10,-119.86138,0.16124,41,14
2020-04-06 09:44:15,-119.86138,0.16124,36,14
2020-04-06 09:44:20,-119.86138,0.16124,40,14
2020-04-06 09:44:25,-119.86138,0.16124,45,14
2020-04-06 09:44:30,-119.86138,0.16124,41,14
2020-04-06 09:44:35,-119.86138,0.16124,44,14
2020-04-06 09:44:40,-119.86138,0.16124,42,14
2020-04-06 09:44:45,-119.86138,0.16124,43,14
2020-04-06 09:44:50,-119.86138,0.16124,44,14
2020-04-06 09:44:55,-119.86138,0.16124,39,14
2020-04-06 09:45:00,-119.86138,0.16124,39,14
2020-04-06 09:45:05,-119.86138,0.16124,42,14
2020-04-06 09:45:10,-119.86138,0.16124,33,14
2020-04-06 09:45:15,-119.86138,0.16124,42,14
2020-04-06 09:45:20,-119.86138,0.16124,44,14
2020-04-06 09:45:25,-119.86138,0.16124,40,14
2020-04-06 09:45:30,-119.86138,0.16124,40,14
2020-04-06 09:45:35,-119.86138,0.16124,43,14
2020-04-06 09:45:40,-119.86138,0.16124,44,14
2020-04-06 09:45:45,-119.86138,0.16124,40,14
2020-04-06 09:45:50,-119.86138,0.16124,42,14
2020-04-06 09:45:55,-119.86138,0.16124,43,14
2020-04-06 09:46:00,-119.86138,0.16124,38,14
2020-04-06 09:46:05,-119.86138,0.16124,38,14
2020-04-06 09:46:10,-119.86138,0.16124,46,14
2020-04-06 09:46:15,-119.86138,0.16124,41,14
2020-04-06 09:46:20,-119.86138,0.16124,45,14
2020-04-06 09:46:25,-119.86138,0.16124,39,14
2020-04-06 09:46:30,-119.86138,0.16124,42,14
2020-04-06 09:46:35,-119.86138,0.16124,43,14
2020-04-06 09:46:40,-119.86138,0.16124,41,14
2020-04-06 09:46:45,-119.86138,0.16124,41,14
2020-04-06 09:46:50,-119.86138,0.16124,44,14
2020-04-06 09:46:55,-119.86138,0.16124,38,14
2020-04-06 09:47:00,-119.86138,0.16124,41,14
2020-04-06 09:47:05,-119.86138,0.16124,46,14
2020-04-06 09:47:10,-119.86138,0.16124,41,14
2020-04-06 09:47:15,-119.86138,0.16124,47,14
2020-04-06 09:47:20,-119.86138,0.16124,40,14
2020-04-06 09:47:25,-119.86138,0.16124,38,14
2020-04-06 09:47:30,-119.86138,0.16124,40,14
2020-04-06 09:47:35,-119.86138,0.16124,37,14
2020-04-06 09:47:40,-119.86138,0.16124,45,14
2020-04-06 09:47:45,-119.86138,0.16124,41,14
2020-04-06 09:47:50,-119.86138,0.16124,37,14
2020-04-06 09:47:55,-119.86138,0.16124,41,14
2020-04-06 09:48:00,-119.86138,0.16124,40,14
2020-04-06 09:48:05,-119.86138,0.16124,42,14
2020-04-06 09:48:10,-119.86138,0.16124,44,14
2020-04-06 09:48:15,-119.86138,0.16124,43,14
2020-04-06 09:48:20,-119.86138,0.16124,39,14
2020-04-06 09:48:25,-119.86138,0.16124,43,14
2020-04-06 09:48:30,-119.86138,0.16124,39,14
2020-04-06 09:48:35,-119.86138,0.16124,39,14
2020-04-06 09:48:40,-119.86138,0.16124,40,14
2020-04-06 09:48:45,-119.86138,0.16124,43,14
2020-04-06 09:48:50,-119.86138,0.16124,45,14
2020-04-06 09:48:55,-119.86138,0.16124,39,14
2020-04-06 09:49:00,-119.86138,0.16124,38,14
2020-04-06 09:49:05,-119.86138,0.16124,35,14
2020-04-06 09:49:10,-119.86138,0.16124,38,14
2020-04-06 09:49:15,-119.86138,0.16124,46,14
2020-04-06 09:49:20,-119.86138,0.16124,44,14
2020-04-06 09:49:25,-119.86138,0.16124,39,14
2020-04-06 09:49:30,-119.86138,0.16124,47,14
2020-04-06 09:49:35,-119.86138,0.16124,43,14
2020-04-06 09:49:40,-119.86138,0.16124,44,14
2020-04-06 09:49:45,-119.86138,0.16124,42,14
2020-04-06 09:49:50,-119.86138,0.16124,43,14
2020-04-06 09:49:55,-119.86138,0.16124,42,14
2020-04-06 09:50:00,-119.86138,0.16124,40,14
2020-04-06 09:50:05,-119.86138,0.16124,40,14
2020-04-06 09:50:10,-119.86138,0.16124,40,14
2020-04-06 09:50:15,-119.86138,0.16124,43,14
2020-04-06 09:50:20,-119.86138,0.16124,38,14
2020-04-06 09:50:25,-119.86138,0.16124,43,14
2020-04-06 09:50:30,-119.86138,0.16124,42,14
2020-04-06 09:50:35,-119.86138,0.16124,44,14
2020-04-06 09:50:40,-119.86138,0.16124,44,14
2020-04-06 09:50:45,-119.86138,0.16124,37,14
2020-04-06 09:50:50,-119.86138,0.16124,42,14
2020-04-06 09:50:55,-119.86138,0.16124,43,14
2020-04-06 09:51:00,-119.86138,0.16124,42,14
2020-04-06 09:51:05,-119.86138,0.16124,42,14
2020-04-06 09:51:10,-119.86138,0.16124,40,14
2020-04-06 09:51:15,-119.86138,0.16124,36,14
2020-04-06 09:51:20,-119.86138,0.16124,39,14
2020-04-06 09:51:25,-119.86138,0.16124,45,14
2020-04-06 09:51:30,-119.86138,0.16124,40,14
2020-04-06 09:51:35,-119.86138,0.16124,39,14
2020-04-06 09:51:40,-119.86138,0.16124,36,14
2020-04-06 09:51:45,-119.86138,0.16124,43,14
2020-04-06 09:51:50,-119.86138,0.16124,44,14
2020-04-06 09:51:55,-119.86138,0.16124,45,14
2020-04-06 09:52:00,-119.86138,0.16124,40,14
2020-04-06 09:52:05,-119.86138,0.16124,45,14
2020-04-06 09:52:10,-119.86138,0.16124,40,14
2020-04-06 09:52:15,-119.86138,0.16124,39,14
2020-04-06 09:52:20,-119.86138,0.16124,39,14
2020-04-06 09:52:25,-119.86138,0.16124,44,14
2020-04-06 09:52:30,-119.86138,0.16124,42,14
2020-04-06 09:52:35,-119.86138,0.16124,41,14
2020-04-06 09:52:40,-119.86138,0.16124,43,14
2020-04-06 09:52:45,-119.86138,0.16124,39,14
2020-04-06 09:52:50,-119.86138,0.16124,40,14
2020-04-06 09:52:55,-119.86138,0.16124,40,14
2020-04-06 09:53:00,-119.86138,0.16124,48,14
2020-04-06 09:53:05,-119.86138,0.16124,44,14
2020-04-06 09:53:10,-119.86138,0.16124,45,14
2020-04-06 09:53:15,-119.86138,0.16124,39,14
2020-04-06 09:53:20,-119.86138,0.16124,43,14
2020-04-06 09:53:25,-119.86138,0.16124,39,14
2020-04-06 09:53:30,-119.86138,0.16124,46,14
2020-04-06 09:53:35,-119.86138,0.16124,39,14
2020-04-06 09:53:40,-119.86138,0.16124,42,14
2020-04-06 09:53:45,-119.86138,0.16124,45,14
2020-04-06 09:53:50,-119.86138,0.16124,43,14
2020-04-06 09:53:55,-119.86138,0.16124,37,14
2020-04-06 09:54:00,-119.86138,0.16124,41,14
2020-04-06 09:54:05,-119.86138,0.16124,37,14
2020-04-06 09:54:10,-119.86138,0.16124,42,14
2020-04-06 09:54:15,-119.86138,0.16124,45,14
2020-04-06 09:54:20,-119.86138,0.16124,38,14
2020-04-06 09:54:25,-119.86138,0.16124,36,14
2020-04-06 09:54:30,-119.86138,0.16124,46,14
2020-04-06 09:54:35,-119.86138,0.16124,40,14
2020-04-06 09:54:40,-119.86138,0.16124,43,14
2020-04-06 09:54:45,-119.86138,0.16124,44,14
2020-04-06 09:54:50,-119.86138,0.16124,42,14
2020-04-06 09:54:55,-119.86138,0.16124,40,14
2020-04-06 09:55:00,-119.86138,0.16124,37,14
2020-04-06 09:55:05,-119.86138,0.16124,43,14
2020-04-06 09:55:10,-119.86138,0.16124,37,14
2020-04-06 09:55:15,-119.86138,0.16124,43,14
2020-04-06 09:55:20,-119.86138,0.16124,41,14
2020-04-06 09:55:25,-119.86138,0.16124,45,14
2020-04-06 09:55:30,-119.86138,0.16124,39,14
2020-04-06 09:55:35,-119.86138,0.16124,41,14
2020-04-06 09:55:40,-119.86138,0.16124,42,14
2020-04-06 09:55:45,-119.86138,0.16124,41,14
2020-04-06 09:55:50,-119.86138,0.16124,40,14
2020-04-06 09:55:55,-119.86138,0.16124,40,14
2020-04-06 09:56:00,-119.86138,0.16124,40,14
2020-04-06 09:56:05,-119.86138,0.16124,44,14
2020-04-06 09:56:10,-119.86138,0.16124,47,14
2020-04-06 09:56:15,-119.86138,0.16124,42,14
2020-04-06 09:56:20,-119.86138,0.16124,45,14
2020-04-06 09:56:25,-119.86138,0.16124,36,14
2020-04-06 09:56:30,-119.86138,0.16124,41,14
2020-04-06 09:56:35,-119.86138,0.16124,41,14
2020-04-06 09:56:40,-119.86138,0.16124,41,14
2020-04-06 09:56:45,-119.86138,0.16124,44,14
2020-04-06 09:56:50,-119.86138,0.16124,43,14
2020-04-06 09:56:55,-119.86138,0.16124,44,14
2020-04-06 09:57:00,-119.86138,0.16124,42,14
2020-04-06 09:57:05,-119.86138,0.16124,43,14
2020-04-06 09:57:10,-119.86138,0.16124,46,14
2020-04-06 09:57:15,-119.86138,0.16124,39,14
2020-04-06 09:57:20,-119.86138,0.16124,44,14
2020-04-06 09:57:25,-119.86138,0.16124,41,14
2020-04-06 09:57:30,-119.86138,0.16124,42,14
2020-04-06 09:57:35,-119.86138,0.16124,45,14
2020-04-06 09:57:40,-119.86138,0.16124,42,14
2020-04-06 09:57:45,-119.86138,0.16124,40,14
2020-04-06 09:57:50,-119.86138,0.16124,46,14
2020-04-06 09:57:55,-119.86138,0.16124,44,14
2020-04-06 09:58:00,-119.86138,0.16124,39,14
2020-04-06 09:58:05,-119.86138,0.16124,39,14
2020-04-06 09:58:10,-119.86138,0.16124,44,14
2020-04-06 09:58:15,-119.86138,0.16124,41,14
2020-04-06 09:58:20,-119.86138,0.16124,38,14
2020-04-06 09:58:25,-119.86138,0.16124,44,14
2020-04-06 09:58:30,-119.86138,0.16124,38,14
2020-04-06 09:58:35,-119.86138,0.16124,41,14
2020-04-06 09:58:40,-119.86138,0.16124,39,14
2020-04-06 09:58:45,-119.86138,0.16124,43,14
2020-04-06 09:58:50,-119.86138,0.16124,41,14
2020-04-06 09:58:55,-119.86138,0.16124,40,14
2020-04-06 09:59:00,-119.86138,0.16124,35,14
2020-04-06 09:59:05,-119.86138,0.16124,40,14
2020-04-06 09:59:10,-119.86138,0.16124,40,14
2020-04-06 09:59:15,-119.86138,0.16124,43,14
2020-04-06 09:59:20,-119.86138,0.16124,43,14
2020-04-06 09:59:25,-119.86138,0.16124,46,14
2020-04-06 09:59:30,-119.86138,0.16124,41,14
2020-04-06 09:59:35,-119.86138,0.16124,42,14
2020-04-06 09:59:40,-119.86138,0.16124,40,14
2020-04-06 09:59:45,-119.86138,0.16124,41,14
2020-04-06 09:59:50,-119.86138,0.16124,38,14
2020-04-06 09:59:55,-119.86138,0.16124,38,14
2020-04-06 10:00:00,-119.86138,0.16124,40,14
2020-04-06 10:00:05,-119.86138,0.16124,38,14
2020-04-06 10:00:10,-119.86138,0.16124,41,14
2020-04-06 10:00:15,-119.86138,0.16124,38,14
2020-04-06 10:00:20,-119.86138,0.16124,46,14
2020-04-06 10:00:25,-119.86138,0.16124,35,14
2020-04-06 10:00:30,-119.86138,0.16124,44,14
2020-04-06 10:00:35,-119.86138,0.16124,38,14
2020-04-06 10:00:40,-119.86138,0.16124,40,14
2020-04-06 10:00:45,-119.86138,0.16124,37,14
2020-04-06 10:00:50,-119.86138,0.16124,38,14
2020-04-06 10:00:55,-119.86138,0.16124,43,14
2020-04-06 10:01:00,-119.86138,0.16124,39,14
2020-04-06 10:01:05,-119.86138,0.16124,37,14
2020-04-06 10:01:10,-119.86138,0.16124,39,14
2020-04-06 10:01:15,-119.86138,0.16124,45,14
2020-04-06 10:01:20,-119.86138,0.16124,42,14
2020-04-06 10:01:25,-119.86138,0.16124,42,14
2020-04-06 10:01:30,-119.86138,0.16124,40,14
2020-04-06 10:01:35,-119.86138,0.16124,44,14
2020-04-06 10:01:40,-119.86138,0.16124,41,14
2020-04-06 10:01:45,-119.86138,0.16124,40,14
2020-04-06 10:01:50,-119.86138,0.16124,41,14
2020-04-06 10:01:55,-119.86138,0.16124,40,14
2020-04-06 10:02:00,-119.86138,0.16124,43,14
2020-04-06 10:02:05,-119.86138,0.16124,41,14
2020-04-06 10:02:10,-119.86138,0.16124,38,14
2020-04-06 10:02:15,-119.86138,0.16124,42,14
2020-04-06 10:02:20,-119.86138,0.16124,43,14
2020-04-06 10:02:25,-119.86138,0.16124,41,14
2020-04-06 10:02:30,-119.86138,0.16124,40,14
2020-04-06 10:02:35,-119.86138,0.16124,44,14
2020-04-06 10:02:40,-119.86138,0.16124,41,14
2020-04-06 10:02:45,-119.86138,0.16124,40,14
2020-04-06 10:02:50,-119.86138,0.16124,39,14
2020-04-06 10:02:55,-119.86138,0.16124,40,14
2020-04-06 10:03:00,-119.86138,0.16124,48,14
2020-04-06 10:03:05,-119.86138,0.16124,41,14
2020-04-06 10:03:10,-119.86138,0.16124,37,14
2020-04-06 10:03:15,-119.86138,0.16124,40,14
2020-04-06 10:03:20,-119.86138,0.16124,42,14
2020-04-06 10:03:25,-119.86138,0.16124,48,14
2020-04-06 10:03:30,-119.86138,0.16124,40,14
2020-04-06 10:03:35,-119.86138,0.16124,38,14
2020-04-06 10:03:40,-119.86138,0.16124,38,14
2020-04-06 10:03:45,-119.86138,0.16124,42,14
2020-04-06 10:03:50,-119.86138,0.16124,43,14
2020-04-06 10:03:55,-119.86138,0.16124,40,14
2020-04-06 10:04:00,-119.86138,0.16124,42,14
2020-04-06 10:04:05,-119.86138,0.16124,39,14
2020-04-06 10:04:10,-119.86138,0.16124,42,14
2020-04-06 10:04:15,-119.86138,0.16124,41,14
2020-04-06 10:04:20,-119.86138,0.16124,38,14
2020-04-06 10:04:25,-119.86138,0.16124,45,14
2020-04-06 10:04:30,-119.86138,0.16124,45,14
2020-04-06 10:04:35,-119.86138,0.16124,42,14
2020-04-06 10:04:40,-119.86138,0.16124,43,14
2020-04-06 10:04:45,-119.86138,0.16124,42,14
2020-04-06 10:04:50,-119.86138,0.16124,43,14
2020-04-06 10:04:55,-119.86138,0.16124,42,14
2020-04-06 10:05:00,-119.86138,0.16124,40,14
2020-04-06 10:05:05,-119.86138,0.16124,46,14
2020-04-06 10:05:10,-119.86138,0.16124,39,14
2020-04-06 10:05:15,-119.86138,0.16124,43,14
2020-04-06 10:05:20,-119.86138,0.16124,41,14
2020-04-06 10:05:25,-119.86138,0.16124,42,14
2020-04-06 10:05:30,-119.86138,0.16124,39,14
2020-04-06 10:05:35,-119.86138,0.16124,42,14
2020-04-06 10:05:40,-119.86138,0.16124,38,14
2020-04-06 10:05:45,-119.86138,0.16124,37,14
2020-04-06 10:05:50,-119.86138,0.16124,39,14
2020-04-06 10:05:55,-119.86138,0.16124,36,14
2020-04-06 10:06:00,-119.86138,0.16124,43,14
2020-04-06 10:06:05,-119.86138,0.16124,37,14
2020-04-06 10:06:10,-119.86138,0.16124,43,14
2020-04-06 10:06:15,-119.86138,0.16124,48,14
2020-04-06 10:06:20,-119.86138,0.16124,45,14
2020-04-06 10:06:25,-119.86138,0.16124,45,14
2020-04-06 10:06:30,-119.86138,0.16124,46,14
2020-04-06 10:06:35,-119.86138,0.16124,47,14
2020-04-06 10:06:40,-119.86138,0.16124,43,14
2020-04-06 10:06:45,-119.86138,0.16124,39,14
2020-04-06 10:06:50,-119.86138,0.16124,41,14
2020-04-06 10:06:55,-119.86138,0.16124,45,14
2020-04-06 10:07:00,-119.86138,0.16124,42,14
2020-04-06 10:07:05,-119.86138,0.16124,39,14
2020-04-06 10:07:10,-119.86138,0.16124,44,14
2020-04-06 10:07:15,-119.86138,0.16124,42,14
2020-04-06 10:07:20,-119.86138,0.16124,46,14
2020-04-06 10:07:25,-119.86138,0.16124,46,14
2020-04-06 10:07:30,-119.86138,0.16124,44,14
2020-04-06 10:07:35,-119.86138,0.16124,41,14
2020-04-06 10:07:40,-119.86138,0.16124,43,14
2020-04-06 10:07:45,-119.86138,0.16124,39,14
2020-04-06 10:07:50,-119.86138,0.16124,43,14
2020-04-06 10:07:55,-119.86138,0.16124,44,14
2020-04-06 10:08:00,-119.86138,0.16124,44,14
2020-04-06 10:08:05,-119.86138,0.16124,44,14
2020-04-06 10:08:10,-119.86138,0.16124,44,14
2020-04-06 10:08:15,-119.86138,0.16124,42,14
2020-04-06 10:08:20,-119.86138,0.16124,38,14
2020-04-06 10:08:25,-119.86138,0.16124,40,14
2020-04-06 10:08:30,-119.86138,0.16124,40,14
2020-04-06 10:08:35,-119.86138,0.16124,42,14
2020-04-06 10:08:40,-119.86138,0.16124,37,14
2020-04-06 10:08:45,-119.86138,0.16124,44,14
2020-04-06 10:08:50,-119.86138,0.16124,38,14
2020-04-06 10:08:55,-119.86138,0.16124,36,14
2020-04-06 10:09:00,-119.86138,0.16124,42,14
2020-04-06 10:09:05,-119.86138,0.16124,40,14
2020-04-06 10:09:10,-119.86138,0.16124,45,14
2020-04-06 10:09:15,-119.86138,0.16124,43,14
2020-04-06 10:09:20,-119.86138,0.16124,41,14
2020-04-06 10:09:25,-119.86138,0.16124,43,14
2020-04-06 10:09:30,-119.86138,0.16124,42,14
2020-04-06 10:09:35,-119.86138,0.16124,41,14
2020-04-06 10:09:40,-119.86138,0.16124,39,14
2020-04-06 10:09:45,-119.86138,0.16124,39,14
2020-04-06 10:09:50,-119.86138,0.16124,40,14
2020-04-06 10:09:55,-119.86138,0.16124,42,14
2020-04-06 10:10:00,-119.86138,0.16124,42,14
2020-04-06 10:10:05,-119.86138,0.16124,43,14
2020-04-06 10:10:10,-119.86138,0.16124,37,14
2020-04-06 10:10:15,-119.86138,0.16124,38,14
2020-04-06 10:10:20,-119.86138,0.16124,43,14
2020-04-06 10:10:25,-119.86138,0.16124,43,14
2020-04-06 10:10:30,-119.86138,0.16124,36,14
2020-04-06 10:10:35,-119.86138,0.16124,41,14
2020-04-06 10:10:40,-119.86138,0.16124,42,14
2020-04-06 10:10:45,-119.86138,0.16124,43,14
2020-04-06 10:10:50,-119.86138,0.16124,46,14
2020-04-06 10:10:55,-119.86138,0.16124,38,14
2020-04-06 10:11:00,-119.86138,0.16124,46,14
2020-04-06 10:11:05,-119.86138,0.16124,39,14
2020-04-06 10:11:10,-119.86138,0.16124,41,14
2020-04-06 10:11:15,-119.86138,0.16124,43,14
2020-04-06 10:11:20,-119.86138,0.16124,42,14
2020-04-06 10:11:25,-119.86138,0.16124,40,14
2020-04-06 10:11:30,-119.86138,0.16124,44,14
2020-04-06 10:11:35,-119.86138,0.16124,41,14
2020-04-06 10:11:40,-119.86138,0.16124,47,14
2020-04-06 10:11:45,-119.86138,0.16124,38,14
2020-04-06 10:11:50,-119.86138,0.16124,45,14
2020-04-06 10:11:55,-119.86138,0.16124,40,14
2020-04-06 10:12:00,-119.86138,0.16124,41,14
2020-04-06 10:12:05,-119.86138,0.16124,43,14
2020-04-06 10:12:10,-119.86138,0.16124,41,14
2020-04-06 10:12:15,-119.86138,0.16124,38,14
2020-04-06 10:12:20,-119.86138,0.16124,42,14
2020-04-06 10:12:25,-119.86138,0.16124,43,14
2020-04-06 10:12:30,-119.86138,0.16124,41,14
2020-04-06 10:12:35,-119.86138,0.16124,40,14
2020-04-06 10:12:40,-119.86138,0.16124,41,14
2020-04-06 10:12:45,-119.86138,0.16124,42,14
2020-04-06 10:12:50,-119.86138,0.16124,36,14
2020-04-06 10:12:55,-119.86138,0.16124,40,14
2020-04-06 10:13:00,-119.86138,0.16124,35,14
2020-04-06 10:13:05,-119.86138,0.16124,38,14
2020-04-06 10:13:10,-119.86138,0.16124,41,14
2020-04-06 10:13:15,-119.86138,0.16124,42,14
2020-04-06 10:13:20,-119.86138,0.16124,41,14
2020-04-06 10:13:25,-119.86138,0.16124,41,14
2020-04-06 10:13:30,-119.86138,0.16124,42,14
2020-04-06 10:13:35,-119.86138,0.16124,46,14
2020-04-06 10:13:40,-119.86138,0.16124,41,14
2020-04-06 10:13:45,-119.86138,0.16124,44,14
2020-04-06 10:13:50,-119.86138,0.16124,40,14
2020-04-06 10:13:55,-119.86138,0.16124,38,14
2020-04-06 10:14:00,-119.86138,0.16124,38,14
2020-04-06 10:14:05,-119.86138,0.16124,42,14
2020-04-06 10:14:10,-119.86138,0.16124,45,14
2020-04-06 10:14:15,-119.86138,0.16124,43,14
2020-04-06 10:14:20,-119.86138,0.16124,39,14
2020-04-06 10:14:25,-119.86138,0.16124,50,14
2020-04-06 10:14:30,-119.86138,0.16124,43,14
2020-04-06 10:14:35,-119.86138,0.16124,42,14
2020-04-06 10:14:40,-119.86138,0.16124,43,14
2020-04-06 10:14:45,-119.86138,0.16124,42,14
2020-04-06 10:14:50,-119.86138,0.16124,42,14
2020-04-06 10:14:55,-119.86138,0.16124,41,14
2020-04-06 10:15:00,-119.86138,0.16124,38,14
2020-04-06 10:15:05,-119.86138,0.16124,41,14
2020-04-06 10:15:10,-119.86138,0.16124,40,14
2020-04-06 10:15:15,-119.86138,0.16124,44,14
2020-04-06 10:15:20,-119.86138,0.16124,44,14
2020-04-06 10:15:25,-119.86138,0.16124,43,14
2020-04-06 10:15:30,-119.86138,0.16124,37,14
2020-04-06 10:15:35,-119.86138,0.16124,35,14
2020-04-06 10:15:40,-119.86138,0.16124,39,14
2020-04-06 10:15:45,-119.86138,0.16124,39,14
2020-04-06 10:15:50,-119.86138,0.16124,44,14
2020-04-06 10:15:55,-119.86138,0.16124,37,14
2020-04-06 10:16:00,-119.86138,0.16124,41,14
2020-04-06 10:16:05,-119.86138,0.16124,45,14
2020-04-06 10:16:10,-119.86138,0.16124,39,14
2020-04-06 10:16:15,-119.86138,0.16124,43,14
2020-04-06 10:16:20,-119.86138,0.16124,42,14
2020-04-06 10:16:25,-119.86138,0.16124,40,14
2020-04-06 10:16:30,-119.86138,0.16124,41,14
2020-04-06 10:16:35,-119.86138,0.16124,40,14
2020-04-06 10:16:40,-119.86138,0.16124,41,14
2020-04-06 10:16:45,-119.86138,0.16124,45,14
2020-04-06 10:16:50,-119.86138,0.16124,47,14
2020-04-06 10:16:55,-119.86138,0.16124,38,14
2020-04-06 10:17:00,-119.86138,0.16124,44,14
2020-04-06 10:17:05,-119.86138,0.16124,45,14
2020-04-06 10:17:10,-119.86138,0.16124,47,14
2020-04-06 10:17:15,-119.86138,0.16124,43,14
2020-04-06 10:17:20,-119.86138,0.16124,38,14
2020-04-06 10:17:25,-119.86138,0.16124,41,14
2020-04-06 10:17:30,-119.86138,0.16124,44,14
2020-04-06 10:17:35,-119.86138,0.16124,41,14
2020-04-06 10:17:40,-119.86138,0.16124,38,14
2020-04-06 10:17:45,-119.86138,0.16124,41,14
2020-04-06 10:17:50,-119.86138,0.16124,44,14
2020-04-06 10:17:55,-119.86138,0.16124,44,14
2020-04-06 10:18:00,-119.86138,0.16124,40,14
2020-04-06 10:18:05,-119.86138,0.16124,40,14
2020-04-06 10:18:10,-119.86138,0.16124,46,14
2020-04-06 10:18:15,-119.86138,0.16124,40,14
2020-04-06 10:18:20,-119.86138,0.16124,41,14
2020-04-06 10:18:25,-119.86138,0.16124,41,14
2020-04-06 10:18:30,-119.86138,0.16124,41,14
2020-04-06 10:18:35,-119.86138,0.16124,43,14
2020-04-06 10:18:40,-119.86138,0.16124,38,14
2020-04-06 10:18:45,-119.86138,0.16124,40,14
2020-04-06 10:18:50,-119.86138,0.16124,41,14
2020-04-06 10:18:55,-119.86138,0.16124,42,14
2020-04-06 10:19:00,-119.86138,0.16124,42,14
2020-04-06 10:19:05,-119.86138,0.16124,47,14
2020-04-06 10:19:10,-119.86138,0.16124,43,14
2020-04-06 10:19:15,-119.86138,0.16124,44,14
2020-04-06 10:19:20,-119.86138,0.16124,40,14
2020-04-06 10:19:25,-119.86138,0.16124,41,14
2020-04-06 10:19:30,-119.86138,0.16124,39,14
2020-04-06 10:19:35,-119.86138,0.16124,41,14
2020-04-06 10:19:40,-119.86138,0.16124,42,14
2020-04-06 10:19:45,-119.86138,0.16124,39,14
2020-04-06 10:19:50,-119.86138,0.16124,39,14
2020-04-06 10:19:55,-119.86138,0.16124,43,14
2020-04-06 10:20:00,-119.86138,0.16124,43,14
2020-04-06 10:20:05,-119.86138,0.16124,41,14
2020-04-06 10:20:10,-119.86138,0.16124,40,14
2020-04-06 10:20:15,-119.86138,0.16124,48,14
2020-04-06 10:20:20,-119.86138,0.16124,47,14
2020-04-06 10:20:25,-119.86138,0.16124,37,14
2020-04-06 10:20:30,-119.86138,0.16124,37,14
2020-04-06 10:20:35,-119.86138,0.16124,42,14
2020-04-06 10:20:40,-119.86138,0.16124,46,14
2020-04-06 10:20:45,-119.86138,0.16124,42,14
2020-04-06 10:20:50,-119.86138,0.16124,39,14
2020-04-06 10:20:55,-119.86138,0.16124,42,14
2020-04-06 10:21:00,-119.86138,0.16124,47,14
2020-04-06 10:21:05,-119.86138,0.16124,40,14
2020-04-06 10:21:10,-119.86138,0.16124,40,14
2020-04-06 10:21:15,-119.86138,0.16124,40,14
2020-04-06 10:21:20,-119.86138,0.16124,43,14
2020-04-06 10:21:25,-119.86138,0.16124,38,14
2020-04-06 10:21:30,-119.86138,0.16124,42,14
2020-04-06 10:21:35,-119.86138,0.16124,37,14
2020-04-06 10:21:40,-119.86138,0.16124,42,14
2020-04-06 10:21:45,-119.86138,0.16124,36,14
2020-04-06 10:21:50,-119.86138,0.16124,37,14
2020-04-06 10:21:55,-119.86138,0.16124,40,14
2020-04-06 10:22:00,-119.86138,0.16124,44,14
2020-04-06 10:22:05,-119.86138,0.16124,46,14
2020-04-06 10:22:10,-119.86138,0.16124,44,14
2020-04-06 10:22:15,-119.86138,0.16124,39,14
2020-04-06 10:22:20,-119.86138,0.16124,44,14
2020-04-06 10:22:25,-119.86138,0.16124,41,14
2020-04-06 10:22:30,-119.86138,0.16124,35,14
2020-04-06 10:22:35,-119.86138,0.16124,43,14
2020-04-06 10:22:40,-119.86138,0.16124,39,14
2020-04-06 10:22:45,-119.86138,0.16124,41,14
2020-04-06 10:22:50,-119.86138,0.16124,46,14
2020-04-06 10:22:55,-119.86138,0.16124,39,14
2020-04-06 10:23:00,-119.86138,0.16124,48,14
2020-04-06 10:23:05,-119.86138,0.16124,45,14
2020-04-06 10:23:10,-119.86138,0.16124,37,14
2020-04-06 10:23:15,-119.86138,0.16124,39,14
2020-04-06 10:23:20,-119.86138,0.16124,42,14
2020-04-06 10:23:25,-119.86138,0.16124,39,14
2020-04-06 10:23:30,-119.86138,0.16124,43,14
2020-04-06 10:23:35,-119.86138,0.16124,38,14
2020-04-06 10:23:40,-119.86138,0.16124,36,14
2020-04-06 10:23:45,-119.86138,0.16124,43,14
2020-04-06 10:23:50,-119.86138,0.16124,39,14
2020-04-06 10:23:55,-119.86138,0.16124,44,14
2020-04-06 10:24:00,-119.86138,0.16124,41,14
2020-04-06 10:24:05,-119.86138,0.16124,44,14
2020-04-06 10:24:10,-119.86138,0.16124,41,14
2020-04-06 10:24:15,-119.86138,0.16124,43,14
2020-04-06 10:24:20,-119.86138,0.16124,38,14
2020-04-06 10:24:25,-119.86138,0.16124,42,14
2020-04-06 10:24:30,-119.86138,0.16124,41,14
2020-04-06 10:24:35,-119.86138,0.16124,43,14
2020-04-06 10:24:40,-119.86138,0.16124,41,14
2020-04-06 10:24:45,-119.86138,0.16124,47,14
2020-04-06 10:24:50,-119.86138,0.16124,44,14
2020-04-06 10:24:55,-119.86138,0.16124,47,14
2020-04-06 10:25:00,-119.86138,0.16124,41,14
2020-04-06 10:25:05,-119.86138,0.16124,45,14
2020-04-06 10:25:10,-119.86138,0.16124,42,14
2020-04-06 10:25:15,-119.86138,0.16124,41,14
2020-04-06 10:25:20,-119.86138,0.16124,45,14
2020-04-06 10:25:25,-119.86138,0.16124,43,14
2020-04-06 10:25:30,-119.86138,0.16124,39,14
2020-04-06 10:25:35,-119.86138,0.16124,39,14
2020-04-06 10:25:40,-119.86138,0.16124,43,14
2020-04-06 10:25:45,-119.86138,0.16124,42,14
2020-04-06 10:25:50,-119.86138,0.16124,47,14
2020-04-06 10:25:55,-119.86138,0.16124,35,14
2020-04-06 10:26:00,-119.86138,0.16124,43,14
2020-04-06 10:26:05,-119.86138,0.16124,45,14
2020-04-06 10:26:10,-119.86138,0.16124,41,14
2020-04-06 10:26:15,-119.86138,0.16124,39,14
2020-04-06 10:26:20,-119.86138,0.16124,39,14
2020-04-06 10:26:25,-119.86138,0.16124,46,14
2020-04-06 10:26:30,-119.86138,0.16124,43,14
2020-04-06 10:26:35,-119.86138,0.16124,47,14
2020-04-06 10:26:40,-119.86138,0.16124,36,14
2020-04-06 10:26:45,-119.86138,0.16124,46,14
2020-04-06 10:26:50,-119.86138,0.16124,40,14
2020-04-06 10:26:55,-119.86138,0.16124,48,14
2020-04-06 10:27:00,-119.86138,0.16124,39,14
2020-04-06 10:27:05,-119.86138,0.16124,44,14
2020-04-06 10:27:10,-119.86138,0.16124,43,14
2020-04-06 10:27:15,-119.86138,0.16124,40,14
2020-04-06 10:27:20,-119.86138,0.16124,44,14
2020-04-06 10:27:25,-119.86138,0.16124,38,14
2020-04-06 10:27:30,-119.86138,0.16124,43,14
2020-04-06 10:27:35,-119.86138,0.16124,41,14
2020-04-06 10:27:40,-119.86138,0.16124,40,14
2020-04-06 10:27:45,-119.86138,0.16124,44,14
2020-04-06 10:27:50,-119.86138,0.16124,47,14
2020-04-06 10:27:55,-119.86138,0.16124,40,14
2020-04-06 10:28:00,-119.86138,0.16124,44,14
2020-04-06 10:28:05,-119.86138,0.16124,42,14
2020-04-06 10:28:10,-119.86138,0.16124,38,14
2020-04-06 10:28:15,-119.86138,0.16124,44,14
2020-04-06 10:28:20,-119.86138,0.16124,38,14
2020-04-06 10:28:25,-119.86138,0.16124,40,14
2020-04-06 10:28:30,-119.86138,0.16124,41,14
2020-04-06 10:28:35,-119.86138,0.16124,43,14
2020-04-06 10:28:40,-119.86138,0.16124,44,14
2020-04-06 10:28:45,-119.86138,0.16124,41,14
2020-04-06 10:28:50,-119.86138,0.16124,44,14
2020-04-06 10:28:55,-119.86138,0.16124,40,14
2020-04-06 10:29:00,-119.86138,0.16124,39,14
2020-04-06 10:29:05,-119.86138,0.16124,38,14
2020-04-06 10:29:10,-119.86138,0.16124,44,14
2020-04-06 10:29:15,-119.86138,0.16124,48,14
2020-04-06 10:29:20,-119.86138,0.16124,47,14
2020-04-06 10:29:25,-119.86138,0.16124,39,14
2020-04-06 10:29:30,-119.86138,0.16124,45,14
2020-04-06 10:29:35,-119.86138,0.16124,41,14
2020-04-06 10:29:40,-119.86138,0.16124,42,14
2020-04-06 10:29:45,-119.86138,0.16124,43,14
2020-04-06 10:29:50,-119.86138,0.16124,42,14
2020-04-06 10:29:55,-119.86138,0.16124,46,14
2020-04-06 10:30:00,-119.86138,0.16124,41,14
2020-04-06 10:30:05,-119.86138,0.16124,41,14
2020-04-06 10:30:10,-119.86138,0.16124,40,14
2020-04-06 10:30:15,-119.86138,0.16124,41,14
2020-04-06 10:30:20,-119.86138,0.16124,39,14
2020-04-06 10:30:25,-119.86138,0.16124,44,14
2020-04-06 10:30:30,-119.86138,0.16124,45,14
2020-04-06 10:30:35,-119.86138,0.16124,47,14
2020-04-06 10:30:40,-119.86138,0.16124,47,14
2020-04-06 10:30:45,-119.86138,0.16124,44,14
2020-04-06 10:30:50,-119.86138,0.16124,43,14
2020-04-06 10:30:55,-119.86138,0.16124,40,14
2020-04-06 10:31:00,-119.86138,0.16124,47,14
2020-04-06 10:31:05,-119.86138,0.16124,44,14
2020-04-06 10:31:10,-119.86138,0.16124,40,14
2020-04-06 10:31:15,-119.86138,0.16124,41,14
2020-04-06 10:31:20,-119.86138,0.16124,41,14
2020-04-06 10:31:25,-119.86138,0.16124,45,14
2020-04-06 10:31:30,-119.86138,0.16124,40,14
2020-04-06 10:31:35,-119.86138,0.16124,41,14
2020-04-06 10:31:40,-119.86138,0.16124,45,14
2020-04-06 10:31:45,-119.86138,0.16124,43,14
2020-04-06 10:31:50,-119.86138,0.16124,35,14
2020-04-06 10:31:55,-119.86138,0.16124,43,14
2020-04-06 10:32:00,-119.86138,0.16124,42,14
2020-04-06 10:32:05,-119.86138,0.16124,41,14
2020-04-06 10:32:10,-119.86138,0.16124,42,14
2020-04-06 10:32:15,-119.86138,0.16124,43,14
2020-04-06 10:32:20,-119.86138,0.16124,48,14
2020-04-06 10:32:25,-119.86138,0.16124,42,14
2020-04-06 10:32:30,-119.86138,0.16124,49,14
2020-04-06 10:32:35,-119.86138,0.16124,45,14
2020-04-06 10:32:40,-119.86138,0.16124,41,14
2020-04-06 10:32:45,-119.86138,0.16124,46,14
2020-04-06 10:32:50,-119.86138,0.16124,41,14
2020-04-06 10:32:55,-119.86138,0.16124,39,14
2020-04-06 10:33:00,-119.86138,0.16124,40,14
2020-04-06 10:33:05,-119.86138,0.16124,39,14
2020-04-06 10:33:10,-119.86138,0.16124,37,14
2020-04-06 10:33:15,-119.86138,0.16124,42,14
2020-04-06 10:33:20,-119.86138,0.16124,39,14
2020-04-06 10:33:25,-119.86138,0.16124,41,14
2020-04-06 10:33:30,-119.86138,0.16124,46,14
2020-04-06 10:33:35,-119.86138,0.16124,42,14
2020-04-06 10:33:40,-119.86138,0.16124,42,14
2020-04-06 10:33:45,-119.86138,0.16124,43,14
2020-04-06 10:33:50,-119.86138,0.16124,41,14
2020-04-06 10:33:55,-119.86138,0.16124,42,14
2020-04-06 10:34:00,-119.86138,0.16124,39,14
2020-04-06 10:34:05,-119.86138,0.16124,41,14
2020-04-06 10:34:10,-119.86138,0.16124,41,14
2020-04-06 10:34:15,-119.86138,0.16124,43,14
2020-04-06 10:34:20,-119.86138,0.16124,40,14
2020-04-06 10:34:25,-119.86138,0.16124,41,14
2020-04-06 10:34:30,-119.86138,0.16124,42,14
2020-04-06 10:34:35,-119.86138,0.16124,40,14
2020-04-06 10:34:40,-119.86138,0.16124,41,14
2020-04-06 10:34:45,-119.86138,0.16124,41,14
2020-04-06 10:34:50,-119.86138,0.16124,42,14
2020-04-06 10:34:55,-119.86138,0.16124,42,14
2020-04-06 10:35:00,-119.86138,0.16124,43,14
2020-04-06 10:35:05,-119.86138,0.16124,41,14
2020-04-06 10:35:10,-119.86138,0.16124,46,14
2020-04-06 10:35:15,-119.86138,0.16124,42,14
2020-04-06 10:35:20,-119.86138,0.16124,44,14
2020-04-06 10:35:25,-119.86138,0.16124,42,14
2020-04-06 10:35:30,-119.86138,0.16124,47,14
2020-04-06 10:35:35,-119.86138,0.16124,39,14
2020-04-06 10:35:40,-119.86138,0.16124,40,14
2020-04-06 10:35:45,-119.86138,0.16124,38,14
2020-04-06 10:35:50,-119.86138,0.16124,47,14
2020-04-06 10:35:55,-119.86138,0.16124,39,14
2020-04-06 10:36:00,-119.86138,0.16124,40,14
2020-04-06 10:36:05,-119.86138,0.16124,39,14
2020-04-06 10:36:10,-119.86138,0.16124,40,14
2020-04-06 10:36:15,-119.86138,0.16124,42,14
2020-04-06 10:36:20,-119.86138,0.16124,45,14
2020-04-06 10:36:25,-119.86138,0.16124,43,14
2020-04-06 10:36:30,-119.86138,0.16124,38,14
2020-04-06 10:36:35,-119.86138,0.16124,46,14
2020-04-06 10:36:40,-119.86138,0.16124,37,14
2020-04-06 10:36:45,-119.86138,0.16124,43,14
2020-04-06 10:36:50,-119.86138,0.16124,41,14
2020-04-06 10:36:55,-119.86138,0.16124,44,14
2020-04-06 10:37:00,-119.86138,0.16124,39,14
2020-04-06 10:37:05,-119.86138,0.16124,40,14
2020-04-06 10:37:10,-119.86138,0.16124,43,14
2020-04-06 10:37:15,-119.86138,0.16124,43,14
2020-04-06 10:37:20,-119.86138,0.16124,42,14
2020-04-06 10:37:25,-119.86138,0.16124,41,14
2020-04-06 10:37:30,-119.86138,0.16124,40,14
2020-04-06 10:37:35,-119.86138,0.16124,45,14
2020-04-06 10:37:40,-119.86138,0.16124,39,14
2020-04-06 10:37:45,-119.86138,0.16124,38,14
2020-04-06 10:37:50,-119.86138,0.16124,40,14
2020-04-06 10:37:55,-119.86138,0.16124,39,14
2020-04-06 10:38:00,-119.86138,0.16124,42,14
2020-04-06 10:38:05,-119.86138,0.16124,43,14
2020-04-06 10:38:10,-119.86138,0.16124,40,14
2020-04-06 10:38:15,-119.86138,0.16124,39,14
2020-04-06 10:38:20,-119.86138,0.16124,42,14
2020-04-06 10:38:25,-119.86138,0.16124,48,14
2020-04-06 10:38:30,-119.86138,0.16124,41,14
2020-04-06 10:38:35,-119.86138,0.16124,43,14
2020-04-06 10:38:40,-119.86138,0.16124,38,14
2020-04-06 10:38:45,-119.86138,0.16124,41,14
2020-04-06 10:38:50,-119.86138,0.16124,45,14
2020-04-06 10:38:55,-119.86138,0.16124,44,14
2020-04-06 10:39:00,-119.86138,0.16124,42,14
2020-04-06 10:39:05,-119.86138,0.16124,41,14
2020-04-06 10:39:10,-119.86138,0.16124,37,14
2020-04-06 10:39:15,-119.86138,0.16124,44,14
2020-04-06 10:39:20,-119.86138,0.16124,45,14
2020-04-06 10:39:25,-119.86138,0.16124,43,14
2020-04-06 10:39:30,-119.86138,0.16124,44,14
2020-04-06 10:39:35,-119.86138,0.16124,42,14
2020-04-06 10:39:40,-119.86138,0.16124,47,14
2020-04-06 10:39:45,-119.86138,0.16124,38,14
2020-04-06 10:39:50,-119.86138,0.16124,38,14
2020-04-06 10:39:55,-119.86138,0.16124,43,14
2020-04-06 10:40:00,-119.86138,0.16124,35,14
2020-04-06 10:40:05,-119.86138,0.16124,43,14
2020-04-06 10:40:10,-119.86138,0.16124,41,14
2020-04-06 10:40:15,-119.86138,0.16124,43,14
2020-04-06 10:40:20,-119.86138,0.16124,45,14
2020-04-06 10:40:25,-119.86138,0.16124,38,14
2020-04-06 10:40:30,-119.86138,0.16124,44,14
2020-04-06 10:40:35,-119.86138,0.16124,41,14
2020-04-06 10:40:40,-119.86138,0.16124,43,14
2020-04-06 10:40:45,-119.86138,0.16124,42,14
2020-04-06 10:40:50,-119.86138,0.16124,48,14
2020-04-06 10:40:55,-119.86138,0.16124,41,14
2020-04-06 10:41:00,-119.86138,0.16124,36,14
2020-04-06 10:41:05,-119.86138,0.16124,39,14
2020-04-06 10:41:10,-119.86138,0.16124,41,14
2020-04-06 10:41:15,-119.86138,0.16124,37,14
2020-04-06 10:41:20,-119.86138,0.16124,35,14
2020-04-06 10:41:25,-119.86138,0.16124,41,14
2020-04-06 10:41:30,-119.86138,0.16124,45,14
2020-04-06 10:41:35,-119.86138,0.16124,42,14
2020-04-06 10:41:40,-119.86138,0.16124,41,14
2020-04-06 10:41:45,-119.86138,0.16124,38,14
2020-04-06 10:41:50,-119.86138,0.16124,35,14
2020-04-06 10:41:55,-119.86138,0.16124,41,14
2020-04-06 10:42:00,-119.86138,0.16124,33,14
2020-04-06 10:42:05,-119.86138,0.16124,40,14
2020-04-06 10:42:10,-119.86138,0.16124,37,14
2020-04-06 10:42:15,-119.86138,0.16124,39,14
2020-04-06 10:42:20,-119.86138,0.16124,43,14
2020-04-06 10:42:25,-119.86138,0.16124,39,14
2020-04-06 10:42:30,-119.86138,0.16124,39,14
2020-04-06 10:42:35,-119.86138,0.16124,45,14
2020-04-06 10:42:40,-119.86138,0.16124,41,14
2020-04-06 10:42:45,-119.86138,0.16124,39,14
2020-04-06 10:42:50,-119.86138,0.16124,44,14
2020-04-06 10:42:55,-119.86138,0.16124,46,14
2020-04-06 10:43:00,-119.86138,0.16124,43,14
2020-04-06 10:43:05,-119.86138,0.16124,45,14
2020-04-06 10:43:10,-119.86138,0.16124,45,14
2020-04-06 10:43:15,-119.86138,0.16124,39,14
2020-04-06 10:43:20,-119.86138,0.16124,50,14
2020-04-06 10:43:25,-119.86138,0.16124,36,14
2020-04-06 10:43:30,-119.86138,0.16124,38,14
2020-04-06 10:43:35,-119.86138,0.16124,41,14
2020-04-06 10:43:40,-119.86138,0.16124,45,14
2020-04-06 10:43:45,-119.86138,0.16124,43,14
2020-04-06 10:43:50,-119.86138,0.16124,41,14
2020-04-06 10:43:55,-119.86138,0.16124,37,14
2020-04-06 10:44:00,-119.86138,0.16124,37,14
2020-04-06 10:44:05,-119.86138,0.16124,47,14
2020-04-06 10:44:10,-119.86138,0.16124,42,14
2020-04-06 10:44:15,-119.86138,0.16124,41,14
2020-04-06 10:44:20,-119.86138,0.16124,41,14
2020-04-06 10:44:25,-119.86138,0.16124,47,14
2020-04-06 10:44:30,-119.86138,0.16124,39,14
2020-04-06 10:44:35,-119.86138,0.16124,42,14
2020-04-06 10:44:40,-119.86138,0.16124,42,14
2020-04-06 10:44:45,-119.86138,0.16124,39,14
2020-04-06 10:44:50,-119.86138,0.16124,37,14
2020-04-06 10:44:55,-119.86138,0.16124,44,14
2020-04-06 10:45:00,-119.86138,0.16124,41,14
2020-04-06 10:45:05,-119.86138,0.16124,43,14
2020-04-06 10:45:10,-119.86138,0.16124,42,14
2020-04-06 10:45:15,-119.86138,0.16124,39,14
2020-04-06 10:45:20,-119.86138,0.16124,42,14
2020-04-06 10:45:25,-119.86138,0.16124,41,14
2020-04-06 10:45:30,-119.86138,0.16124,40,14
2020-04-06 10:45:35,-119.86138,0.16124,43,14
2020-04-06 10:45:40,-119.86138,0.16124,43,14
2020-04-06 10:45:45,-119.86138,0.16124,42,14
2020-04-06 10:45:50,-119.86138,0.16124,41,14
2020-04-06 10:45:55,-119.86138,0.16124,41,14
2020-04-06 10:46:00,-119.86138,0.16124,43,14
2020-04-06 10:46:05,-119.86138,0.16124,41,14
2020-04-06 10:46:10,-119.86138,0.16124,46,14
2020-04-06 10:46:15,-119.86138,0.16124,37,14
2020-04-06 10:46:20,-119.86138,0.16124,37,14
2020-04-06 10:46:25,-119.86138,0.16124,40,14
2020-04-06 10:46:30,-119.86138,0.16124,46,14
2020-04-06 10:46:35,-119.86138,0.16124,44,14
2020-04-06 10:46:40,-119.86138,0.16124,39,14
2020-04-06 10:46:45,-119.86138,0.16124,46,14
2020-04-06 10:46:50,-119.86138,0.16124,43,14
2020-04-06 10:46:55,-119.86138,0.16124,46,14
2020-04-06 10:47:00,-119.86138,0.16124,43,14
2020-04-06 10:47:05,-119.86138,0.16124,42,14
2020-04-06 10:47:10,-119.86138,0.16124,41,14
2020-04-06 10:47:15,-119.86138,0.16124,40,14
2020-04-06 10:47:20,-119.86138,0.16124,43,14
2020-04-06 10:47:25,-119.86138,0.16124,47,14
2020-04-06 10:47:30,-119.86138,0.16124,44,14
2020-04-06 10:47:35,-119.86138,0.16124,47,14
2020-04-06 10:47:40,-119.86138,0.16124,43,14
2020-04-06 10:47:45,-119.86138,0.16124,38,14
2020-04-06 10:47:50,-119.86138,0.16124,41,14
2020-04-06 10:47:55,-119.86138,0.16124,38,14
2020-04-06 10:48:00,-119.86138,0.16124,45,14
2020-04-06 10:48:05,-119.86138,0.16124,45,14
2020-04-06 10:48:10,-119.86138,0.16124,42,14
2020-04-06 10:48:15,-119.86138,0.16124,48,14
2020-04-06 10:48:20,-119.86138,0.16124,40,14
2020-04-06 10:48:25,-119.86138,0.16124,41,14
2020-04-06 10:48:30,-119.86138,0.16124,38,14
2020-04-06 10:48:35,-119.86138,0.16124,44,14
2020-04-06 10:48:40,-119.86138,0.16124,42,14
2020-04-06 10:48:45,-119.86138,0.16124,38,14
2020-04-06 10:48:50,-119.86138,0.16124,44,14
2020-04-06 10:48:55,-119.86138,0.16124,40,14
2020-04-06 10:49:00,-119.86138,0.16124,38,14
2020-04-06 10:49:05,-119.86138,0.16124,38,14
2020-04-06 10:49:10,-119.86138,0.16124,44,14
2020-04-06 10:49:15,-119.86138,0.16124,43,14
2020-04-06 10:49:20,-119.86138,0.16124,40,14
2020-04-06 10:49:25,-119.86138,0.16124,39,14
2020-04-06 10:49:30,-119.86138,0.16124,49,14
2020-04-06 10:49:35,-119.86138,0.16124,41,14
2020-04-06 10:49:40,-119.86138,0.16124,40,14
2020-04-06 10:49:45,-119.86138,0.16124,38,14
2020-04-06 10:49:50,-119.86138,0.16124,42,14
2020-04-06 10:49:55,-119.86138,0.16124,40,14
2020-04-06 10:50:00,-119.86138,0.16124,41,14
2020-04-06 10:50:05,-119.86138,0.16124,42,14
2020-04-06 10:50:10,-119.86138,0.16124,39,14
2020-04-06 10:50:15,-119.86138,0.16124,38,14
2020-04-06 10:50:20,-119.86138,0.16124,42,14
2020-04-06 10:50:25,-119.86138,0.16124,39,14
2020-04-06 10:50:30,-119.86138,0.16124,42,14
2020-04-06 10:50:35,-119.86138,0.16124,38,14
2020-04-06 10:50:40,-119.86138,0.16124,44,14
2020-04-06 10:50:45,-119.86138,0.16124,42,14
2020-04-06 10:50:50,-119.86138,0.16124,38,14
2020-04-06 10:50:55,-119.86138,0.16124,43,14
2020-04-06 10:51:00,-119.86138,0.16124,43,14
2020-04-06 10:51:05,-119.86138,0.16124,36,14
2020-04-06 10:51:10,-119.86138,0.16124,42,14
2020-04-06 10:51:15,-119.86138,0.16124,38,14
2020-04-06 10:51:20,-119.86138,0.16124,41,14
2020-04-06 10:51:25,-119.86138,0.16124,41,14
2020-04-06 10:51:30,-119.86138,0.16124,38,14
2020-04-06 10:51:35,-119.86138,0.16124,42,14
2020-04-06 10:51:40,-119.86138,0.16124,39,14
2020-04-06 10:51:45,-119.86138,0.16124,38,14
2020-04-06 10:51:50,-119.86138,0.16124,40,14
2020-04-06 10:51:55,-119.86138,0.16124,41,14
2020-04-06 10:52:00,-119.86138,0.16124,43,14
2020-04-06 10:52:05,-119.86138,0.16124,39,14
2020-04-06 10:52:10,-119.86138,0.16124,42,14
2020-04-06 10:52:15,-119.86138,0.16124,43,14
2020-04-06 10:52:20,-119.86138,0.16124,43,14
2020-04-06 10:52:25,-119.86138,0.16124,41,14
2020-04-06 10:52:30,-119.86138,0.16124,45,14
2020-04-06 10:52:35,-119.86138,0.16124,42,14
2020-04-06 10:52:40,-119.86138,0.16124,35,14
2020-04-06 10:52:45,-119.86138,0.16124,43,14
2020-04-06 10:52:50,-119.86138,0.16124,45,14
2020-04-06 10:52:55,-119.86138,0.16124,44,14
2020-04-06 10:53:00,-119.86138,0.16124,41,14
2020-04-06 10:53:05,-119.86138,0.16124,39,14
2020-04-06 10:53:10,-119.86138,0.16124,43,14
2020-04-06 10:53:15,-119.86138,0.16124,44,14
2020-04-06 10:53:20,-119.86138,0.16124,44,14
2020-04-06 10:53:25,-119.86138,0.16124,44,14
2020-04-06 10:53:30,-119.86138,0.16124,39,14
2020-04-06 10:53:35,-119.86138,0.16124,44,14
2020-04-06 10:53:40,-119.86138,0.16124,39,14
2020-04-06 10:53:45,-119.86138,0.16124,45,14
2020-04-06 10:53:50,-119.86138,0.16124,40,14
2020-04-06 10:53:55,-119.86138,0.16124,43,14
2020-04-06 10:54:00,-119.86138,0.16124,41,14
2020-04-06 10:54:05,-119.86138,0.16124,45,14
2020-04-06 10:54:10,-119.86138,0.16124,44,14
2020-04-06 10:54:15,-119.86138,0.16124,42,14
2020-04-06 10:54:20,-119.86138,0.16124,39,14
2020-04-06 10:54:25,-119.86138,0.16124,40,14
2020-04-06 10:54:30,-119.86138,0.16124,38,14
2020-04-06 10:54:35,-119.86138,0.16124,37,14
2020-04-06 10:54:40,-119.86138,0.16124,41,14
2020-04-06 10:54:45,-119.86138,0.16124,43,14
2020-04-06 10:54:50,-119.86138,0.16124,39,14
2020-04-06 10:54:55,-119.86138,0.16124,39,14
2020-04-06 10:55:00,-119.86138,0.16124,43,14
2020-04-06 10:55:05,-119.86138,0.16124,40,14
2020-04-06 10:55:10,-119.86138,0.16124,41,14
2020-04-06 10:55:15,-119.86138,0.16124,44,14
2020-04-06 10:55:20,-119.86138,0.16124,44,14
2020-04-06 10:55:25,-119.86138,0.16124,38,14
2020-04-06 10:55:30,-119.86138,0.16124,33,14
2020-04-06 10:55:35,-119.86138,0.16124,44,14
2020-04-06 10:55:40,-119.86138,0.16124,37,14
2020-04-06 10:55:45,-119.86138,0.16124,44,14
2020-04-06 10:55:50,-119.86138,0.16124,40,14
2020-04-06 10:55:55,-119.86138,0.16124,38,14
2020-04-06 10:56:00,-119.86138,0.16124,39,14
2020-04-06 10:56:05,-119.86138,0.16124,40,14
2020-04-06 10:56:10,-119.86138,0.16124,41,14
2020-04-06 10:56:15,-119.86138,0.16124,42,14
2020-04-06 10:56:20,-119.86138,0.16124,37,14
2020-04-06 10:56:25,-119.86138,0.16124,47,14
2020-04-06 10:56:30,-119.86138,0.16124,44,14
2020-04-06 10:56:35,-119.86138,0.16124,42,14
2020-04-06 10:56:40,-119.86138,0.16124,42,14
2020-04-06 10:56:45,-119.86138,0.16124,42,14
2020-04-06 10:56:50,-119.86138,0.16124,42,14
2020-04-06 10:56:55,-119.86138,0.16124,46,14
2020-04-06 10:57:00,-119.86138,0.16124,38,14
2020-04-06 10:57:05,-119.86138,0.16124,41,14
2020-04-06 10:57:10,-119.86138,0.16124,40,14
2020-04-06 10:57:15,-119.86138,0.16124,40,14
2020-04-06 10:57:20,-119.86138,0.16124,39,14
2020-04-06 10:57:25,-119.86138,0.16124,41,14
2020-04-06 10:57:30,-119.86138,0.16124,40,14
2020-04-06 10:57:35,-119.86138,0.16124,43,14
2020-04-06 10:57:40,-119.86138,0.16124,36,14
2020-04-06 10:57:45,-119.86138,0.16124,40,14
2020-04-06 10:57:50,-119.86138,0.16124,41,14
2020-04-06 10:57:55,-119.86138,0.16124,40,14
2020-04-06 10:58:00,-119.86138,0.16124,36,14
2020-04-06 10:58:05,-119.86138,0.16124,39,14
2020-04-06 10:58:10,-119.86138,0.16124,47,14
2020-04-06 10:58:15,-119.86138,0.16124,42,14
2020-04-06 10:58:20,-119.86138,0.16124,43,14
2020-04-06 10:58:25,-119.86138,0.16124,45,14
2020-04-06 10:58:30,-119.86138,0.16124,38,14
2020-04-06 10:58:35,-119.86138,0.16124,38,14
2020-04-06 10:58:40,-119.86138,0.16124,46,14
2020-04-06 10:58:45,-119.86138,0.16124,43,14
2020-04-06 10:58:50,-119.86138,0.16124,43,14
2020-04-06 10:58:55,-119.86138,0.16124,41,14
2020-04-06 10:59:00,-119.86138,0.16124,43,14
2020-04-06 10:59:05,-119.86138,0.16124,43,14
2020-04-06 10:59:10,-119.86138,0.16124,39,14
2020-04-06 10:59:15,-119.86138,0.16124,42,14
2020-04-06 10:59:20,-119.86138,0.16124,39,14
2020-04-06 10:59:25,-119.86138,0.16124,39,14
2020-04-06 10:59:30,-119.86138,0.16124,37,14
2020-04-06 10:59:35,-119.86138,0.16124,46,14
2020-04-06 10:59:40,-119.86138,0.16124,42,14
2020-04-06 10:59:45,-119.86138,0.16124,36,14
2020-04-06 10:59:50,-119.86138,0.16124,41,14
2020-04-06 10:59:55,-119.86138,0.16124,45,14
2020-04-06 11:00:00,-119.86138,0.16124,38,14
2020-04-06 11:00:05,-119.86138,0.16124,38,14
2020-04-06 11:00:10,-119.86138,0.16124,43,14
2020-04-06 11:00:15,-119.86138,0.16124,44,14
2020-04-06 11:00:20,-119.86138,0.16124,45,14
2020-04-06 11:00:25,-119.86138,0.16124,51,14
2020-04-06 11:00:30,-119.86138,0.16124,41,14
2020-04-06 11:00:35,-119.86138,0.16124,39,14
2020-04-06 11:00:40,-119.86138,0.16124,44,14
2020-04-06 11:00:45,-119.86138,0.16124,37,14
2020-04-06 11:00:50,-119.86138,0.16124,39,14
2020-04-06 11:00:55,-119.86138,0.16124,42,14
2020-04-06 11:01:00,-119.86138,0.16124,42,14
2020-04-06 11:01:05,-119.86138,0.16124,39,14
2020-04-06 11:01:10,-119.86138,0.16124,41,14
2020-04-06 11:01:15,-119.86138,0.16124,43,14
2020-04-06 11:01:20,-119.86138,0.16124,46,14
2020-04-06 11:01:25,-119.86138,0.16124,41,14
2020-04-06 11:01:30,-119.86138,0.16124,41,14
2020-04-06 11:01:35,-119.86138,0.16124,45,14
2020-04-06 11:01:40,-119.86138,0.16124,41,14
2020-04-06 11:01:45,-119.86138,0.16124,44,14
2020-04-06 11:01:50,-119.86138,0.16124,43,14
2020-04-06 11:01:55,-119.86138,0.16124,44,14
2020-04-06 11:02:00,-119.86138,0.16124,44,14
2020-04-06 11:02:05,-119.86138,0.16124,47,14
2020-04-06 11:02:10,-119.86138,0.16124,42,14
2020-04-06 11:02:15,-119.86138,0.16124,47,14
2020-04-06 11:02:20,-119.86138,0.16124,42,14
2020-04-06 11:02:25,-119.86138,0.16124,43,14
2020-04-06 11:02:30,-119.86138,0.16124,40,14
2020-04-06 11:02:35,-119.86138,0.16124,38,14
2020-04-06 11:02:40,-119.86138,0.16124,43,14
2020-04-06 11:02:45,-119.86138,0.16124,44,14
2020-04-06 11:02:50,-119.86138,0.16124,40,14
2020-04-06 11:02:55,-119.86138,0.16124,37,14
2020-04-06 11:03:00,-119.86138,0.16124,40,14
2020-04-06 11:03:05,-119.86138,0.16124,44,14
2020-04-06 11:03:10,-119.86138,0.16124,41,14
2020-04-06 11:03:15,-119.86138,0.16124,45,14
2020-04-06 11:03:20,-119.86138,0.16124,43,14
2020-04-06 11:03:25,-119.86138,0.16124,38,14
2020-04-06 11:03:30,-119.86138,0.16124,40,14
2020-04-06 11:03:35,-119.86138,0.16124,41,14
2020-04-06 11:03:40,-119.86138,0.16124,39,14
2020-04-06 11:03:45,-119.86138,0.16124,41,14
2020-04-06 11:03:50,-119.86138,0.16124,46,14
2020-04-06 11:03:55,-119.86138,0.16124,44,14
2020-04-06 11:04:00,-119.86138,0.16124,40,14
2020-04-06 11:04:05,-119.86138,0.16124,40,14
2020-04-06 11:04:10,-119.86138,0.16124,41,14
2020-04-06 11:04:15,-119.86138,0.16124,44,14
2020-04-06 11:04:20,-119.86138,0.16124,37,14
2020-04-06 11:04:25,-119.86138,0.16124,44,14
2020-04-06 11:04:30,-119.86138,0.16124,43,14
2020-04-06 11:04:35,-119.86138,0.16124,45,14
2020-04-06 11:04:40,-119.86138,0.16124,36,14
2020-04-06 11:04:45,-119.86138,0.16124,37,14
2020-04-06 11:04:50,-119.86138,0.16124,38,14
2020-04-06 11:04:55,-119.86138,0.16124,35,14
2020-04-06 11:05:00,-119.86138,0.16124,44,14
2020-04-06 11:05:05,-119.86138,0.16124,41,14
2020-04-06 11:05:10,-119.86138,0.16124,39,14
2020-04-06 11:05:15,-119.86138,0.16124,43,14
2020-04-06 11:05:20,-119.86138,0.16124,41,14
2020-04-06 11:05:25,-119.86138,0.16124,41,14
2020-04-06 11:05:30,-119.86138,0.16124,41,14
2020-04-06 11:05:35,-119.86138,0.16124,39,14
2020-04-06 11:05:40,-119.86138,0.16124,40,14
2020-04-06 11:05:45,-119.86138,0.16124,40,14
2020-04-06 11:05:50,-119.86138,0.16124,42,14
2020-04-06 11:05:55,-119.86138,0.16124,42,14
2020-04-06 11:06:00,-119.86138,0.16124,44,14
2020-04-06 11:06:05,-119.86138,0.16124,40,14
2020-04-06 11:06:10,-119.86138,0.16124,43,14
2020-04-06 11:06:15,-119.86138,0.16124,40,14
2020-04-06 11:06:20,-119.86138,0.16124,38,14
2020-04-06 11:06:25,-119.86138,0.16124,42,14
2020-04-06 11:06:30,-119.86138,0.16124,39,14
2020-04-06 11:06:35,-119.86138,0.16124,39,14
2020-04-06 11:06:40,-119.86138,0.16124,36,14
2020-04-06 11:06:45,-119.86138,0.16124,41,14
2020-04-06 11:06:50,-119.86138,0.16124,41,14
2020-04-06 11:06:55,-119.86138,0.16124,40,14
2020-04-06 11:07:00,-119.86138,0.16124,35,14
2020-04-06 11:07:05,-119.86138,0.16124,43,14
2020-04-06 11:07:10,-119.86138,0.16124,42,14
2020-04-06 11:07:15,-119.86138,0.16124,40,14
2020-04-06 11:07:20,-119.86138,0.16124,44,14
2020-04-06 11:07:25,-119.86138,0.16124,40,14
2020-04-06 11:07:30,-119.86138,0.16124,39,14
2020-04-06 11:07:35,-119.86138,0.16124,41,14
2020-04-06 11:07:40,-119.86138,0.16124,45,14
2020-04-06 11:07:45,-119.86138,0.16124,39,14
2020-04-06 11:07:50,-119.86138,0.16124,35,14
2020-04-06 11:07:55,-119.86138,0.16124,38,14
2020-04-06 11:08:00,-119.86138,0.16124,48,14
2020-04-06 11:08:05,-119.86138,0.16124,44,14
2020-04-06 11:08:10,-119.86138,0.16124,45,14
2020-04-06 11:08:15,-119.86138,0.16124,39,14
2020-04-06 11:08:20,-119.86138,0.16124,37,14
2020-04-06 11:08:25,-119.86138,0.16124,40,14
2020-04-06 11:08:30,-119.86138,0.16124,42,14
2020-04-06 11:08:35,-119.86138,0.16124,42,14
2020-04-06 11:08:40,-119.86138,0.16124,41,14
2020-04-06 11:08:45,-119.86138,0.16124,40,14
2020-04-06 11:08:50,-119.86138,0.16124,42,14
2020-04-06 11:08:55,-119.86138,0.16124,44,14
2020-04-06 11:09:00,-119.86138,0.16124,48,14
2020-04-06 11:09:05,-119.86138,0.16124,43,14
2020-04-06 11:09:10,-119.86138,0.16124,51,14
2020-04-06 11:09:15,-119.86138,0.16124,38,14
2020-04-06 11:09:20,-119.86138,0.16124,42,14
2020-04-06 11:09:25,-119.86138,0.16124,44,14
2020-04-06 11:09:30,-119.86138,0.16124,41,14
2020-04-06 11:09:35,-119.86138,0.16124,46,14
2020-04-06 11:09:40,-119.86138,0.16124,41,14
2020-04-06 11:09:45,-119.86138,0.16124,40,14
2020-04-06 11:09:50,-119.86138,0.16124,46,14
2020-04-06 11:09:55,-119.86138,0.16124,45,14
2020-04-06 11:10:00,-119.86138,0.16124,39,14
2020-04-06 11:10:05,-119.86138,0.16124,44,14
2020-04-06 11:10:10,-119.86138,0.16124,43,14
2020-04-06 11:10:15,-119.86138,0.16124,43,14
2020-04-06 11:10:20,-119.86138,0.16124,39,14
2020-04-06 11:10:25,-119.86138,0.16124,46,14
2020-04-06 11:10:30,-119.86138,0.16124,42,14
2020-04-06 11:10:35,-119.86138,0.16124,41,14
2020-04-06 11:10:40,-119.86138,0.16124,48,14
2020-04-06 11:10:45,-119.86138,0.16124,38,14
2020-04-06 11:10:50,-119.86138,0.16124,38,14
2020-04-06 11:10:55,-119.86138,0.16124,42,14
2020-04-06 11:11:00,-119.86138,0.16124,40,14
2020-04-06 11:11:05,-119.86138,0.16124,43,14
2020-04-06 11:11:10,-119.86138,0.16124,39,14
2020-04-06 11:11:15,-119.86138,0.16124,39,14
2020-04-06 11:11:20,-119.86138,0.16124,39,14
2020-04-06 11:11:25,-119.86138,0.16124,42,14
2020-04-06 11:11:30,-119.86138,0.16124,40,14
2020-04-06 11:11:35,-119.86138,0.16124,45,14
2020-04-06 11:11:40,-119.86138,0.16124,45,14
2020-04-06 11:11:45,-119.86138,0.16124,46,14
2020-04-06 11:11:50,-119.86138,0.16124,46,14
2020-04-06 11:11:55,-119.86138,0.16124,41,14
2020-04-06 11:12:00,-119.86138,0.16124,40,14
2020-04-06 11:12:05,-119.86138,0.16124,44,14
2020-04-06 11:12:10,-119.86138,0.16124,40,14
2020-04-06 11:12:15,-119.86138,0.16124,38,14
2020-04-06 11:12:20,-119.86138,0.16124,44,14
2020-04-06 11:12:25,-119.86138,0.16124,42,14
2020-04-06 11:12:30,-119.86138,0.16124,39,14
2020-04-06 11:12:35,-119.86138,0.16124,41,14
2020-04-06 11:12:40,-119.86138,0.16124,44,14
2020-04-06 11:12:45,-119.86138,0.16124,39,14
2020-04-06 11:12:50,-119.86138,0.16124,39,14
2020-04-06 11:12:55,-119.86138,0.16124,43,14
2020-04-06 11:13:00,-119.86138,0.16124,40,14
2020-04-06 11:13:05,-119.86138,0.16124,42,14
2020-04-06 11:13:10,-119.86138,0.16124,43,14
2020-04-06 11:13:15,-119.86138,0.16124,44,14
2020-04-06 11:13:20,-119.86138,0.16124,43,14
2020-04-06 11:13:25,-119.86138,0.16124,43,14
2020-04-06 11:13:30,-119.86138,0.16124,41,14
2020-04-06 11:13:35,-119.86138,0.16124,38,14
2020-04-06 11:13:40,-119.86138,0.16124,45,14
2020-04-06 11:13:45,-119.86138,0.16124,40,14
2020-04-06 11:13:50,-119.86138,0.16124,41,14
2020-04-06 11:13:55,-119.86138,0.16124,34,14
2020-04-06 11:14:00,-119.86138,0.16124,41,14
2020-04-06 11:14:05,-119.86138,0.16124,45,14
2020-04-06 11:14:10,-119.86138,0.16124,42,14
2020-04-06 11:14:15,-119.86138,0.16124,41,14
2020-04-06 11:14:20,-119.86138,0.16124,39,14
2020-04-06 11:14:25,-119.86138,0.16124,39,14
2020-04-06 11:14:30,-119.86138,0.16124,45,14
2020-04-06 11:14:35,-119.86138,0.16124,42,14
2020-04-06 11:14:40,-119.86138,0.16124,43,14
2020-04-06 11:14:45,-119.86138,0.16124,40,14
2020-04-06 11:14:50,-119.86138,0.16124,41,14
2020-04-06 11:14:55,-119.86138,0.16124,38,14
2020-04-06 11:15:00,-119.86138,0.16124,39,14
2020-04-06 11:15:05,-119.86138,0.16124,42,14
2020-04-06 11:15:10,-119.86138,0.16124,42,14
2020-04-06 11:15:15,-119.86138,0.16124,42,14
2020-04-06 11:15:20,-119.86138,0.16124,41,14
2020-04-06 11:15:25,-119.86138,0.16124,39,14
2020-04-06 11:15:30,-119.86138,0.16124,43,14
2020-04-06 11:15:35,-119.86138,0.16124,45,14
2020-04-06 11:15:40,-119.86138,0.16124,41,14
2020-04-06 11:15:45,-119.86138,0.16124,43,14
2020-04-06 11:15:50,-119.86138,0.16124,42,14
2020-04-06 11:15:55,-119.86138,0.16124,43,14
2020-04-06 11:16:00,-119.86138,0.16124,43,14
2020-04-06 11:16:05,-119.86138,0.16124,40,14
2020-04-06 11:16:10,-119.86138,0.16124,44,14
2020-04-06 11:16:15,-119.86138,0.16124,45,14
2020-04-06 11:16:20,-119.86138,0.16124,45,14
2020-04-06 11:16:25,-119.86138,0.16124,45,14
2020-04-06 11:16:30,-119.86138,0.16124,46,14
2020-04-06 11:16:35,-119.86138,0.16124,41,14
2020-04-06 11:16:40,-119.86138,0.16124,41,14
2020-04-06 11:16:45,-119.86138,0.16124,42,14
2020-04-06 11:16:50,-119.86138,0.16124,40,14
2020-04-06 11:16:55,-119.86138,0.16124,42,14
2020-04-06 11:17:00,-119.86138,0.16124,41,14
2020-04-06 11:17:05,-119.86138,0.16124,42,14
2020-04-06 11:17:10,-119.86138,0.16124,41,14
2020-04-06 11:17:15,-119.86138,0.16124,44,14
2020-04-06 11:17:20,-119.86138,0.16124,45,14
2020-04-06 11:17:25,-119.86138,0.16124,39,14
2020-04-06 11:17:30,-119.86138,0.16124,41,14
2020-04-06 11:17:35,-119.86138,0.16124,41,14
2020-04-06 11:17:40,-119.86138,0.16124,41,14
2020-04-06 11:17:45,-119.86138,0.16124,43,14
2020-04-06 11:17:50,-119.86138,0.16124,44,14
2020-04-06 11:17:55,-119.86138,0.16124,41,14
2020-04-06 11:18:00,-119.86138,0.16124,46,14
2020-04-06 11:18:05,-119.86138,0.16124,44,14
2020-04-06 11:18:10,-119.86138,0.16124,45,14
2020-04-06 11:18:15,-119.86138,0.16124,40,14
2020-04-06 11:18:20,-119.86138,0.16124,37,14
2020-04-06 11:18:25,-119.86138,0.16124,43,14
2020-04-06 11:18:30,-119.86138,0.16124,38,14
2020-04-06 11:18:35,-119.86138,0.16124,45,14
2020-04-06 11:18:40,-119.86138,0.16124,44,14
2020-04-06 11:18:45,-119.86138,0.16124,47,14
2020-04-06 11:18:50,-119.86138,0.16124,42,14
2020-04-06 11:18:55,-119.86138,0.16124,36,14
2020-04-06 11:19:00,-119.86138,0.16124,41,14
2020-04-06 11:19:05,-119.86138,0.16124,44,14
2020-04-06 11:19:10,-119.86138,0.16124,39,14
2020-04-06 11:19:15,-119.86138,0.16124,41,14
2020-04-06 11:19:20,-119.86138,0.16124,36,14
2020-04-06 11:19:25,-119.86138,0.16124,45,14
2020-04-06 11:19:30,-119.86138,0.16124,40,14
2020-04-06 11:19:35,-119.86138,0.16124,37,14
2020-04-06 11:19:40,-119.86138,0.16124,41,14
2020-04-06 11:19:45,-119.86138,0.16124,46,14
2020-04-06 11:19:50,-119.86138,0.16124,41,14
2020-04-06 11:19:55,-119.86138,0.16124,42,14
2020-04-06 11:20:00,-119.86138,0.16124,44,14
2020-04-06 11:20:05,-119.86138,0.16124,44,14
2020-04-06 11:20:10,-119.86138,0.16124,40,14
2020-04-06 11:20:15,-119.86138,0.16124,38,14
2020-04-06 11:20:20,-119.86138,0.16124,49,14
2020-04-06 11:20:25,-119.86138,0.16124,42,14
2020-04-06 11:20:30,-119.86138,0.16124,42,14
2020-04-06 11:20:35,-119.86138,0.16124,45,14
2020-04-06 11:20:40,-119.86138,0.16124,45,14
2020-04-06 11:20:45,-119.86138,0.16124,42,14
2020-04-06 11:20:50,-119.86138,0.16124,36,14
2020-04-06 11:20:55,-119.86138,0.16124,44,14
2020-04-06 11:21:00,-119.86138,0.16124,47,14
2020-04-06 11:21:05,-119.86138,0.16124,44,14
2020-04-06 11:21:10,-119.86138,0.16124,46,14
2020-04-06 11:21:15,-119.86138,0.16124,43,14
2020-04-06 11:21:20,-119.86138,0.16124,41,14
2020-04-06 11:21:25,-119.86138,0.16124,43,14
2020-04-06 11:21:30,-119.86138,0.16124,40,14
2020-04-06 11:21:35,-119.86138,0.16124,45,14
2020-04-06 11:21:40,-119.86138,0.16124,43,14
2020-04-06 11:21:45,-119.86138,0.16124,40,14
2020-04-06 11:21:50,-119.86138,0.16124,46,14
2020-04-06 11:21:55,-119.86138,0.16124,42,14
2020-04-06 11:22:00,-119.86138,0.16124,41,14
2020-04-06 11:22:05,-119.86138,0.16124,38,14
2020-04-06 11:22:10,-119.86138,0.16124,42,14
2020-04-06 11:22:15,-119.86138,0.16124,41,14
2020-04-06 11:22:20,-119.86138,0.16124,42,14
2020-04-06 11:22:25,-119.86138,0.16124,43,14
2020-04-06 11:22:30,-119.86138,0.16124,42,14
2020-04-06 11:22:35,-119.86138,0.16124,43,14
2020-04-06 11:22:40,-119.86138,0.16124,47,14
2020-04-06 11:22:45,-119.86138,0.16124,39,14
2020-04-06 11:22:50,-119.86138,0.16124,42,14
2020-04-06 11:22:55,-119.86138,0.16124,43,14
2020-04-06 11:23:00,-119.86138,0.16124,43,14
2020-04-06 11:23:05,-119.86138,0.16124,42,14
2020-04-06 11:23:10,-119.86138,0.16124,39,14
2020-04-06 11:23:15,-119.86138,0.16124,40,14
2020-04-06 11:23:20,-119.86138,0.16124,40,14
2020-04-06 11:23:25,-119.86138,0.16124,39,14
2020-04-06 11:23:30,-119.86138,0.16124,42,14
2020-04-06 11:23:35,-119.86138,0.16124,49,14
2020-04-06 11:23:40,-119.86138,0.16124,48,14
2020-04-06 11:23:45,-119.86138,0.16124,43,14
2020-04-06 11:23:50,-119.86138,0.16124,41,14
2020-04-06 11:23:55,-119.86138,0.16124,41,14
2020-04-06 11:24:00,-119.86138,0.16124,46,14
2020-04-06 11:24:05,-119.86138,0.16124,39,14
2020-04-06 11:24:10,-119.86138,0.16124,45,14
2020-04-06 11:24:15,-119.86138,0.16124,39,14
2020-04-06 11:24:20,-119.86138,0.16124,47,14
2020-04-06 11:24:25,-119.86138,0.16124,43,14
2020-04-06 11:24:30,-119.86138,0.16124,44,14
2020-04-06 11:24:35,-119.86138,0.16124,39,14
2020-04-06 11:24:40,-119.86138,0.16124,45,14
2020-04-06 11:24:45,-119.86138,0.16124,41,14
2020-04-06 11:24:50,-119.86138,0.16124,43,14
2020-04-06 11:24:55,-119.86138,0.16124,39,14
2020-04-06 11:25:00,-119.86138,0.16124,48,14
2020-04-06 11:25:05,-119.86138,0.16124,43,14
2020-04-06 11:25:10,-119.86138,0.16124,38,14
2020-04-06 11:25:15,-119.86138,0.16124,44,14
2020-04-06 11:25:20,-119.86138,0.16124,39,14
2020-04-06 11:25:25,-119.86138,0.16124,46,14
2020-04-06 11:25:30,-119.86138,0.16124,38,14
2020-04-06 11:25:35,-119.86138,0.16124,39,14
2020-04-06 11:25:40,-119.86138,0.16124,41,14
2020-04-06 11:25:45,-119.86138,0.16124,35,14
2020-04-06 11:25:50,-119.86138,0.16124,44,14
2020-04-06 11:25:55,-119.86138,0.16124,42,14
2020-04-06 11:26:00,-119.86138,0.16124,39,14
2020-04-06 11:26:05,-119.86138,0.16124,41,14
2020-04-06 11:26:10,-119.86138,0.16124,44,14
2020-04-06 11:26:15,-119.86138,0.16124,41,14
2020-04-06 11:26:20,-119.86138,0.16124,43,14
2020-04-06 11:26:25,-119.86138,0.16124,41,14
2020-04-06 11:26:30,-119.86138,0.16124,42,14
2020-04-06 11:26:35,-119.86138,0.16124,43,14
2020-04-06 11:26:40,-119.86138,0.16124,43,14
2020-04-06 11:26:45,-119.86138,0.16124,43,14
2020-04-06 11:26:50,-119.86138,0.16124,43,14
2020-04-06 11:26:55,-119.86138,0.16124,44,14
2020-04-06 11:27:00,-119.86138,0.16124,37,14
2020-04-06 11:27:05,-119.86138,0.16124,42,14
2020-04-06 11:27:10,-119.86138,0.16124,43,14
2020-04-06 11:27:15,-119.86138,0.16124,43,14
2020-04-06 11:27:20,-119.86138,0.16124,44,14
2020-04-06 11:27:25,-119.86138,0.16124,41,14
2020-04-06 11:27:30,-119.86138,0.16124,42,14
2020-04-06 11:27:35,-119.86138,0.16124,42,14
2020-04-06 11:27:40,-119.86138,0.16124,40,14
2020-04-06 11:27:45,-119.86138,0.16124,37,14
2020-04-06 11:27:50,-119.86138,0.16124,39,14
2020-04-06 11:27:55,-119.86138,0.16124,43,14
2020-04-06 11:28:00,-119.86138,0.16124,40,14
2020-04-06 11:28:05,-119.86138,0.16124,45,14
2020-04-06 11:28:10,-119.86138,0.16124,40,14
2020-04-06 11:28:15,-119.86138,0.16124,43,14
2020-04-06 11:28:20,-119.86138,0.16124,41,14
2020-04-06 11:28:25,-119.86138,0.16124,41,14
2020-04-06 11:28:30,-119.86138,0.16124,41,14
2020-04-06 11:28:35,-119.86138,0.16124,42,14
2020-04-06 11:28:40,-119.86138,0.16124,39,14
2020-04-06 11:28:45,-119.86138,0.16124,43,14
2020-04-06 11:28:50,-119.86138,0.16124,42,14
2020-04-06 11:28:55,-119.86138,0.16124,41,14
2020-04-06 11:29:00,-119.86138,0.16124,34,14
2020-04-06 11:29:05,-119.86138,0.16124,44,14
2020-04-06 11:29:10,-119.86138,0.16124,39,14
2020-04-06 11:29:15,-119.86138,0.16124,48,14
2020-04-06 11:29:20,-119.86138,0.16124,38,14
2020-04-06 11:29:25,-119.86138,0.16124,42,14
2020-04-06 11:29:30,-119.86138,0.16124,44,14
2020-04-06 11:29:35,-119.86138,0.16124,37,14
2020-04-06 11:29:40,-119.86138,0.16124,44,14
2020-04-06 11:29:45,-119.86138,0.16124,37,14
2020-04-06 11:29:50,-119.86138,0.16124,36,14
2020-04-06 11:29:55,-119.86138,0.16124,43,14
2020-04-06 11:30:00,-119.86138,0.16124,40,14
2020-04-06 11:30:05,-119.86138,0.16124,41,14
2020-04-06 11:30:10,-119.86138,0.16124,41,14
2020-04-06 11:30:15,-119.86138,0.16124,48,14
2020-04-06 11:30:20,-119.86138,0.16124,41,14
2020-04-06 11:30:25,-119.86138,0.16124,42,14
2020-04-06 11:30:30,-119.86138,0.16124,40,14
2020-04-06 11:30:35,-119.86138,0.16124,39,14
2020-04-06 11:30:40,-119.86138,0.16124,42,14
2020-04-06 11:30:45,-119.86138,0.16124,40,14
2020-04-06 11:30:50,-119.86138,0.16124,38,14
2020-04-06 11:30:55,-119.86138,0.16124,43,14
2020-04-06 11:31:00,-119.86138,0.16124,40,14
2020-04-06 11:31:05,-119.86138,0.16124,42,14
2020-04-06 11:31:10,-119.86138,0.16124,35,14
2020-04-06 11:31:15,-119.86138,0.16124,38,14
2020-04-06 11:31:20,-119.86138,0.16124,42,14
2020-04-06 11:31:25,-119.86138,0.16124,37,14
2020-04-06 11:31:30,-119.86138,0.16124,42,14
2020-04-06 11:31:35,-119.86138,0.16124,43,14
2020-04-06 11:31:40,-119.86138,0.16124,47,14
2020-04-06 11:31:45,-119.86138,0.16124,41,14
2020-04-06 11:31:50,-119.86138,0.16124,43,14
2020-04-06 11:31:55,-119.86138,0.16124,41,14
2020-04-06 11:32:00,-119.86138,0.16124,43,14
2020-04-06 11:32:05,-119.86138,0.16124,36,14
2020-04-06 11:32:10,-119.86138,0.16124,36,14
2020-04-06 11:32:15,-119.86138,0.16124,39,14
2020-04-06 11:32:20,-119.86138,0.16124,42,14
2020-04-06 11:32:25,-119.86138,0.16124,43,14
2020-04-06 11:32:30,-119.86138,0.16124,40,14
2020-04-06 11:32:35,-119.86138,0.16124,37,14
2020-04-06 11:32:40,-119.86138,0.16124,44,14
2020-04-06 11:32:45,-119.86138,0.16124,46,14
2020-04-06 11:32:50,-119.86138,0.16124,38,14
2020-04-06 11:32:55,-119.86138,0.16124,39,14
2020-04-06 11:33:00,-119.86138,0.16124,45,14
2020-04-06 11:33:05,-119.86138,0.16124,41,14
2020-04-06 11:33:10,-119.86138,0.16124,44,14
2020-04-06 11:33:15,-119.86138,0.16124,40,14
2020-04-06 11:33:20,-119.86138,0.16124,41,14
2020-04-06 11:33:25,-119.86138,0.16124,43,14
2020-04-06 11:33:30,-119.86138,0.16124,40,14
2020-04-06 11:33:35,-119.86138,0.16124,41,14
2020-04-06 11:33:40,-119.86138,0.16124,37,14
2020-04-06 11:33:45,-119.86138,0.16124,40,14
2020-04-06 11:33:50,-119.86138,0.16124,34,14
2020-04-06 11:33:55,-119.86138,0.16124,38,14
2020-04-06 11:34:00,-119.86138,0.16124,40,14
2020-04-06 11:34:05,-119.86138,0.16124,40,14
2020-04-06 11:34:10,-119.86138,0.16124,44,14
2020-04-06 11:34:15,-119.86138,0.16124,37,14
2020-04-06 11:34:20,-119.86138,0.16124,40,14
2020-04-06 11:34:25,-119.86138,0.16124,38,14
2020-04-06 11:34:30,-119.86138,0.16124,40,14
2020-04-06 11:34:35,-119.86138,0.16124,42,14
2020-04-06 11:34:40,-119.86138,0.16124,44,14
2020-04-06 11:34:45,-119.86138,0.16124,40,14
2020-04-06 11:34:50,-119.86138,0.16124,39,14
2020-04-06 11:34:55,-119.86138,0.16124,38,14
2020-04-06 11:35:00,-119.86138,0.16124,39,14
2020-04-06 11:35:05,-119.86138,0.16124,43,14
2020-04-06 11:35:10,-119.86138,0.16124,38,14
2020-04-06 11:35:15,-119.86138,0.16124,40,14
2020-04-06 11:35:20,-119.86138,0.16124,37,14
2020-04-06 11:35:25,-119.86138,0.16124,42,14
2020-04-06 11:35:30,-119.86138,0.16124,40,14
2020-04-06 11:35:35,-119.86138,0.16124,37,14
2020-04-06 11:35:40,-119.86138,0.16124,42,14
2020-04-06 11:35:45,-119.86138,0.16124,47,14
2020-04-06 11:35:50,-119.86138,0.16124,42,14
2020-04-06 11:35:55,-119.86138,0.16124,43,14
2020-04-06 11:36:00,-119.86138,0.16124,40,14
2020-04-06 11:36:05,-119.86138,0.16124,46,14
2020-04-06 11:36:10,-119.86138,0.16124,37,14
2020-04-06 11:36:15,-119.86138,0.16124,38,14
2020-04-06 11:36:20,-119.86138,0.16124,44,14
2020-04-06 11:36:25,-119.86138,0.16124,43,14
2020-04-06 11:36:30,-119.86138,0.16124,47,14
2020-04-06 11:36:35,-119.86138,0.16124,39,14
2020-04-06 11:36:40,-119.86138,0.16124,43,14
2020-04-06 11:36:45,-119.86138,0.16124,41,14
2020-04-06 11:36:50,-119.86138,0.16124,44,14
2020-04-06 11:36:55,-119.86138,0.16124,43,14
2020-04-06 11:37:00,-119.86138,0.16124,38,14
2020-04-06 11:37:05,-119.86138,0.16124,41,14
2020-04-06 11:37:10,-119.86138,0.16124,38,14
2020-04-06 11:37:15,-119.86138,0.16124,35,14
2020-04-06 11:37:20,-119.86138,0.16124,43,14
2020-04-06 11:37:25,-119.86138,0.16124,37,14
2020-04-06 11:37:30,-119.86138,0.16124,43,14
2020-04-06 11:37:35,-119.86138,0.16124,43,14
2020-04-06 11:37:40,-119.86138,0.16124,43,14
2020-04-06 11:37:45,-119.86138,0.16124,45,14
2020-04-06 11:37:50,-119.86138,0.16124,33,14
2020-04-06 11:37:55,-119.86138,0.16124,46,14
2020-04-06 11:38:00,-119.86138,0.16124,39,14
2020-04-06 11:38:05,-119.86138,0.16124,42,14
2020-04-06 11:38:10,-119.86138,0.16124,37,14
2020-04-06 11:38:15,-119.86138,0.16124,39,14
2020-04-06 11:38:20,-119.86138,0.16124,43,14
2020-04-06 11:38:25,-119.86138,0.16124,41,14
2020-04-06 11:38:30,-119.86138,0.16124,41,14
2020-04-06 11:38:35,-119.86138,0.16124,40,14
2020-04-06 11:38:40,-119.86138,0.16124,43,14
2020-04-06 11:38:45,-119.86138,0.16124,45,14
2020-04-06 11:38:50,-119.86138,0.16124,43,14
2020-04-06 11:38:55,-119.86138,0.16124,44,14
2020-04-06 11:39:00,-119.86138,0.16124,37,14
2020-04-06 11:39:05,-119.86138,0.16124,41,14
2020-04-06 11:39:10,-119.86138,0.16124,40,14
2020-04-06 11:39:15,-119.86138,0.16124,39,14
2020-04-06 11:39:20,-119.86138,0.16124,40,14
2020-04-06 11:39:25,-119.86138,0.16124,40,14
2020-04-06 11:39:30,-119.86138,0.16124,45,14
2020-04-06 11:39:35,-119.86138,0.16124,41,14
2020-04-06 11:39:40,-119.86138,0.16124,43,14
2020-04-06 11:39:45,-119.86138,0.16124,40,14
2020-04-06 11:39:50,-119.86138,0.16124,41,14
2020-04-06 11:39:55,-119.86138,0.16124,38,14
2020-04-06 11:40:00,-119.86138,0.16124,40,14
2020-04-06 11:40:05,-119.86138,0.16124,41,14
2020-04-06 11:40:10,-119.86138,0.16124,42,14
2020-04-06 11:40:15,-119.86138,0.16124,41,14
2020-04-06 11:40:20,-119.86138,0.16124,41,14
2020-04-06 11:40:25,-119.86138,0.16124,43,14
2020-04-06 11:40:30,-119.86138,0.16124,40,14
2020-04-06 11:40:35,-119.86138,0.16124,41,14
2020-04-06 11:40:40,-119.86138,0.16124,47,14
2020-04-06 11:40:45,-119.86138,0.16124,43,14
2020-04-06 11:40:50,-119.86138,0.16124,43,14
2020-04-06 11:40:55,-119.86138,0.16124,42,14
2020-04-06 11:41:00,-119.86138,0.16124,40,14
2020-04-06 11:41:05,-119.86138,0.16124,43,14
2020-04-06 11:41:10,-119.86138,0.16124,42,14
2020-04-06 11:41:15,-119.86138,0.16124,40,14
2020-04-06 11:41:20,-119.86138,0.16124,46,14
2020-04-06 11:41:25,-119.86138,0.16124,38,14
2020-04-06 11:41:30,-119.86138,0.16124,43,14
2020-04-06 11:41:35,-119.86138,0.16124,44,14
2020-04-06 11:41:40,-119.86138,0.16124,41,14
2020-04-06 11:41:45,-119.86138,0.16124,40,14
2020-04-06 11:41:50,-119.86138,0.16124,39,14
2020-04-06 11:41:55,-119.86138,0.16124,44,14
2020-04-06 11:42:00,-119.86138,0.16124,42,14
2020-04-06 11:42:05,-119.86138,0.16124,43,14
2020-04-06 11:42:10,-119.86138,0.16124,43,14
2020-04-06 11:42:15,-119.86138,0.16124,48,14
2020-04-06 11:42:20,-119.86138,0.16124,42,14
2020-04-06 11:42:25,-119.86138,0.16124,40,14
2020-04-06 11:42:30,-119.86138,0.16124,41,14
2020-04-06 11:42:35,-119.86138,0.16124,45,14
2020-04-06 11:42:40,-119.86138,0.16124,40,14
2020-04-06 11:42:45,-119.86138,0.16124,43,14
2020-04-06 11:42:50,-119.86138,0.16124,44,14
2020-04-06 11:42:55,-119.86138,0.16124,41,14
2020-04-06 11:43:00,-119.86138,0.16124,39,14
2020-04-06 11:43:05,-119.86138,0.16124,39,14
2020-04-06 11:43:10,-119.86138,0.16124,46,14
2020-04-06 11:43:15,-119.86138,0.16124,45,14
2020-04-06 11:43:20,-119.86138,0.16124,44,14
2020-04-06 11:43:25,-119.86138,0.16124,42,14
2020-04-06 11:43:30,-119.86138,0.16124,41,14
2020-04-06 11:43:35,-119.86138,0.16124,39,14
2020-04-06 11:43:40,-119.86138,0.16124,46,14
2020-04-06 11:43:45,-119.86138,0.16124,40,14
2020-04-06 11:43:50,-119.86138,0.16124,41,14
2020-04-06 11:43:55,-119.86138,0.16124,45,14
2020-04-06 11:44:00,-119.86138,0.16124,42,14
2020-04-06 11:44:05,-119.86138,0.16124,42,14
2020-04-06 11:44:10,-119.86138,0.16124,43,14
2020-04-06 11:44:15,-119.86138,0.16124,39,14
2020-04-06 11:44:20,-119.86138,0.16124,38,14
2020-04-06 11:44:25,-119.86138,0.16124,45,14
2020-04-06 11:44:30,-119.86138,0.16124,39,14
2020-04-06 11:44:35,-119.86138,0.16124,40,14
2020-04-06 11:44:40,-119.86138,0.16124,42,14
2020-04-06 11:44:45,-119.86138,0.16124,38,14
2020-04-06 11:44:50,-119.86138,0.16124,40,14
2020-04-06 11:44:55,-119.86138,0.16124,41,14
2020-04-06 11:45:00,-119.86138,0.16124,46,14
2020-04-06 11:45:05,-119.86138,0.16124,47,14
2020-04-06 11:45:10,-119.86138,0.16124,40,14
2020-04-06 11:45:15,-119.86138,0.16124,42,14
2020-04-06 11:45:20,-119.86138,0.16124,44,14
2020-04-06 11:45:25,-119.86138,0.16124,46,14
2020-04-06 11:45:30,-119.86138,0.16124,42,14
2020-04-06 11:45:35,-119.86138,0.16124,44,14
2020-04-06 11:45:40,-119.86138,0.16124,40,14
2020-04-06 11:45:45,-119.86138,0.16124,47,14
2020-04-06 11:45:50,-119.86138,0.16124,38,14
2020-04-06 11:45:55,-119.86138,0.16124,43,14
2020-04-06 11:46:00,-119.86138,0.16124,41,14
2020-04-06 11:46:05,-119.86138,0.16124,39,14
2020-04-06 11:46:10,-119.86138,0.16124,42,14
2020-04-06 11:46:15,-119.86138,0.16124,40,14
2020-04-06 11:46:20,-119.86138,0.16124,43,14
2020-04-06 11:46:25,-119.86138,0.16124,43,14
2020-04-06 11:46:30,-119.86138,0.16124,41,14
2020-04-06 11:46:35,-119.86138,0.16124,42,14
2020-04-06 11:46:40,-119.86138,0.16124,41,14
2020-04-06 11:46:45,-119.86138,0.16124,44,14
2020-04-06 11:46:50,-119.86138,0.16124,40,14
2020-04-06 11:46:55,-119.86138,0.16124,45,14
2020-04-06 11:47:00,-119.86138,0.16124,42,14
2020-04-06 11:47:05,-119.86138,0.16124,41,14
2020-04-06 11:47:10,-119.86138,0.16124,38,14
2020-04-06 11:47:15,-119.86138,0.16124,45,14
2020-04-06 11:47:20,-119.86138,0.16124,40,14
2020-04-06 11:47:25,-119.86138,0.16124,39,14
2020-04-06 11:47:30,-119.86138,0.16124,43,14
2020-04-06 11:47:35,-119.86138,0.16124,42,14
2020-04-06 11:47:40,-119.86138,0.16124,44,14
2020-04-06 11:47:45,-119.86138,0.16124,42,14
2020-04-06 11:47:50,-119.86138,0.16124,42,14
2020-04-06 11:47:55,-119.86138,0.16124,42,14
2020-04-06 11:48:00,-119.86138,0.16124,39,14
2020-04-06 11:48:05,-119.86138,0.16124,42,14
2020-04-06 11:48:10,-119.86138,0.16124,39,14
2020-04-06 11:48:15,-119.86138,0.16124,39,14
2020-04-06 11:48:20,-119.86138,0.16124,45,14
2020-04-06 11:48:25,-119.86138,0.16124,42,14
2020-04-06 11:48:30,-119.86138,0.16124,43,14
2020-04-06 11:48:35,-119.86138,0.16124,39,14
2020-04-06 11:48:40,-119.86138,0.16124,40,14
2020-04-06 11:48:45,-119.86138,0.16124,43,14
2020-04-06 11:48:50,-119.86138,0.16124,42,14
2020-04-06 11:48:55,-119.86138,0.16124,37,14
2020-04-06 11:49:00,-119.86138,0.16124,41,14
2020-04-06 11:49:05,-119.86138,0.16124,46,14
2020-04-06 11:49:10,-119.86138,0.16124,38,14
2020-04-06 11:49:15,-119.86138,0.16124,43,14
2020-04-06 11:49:20,-119.86138,0.16124,46,14
2020-04-06 11:49:25,-119.86138,0.16124,46,14
2020-04-06 11:49:30,-119.86138,0.16124,45,14
2020-04-06 11:49:35,-119.86138,0.16124,40,14
2020-04-06 11:49:40,-119.86138,0.16124,42,14
2020-04-06 11:49:45,-119.86138,0.16124,44,14
2020-04-06 11:49:50,-119.86138,0.16124,37,14
2020-04-06 11:49:55,-119.86138,0.16124,43,14
2020-04-06 11:50:00,-119.86138,0.16124,40,14
2020-04-06 11:50:05,-119.86138,0.16124,41,14
2020-04-06 11:50:10,-119.86138,0.16124,41,14
2020-04-06 11:50:15,-119.86138,0.16124,38,14
2020-04-06 11:50:20,-119.86138,0.16124,43,14
2020-04-06 11:50:25,-119.86138,0.16124,42,14
2020-04-06 11:50:30,-119.86138,0.16124,42,14
2020-04-06 11:50:35,-119.86138,0.16124,40,14
2020-04-06 11:50:40,-119.86138,0.16124,41,14
2020-04-06 11:50:45,-119.86138,0.16124,37,14
2020-04-06 11:50:50,-119.86138,0.16124,42,14
2020-04-06 11:50:55,-119.86138,0.16124,44,14
2020-04-06 11:51:00,-119.86138,0.16124,41,14
2020-04-06 11:51:05,-119.86138,0.16124,44,14
2020-04-06 11:51:10,-119.86138,0.16124,36,14
2020-04-06 11:51:15,-119.86138,0.16124,42,14
2020-04-06 11:51:20,-119.86138,0.16124,39,14
2020-04-06 11:51:25,-119.86138,0.16124,41,14
2020-04-06 11:51:30,-119.86138,0.16124,40,14
2020-04-06 11:51:35,-119.86138,0.16124,45,14
2020-04-06 11:51:40,-119.86138,0.16124,45,14
2020-04-06 11:51:45,-119.86138,0.16124,44,14
2020-04-06 11:51:50,-119.86138,0.16124,46,14
2020-04-06 11:51:55,-119.86138,0.16124,37,14
2020-04-06 11:52:00,-119.86138,0.16124,39,14
2020-04-06 11:52:05,-119.86138,0.16124,37,14
2020-04-06 11:52:10,-119.86138,0.16124,43,14
2020-04-06 11:52:15,-119.86138,0.16124,40,14
2020-04-06 11:52:20,-119.86138,0.16124,42,14
2020-04-06 11:52:25,-119.86138,0.16124,43,14
2020-04-06 11:52:30,-119.86138,0.16124,45,14
2020-04-06 11:52:35,-119.86138,0.16124,42,14
2020-04-06 11:52:40,-119.86138,0.16124,48,14
2020-04-06 11:52:45,-119.86138,0.16124,43,14
2020-04-06 11:52:50,-119.86138,0.16124,41,14
2020-04-06 11:52:55,-119.86138,0.16124,42,14
2020-04-06 11:53:00,-119.86138,0.16124,36,14
2020-04-06 11:53:05,-119.86138,0.16124,43,14
2020-04-06 11:53:10,-119.86138,0.16124,42,14
2020-04-06 11:53:15,-119.86138,0.16124,43,14
2020-04-06 11:53:20,-119.86138,0.16124,43,14
2020-04-06 11:53:25,-119.86138,0.16124,37,14
2020-04-06 11:53:30,-119.86138,0.16124,40,14
2020-04-06 11:53:35,-119.86138,0.16124,42,14
2020-04-06 11:53:40,-119.86138,0.16124,39,14
2020-04-06 11:53:45,-119.86138,0.16124,42,14
2020-04-06 11:53:50,-119.86138,0.16124,42,14
2020-04-06 11:53:55,-119.86138,0.16124,39,14
2020-04-06 11:54:00,-119.86138,0.16124,47,14
2020-04-06 11:54:05,-119.86138,0.16124,46,14
2020-04-06 11:54:10,-119.86138,0.16124,36,14
2020-04-06 11:54:15,-119.86138,0.16124,41,14
2020-04-06 11:54:20,-119.86138,0.16124,43,14
2020-04-06 11:54:25,-119.86138,0.16124,42,14
2020-04-06 11:54:30,-119.86138,0.16124,44,14
2020-04-06 11:54:35,-119.86138,0.16124,49,14
2020-04-06 11:54:40,-119.86138,0.16124,41,14
2020-04-06 11:54:45,-119.86138,0.16124,39,14
2020-04-06 11:54:50,-119.86138,0.16124,48,14
2020-04-06 11:54:55,-119.86138,0.16124,41,14
2020-04-06 11:55:00,-119.86138,0.16124,44,14
2020-04-06 11:55:05,-119.86138,0.16124,41,14
2020-04-06 11:55:10,-119.86138,0.16124,44,14
2020-04-06 11:55:15,-119.86138,0.16124,41,14
2020-04-06 11:55:20,-119.86138,0.16124,45,14
2020-04-06 11:55:25,-119.86138,0.16124,43,14
2020-04-06 11:55:30,-119.86138,0.16124,41,14
2020-04-06 11:55:35,-119.86138,0.16124,44,14
2020-04-06 11:55:40,-119.86138,0.16124,39,14
2020-04-06 11:55:45,-119.86138,0.16124,41,14
2020-04-06 11:55:50,-119.86138,0.16124,41,14
2020-04-06 11:55:55,-119.86138,0.16124,42,14
2020-04-06 11:56:00,-119.86138,0.16124,44,14
2020-04-06 11:56:05,-119.86138,0.16124,39,14
2020-04-06 11:56:10,-119.86138,0.16124,38,14
2020-04-06 11:56:15,-119.86138,0.16124,44,14
2020-04-06 11:56:20,-119.86138,0.16124,42,14
2020-04-06 11:56:25,-119.86138,0.16124,45,14
2020-04-06 11:56:30,-119.86138,0.16124,37,14
2020-04-06 11:56:35,-119.86138,0.16124,42,14
2020-04-06 11:56:40,-119.86138,0.16124,37,14
2020-04-06 11:56:45,-119.86138,0.16124,42,14
2020-04-06 11:56:50,-119.86138,0.16124,41,14
2020-04-06 11:56:55,-119.86138,0.16124,44,14
2020-04-06 11:57:00,-119.86138,0.16124,47,14
2020-04-06 11:57:05,-119.86138,0.16124,45,14
2020-04-06 11:57:10,-119.86138,0.16124,42,14
2020-04-06 11:57:15,-119.86138,0.16124,39,14
2020-04-06 11:57:20,-119.86138,0.16124,39,14
2020-04-06 11:57:25,-119.86138,0.16124,40,14
2020-04-06 11:57:30,-119.86138,0.16124,38,14
2020-04-06 11:57:35,-119.86138,0.16124,38,14
2020-04-06 11:57:40,-119.86138,0.16124,38,14
2020-04-06 11:57:45,-119.86138,0.16124,43,14
2020-04-06 11:57:50,-119.86138,0.16124,41,14
2020-04-06 11:57:55,-119.86138,0.16124,40,14
2020-04-06 11:58:00,-119.86138,0.16124,39,14
2020-04-06 11:58:05,-119.86138,0.16124,40,14
2020-04-06 11:58:10,-119.86138,0.16124,40,14
2020-04-06 11:58:15,-119.86138,0.16124,46,14
2020-04-06 11:58:20,-119.86138,0.16124,37,14
2020-04-06 11:58:25,-119.86138,0.16124,46,14
2020-04-06 11:58:30,-119.86138,0.16124,41,14
2020-04-06 11:58:35,-119.86138,0.16124,42,14
2020-04-06 11:58:40,-119.86138,0.16124,43,14
2020-04-06 11:58:45,-119.86138,0.16124,46,14
2020-04-06 11:58:50,-119.86138,0.16124,44,14
2020-04-06 11:58:55,-119.86138,0.16124,43,14
2020-04-06 11:59:00,-119.86138,0.16124,44,14
2020-04-06 11:59:05,-119.86138,0.16124,42,14
2020-04-06 11:59:10,-119.86138,0.16124,44,14
2020-04-06 11:59:15,-119.86138,0.16124,39,14
2020-04-06 11:59:20,-119.86138,0.16124,46,14
2020-04-06 11:59:25,-119.86138,0.16124,45,14
2020-04-06 11:59:30,-119.86138,0.16124,37,14
2020-04-06 11:59:35,-119.86138,0.16124,36,14
2020-04-06 11:59:40,-119.86138,0.16124,38,14
2020-04-06 11:59:45,-119.86138,0.16124,42,14
2020-04-06 11:59:50,-119.86138,0.16124,42,14
2020-04-06 11:59:55,-119.86138,0.16124,34,14
2020-04-06 12:00:00,-119.86138,0.16124,50,14
2020-04-06 12:00:05,-119.86138,0.16124,39,14
2020-04-06 12:00:10,-119.86138,0.16124,38,14
2020-04-06 12:00:15,-119.86138,0.16124,45,14
2020-04-06 12:00:20,-119.86138,0.16124,43,14
2020-04-06 12:00:25,-119.86138,0.16124,36,14
2020-04-06 12:00:30,-119.86138,0.16124,42,14
2020-04-06 12:00:35,-119.86138,0.16124,38,14
2020-04-06 12:00:40,-119.86138,0.16124,42,14
2020-04-06 12:00:45,-119.86138,0.16124,41,14
2020-04-06 12:00:50,-119.86138,0.16124,44,14
2020-04-06 12:00:55,-119.86138,0.16124,42,14
2020-04-06 12:01:00,-119.86138,0.16124,45,14
2020-04-06 12:01:05,-119.86138,0.16124,45,14
2020-04-06 12:01:10,-119.86138,0.16124,44,14
2020-04-06 12:01:15,-119.86138,0.16124,43,14
2020-04-06 12:01:20,-119.86138,0.16124,47,14
2020-04-06 12:01:25,-119.86138,0.16124,46,14
2020-04-06 12:01:30,-119.86138,0.16124,40,14
2020-04-06 12:01:35,-119.86138,0.16124,41,14
2020-04-06 12:01:40,-119.86138,0.16124,43,14
2020-04-06 12:01:45,-119.86138,0.16124,43,14
2020-04-06 12:01:50,-119.86138,0.16124,42,14
2020-04-06 12:01:55,-119.86138,0.16124,38,14
2020-04-06 12:02:00,-119.86138,0.16124,39,14
2020-04-06 12:02:05,-119.86138,0.16124,38,14
2020-04-06 12:02:10,-119.86138,0.16124,38,14
2020-04-06 12:02:15,-119.86138,0.16124,41,14
2020-04-06 12:02:20,-119.86138,0.16124,44,14
2020-04-06 12:02:25,-119.86138,0.16124,43,14
2020-04-06 12:02:30,-119.86138,0.16124,43,14
2020-04-06 12:02:35,-119.86138,0.16124,45,14
2020-04-06 12:02:40,-119.86138,0.16124,41,14
2020-04-06 12:02:45,-119.86138,0.16124,42,14
2020-04-06 12:02:50,-119.86138,0.16124,42,14
2020-04-06 12:02:55,-119.86138,0.16124,43,14
2020-04-06 12:03:00,-119.86138,0.16124,38,14
2020-04-06 12:03:05,-119.86138,0.16124,40,14
2020-04-06 12:03:10,-119.86138,0.16124,44,14
2020-04-06 12:03:15,-119.86138,0.16124,43,14
2020-04-06 12:03:20,-119.86138,0.16124,41,14
2020-04-06 12:03:25,-119.86138,0.16124,43,14
2020-04-06 12:03:30,-119.86138,0.16124,41,14
2020-04-06 12:03:35,-119.86138,0.16124,44,14
2020-04-06 12:03:40,-119.86138,0.16124,43,14
2020-04-06 12:03:45,-119.86138,0.16124,41,14
2020-04-06 12:03:50,-119.86138,0.16124,43,14
2020-04-06 12:03:55,-119.86138,0.16124,38,14
2020-04-06 12:04:00,-119.86138,0.16124,35,14
2020-04-06 12:04:05,-119.86138,0.16124,39,14
2020-04-06 12:04:10,-119.86138,0.16124,39,14
2020-04-06 12:04:15,-119.86138,0.16124,43,14
2020-04-06 12:04:20,-119.86138,0.16124,37,14
2020-04-06 12:04:25,-119.86138,0.16124,41,14
2020-04-06 12:04:30,-119.86138,0.16124,42,14
2020-04-06 12:04:35,-119.86138,0.16124,44,14
2020-04-06 12:04:40,-119.86138,0.16124,47,14
2020-04-06 12:04:45,-119.86138,0.16124,43,14
2020-04-06 12:04:50,-119.86138,0.16124,41,14
2020-04-06 12:04:55,-119.86138,0.16124,45,14
2020-04-06 12:05:00,-119.86138,0.16124,37,14
2020-04-06 12:05:05,-119.86138,0.16124,44,14
2020-04-06 12:05:10,-119.86138,0.16124,41,14
2020-04-06 12:05:15,-119.86138,0.16124,38,14
2020-04-06 12:05:20,-119.86138,0.16124,41,14
2020-04-06 12:05:25,-119.86138,0.16124,45,14
2020-04-06 12:05:30,-119.86138,0.16124,43,14
2020-04-06 12:05:35,-119.86138,0.16124,42,14
2020-04-06 12:05:40,-119.86138,0.16124,35,14
2020-04-06 12:05:45,-119.86138,0.16124,35,14
2020-04-06 12:05:50,-119.86138,0.16124,43,14
2020-04-06 12:05:55,-119.86138,0.16124,37,14
2020-04-06 12:06:00,-119.86138,0.16124,41,14
2020-04-06 12:06:05,-119.86138,0.16124,40,14
2020-04-06 12:06:10,-119.86138,0.16124,41,14
2020-04-06 12:06:15,-119.86138,0.16124,38,14
2020-04-06 12:06:20,-119.86138,0.16124,43,14
2020-04-06 12:06:25,-119.86138,0.16124,47,14
2020-04-06 12:06:30,-119.86138,0.16124,46,14
2020-04-06 12:06:35,-119.86138,0.16124,42,14
2020-04-06 12:06:40,-119.86138,0.16124,40,14
2020-04-06 12:06:45,-119.86138,0.16124,39,14
2020-04-06 12:06:50,-119.86138,0.16124,37,14
2020-04-06 12:06:55,-119.86138,0.16124,50,14
2020-04-06 12:07:00,-119.86138,0.16124,38,14
2020-04-06 12:07:05,-119.86138,0.16124,45,14
2020-04-06 12:07:10,-119.86138,0.16124,40,14
2020-04-06 12:07:15,-119.86138,0.16124,39,14
2020-04-06 12:07:20,-119.86138,0.16124,39,14
2020-04-06 12:07:25,-119.86138,0.16124,38,14
2020-04-06 12:07:30,-119.86138,0.16124,38,14
2020-04-06 12:07:35,-119.86138,0.16124,44,14
2020-04-06 12:07:40,-119.86138,0.16124,47,14
2020-04-06 12:07:45,-119.86138,0.16124,40,14
2020-04-06 12:07:50,-119.86138,0.16124,42,14
2020-04-06 12:07:55,-119.86138,0.16124,39,14
2020-04-06 12:08:00,-119.86138,0.16124,46,14
2020-04-06 12:08:05,-119.86138,0.16124,38,14
2020-04-06 12:08:10,-119.86138,0.16124,41,14
2020-04-06 12:08:15,-119.86138,0.16124,40,14
2020-04-06 12:08:20,-119.86138,0.16124,39,14
2020-04-06 12:08:25,-119.86138,0.16124,43,14
2020-04-06 12:08:30,-119.86138,0.16124,36,14
2020-04-06 12:08:35,-119.86138,0.16124,35,14
2020-04-06 12:08:40,-119.86138,0.16124,40,14
2020-04-06 12:08:45,-119.86138,0.16124,45,14
2020-04-06 12:08:50,-119.86138,0.16124,40,14
2020-04-06 12:08:55,-119.86138,0.16124,41,14
2020-04-06 12:09:00,-119.86138,0.16124,40,14
2020-04-06 12:09:05,-119.86138,0.16124,43,14
2020-04-06 12:09:10,-119.86138,0.16124,39,14
2020-04-06 12:09:15,-119.86138,0.16124,37,14
2020-04-06 12:09:20,-119.86138,0.16124,36,14
2020-04-06 12:09:25,-119.86138,0.16124,38,14
2020-04-06 12:09:30,-119.86138,0.16124,40,14
2020-04-06 12:09:35,-119.86138,0.16124,40,14
2020-04-06 12:09:40,-119.86138,0.16124,38,14
2020-04-06 12:09:45,-119.86138,0.16124,42,14
2020-04-06 12:09:50,-119.86138,0.16124,44,14
2020-04-06 12:09:55,-119.86138,0.16124,37,14
2020-04-06 12:10:00,-119.86138,0.16124,45,14
2020-04-06 12:10:05,-119.86138,0.16124,34,14
2020-04-06 12:10:10,-119.86138,0.16124,40,14
2020-04-06 12:10:15,-119.86138,0.16124,40,14
2020-04-06 12:10:20,-119.86138,0.16124,38,14
2020-04-06 12:10:25,-119.86138,0.16124,44,14
2020-04-06 12:10:30,-119.86138,0.16124,40,14
2020-04-06 12:10:35,-119.86138,0.16124,46,14
2020-04-06 12:10:40,-119.86138,0.16124,41,14
2020-04-06 12:10:45,-119.86138,0.16124,39,14
2020-04-06 12:10:50,-119.86138,0.16124,47,14
2020-04-06 12:10:55,-119.86138,0.16124,45,14
2020-04-06 12:11:00,-119.86138,0.16124,40,14
2020-04-06 12:11:05,-119.86138,0.16124,45,14
2020-04-06 12:11:10,-119.86138,0.16124,46,14
2020-04-06 12:11:15,-119.86138,0.16124,44,14
2020-04-06 12:11:20,-119.86138,0.16124,40,14
2020-04-06 12:11:25,-119.86138,0.16124,41,14
2020-04-06 12:11:30,-119.86138,0.16124,41,14
2020-04-06 12:11:35,-119.86138,0.16124,42,14
2020-04-06 12:11:40,-119.86138,0.16124,44,14
2020-04-06 12:11:45,-119.86138,0.16124,39,14
2020-04-06 12:11:50,-119.86138,0.16124,43,14
2020-04-06 12:11:55,-119.86138,0.16124,37,14
2020-04-06 12:12:00,-119.86138,0.16124,41,14
2020-04-06 12:12:05,-119.86138,0.16124,42,14
2020-04-06 12:12:10,-119.86138,0.16124,43,14
2020-04-06 12:12:15,-119.86138,0.16124,41,14
2020-04-06 12:12:20,-119.86138,0.16124,41,14
2020-04-06 12:12:25,-119.86138,0.16124,40,14
2020-04-06 12:12:30,-119.86138,0.16124,40,14
2020-04-06 12:12:35,-119.86138,0.16124,46,14
2020-04-06 12:12:40,-119.86138,0.16124,41,14
2020-04-06 12:12:45,-119.86138,0.16124,42,14
2020-04-06 12:12:50,-119.86138,0.16124,45,14
2020-04-06 12:12:55,-119.86138,0.16124,43,14
2020-04-06 12:13:00,-119.86138,0.16124,43,14
2020-04-06 12:13:05,-119.86138,0.16124,42,14
2020-04-06 12:13:10,-119.86138,0.16124,43,14
2020-04-06 12:13:15,-119.86138,0.16124,42,14
2020-04-06 12:13:20,-119.86138,0.16124,39,14
2020-04-06 12:13:25,-119.86138,0.16124,41,14
2020-04-06 12:13:30,-119.86138,0.16124,41,14
2020-04-06 12:13:35,-119.86138,0.16124,47,14
2020-04-06 12:13:40,-119.86138,0.16124,43,14
2020-04-06 12:13:45,-119.86138,0.16124,42,14
2020-04-06 12:13:50,-119.86138,0.16124,38,14
2020-04-06 12:13:55,-119.86138,0.16124,44,14
2020-04-06 12:14:00,-119.86138,0.16124,43,14
2020-04-06 12:14:05,-119.86138,0.16124,43,14
2020-04-06 12:14:10,-119.86138,0.16124,42,14
2020-04-06 12:14:15,-119.86138,0.16124,45,14
2020-04-06 12:14:20,-119.86138,0.16124,42,14
2020-04-06 12:14:25,-119.86138,0.16124,43,14
2020-04-06 12:14:30,-119.86138,0.16124,43,14
2020-04-06 12:14:35,-119.86138,0.16124,45,14
2020-04-06 12:14:40,-119.86138,0.16124,37,14
2020-04-06 12:14:45,-119.86138,0.16124,39,14
2020-04-06 12:14:50,-119.86138,0.16124,43,14
2020-04-06 12:14:55,-119.86138,0.16124,40,14
2020-04-06 12:15:00,-119.86138,0.16124,42,14
2020-04-06 12:15:05,-119.86138,0.16124,39,14
2020-04-06 12:15:10,-119.86138,0.16124,35,14
2020-04-06 12:15:15,-119.86138,0.16124,45,14
2020-04-06 12:15:20,-119.86138,0.16124,39,14
2020-04-06 12:15:25,-119.86138,0.16124,44,14
2020-04-06 12:15:30,-119.86138,0.16124,41,14
2020-04-06 12:15:35,-119.86138,0.16124,44,14
2020-04-06 12:15:40,-119.86138,0.16124,41,14
2020-04-06 12:15:45,-119.86138,0.16124,39,14
2020-04-06 12:15:50,-119.86138,0.16124,42,14
2020-04-06 12:15:55,-119.86138,0.16124,40,14
2020-04-06 12:16:00,-119.86138,0.16124,39,14
2020-04-06 12:16:05,-119.86138,0.16124,41,14
2020-04-06 12:16:10,-119.86138,0.16124,42,14
2020-04-06 12:16:15,-119.86138,0.16124,45,14
2020-04-06 12:16:20,-119.86138,0.16124,42,14
2020-04-06 12:16:25,-119.86138,0.16124,44,14
2020-04-06 12:16:30,-119.86138,0.16124,40,14
2020-04-06 12:16:35,-119.86138,0.16124,46,14
2020-04-06 12:16:40,-119.86138,0.16124,41,14
2020-04-06 12:16:45,-119.86138,0.16124,45,14
2020-04-06 12:16:50,-119.86138,0.16124,42,14
2020-04-06 12:16:55,-119.86138,0.16124,43,14
2020-04-06 12:17:00,-119.86138,0.16124,37,14
2020-04-06 12:17:05,-119.86138,0.16124,39,14
2020-04-06 12:17:10,-119.86138,0.16124,39,14
2020-04-06 12:17:15,-119.86138,0.16124,41,14
2020-04-06 12:17:20,-119.86138,0.16124,42,14
2020-04-06 12:17:25,-119.86138,0.16124,45,14
2020-04-06 12:17:30,-119.86138,0.16124,41,14
2020-04-06 12:17:35,-119.86138,0.16124,45,14
2020-04-06 12:17:40,-119.86138,0.16124,45,14
2020-04-06 12:17:45,-119.86138,0.16124,47,14
2020-04-06 12:17:50,-119.86138,0.16124,42,14
2020-04-06 12:17:55,-119.86138,0.16124,39,14
2020-04-06 12:18:00,-119.86138,0.16124,39,14
2020-04-06 12:18:05,-119.86138,0.16124,43,14
2020-04-06 12:18:10,-119.86138,0.16124,39,14
2020-04-06 12:18:15,-119.86138,0.16124,43,14
2020-04-06 12:18:20,-119.86138,0.16124,40,14
2020-04-06 12:18:25,-119.86138,0.16124,37,14
2020-04-06 12:18:30,-119.86138,0.16124,39,14
2020-04-06 12:18:35,-119.86138,0.16124,39,14
2020-04-06 12:18:40,-119.86138,0.16124,40,14
2020-04-06 12:18:45,-119.86138,0.16124,40,14
2020-04-06 12:18:50,-119.86138,0.16124,43,14
2020-04-06 12:18:55,-119.86138,0.16124,39,14
2020-04-06 12:19:00,-119.86138,0.16124,40,14
2020-04-06 12:19:05,-119.86138,0.16124,42,14
2020-04-06 12:19:10,-119.86138,0.16124,43,14
2020-04-06 12:19:15,-119.86138,0.16124,37,14
2020-04-06 12:19:20,-119.86138,0.16124,41,14
2020-04-06 12:19:25,-119.86138,0.16124,41,14
2020-04-06 12:19:30,-119.86138,0.16124,41,14
2020-04-06 12:19:35,-119.86138,0.16124,41,14
2020-04-06 12:19:40,-119.86138,0.16124,42,14
2020-04-06 12:19:45,-119.86138,0.16124,42,14
2020-04-06 12:19:50,-119.86138,0.16124,42,14
2020-04-06 12:19:55,-119.86138,0.16124,43,14
2020-04-06 12:20:00,-119.86138,0.16124,40,14
2020-04-06 12:20:05,-119.86138,0.16124,40,14
2020-04-06 12:20:10,-119.86138,0.16124,41,14
2020-04-06 12:20:15,-119.86138,0.16124,40,14
2020-04-06 12:20:20,-119.86138,0.16124,41,14
2020-04-06 12:20:25,-119.86138,0.16124,42,14
2020-04-06 12:20:30,-119.86138,0.16124,43,14
2020-04-06 12:20:35,-119.86138,0.16124,43,14
2020-04-06 12:20:40,-119.86138,0.16124,44,14
2020-04-06 12:20:45,-119.86138,0.16124,39,14
2020-04-06 12:20:50,-119.86138,0.16124,43,14
2020-04-06 12:20:55,-119.86138,0.16124,42,14
2020-04-06 12:21:00,-119.86138,0.16124,34,14
2020-04-06 12:21:05,-119.86138,0.16124,35,14
2020-04-06 12:21:10,-119.86138,0.16124,39,14
2020-04-06 12:21:15,-119.86138,0.16124,43,14
2020-04-06 12:21:20,-119.86138,0.16124,41,14
2020-04-06 12:21:25,-119.86138,0.16124,43,14
2020-04-06 12:21:30,-119.86138,0.16124,42,14
2020-04-06 12:21:35,-119.86138,0.16124,42,14
2020-04-06 12:21:40,-119.86138,0.16124,41,14
2020-04-06 12:21:45,-119.86138,0.16124,42,14
2020-04-06 12:21:50,-119.86138,0.16124,47,14
2020-04-06 12:21:55,-119.86138,0.16124,41,14
2020-04-06 12:22:00,-119.86138,0.16124,38,14
2020-04-06 12:22:05,-119.86138,0.16124,34,14
2020-04-06 12:22:10,-119.86138,0.16124,45,14
2020-04-06 12:22:15,-119.86138,0.16124,43,14
2020-04-06 12:22:20,-119.86138,0.16124,41,14
2020-04-06 12:22:25,-119.86138,0.16124,42,14
2020-04-06 12:22:30,-119.86138,0.16124,40,14
2020-04-06 12:22:35,-119.86138,0.16124,38,14
2020-04-06 12:22:40,-119.86138,0.16124,44,14
2020-04-06 12:22:45,-119.86138,0.16124,44,14
2020-04-06 12:22:50,-119.86138,0.16124,44,14
2020-04-06 12:22:55,-119.86138,0.16124,40,14
2020-04-06 12:23:00,-119.86138,0.16124,47,14
2020-04-06 12:23:05,-119.86138,0.16124,46,14
2020-04-06 12:23:10,-119.86138,0.16124,40,14
2020-04-06 12:23:15,-119.86138,0.16124,39,14
2020-04-06 12:23:20,-119.86138,0.16124,41,14
2020-04-06 12:23:25,-119.86138,0.16124,42,14
2020-04-06 12:23:30,-119.86138,0.16124,42,14
2020-04-06 12:23:35,-119.86138,0.16124,38,14
2020-04-06 12:23:40,-119.86138,0.16124,42,14
2020-04-06 12:23:45,-119.86138,0.16124,41,14
2020-04-06 12:23:50,-119.86138,0.16124,40,14
2020-04-06 12:23:55,-119.86138,0.16124,40,14
2020-04-06 12:24:00,-119.86138,0.16124,35,14
2020-04-06 12:24:05,-119.86138,0.16124,40,14
2020-04-06 12:24:10,-119.86138,0.16124,34,14
2020-04-06 12:24:15,-119.86138,0.16124,38,14
2020-04-06 12:24:20,-119.86138,0.16124,39,14
2020-04-06 12:24:25,-119.86138,0.16124,41,14
2020-04-06 12:24:30,-119.86138,0.16124,45,14
2020-04-06 12:24:35,-119.86138,0.16124,43,14
2020-04-06 12:24:40,-119.86138,0.16124,44,14
2020-04-06 12:24:45,-119.86138,0.16124,47,14
2020-04-06 12:24:50,-119.86138,0.16124,42,14
2020-04-06 12:24:55,-119.86138,0.16124,39,14
2020-04-06 12:25:00,-119.86138,0.16124,36,14
2020-04-06 12:25:05,-119.86138,0.16124,39,14
2020-04-06 12:25:10,-119.86138,0.16124,44,14
2020-04-06 12:25:15,-119.86138,0.16124,43,14
2020-04-06 12:25:20,-119.86138,0.16124,46,14
2020-04-06 12:25:25,-119.86138,0.16124,43,14
2020-04-06 12:25:30,-119.86138,0.16124,38,14
2020-04-06 12:25:35,-119.86138,0.16124,43,14
2020-04-06 12:25:40,-119.86138,0.16124,36,14
2020-04-06 12:25:45,-119.86138,0.16124,38,14
2020-04-06 12:25:50,-119.86138,0.16124,37,14
2020-04-06 12:25:55,-119.86138,0.16124,41,14
2020-04-06 12:26:00,-119.86138,0.16124,41,14
2020-04-06 12:26:05,-119.86138,0.16124,43,14
2020-04-06 12:26:10,-119.86138,0.16124,44,14
2020-04-06 12:26:15,-119.86138,0.16124,40,14
2020-04-06 12:26:20,-119.86138,0.16124,43,14
2020-04-06 12:26:25,-119.86138,0.16124,38,14
2020-04-06 12:26:30,-119.86138,0.16124,37,14
2020-04-06 12:26:35,-119.86138,0.16124,41,14
2020-04-06 12:26:40,-119.86138,0.16124,40,14
2020-04-06 12:26:45,-119.86138,0.16124,44,14
2020-04-06 12:26:50,-119.86138,0.16124,41,14
2020-04-06 12:26:55,-119.86138,0.16124,43,14
2020-04-06 12:27:00,-119.86138,0.16124,40,14
2020-04-06 12:27:05,-119.86138,0.16124,40,14
2020-04-06 12:27:10,-119.86138,0.16124,43,14
2020-04-06 12:27:15,-119.86138,0.16124,44,14
2020-04-06 12:27:20,-119.86138,0.16124,40,14
2020-04-06 12:27:25,-119.86138,0.16124,44,14
2020-04-06 12:27:30,-119.86138,0.16124,47,14
2020-04-06 12:27:35,-119.86138,0.16124,43,14
2020-04-06 12:27:40,-119.86138,0.16124,41,14
2020-04-06 12:27:45,-119.86138,0.16124,45,14
2020-04-06 12:27:50,-119.86138,0.16124,38,14
2020-04-06 12:27:55,-119.86138,0.16124,40,14
2020-04-06 12:28:00,-119.86138,0.16124,47,14
2020-04-06 12:28:05,-119.86138,0.16124,41,14
2020-04-06 12:28:10,-119.861307,0.161261,39,14
2020-04-06 12:28:15,-119.861344,0.161396,40,14
2020-04-06 12:28:20,-119.861373,0.16174,39,14
2020-04-06 12:28:25,-119.861603,0.161802,37,14
2020-04-06 12:28:30,-119.861649,0.162015,50,14
2020-04-06 12:28:35,-119.861861,0.16208,43,14
2020-04-06 12:28:40,-119.861924,0.162284,40,14
2020-04-06 12:28:45,-119.861951,0.162587,42,14
2020-04-06 12:28:50,-119.861957,0.162841,45,14
2020-04-06 12:28:55,-119.861959,0.163139,43,14
2020-04-06 12:29:00,-119.86196,0.163433,38,14
2020-04-06 12:29:05,-119.86196,0.163712,41,14
2020-04-06 12:29:10,-119.86196,0.164022,39,14
2020-04-06 12:29:15,-119.86196,0.164287,44,14
2020-04-06 12:29:20,-119.86196,0.164632,40,14
2020-04-06 12:29:25,-119.86196,0.164908,44,14
2020-04-06 12:29:30,-119.86196,0.1652,42,14
2020-04-06 12:29:35,-119.86196,0.165495,46,3
2020-04-06 12:29:40,-119.86196,0.165744,39,3
2020-04-06 12:29:45,-119.86196,0.166044,51,3
2020-04-06 12:29:50,-119.86196,0.166341,44,3
2020-04-06 12:29:55,-119.86196,0.166657,41,3
2020-04-06 12:30:00,-119.86196,0.166897,41,3
2020-04-06 12:30:05,-119.86196,0.16719,41,3
2020-04-06 12:30:10,-119.86196,0.167498,39,3
2020-04-06 12:30:15,-119.86196,0.167806,39,3
2020-04-06 12:30:20,-119.86196,0.168102,41,3
2020-04-06 12:30:25,-119.86196,0.168348,40,3
2020-04-06 12:30:30,-119.86196,0.16865,44,3
2020-04-06 12:30:35,-119.86196,0.168941,41,3
2020-04-06 12:30:40,-119.86196,0.169218,39,3
2020-04-06 12:30:45,-119.86196,0.169515,47,3
2020-04-06 12:30:50,-119.86196,0.169831,40,3
2020-04-06 12:30:55,-119.86196,0.170099,44,3
2020-04-06 12:31:00,-119.86196,0.170421,44,3
2020-04-06 12:31:05,-119.86196,0.170674,42,3
2020-04-06 12:31:10,-119.86196,0.170956,40,3
2020-04-06 12:31:15,-119.86196,0.17127,41,3
2020-04-06 12:31:20,-119.86196,0.171554,45,3
2020-04-06 12:31:25,-119.86196,0.171876,42,3
2020-04-06 12:31:30,-119.86196,0.17213,41,3
2020-04-06 12:31:35,-119.86196,0.172455,41,3
2020-04-06 12:31:40,-119.86196,0.17271,40,3
2020-04-06 12:31:45,-119.86196,0.173002,41,3
2020-04-06 12:31:50,-119.86196,0.173303,43,3
2020-04-06 12:31:55,-119.86177,0.17338,38,3
2020-04-06 12:32:00,-119.861508,0.173407,39,3
2020-04-06 12:32:05,-119.861204,0.173416,43,3
2020-04-06 12:32:10,-119.860895,0.173419,45,3
2020-04-06 12:32:15,-119.860643,0.17342,43,3
2020-04-06 12:32:20,-119.860343,0.17342,40,3
2020-04-06 12:32:25,-119.860068,0.17342,36,3
2020-04-06 12:32:30,-119.859767,0.17342,42,3
2020-04-06 12:32:35,-119.859473,0.17342,42,3
2020-04-06 12:32:40,-119.859179,0.17342,41,3
2020-04-06 12:32:45,-119.858908,0.17342,41,3
2020-04-06 12:32:50,-119.85862,0.17342,45,3
2020-04-06 12:32:55,-119.85829,0.17342,40,3
2020-04-06 12:33:00,-119.858228,0.173599,38,3
2020-04-06 12:33:05,-119.8582,0.173894,41,3
2020-04-06 12:33:10,-119.858044,0.173949,37,3
2020-04-06 12:33:15,-119.857708,0.173989,37,3
2020-04-06 12:33:20,-119.857409,0.173997,41,3
2020-04-06 12:33:25,-119.857173,0.173999,41,3
2020-04-06 12:33:30,-119.856853,0.174,40,3
2020-04-06 12:33:35,-119.856585,0.174,42,3
2020-04-06 12:33:40,-119.856303,0.174,47,3
2020-04-06 12:33:45,-119.856011,0.174,43,3
2020-04-06 12:33:50,-119.85594,0.174145,41,3
2020-04-06 12:33:55,-119.855888,0.174468,41,3
2020-04-06 12:34:00,-119.855875,0.174769,40,3
2020-04-06 12:34:05,-119.855872,0.175026,48,3
2020-04-06 12:34:10,-119.85587,0.175327,43,3
2020-04-06 12:34:15,-119.85587,0.17564,47,3
2020-04-06 12:34:20,-119.85587,0.175894,40,3
2020-04-06 12:34:25,-119.85587,0.176181,37,3
2020-04-06 12:34:30,-119.85569,0.176267,38,3
2020-04-06 12:34:35,-119.855431,0.176302,40,3
2020-04-06 12:34:40,-119.855353,0.176472,40,3
2020-04-06 12:34:45,-119.85531,0.176765,38,3
2020-04-06 12:34:50,-119.855126,0.176845,41,3
2020-04-06 12:34:55,-119.855044,0.17707,48,3
2020-04-06 12:35:00,-119.855013,0.177363,41,3
2020-04-06 12:35:05,-119.855003,0.177675,43,3
2020-04-06 12:35:10,-119.855001,0.177932,42,3
2020-04-06 12:35:15,-119.855,0.178234,42,3
2020-04-06 12:35:20,-119.855,0.178498,42,3
2020-04-06 12:35:25,-119.855,0.178787,39,3
2020-04-06 12:35:30,-119.855,0.179123,43,3
2020-04-06 12:35:35,-119.855,0.179394,48,3
2020-04-06 12:35:40,-119.855,0.179686,38,3
2020-04-06 12:35:45,-119.855,0.179953,37,3
2020-04-06 12:35:50,-119.855,0.180246,42,3
2020-04-06 12:35:55,-119.854819,0.18033,46,3
2020-04-06 12:36:00,-119.85456,0.180362,53,3
2020-04-06 12:36:05,-119.854228,0.180376,48,3
2020-04-06 12:36:10,-119.853955,0.180379,41,3
2020-04-06 12:36:15,-119.853687,0.18038,44,3
2020-04-06 12:36:20,-119.853387,0.18038,44,3
2020-04-06 12:36:25,-119.853079,0.18038,46,3
2020-04-06 12:36:30,-119.852809,0.18038,39,3
2020-04-06 12:36:35,-119.852518,0.18038,46,3
2020-04-06 12:36:40,-119.852217,0.18038,45,3
2020-04-06 12:36:45,-119.851903,0.18038,46,3
2020-04-06 12:36:50,-119.851612,0.18038,42,3
2020-04-06 12:36:55,-119.851346,0.18038,39,3
2020-04-06 12:37:00,-119.851288,0.180526,40,3
2020-04-06 12:37:05,-119.851249,0.180819,40,3
2020-04-06 12:37:10,-119.851048,0.180911,46,3
2020-04-06 12:37:15,-119.850761,0.180946,45,3
2020-04-06 12:37:20,-119.850501,0.180955,46,3
2020-04-06 12:37:25,-119.8502,0.180959,39,3
2020-04-06 12:37:30,-119.849895,0.18096,38,3
2020-04-06 12:37:35,-119.849597,0.18096,44,3
2020-04-06 12:37:40,-119.849317,0.18096,44,3
2020-04-06 12:37:45,-119.84905,0.18096,38,3
2020-04-06 12:37:50,-119.848715,0.18096,45,3
2020-04-06 12:37:55,-119.848459,0.18096,42,3
2020-04-06 12:38:00,-119.848159,0.18096,42,3
2020-04-06 12:38:05,-119.847851,0.18096,42,3
2020-04-06 12:38:10,-119.847596,0.18096,41,3
2020-04-06 12:38:15,-119.847278,0.18096,37,3
2020-04-06 12:38:20,-119.847007,0.18096,41,3
2020-04-06 12:38:25,-119.846698,0.18096,37,3
2020-04-06 12:38:30,-119.846405,0.18096,45,3
2020-04-06 12:38:35,-119.846126,0.18096,46,3
2020-04-06 12:38:40,-119.845839,0.18096,40,3
2020-04-06 12:38:45,-119.845561,0.18096,39,3
2020-04-06 12:38:50,-119.845249,0.18096,43,3
2020-04-06 12:38:55,-119.844985,0.18096,43,3
2020-04-06 12:39:00,-119.844688,0.18096,41,3
2020-04-06 12:39:05,-119.844375,0.18096,47,3
2020-04-06 12:39:10,-119.844125,0.18096,40,3
2020-04-06 12:39:15,-119.843807,0.18096,40,3
2020-04-06 12:39:20,-119.843533,0.18096,41,3
2020-04-06 12:39:25,-119.843238,0.18096,39,3
2020-04-06 12:39:30,-119.84295,0.18096,42,3
2020-04-06 12:39:35,-119.842653,0.18096,38,3
2020-04-06 12:39:40,-119.842345,0.18096,43,3
2020-04-06 12:39:45,-119.842291,0.181111,41,3
2020-04-06 12:39:50,-119.842254,0.181422,43,3
2020-04-06 12:39:55,-119.842244,0.181719,44,3
2020-04-06 12:40:00,-119.842241,0.181977,39,3
2020-04-06 12:40:05,-119.84224,0.182286,43,3
2020-04-06 12:40:10,-119.84224,0.18258,42,3
2020-04-06 12:40:15,-119.84224,0.182853,37,3
2020-04-06 12:40:20,-119.84224,0.183137,38,3
2020-04-06 12:40:25,-119.84224,0.183449,41,3
2020-04-06 12:40:30,-119.84224,0.183745,44,3
2020-04-06 12:40:35,-119.84224,0.184048,40,3
2020-04-06 12:40:40,-119.84224,0.184334,46,3
2020-04-06 12:40:45,-119.84224,0.184596,43,3
2020-04-06 12:40:50,-119.84224,0.184904,41,3
2020-04-06 12:40:55,-119.84224,0.185209,39,3
2020-04-06 12:41:00,-119.84224,0.185506,40,3
2020-04-06 12:41:05,-119.84224,0.185765,38,3
2020-04-06 12:41:10,-119.84224,0.186052,37,3
2020-04-06 12:41:15,-119.84224,0.186334,41,3
2020-04-06 12:41:20,-119.84224,0.186651,41,3
2020-04-06 12:41:25,-119.84224,0.186946,35,3
2020-04-06 12:41:30,-119.84224,0.187251,45,3
2020-04-06 12:41:35,-119.84224,0.187507,40,3
2020-04-06 12:41:40,-119.84224,0.187815,43,3
2020-04-06 12:41:45,-119.842062,0.187879,39,3
2020-04-06 12:41:50,-119.841799,0.187906,39,3
2020-04-06 12:41:55,-119.841511,0.187915,39,3
2020-04-06 12:42:00,-119.841219,0.187919,36,3
2020-04-06 12:42:05,-119.840913,0.18792,49,3
2020-04-06 12:42:10,-119.840617,0.18792,35,3
2020-04-06 12:42:15,-119.840341,0.18792,39,3
2020-04-06 12:42:20,-119.840019,0.18792,43,3
2020-04-06 12:42:25,-119.839772,0.18792,39,3
2020-04-06 12:42:30,-119.839481,0.18792,46,3
2020-04-06 12:42:35,-119.839186,0.18792,44,3
2020-04-06 12:42:40,-119.838885,0.18792,40,3
2020-04-06 12:42:45,-119.838559,0.18792,38,3
2020-04-06 12:42:50,-119.838318,0.18792,44,3
2020-04-06 12:42:55,-119.83803,0.18792,38,3
2020-04-06 12:43:00,-119.837718,0.18792,41,3
2020-04-06 12:43:05,-119.837649,0.188091,41,3
2020-04-06 12:43:10,-119.837613,0.188387,43,3
2020-04-06 12:43:15,-119.837603,0.1887,41,3
2020-04-06 12:43:20,-119.837601,0.188955,39,3
2020-04-06 12:43:25,-119.8376,0.189265,43,3
2020-04-06 12:43:30,-119.8376,0.189528,37,3
2020-04-06 12:43:35,-119.8376,0.189827,40,3
2020-04-06 12:43:40,-119.8376,0.190127,43,3
2020-04-06 12:43:45,-119.8376,0.190434,44,3
2020-04-06 12:43:50,-119.8376,0.190688,36,3
2020-04-06 12:43:55,-119.8376,0.190993,37,3
2020-04-06 12:44:00,-119.8376,0.191264,47,3
2020-04-06 12:44:05,-119.8376,0.191569,38,3
2020-04-06 12:44:10,-119.8376,0.191855,42,3
2020-04-06 12:44:15,-119.8376,0.192159,45,3
2020-04-06 12:44:20,-119.8376,0.192441,39,3
2020-04-06 12:44:25,-119.8376,0.192714,45,3
2020-04-06 12:44:30,-119.8376,0.193022,43,3
2020-04-06 12:44:35,-119.8376,0.193304,39,3
2020-04-06 12:44:40,-119.8376,0.193624,42,3
2020-04-06 12:44:45,-119.8376,0.193877,41,3
2020-04-06 12:44:50,-119.8376,0.194197,40,3
2020-04-06 12:44:55,-119.8376,0.194465,42,3
2020-04-06 12:45:00,-119.837418,0.194544,36,3
2020-04-06 12:45:05,-119.837132,0.194577,42,3
2020-04-06 12:45:10,-119.83706,0.194771,43,3
2020-04-06 12:45:15,-119.837031,0.195056,40,3
2020-04-06 12:45:20,-119.836848,0.195125,40,3
2020-04-06 12:45:25,-119.836781,0.195316,41,3
2020-04-06 12:45:30,-119.836583,0.1954,37,3
2020-04-06 12:45:35,-119.836284,0.195441,44,3
2020-04-06 12:45:40,-119.836203,0.195628,39,3
2020-04-06 12:45:45,-119.835971,0.19571,42,3
2020-04-06 12:45:50,-119.835894,0.195939,43,3
2020-04-06 12:45:55,-119.835871,0.196205,42,3
2020-04-06 12:46:00,-119.835699,0.196276,37,3
2020-04-06 12:46:05,-119.835613,0.196505,37,3
2020-04-06 12:46:10,-119.835408,0.196576,42,3
2020-04-06 12:46:15,-119.835321,0.196804,42,3
2020-04-06 12:46:20,-119.83513,0.196865,42,3
2020-04-06 12:46:25,-119.83505,0.197055,42,3
2020-04-06 12:46:30,-119.83501,0.197345,46,3
2020-04-06 12:46:35,-119.834842,0.197424,41,3
2020-04-06 12:46:40,-119.834745,0.197666,43,3
2020-04-06 12:46:45,-119.834539,0.197736,42,3
2020-04-06 12:46:50,-119.834457,0.197948,42,3
2020-04-06 12:46:55,-119.834422,0.198254,40,3
2020-04-06 12:47:00,-119.834249,0.198315,43,3
2020-04-06 12:47:05,-119.834169,0.198523,43,3
2020-04-06 12:47:10,-119.833938,0.198609,40,3
2020-04-06 12:47:15,-119.833866,0.198829,40,3
2020-04-06 12:47:20,-119.833675,0.198894,43,3
2020-04-06 12:47:25,-119.833595,0.199094,42,3
2020-04-06 12:47:30,-119.83336,0.199187,39,3
2020-04-06 12:47:35,-119.833283,0.199421,45,3
2020-04-06 12:47:40,-119.833082,0.199483,44,3
2020-04-06 12:47:45,-119.833011,0.199672,43,3
2020-04-06 12:47:50,-119.832778,0.199766,36,3
2020-04-06 12:47:55,-119.832511,0.199796,36,3
2020-04-06 12:48:00,-119.83221,0.199806,40,3
2020-04-06 12:48:05,-119.832139,0.199981,41,3
2020-04-06 12:48:10,-119.831944,0.200049,44,3
2020-04-06 12:48:15,-119.831858,0.200253,37,3
2020-04-06 12:48:20,-119.831606,0.200352,39,3
2020-04-06 12:48:25,-119.83135,0.200377,46,3
2020-04-06 12:48:30,-119.831054,0.200386,38,3
2020-04-06 12:48:35,-119.830751,0.200389,39,3
2020-04-06 12:48:40,-119.830679,0.200202,44,3
2020-04-06 12:48:45,-119.830476,0.200139,42,3
2020-04-06 12:48:50,-119.830187,0.200112,47,3
2020-04-06 12:48:55,-119.830111,0.199931,36,3
2020-04-06 12:49:00,-119.829913,0.199861,41,3
2020-04-06 12:49:05,-119.829615,0.199826,40,3
2020-04-06 12:49:10,-119.829533,0.19964,45,3
2020-04-06 12:49:15,-119.829311,0.199562,45,3
2020-04-06 12:49:20,-119.828993,0.19953,40,3
2020-04-06 12:49:25,-119.82893,0.199327,43,3
2020-04-06 12:49:30,-119.828727,0.199265,43,3
2020-04-06 12:49:35,-119.828436,0.19924,40,3
2020-04-06 12:49:40,-119.828137,0.199233,42,3
2020-04-06 12:49:45,-119.828082,0.199081,40,3
2020-04-06 12:49:50,-119.827875,0.198996,37,3
2020-04-06 12:49:55,-119.827567,0.198955,44,3
2020-04-06 12:50:00,-119.827497,0.198773,39,3
2020-04-06 12:50:05,-119.827305,0.198703,40,3
2020-04-06 12:50:10,-119.826992,0.198665,39,3
2020-04-06 12:50:15,-119.826917,0.198478,39,3
2020-04-06 12:50:20,-119.826689,0.198398,39,3
2020-04-06 12:50:25,-119.8264,0.198371,41,3
2020-04-06 12:50:30,-119.826123,0.198363,46,3
2020-04-06 12:50:35,-119.82581,0.198361,38,3
2020-04-06 12:50:40,-119.825526,0.19836,43,3
2020-04-06 12:50:45,-119.82523,0.19836,37,3
2020-04-06 12:50:50,-119.82497,0.19836,42,3
2020-04-06 12:50:55,-119.824905,0.198506,37,3
2020-04-06 12:51:00,-119.824688,0.198594,42,3
2020-04-06 12:51:05,-119.824597,0.198823,41,3
2020-04-06 12:51:10,-119.824364,0.198904,41,3
2020-04-06 12:51:15,-119.824305,0.19909,46,3
2020-04-06 12:51:20,-119.824111,0.199171,43,3
2020-04-06 12:51:25,-119.824022,0.199391,40,3
2020-04-06 12:51:30,-119.823789,0.199479,39,3
2020-04-06 12:51:35,-119.823723,0.19968,41,3
2020-04-06 12:51:40,-119.823497,0.199768,39,3
2020-04-06 12:51:45,-119.823435,0.199962,37,3
2020-04-06 12:51:50,-119.8232,0.200059,48,3
2020-04-06 12:51:55,-119.823141,0.200255,42,3
2020-04-06 12:52:00,-119.822955,0.200331,42,3
2020-04-06 12:52:05,-119.822865,0.200546,40,3
2020-04-06 12:52:10,-119.822626,0.200639,42,3
2020-04-06 12:52:15,-119.822563,0.200837,43,3
2020-04-06 12:52:20,-119.822372,0.200913,39,3
2020-04-06 12:52:25,-119.822273,0.201156,44,3
2020-04-06 12:52:30,-119.822042,0.201228,46,3
2020-04-06 12:52:35,-119.82198,0.201423,44,3
2020-04-06 12:52:40,-119.821749,0.201512,41,3
2020-04-06 12:52:45,-119.821687,0.201716,39,3
2020-04-06 12:52:50,-119.821504,0.201785,42,3
2020-04-06 12:52:55,-119.821203,0.201823,41,3
2020-04-06 12:53:00,-119.821128,0.201997,44,3
2020-04-06 12:53:05,-119.820895,0.202086,42,3
2020-04-06 12:53:10,-119.820581,0.20212,46,3
2020-04-06 12:53:15,-119.820339,0.202126,41,3
2020-04-06 12:53:20,-119.820038,0.202129,43,3
2020-04-06 12:53:25,-119.819738,0.20213,39,3
2020-04-06 12:53:30,-119.819455,0.20213,38,3
2020-04-06 12:53:35,-119.819144,0.20213,42,3
2020-04-06 12:53:40,-119.818845,0.20213,44,3
2020-04-06 12:53:45,-119.818579,0.20213,39,3
2020-04-06 12:53:50,-119.818281,0.20213,38,3
2020-04-06 12:53:55,-119.818015,0.20213,43,3
2020-04-06 12:54:00,-119.817715,0.20213,40,3
2020-04-06 12:54:05,-119.81764,0.202305,42,3
2020-04-06 12:54:10,-119.817601,0.20262,42,3
2020-04-06 12:54:15,-119.817594,0.20286,43,3
2020-04-06 12:54:20,-119.817411,0.202947,42,3
2020-04-06 12:54:25,-119.817333,0.203187,43,3
2020-04-06 12:54:30,-119.817311,0.203453,43,3
2020-04-06 12:54:35,-119.817303,0.203758,39,3
2020-04-06 12:54:40,-119.817148,0.203817,41,3
2020-04-06 12:54:45,-119.817055,0.204048,43,3
2020-04-06 12:54:50,-119.817024,0.204322,46,3
2020-04-06 12:54:55,-119.817013,0.204643,40,3
2020-04-06 12:55:00,-119.816864,0.204692,36,3
2020-04-06 12:55:05,-119.816771,0.20491,45,3
2020-04-06 12:55:10,-119.816736,0.205193,46,3
2020-04-06 12:55:15,-119.816724,0.205506,44,3
2020-04-06 12:55:20,-119.816564,0.205562,44,3
2020-04-06 12:55:25,-119.816471,0.205798,44,3
2020-04-06 12:55:30,-119.816445,0.206048,38,3
2020-04-06 12:55:35,-119.816434,0.206357,39,3
2020-04-06 12:55:40,-119.816243,0.206437,37,3
2020-04-06 12:55:45,-119.816181,0.206639,44,3
2020-04-06 12:55:50,-119.816152,0.206934,46,3
2020-04-06 12:55:55,-119.816144,0.207217,38,3
2020-04-06 12:56:00,-119.815967,0.207297,43,3
2020-04-06 12:56:05,-119.815889,0.207524,43,3
2020-04-06 12:56:10,-119.815859,0.20784,43,3
2020-04-06 12:56:15,-119.815853,0.208091,45,3
2020-04-06 12:56:20,-119.815851,0.208398,41,3
2020-04-06 12:56:25,-119.815673,0.208467,40,3
2020-04-06 12:56:30,-119.815608,0.208659,44,3
2020-04-06 12:56:35,-119.815576,0.208945,44,3
2020-04-06 12:56:40,-119.815565,0.209242,40,3
2020-04-06 12:56:45,-119.815385,0.209326,47,3
2020-04-06 12:56:50,-119.815307,0.209559,40,3
2020-04-06 12:56:55,-119.815282,0.209832,41,3
2020-04-06 12:57:00,-119.815273,0.210154,41,3
2020-04-06 12:57:05,-119.815082,0.210217,42,3
2020-04-06 12:57:10,-119.815018,0.210418,42,3
2020-04-06 12:57:15,-119.81499,0.210722,36,3
2020-04-06 12:57:20,-119.814983,0.210981,39,3
2020-04-06 12:57:25,-119.814821,0.211058,42,3
2020-04-06 12:57:30,-119.814734,0.211292,42,3
2020-04-06 12:57:35,-119.814703,0.211578,46,3
2020-04-06 12:57:40,-119.814694,0.21186,39,3
2020-04-06 12:57:45,-119.814521,0.211937,40,3
2020-04-06 12:57:50,-119.81445,0.212138,36,4
2020-04-06 12:57:55,-119.814413,0.212455,45,4
2020-04-06 12:58:00,-119.814405,0.212719,40,4
2020-04-06 12:58:05,-119.814252,0.212792,41,4
2020-04-06 12:58:10,-119.814158,0.213028,44,4
2020-04-06 12:58:15,-119.814124,0.213318,44,4
2020-04-06 12:58:20,-119.814114,0.21361,43,4
2020-04-06 12:58:25,-119.81395,0.213677,40,4
2020-04-06 12:58:30,-119.813868,0.213894,41,4
2020-04-06 12:58:35,-119.813836,0.21417,41,4
2020-04-06 12:58:40,-119.813824,0.21448,42,4
2020-04-06 12:58:45,-119.813656,0.214549,42,4
2020-04-06 12:58:50,-119.813583,0.214747,42,4
2020-04-06 12:58:55,-119.813545,0.21506,39,4
2020-04-06 12:59:00,-119.81335,0.215136,40,4
2020-04-06 12:59:05,-119.813283,0.21534,40,4
2020-04-06 12:59:10,-119.813251,0.215652,40,4
2020-04-06 12:59:15,-119.813243,0.215938,44,4
2020-04-06 12:59:20,-119.813089,0.215997,41,4
2020-04-06 12:59:25,-119.813008,0.216196,40,4
2020-04-06 12:59:30,-119.812968,0.216497,42,4
2020-04-06 12:59:35,-119.812955,0.216791,45,4
2020-04-06 12:59:40,-119.812952,0.217066,40,4
2020-04-06 12:59:45,-119.812951,0.217381,42,4
2020-04-06 12:59:50,-119.812792,0.217446,37,4
2020-04-06 12:59:55,-119.812715,0.217648,39,4
2020-04-06 13:00:00,-119.812676,0.217953,41,4
2020-04-06 13:00:05,-119.812664,0.218256,39,None
2020-04-06 13:00:10,-119.812492,0.218323,46,None
2020-04-06 13:00:15,-119.812422,0.218516,43,None
2020-04-06 13:00:20,-119.812384,0.21883,41,None
2020-04-06 13:00:25,-119.812374,0.219135,40,None
2020-04-06 13:00:30,-119.812214,0.219192,39,None
2020-04-06 13:00:35,-119.812137,0.219386,42,None
2020-04-06 13:00:40,-119.812095,0.219703,44,None
2020-04-06 13:00:45,-119.811921,0.21977,41,None
2020-04-06 13:00:50,-119.811845,0.219968,40,None
2020-04-06 13:00:55,-119.811807,0.220264,45,None
2020-04-06 13:01:00,-119.811622,0.220346,42,None
2020-04-06 13:01:05,-119.81154,0.220578,45,None
2020-04-06 13:01:10,-119.811339,0.220646,41,None
2020-04-06 13:01:15,-119.811061,0.220675,42,None
2020-04-06 13:01:20,-119.810983,0.220844,40,None
2020-04-06 13:01:25,-119.810747,0.220935,39,None
2020-04-06 13:01:30,-119.810675,0.221142,40,None
2020-04-06 13:01:35,-119.810476,0.221218,43,None
2020-04-06 13:01:40,-119.810394,0.221425,42,None
2020-04-06 13:01:45,-119.810394,0.221425,46,None
2020-04-06 13:01:50,-119.810394,0.221425,51,None
2020-04-06 13:01:55,-119.810394,0.221425,38,None
2020-04-06 13:02:00,-119.810394,0.221425,43,None
2020-04-06 13:02:05,-119.810394,0.221425,46,None
2020-04-06 13:02:10,-119.810394,0.221425,40,None
2020-04-06 13:02:15,-119.810394,0.221425,43,None
2020-04-06 13:02:20,-119.810394,0.221425,43,None
2020-04-06 13:02:25,-119.810394,0.221425,47,None
2020-04-06 13:02:30,-119.810394,0.221425,43,None
2020-04-06 13:02:35,-119.810394,0.221425,40,None
2020-04-06 13:02:40,-119.810394,0.221425,41,None
2020-04-06 13:02:45,-119.810394,0.221425,44,None
2020-04-06 13:02:50,-119.810394,0.221425,46,None
2020-04-06 13:02:55,-119.810394,0.221425,41,None
2020-04-06 13:03:00,-119.810394,0.221425,39,None
2020-04-06 13:03:05,-119.810394,0.221425,41,None
2020-04-06 13:03:10,-119.810394,0.221425,39,None
2020-04-06 13:03:15,-119.810394,0.221425,38,None
2020-04-06 13:03:20,-119.810394,0.221425,44,None
2020-04-06 13:03:25,-119.810394,0.221425,42,None
2020-04-06 13:03:30,-119.810394,0.221425,39,None
2020-04-06 13:03:35,-119.810394,0.221425,38,None
2020-04-06 13:03:40,-119.810394,0.221425,41,None
2020-04-06 13:03:45,-119.810394,0.221425,41,None
2020-04-06 13:03:50,-119.810394,0.221425,36,None
2020-04-06 13:03:55,-119.810394,0.221425,37,None
2020-04-06 13:04:00,-119.810394,0.221425,37,None
2020-04-06 13:04:05,-119.810394,0.221425,41,None
2020-04-06 13:04:10,-119.810394,0.221425,41,None
2020-04-06 13:04:15,-119.810394,0.221425,39,None
2020-04-06 13:04:20,-119.810394,0.221425,44,None
2020-04-06 13:04:25,-119.810394,0.221425,44,None
2020-04-06 13:04:30,-119.810394,0.221425,38,None
2020-04-06 13:04:35,-119.810394,0.221425,43,None
2020-04-06 13:04:40,-119.810394,0.221425,42,None
2020-04-06 13:04:45,-119.810394,0.221425,44,None
2020-04-06 13:04:50,-119.810394,0.221425,43,None
2020-04-06 13:04:55,-119.810394,0.221425,44,None
2020-04-06 13:05:00,-119.810394,0.221425,36,None
2020-04-06 13:05:05,-119.810394,0.221425,40,None
2020-04-06 13:05:10,-119.810394,0.221425,42,None
2020-04-06 13:05:15,-119.810394,0.221425,42,None
2020-04-06 13:05:20,-119.810394,0.221425,46,None
2020-04-06 13:05:25,-119.810394,0.221425,45,None
2020-04-06 13:05:30,-119.810394,0.221425,40,None
2020-04-06 13:05:35,-119.810394,0.221425,35,None
2020-04-06 13:05:40,-119.810394,0.221425,39,None
2020-04-06 13:05:45,-119.810394,0.221425,45,None
2020-04-06 13:05:50,-119.810394,0.221425,40,None
2020-04-06 13:05:55,-119.810394,0.221425,45,None
2020-04-06 13:06:00,-119.810394,0.221425,38,None
2020-04-06 13:06:05,-119.810394,0.221425,44,None
2020-04-06 13:06:10,-119.810394,0.221425,37,None
2020-04-06 13:06:15,-119.810394,0.221425,40,None
2020-04-06 13:06:20,-119.810394,0.221425,38,None
2020-04-06 13:06:25,-119.810394,0.221425,45,None
2020-04-06 13:06:30,-119.810394,0.221425,38,None
2020-04-06 13:06:35,-119.810394,0.221425,45,None
2020-04-06 13:06:40,-119.810394,0.221425,40,None
2020-04-06 13:06:45,-119.810394,0.221425,44,None
2020-04-06 13:06:50,-119.810394,0.221425,43,None
2020-04-06 13:06:55,-119.810394,0.221425,42,None
2020-04-06 13:07:00,-119.810394,0.221425,39,None
2020-04-06 13:07:05,-119.810394,0.221425,43,None
2020-04-06 13:07:10,-119.810394,0.221425,42,None
2020-04-06 13:07:15,-119.810394,0.221425,42,None
2020-04-06 13:07:20,-119.810394,0.221425,39,None
2020-04-06 13:07:25,-119.810394,0.221425,42,None
2020-04-06 13:07:30,-119.810394,0.221425,43,None
2020-04-06 13:07:35,-119.810394,0.221425,46,None
2020-04-06 13:07:40,-119.810394,0.221425,45,None
2020-04-06 13:07:45,-119.810394,0.221425,44,None
2020-04-06 13:07:50,-119.810394,0.221425,42,None
2020-04-06 13:07:55,-119.810394,0.221425,44,None
2020-04-06 13:08:00,-119.810394,0.221425,48,None
2020-04-06 13:08:05,-119.810394,0.221425,41,None
2020-04-06 13:08:10,-119.810394,0.221425,40,None
2020-04-06 13:08:15,-119.810394,0.221425,46,None
2020-04-06 13:08:20,-119.810394,0.221425,38,None
2020-04-06 13:08:25,-119.810394,0.221425,38,None
2020-04-06 13:08:30,-119.810394,0.221425,42,None
2020-04-06 13:08:35,-119.810394,0.221425,39,None
2020-04-06 13:08:40,-119.810394,0.221425,48,None
2020-04-06 13:08:45,-119.810394,0.221425,38,None
2020-04-06 13:08:50,-119.810394,0.221425,40,None
2020-04-06 13:08:55,-119.810394,0.221425,41,None
2020-04-06 13:09:00,-119.810394,0.221425,46,None
2020-04-06 13:09:05,-119.810394,0.221425,41,None
2020-04-06 13:09:10,-119.810394,0.221425,47,None
2020-04-06 13:09:15,-119.810394,0.221425,39,None
2020-04-06 13:09:20,-119.810394,0.221425,41,None
2020-04-06 13:09:25,-119.810394,0.221425,47,None
2020-04-06 13:09:30,-119.810394,0.221425,41,None
2020-04-06 13:09:35,-119.810394,0.221425,46,None
2020-04-06 13:09:40,-119.810394,0.221425,41,None
2020-04-06 13:09:45,-119.810394,0.221425,39,None
2020-04-06 13:09:50,-119.810394,0.221425,41,None
2020-04-06 13:09:55,-119.810394,0.221425,42,None
2020-04-06 13:10:00,-119.810394,0.221425,40,None
2020-04-06 13:10:05,-119.810394,0.221425,40,None
2020-04-06 13:10:10,-119.810394,0.221425,42,None
2020-04-06 13:10:15,-119.810394,0.221425,35,None
2020-04-06 13:10:20,-119.810394,0.221425,39,None
2020-04-06 13:10:25,-119.810394,0.221425,44,None
2020-04-06 13:10:30,-119.810394,0.221425,39,None
2020-04-06 13:10:35,-119.810394,0.221425,35,None
2020-04-06 13:10:40,-119.810394,0.221425,44,None
2020-04-06 13:10:45,-119.810394,0.221425,39,None
2020-04-06 13:10:50,-119.810394,0.221425,42,None
2020-04-06 13:10:55,-119.810394,0.221425,41,None
2020-04-06 13:11:00,-119.810394,0.221425,41,None
2020-04-06 13:11:05,-119.810394,0.221425,41,None
2020-04-06 13:11:10,-119.810394,0.221425,41,None
2020-04-06 13:11:15,-119.810394,0.221425,42,None
2020-04-06 13:11:20,-119.810394,0.221425,40,None
2020-04-06 13:11:25,-119.810394,0.221425,38,None
2020-04-06 13:11:30,-119.810394,0.221425,41,None
2020-04-06 13:11:35,-119.810394,0.221425,41,None
2020-04-06 13:11:40,-119.810394,0.221425,41,None
2020-04-06 13:11:45,-119.810394,0.221425,40,None
2020-04-06 13:11:50,-119.810394,0.221425,39,None
2020-04-06 13:11:55,-119.810394,0.221425,40,None
2020-04-06 13:12:00,-119.810394,0.221425,43,None
2020-04-06 13:12:05,-119.810394,0.221425,44,None
2020-04-06 13:12:10,-119.810394,0.221425,40,None
2020-04-06 13:12:15,-119.810394,0.221425,45,None
2020-04-06 13:12:20,-119.810394,0.221425,42,None
2020-04-06 13:12:25,-119.810394,0.221425,39,None
2020-04-06 13:12:30,-119.810394,0.221425,37,None
2020-04-06 13:12:35,-119.810394,0.221425,39,None
2020-04-06 13:12:40,-119.810394,0.221425,37,None
2020-04-06 13:12:45,-119.810394,0.221425,41,None
2020-04-06 13:12:50,-119.810394,0.221425,38,None
2020-04-06 13:12:55,-119.810394,0.221425,37,None
2020-04-06 13:13:00,-119.810394,0.221425,37,None
2020-04-06 13:13:05,-119.810394,0.221425,39,None
2020-04-06 13:13:10,-119.810394,0.221425,41,None
2020-04-06 13:13:15,-119.810394,0.221425,41,None
2020-04-06 13:13:20,-119.810394,0.221425,40,None
2020-04-06 13:13:25,-119.810394,0.221425,41,None
2020-04-06 13:13:30,-119.810394,0.221425,43,None
2020-04-06 13:13:35,-119.810394,0.221425,40,None
2020-04-06 13:13:40,-119.810394,0.221425,40,None
2020-04-06 13:13:45,-119.810394,0.221425,43,None
2020-04-06 13:13:50,-119.810394,0.221425,44,None
2020-04-06 13:13:55,-119.810394,0.221425,38,None
2020-04-06 13:14:00,-119.810394,0.221425,38,None
2020-04-06 13:14:05,-119.810394,0.221425,46,None
2020-04-06 13:14:10,-119.810394,0.221425,43,None
2020-04-06 13:14:15,-119.810394,0.221425,43,None
2020-04-06 13:14:20,-119.810394,0.221425,43,None
2020-04-06 13:14:25,-119.810394,0.221425,36,None
2020-04-06 13:14:30,-119.810394,0.221425,44,None
2020-04-06 13:14:35,-119.810394,0.221425,40,None
2020-04-06 13:14:40,-119.810394,0.221425,39,None
2020-04-06 13:14:45,-119.810394,0.221425,38,None
2020-04-06 13:14:50,-119.810394,0.221425,43,None
2020-04-06 13:14:55,-119.810394,0.221425,39,None
2020-04-06 13:15:00,-119.810394,0.221425,41,None
2020-04-06 13:15:05,-119.810394,0.221425,39,None
2020-04-06 13:15:10,-119.810394,0.221425,41,None
2020-04-06 13:15:15,-119.810394,0.221425,39,None
2020-04-06 13:15:20,-119.810394,0.221425,41,None
2020-04-06 13:15:25,-119.810394,0.221425,39,None
2020-04-06 13:15:30,-119.810394,0.221425,45,None
2020-04-06 13:15:35,-119.810394,0.221425,43,None
2020-04-06 13:15:40,-119.810394,0.221425,36,None
2020-04-06 13:15:45,-119.810394,0.221425,39,None
2020-04-06 13:15:50,-119.810394,0.221425,37,None
2020-04-06 13:15:55,-119.810394,0.221425,40,None
2020-04-06 13:16:00,-119.810394,0.221425,47,None
2020-04-06 13:16:05,-119.810394,0.221425,41,None
2020-04-06 13:16:10,-119.810394,0.221425,45,None
2020-04-06 13:16:15,-119.810394,0.221425,45,None
2020-04-06 13:16:20,-119.810394,0.221425,34,None
2020-04-06 13:16:25,-119.810394,0.221425,41,None
2020-04-06 13:16:30,-119.810394,0.221425,44,None
2020-04-06 13:16:35,-119.810394,0.221425,47,None
2020-04-06 13:16:40,-119.810394,0.221425,39,None
2020-04-06 13:16:45,-119.810394,0.221425,40,None
2020-04-06 13:16:50,-119.810394,0.221425,42,None
2020-04-06 13:16:55,-119.810394,0.221425,40,None
2020-04-06 13:17:00,-119.810394,0.221425,42,None
2020-04-06 13:17:05,-119.810394,0.221425,43,None
2020-04-06 13:17:10,-119.810394,0.221425,44,None
2020-04-06 13:17:15,-119.810394,0.221425,37,None
2020-04-06 13:17:20,-119.810394,0.221425,42,None
2020-04-06 13:17:25,-119.810394,0.221425,39,None
2020-04-06 13:17:30,-119.810394,0.221425,42,None
2020-04-06 13:17:35,-119.810394,0.221425,43,None
2020-04-06 13:17:40,-119.810394,0.221425,42,None
2020-04-06 13:17:45,-119.810394,0.221425,40,None
2020-04-06 13:17:50,-119.810394,0.221425,45,None
2020-04-06 13:17:55,-119.810394,0.221425,44,None
2020-04-06 13:18:00,-119.810394,0.221425,37,None
2020-04-06 13:18:05,-119.810394,0.221425,42,None
2020-04-06 13:18:10,-119.810394,0.221425,38,None
2020-04-06 13:18:15,-119.810394,0.221425,40,None
2020-04-06 13:18:20,-119.810394,0.221425,37,None
2020-04-06 13:18:25,-119.810394,0.221425,47,None
2020-04-06 13:18:30,-119.810394,0.221425,40,None
2020-04-06 13:18:35,-119.810394,0.221425,43,None
2020-04-06 13:18:40,-119.810394,0.221425,42,None
2020-04-06 13:18:45,-119.810394,0.221425,42,None
2020-04-06 13:18:50,-119.810394,0.221425,42,None
2020-04-06 13:18:55,-119.810394,0.221425,43,None
2020-04-06 13:19:00,-119.810394,0.221425,39,None
2020-04-06 13:19:05,-119.810394,0.221425,43,None
2020-04-06 13:19:10,-119.810394,0.221425,42,None
2020-04-06 13:19:15,-119.810394,0.221425,42,None
2020-04-06 13:19:20,-119.810394,0.221425,42,None
2020-04-06 13:19:25,-119.810394,0.221425,40,None
2020-04-06 13:19:30,-119.810394,0.221425,44,None
2020-04-06 13:19:35,-119.810394,0.221425,44,None
2020-04-06 13:19:40,-119.810394,0.221425,41,None
2020-04-06 13:19:45,-119.810394,0.221425,41,None
2020-04-06 13:19:50,-119.810394,0.221425,41,None
2020-04-06 13:19:55,-119.810394,0.221425,43,None
2020-04-06 13:20:00,-119.810394,0.221425,41,None
2020-04-06 13:20:05,-119.810394,0.221425,45,None
2020-04-06 13:20:10,-119.810394,0.221425,33,None
2020-04-06 13:20:15,-119.810394,0.221425,40,None
2020-04-06 13:20:20,-119.810394,0.221425,41,None
2020-04-06 13:20:25,-119.810394,0.221425,46,None
2020-04-06 13:20:30,-119.810394,0.221425,42,None
2020-04-06 13:20:35,-119.810394,0.221425,42,None
2020-04-06 13:20:40,-119.810394,0.221425,43,None
2020-04-06 13:20:45,-119.810394,0.221425,41,None
2020-04-06 13:20:50,-119.810394,0.221425,45,None
2020-04-06 13:20:55,-119.810394,0.221425,40,None
2020-04-06 13:21:00,-119.810394,0.221425,44,None
2020-04-06 13:21:05,-119.810394,0.221425,46,None
2020-04-06 13:21:10,-119.810394,0.221425,36,None
2020-04-06 13:21:15,-119.810394,0.221425,42,None
2020-04-06 13:21:20,-119.810394,0.221425,38,None
2020-04-06 13:21:25,-119.810394,0.221425,40,None
2020-04-06 13:21:30,-119.810394,0.221425,41,None
2020-04-06 13:21:35,-119.810394,0.221425,45,None
2020-04-06 13:21:40,-119.810394,0.221425,41,None
2020-04-06 13:21:45,-119.810394,0.221425,41,None
2020-04-06 13:21:50,-119.810394,0.221425,38,None
2020-04-06 13:21:55,-119.810394,0.221425,44,None
2020-04-06 13:22:00,-119.810394,0.221425,38,None
2020-04-06 13:22:05,-119.810394,0.221425,42,None
2020-04-06 13:22:10,-119.810394,0.221425,43,None
2020-04-06 13:22:15,-119.810394,0.221425,46,None
2020-04-06 13:22:20,-119.810394,0.221425,40,None
2020-04-06 13:22:25,-119.810394,0.221425,39,None
2020-04-06 13:22:30,-119.810394,0.221425,40,None
2020-04-06 13:22:35,-119.810394,0.221425,38,None
2020-04-06 13:22:40,-119.810394,0.221425,41,None
2020-04-06 13:22:45,-119.810394,0.221425,41,None
2020-04-06 13:22:50,-119.810394,0.221425,35,None
2020-04-06 13:22:55,-119.810394,0.221425,42,None
2020-04-06 13:23:00,-119.810394,0.221425,36,None
2020-04-06 13:23:05,-119.810394,0.221425,43,None
2020-04-06 13:23:10,-119.810394,0.221425,45,None
2020-04-06 13:23:15,-119.810394,0.221425,40,None
2020-04-06 13:23:20,-119.810394,0.221425,42,None
2020-04-06 13:23:25,-119.810394,0.221425,38,None
2020-04-06 13:23:30,-119.810394,0.221425,35,None
2020-04-06 13:23:35,-119.810394,0.221425,40,None
2020-04-06 13:23:40,-119.810394,0.221425,44,None
2020-04-06 13:23:45,-119.810394,0.221425,42,None
2020-04-06 13:23:50,-119.810394,0.221425,45,None
2020-04-06 13:23:55,-119.810394,0.221425,36,None
2020-04-06 13:24:00,-119.810394,0.221425,42,None
2020-04-06 13:24:05,-119.810394,0.221425,44,None
2020-04-06 13:24:10,-119.810394,0.221425,39,None
2020-04-06 13:24:15,-119.810394,0.221425,42,None
2020-04-06 13:24:20,-119.810394,0.221425,38,None
2020-04-06 13:24:25,-119.810394,0.221425,40,None
2020-04-06 13:24:30,-119.810394,0.221425,34,None
2020-04-06 13:24:35,-119.810394,0.221425,41,None
2020-04-06 13:24:40,-119.810394,0.221425,37,None
2020-04-06 13:24:45,-119.810394,0.221425,46,None
2020-04-06 13:24:50,-119.810394,0.221425,44,None
2020-04-06 13:24:55,-119.810394,0.221425,43,None
2020-04-06 13:25:00,-119.810394,0.221425,39,None
2020-04-06 13:25:05,-119.810394,0.221425,40,None
2020-04-06 13:25:10,-119.810394,0.221425,39,None
2020-04-06 13:25:15,-119.810394,0.221425,38,None
2020-04-06 13:25:20,-119.810394,0.221425,44,None
2020-04-06 13:25:25,-119.810394,0.221425,40,None
2020-04-06 13:25:30,-119.810394,0.221425,37,None
2020-04-06 13:25:35,-119.810394,0.221425,38,None
2020-04-06 13:25:40,-119.810394,0.221425,41,None
2020-04-06 13:25:45,-119.810394,0.221425,40,None
2020-04-06 13:25:50,-119.810394,0.221425,44,None
2020-04-06 13:25:55,-119.810394,0.221425,39,None
2020-04-06 13:26:00,-119.810394,0.221425,43,None
2020-04-06 13:26:05,-119.810394,0.221425,44,None
2020-04-06 13:26:10,-119.810394,0.221425,41,None
2020-04-06 13:26:15,-119.810394,0.221425,43,None
2020-04-06 13:26:20,-119.810394,0.221425,39,None
2020-04-06 13:26:25,-119.810394,0.221425,40,None
2020-04-06 13:26:30,-119.810394,0.221425,39,None
2020-04-06 13:26:35,-119.810394,0.221425,46,None
2020-04-06 13:26:40,-119.810394,0.221425,37,None
2020-04-06 13:26:45,-119.810394,0.221425,39,None
2020-04-06 13:26:50,-119.810394,0.221425,36,None
2020-04-06 13:26:55,-119.810394,0.221425,44,None
2020-04-06 13:27:00,-119.810394,0.221425,43,None
2020-04-06 13:27:05,-119.810394,0.221425,46,None
2020-04-06 13:27:10,-119.810394,0.221425,34,None
2020-04-06 13:27:15,-119.810394,0.221425,39,None
2020-04-06 13:27:20,-119.810394,0.221425,42,None
2020-04-06 13:27:25,-119.810394,0.221425,41,None
2020-04-06 13:27:30,-119.810394,0.221425,45,None
2020-04-06 13:27:35,-119.810394,0.221425,44,None
2020-04-06 13:27:40,-119.810394,0.221425,46,None
2020-04-06 13:27:45,-119.810394,0.221425,43,None
2020-04-06 13:27:50,-119.810394,0.221425,44,None
2020-04-06 13:27:55,-119.810394,0.221425,40,None
2020-04-06 13:28:00,-119.810394,0.221425,35,None
2020-04-06 13:28:05,-119.810394,0.221425,41,None
2020-04-06 13:28:10,-119.810394,0.221425,41,None
2020-04-06 13:28:15,-119.810394,0.221425,42,None
2020-04-06 13:28:20,-119.810394,0.221425,45,None
2020-04-06 13:28:25,-119.810394,0.221425,36,None
2020-04-06 13:28:30,-119.810394,0.221425,42,None
2020-04-06 13:28:35,-119.810394,0.221425,38,None
2020-04-06 13:28:40,-119.810394,0.221425,39,None
2020-04-06 13:28:45,-119.810394,0.221425,42,None
2020-04-06 13:28:50,-119.810394,0.221425,38,None
2020-04-06 13:28:55,-119.810394,0.221425,46,None
2020-04-06 13:29:00,-119.810394,0.221425,37,None
2020-04-06 13:29:05,-119.810394,0.221425,45,None
2020-04-06 13:29:10,-119.810394,0.221425,45,None
2020-04-06 13:29:15,-119.810394,0.221425,43,None
2020-04-06 13:29:20,-119.810394,0.221425,38,None
2020-04-06 13:29:25,-119.810394,0.221425,43,None
2020-04-06 13:29:30,-119.810394,0.221425,39,None
2020-04-06 13:29:35,-119.810394,0.221425,43,None
2020-04-06 13:29:40,-119.810394,0.221425,40,None
2020-04-06 13:29:45,-119.810394,0.221425,36,None
2020-04-06 13:29:50,-119.810394,0.221425,42,None
2020-04-06 13:29:55,-119.810394,0.221425,41,None
2020-04-06 13:30:00,-119.810394,0.221425,39,None
2020-04-06 13:30:05,-119.810394,0.221425,40,None
2020-04-06 13:30:10,-119.810394,0.221425,38,None
2020-04-06 13:30:15,-119.810394,0.221425,39,None
2020-04-06 13:30:20,-119.810394,0.221425,41,None
2020-04-06 13:30:25,-119.810394,0.221425,45,None
2020-04-06 13:30:30,-119.810394,0.221425,44,None
2020-04-06 13:30:35,-119.810394,0.221425,41,None
2020-04-06 13:30:40,-119.810394,0.221425,37,None
2020-04-06 13:30:45,-119.810394,0.221425,40,None
2020-04-06 13:30:50,-119.810394,0.221425,43,None
2020-04-06 13:30:55,-119.810394,0.221425,41,None
2020-04-06 13:31:00,-119.810394,0.221425,36,None
2020-04-06 13:31:05,-119.810394,0.221425,42,None
2020-04-06 13:31:10,-119.810394,0.221425,40,None
2020-04-06 13:31:15,-119.810394,0.221425,40,None
2020-04-06 13:31:20,-119.810394,0.221425,41,None
2020-04-06 13:31:25,-119.810394,0.221425,41,None
2020-04-06 13:31:30,-119.810394,0.221425,42,None
2020-04-06 13:31:35,-119.810394,0.221425,36,None
2020-04-06 13:31:40,-119.810394,0.221425,41,None
2020-04-06 13:31:45,-119.810394,0.221425,37,None
2020-04-06 13:31:50,-119.810394,0.221425,39,None
2020-04-06 13:31:55,-119.810394,0.221425,45,None
2020-04-06 13:32:00,-119.810394,0.221425,40,None
2020-04-06 13:32:05,-119.810394,0.221425,41,None
2020-04-06 13:32:10,-119.810394,0.221425,41,None
2020-04-06 13:32:15,-119.810394,0.221425,40,None
2020-04-06 13:32:20,-119.810394,0.221425,42,None
2020-04-06 13:32:25,-119.810394,0.221425,44,None
2020-04-06 13:32:30,-119.810394,0.221425,47,None
2020-04-06 13:32:35,-119.810394,0.221425,42,None
2020-04-06 13:32:40,-119.810394,0.221425,38,None
2020-04-06 13:32:45,-119.810394,0.221425,41,None
2020-04-06 13:32:50,-119.810394,0.221425,43,None
2020-04-06 13:32:55,-119.810394,0.221425,41,None
2020-04-06 13:33:00,-119.810394,0.221425,36,None
2020-04-06 13:33:05,-119.810394,0.221425,46,None
2020-04-06 13:33:10,-119.810394,0.221425,43,None
2020-04-06 13:33:15,-119.810394,0.221425,39,None
2020-04-06 13:33:20,-119.810394,0.221425,39,None
2020-04-06 13:33:25,-119.810394,0.221425,40,None
2020-04-06 13:33:30,-119.810394,0.221425,43,None
2020-04-06 13:33:35,-119.810394,0.221425,40,None
2020-04-06 13:33:40,-119.810394,0.221425,43,None
2020-04-06 13:33:45,-119.810394,0.221425,42,None
2020-04-06 13:33:50,-119.810394,0.221425,44,None
2020-04-06 13:33:55,-119.810394,0.221425,45,None
2020-04-06 13:34:00,-119.810394,0.221425,38,None
2020-04-06 13:34:05,-119.810394,0.221425,34,None
2020-04-06 13:34:10,-119.810394,0.221425,39,None
2020-04-06 13:34:15,-119.810394,0.221425,41,None
2020-04-06 13:34:20,-119.810394,0.221425,39,None
2020-04-06 13:34:25,-119.810394,0.221425,40,None
2020-04-06 13:34:30,-119.810394,0.221425,38,None
2020-04-06 13:34:35,-119.810394,0.221425,38,None
2020-04-06 13:34:40,-119.810394,0.221425,39,None
2020-04-06 13:34:45,-119.810394,0.221425,40,None
2020-04-06 13:34:50,-119.810394,0.221425,34,None
2020-04-06 13:34:55,-119.810394,0.221425,42,None
2020-04-06 13:35:00,-119.810394,0.221425,40,None
2020-04-06 13:35:05,-119.810394,0.221425,40,None
2020-04-06 13:35:10,-119.810394,0.221425,40,None
2020-04-06 13:35:15,-119.810394,0.221425,41,None
2020-04-06 13:35:20,-119.810394,0.221425,45,None
2020-04-06 13:35:25,-119.810394,0.221425,36,None
2020-04-06 13:35:30,-119.810394,0.221425,43,None
2020-04-06 13:35:35,-119.810394,0.221425,43,None
2020-04-06 13:35:40,-119.810394,0.221425,42,None
2020-04-06 13:35:45,-119.810394,0.221425,40,None
2020-04-06 13:35:50,-119.810394,0.221425,38,None
2020-04-06 13:35:55,-119.810394,0.221425,43,None
2020-04-06 13:36:00,-119.810394,0.221425,41,None
2020-04-06 13:36:05,-119.810394,0.221425,43,None
2020-04-06 13:36:10,-119.810394,0.221425,44,None
2020-04-06 13:36:15,-119.810394,0.221425,41,None
2020-04-06 13:36:20,-119.810394,0.221425,41,None
2020-04-06 13:36:25,-119.810394,0.221425,36,None
2020-04-06 13:36:30,-119.810394,0.221425,47,None
2020-04-06 13:36:35,-119.810394,0.221425,45,None
2020-04-06 13:36:40,-119.810394,0.221425,42,None
2020-04-06 13:36:45,-119.810394,0.221425,44,None
2020-04-06 13:36:50,-119.810394,0.221425,41,None
2020-04-06 13:36:55,-119.810394,0.221425,40,None
2020-04-06 13:37:00,-119.810394,0.221425,45,None
2020-04-06 13:37:05,-119.810394,0.221425,42,None
2020-04-06 13:37:10,-119.810394,0.221425,42,None
2020-04-06 13:37:15,-119.810394,0.221425,41,None
2020-04-06 13:37:20,-119.810394,0.221425,39,None
2020-04-06 13:37:25,-119.810394,0.221425,43,None
2020-04-06 13:37:30,-119.810394,0.221425,37,None
2020-04-06 13:37:35,-119.810394,0.221425,43,None
2020-04-06 13:37:40,-119.810394,0.221425,40,None
2020-04-06 13:37:45,-119.810394,0.221425,39,None
2020-04-06 13:37:50,-119.810394,0.221425,43,None
2020-04-06 13:37:55,-119.810394,0.221425,43,None
2020-04-06 13:38:00,-119.810394,0.221425,41,None
2020-04-06 13:38:05,-119.810394,0.221425,38,None
2020-04-06 13:38:10,-119.810394,0.221425,41,None
2020-04-06 13:38:15,-119.810394,0.221425,44,None
2020-04-06 13:38:20,-119.810394,0.221425,41,None
2020-04-06 13:38:25,-119.810394,0.221425,44,None
2020-04-06 13:38:30,-119.810394,0.221425,42,None
2020-04-06 13:38:35,-119.810394,0.221425,42,None
2020-04-06 13:38:40,-119.810394,0.221425,42,None
2020-04-06 13:38:45,-119.810394,0.221425,40,None
2020-04-06 13:38:50,-119.810394,0.221425,47,None
2020-04-06 13:38:55,-119.810394,0.221425,43,None
2020-04-06 13:39:00,-119.810394,0.221425,41,None
2020-04-06 13:39:05,-119.810394,0.221425,36,None
2020-04-06 13:39:10,-119.810394,0.221425,46,None
2020-04-06 13:39:15,-119.810394,0.221425,45,None
2020-04-06 13:39:20,-119.810394,0.221425,42,None
2020-04-06 13:39:25,-119.810394,0.221425,43,None
2020-04-06 13:39:30,-119.810394,0.221425,44,None
2020-04-06 13:39:35,-119.810394,0.221425,40,None
2020-04-06 13:39:40,-119.810394,0.221425,42,None
2020-04-06 13:39:45,-119.810394,0.221425,42,None
2020-04-06 13:39:50,-119.810394,0.221425,41,None
2020-04-06 13:39:55,-119.810394,0.221425,44,None
2020-04-06 13:40:00,-119.810394,0.221425,42,None
2020-04-06 13:40:05,-119.810394,0.221425,40,None
2020-04-06 13:40:10,-119.810394,0.221425,44,None
2020-04-06 13:40:15,-119.810394,0.221425,43,None
2020-04-06 13:40:20,-119.810394,0.221425,39,None
2020-04-06 13:40:25,-119.810394,0.221425,41,None
2020-04-06 13:40:30,-119.810394,0.221425,45,None
2020-04-06 13:40:35,-119.810394,0.221425,46,None
2020-04-06 13:40:40,-119.810394,0.221425,45,None
2020-04-06 13:40:45,-119.810394,0.221425,44,None
2020-04-06 13:40:50,-119.810394,0.221425,38,None
2020-04-06 13:40:55,-119.810394,0.221425,39,None
2020-04-06 13:41:00,-119.810394,0.221425,42,None
2020-04-06 13:41:05,-119.810394,0.221425,37,None
2020-04-06 13:41:10,-119.810394,0.221425,46,None
2020-04-06 13:41:15,-119.810394,0.221425,40,None
2020-04-06 13:41:20,-119.810394,0.221425,44,None
2020-04-06 13:41:25,-119.810394,0.221425,41,None
2020-04-06 13:41:30,-119.810394,0.221425,41,None
2020-04-06 13:41:35,-119.810394,0.221425,45,None
2020-04-06 13:41:40,-119.810394,0.221425,39,None
2020-04-06 13:41:45,-119.810394,0.221425,42,None
2020-04-06 13:41:50,-119.810394,0.221425,40,None
2020-04-06 13:41:55,-119.810394,0.221425,44,None
2020-04-06 13:42:00,-119.810394,0.221425,46,None
2020-04-06 13:42:05,-119.810394,0.221425,42,None
2020-04-06 13:42:10,-119.810394,0.221425,41,None
2020-04-06 13:42:15,-119.810394,0.221425,41,None
2020-04-06 13:42:20,-119.810394,0.221425,45,None
2020-04-06 13:42:25,-119.810394,0.221425,46,None
2020-04-06 13:42:30,-119.810394,0.221425,41,None
2020-04-06 13:42:35,-119.810394,0.221425,41,None
2020-04-06 13:42:40,-119.810394,0.221425,38,None
2020-04-06 13:42:45,-119.810394,0.221425,42,None
2020-04-06 13:42:50,-119.810394,0.221425,43,None
2020-04-06 13:42:55,-119.810394,0.221425,41,None
2020-04-06 13:43:00,-119.810394,0.221425,37,None
2020-04-06 13:43:05,-119.810394,0.221425,41,None
2020-04-06 13:43:10,-119.810394,0.221425,42,None
2020-04-06 13:43:15,-119.810394,0.221425,43,None
2020-04-06 13:43:20,-119.810394,0.221425,36,None
2020-04-06 13:43:25,-119.810394,0.221425,32,None
2020-04-06 13:43:30,-119.810394,0.221425,43,None
2020-04-06 13:43:35,-119.810394,0.221425,42,None
2020-04-06 13:43:40,-119.810394,0.221425,45,None
2020-04-06 13:43:45,-119.810394,0.221425,42,None
2020-04-06 13:43:50,-119.810394,0.221425,39,None
2020-04-06 13:43:55,-119.810394,0.221425,46,None
2020-04-06 13:44:00,-119.810394,0.221425,38,None
2020-04-06 13:44:05,-119.810394,0.221425,38,None
2020-04-06 13:44:10,-119.810394,0.221425,44,None
2020-04-06 13:44:15,-119.810394,0.221425,38,None
2020-04-06 13:44:20,-119.810394,0.221425,48,None
2020-04-06 13:44:25,-119.810394,0.221425,41,None
2020-04-06 13:44:30,-119.810394,0.221425,41,None
2020-04-06 13:44:35,-119.810394,0.221425,41,None
2020-04-06 13:44:40,-119.810394,0.221425,38,None
2020-04-06 13:44:45,-119.810394,0.221425,44,None
2020-04-06 13:44:50,-119.810394,0.221425,43,None
2020-04-06 13:44:55,-119.810394,0.221425,45,None
2020-04-06 13:45:00,-119.810394,0.221425,41,None
2020-04-06 13:45:05,-119.810394,0.221425,42,None
2020-04-06 13:45:10,-119.810394,0.221425,40,None
2020-04-06 13:45:15,-119.810394,0.221425,37,None
2020-04-06 13:45:20,-119.810394,0.221425,42,None
2020-04-06 13:45:25,-119.810394,0.221425,40,None
2020-04-06 13:45:30,-119.810394,0.221425,39,None
2020-04-06 13:45:35,-119.810394,0.221425,39,None
2020-04-06 13:45:40,-119.810394,0.221425,42,None
2020-04-06 13:45:45,-119.810394,0.221425,46,None
2020-04-06 13:45:50,-119.810394,0.221425,40,None
2020-04-06 13:45:55,-119.810394,0.221425,41,None
2020-04-06 13:46:00,-119.810394,0.221425,42,None
2020-04-06 13:46:05,-119.810394,0.221425,38,None
2020-04-06 13:46:10,-119.810394,0.221425,43,None
2020-04-06 13:46:15,-119.810394,0.221425,44,None
2020-04-06 13:46:20,-119.810394,0.221425,41,None
2020-04-06 13:46:25,-119.810394,0.221425,42,None
2020-04-06 13:46:30,-119.810394,0.221425,38,None
2020-04-06 13:46:35,-119.810394,0.221425,40,None
2020-04-06 13:46:40,-119.810394,0.221425,41,None
2020-04-06 13:46:45,-119.810394,0.221425,42,None
2020-04-06 13:46:50,-119.810394,0.221425,40,None
2020-04-06 13:46:55,-119.810394,0.221425,39,None
2020-04-06 13:47:00,-119.810394,0.221425,43,None
2020-04-06 13:47:05,-119.810394,0.221425,44,None
2020-04-06 13:47:10,-119.810394,0.221425,44,None
2020-04-06 13:47:15,-119.810394,0.221425,38,None
2020-04-06 13:47:20,-119.810394,0.221425,47,None
2020-04-06 13:47:25,-119.810394,0.221425,45,None
2020-04-06 13:47:30,-119.810394,0.221425,47,None
2020-04-06 13:47:35,-119.810394,0.221425,44,None
2020-04-06 13:47:40,-119.810394,0.221425,43,None
2020-04-06 13:47:45,-119.810394,0.221425,43,None
2020-04-06 13:47:50,-119.810394,0.221425,40,None
2020-04-06 13:47:55,-119.810394,0.221425,45,None
2020-04-06 13:48:00,-119.810394,0.221425,51,None
2020-04-06 13:48:05,-119.810394,0.221425,45,None
2020-04-06 13:48:10,-119.810394,0.221425,48,None
2020-04-06 13:48:15,-119.810394,0.221425,51,None
2020-04-06 13:48:20,-119.810394,0.221425,43,None
2020-04-06 13:48:25,-119.810394,0.221425,43,None
2020-04-06 13:48:30,-119.810394,0.221425,45,None
2020-04-06 13:48:35,-119.810394,0.221425,46,None
2020-04-06 13:48:40,-119.810394,0.221425,46,None
2020-04-06 13:48:45,-119.810394,0.221425,42,None
2020-04-06 13:48:50,-119.810394,0.221425,44,None
2020-04-06 13:48:55,-119.810394,0.221425,49,None
2020-04-06 13:49:00,-119.810394,0.221425,46,None
2020-04-06 13:49:05,-119.810394,0.221425,49,None
2020-04-06 13:49:10,-119.810394,0.221425,42,None
2020-04-06 13:49:15,-119.810394,0.221425,46,None
2020-04-06 13:49:20,-119.810394,0.221425,51,None
2020-04-06 13:49:25,-119.810394,0.221425,47,None
2020-04-06 13:49:30,-119.810394,0.221425,41,None
2020-04-06 13:49:35,-119.810394,0.221425,45,None
2020-04-06 13:49:40,-119.810394,0.221425,46,None
2020-04-06 13:49:45,-119.810394,0.221425,48,None
2020-04-06 13:49:50,-119.810394,0.221425,40,None
2020-04-06 13:49:55,-119.810394,0.221425,44,None
2020-04-06 13:50:00,-119.810394,0.221425,42,None
2020-04-06 13:50:05,-119.810394,0.221425,44,None
2020-04-06 13:50:10,-119.810394,0.221425,41,None
2020-04-06 13:50:15,-119.810394,0.221425,46,None
2020-04-06 13:50:20,-119.810394,0.221425,47,None
2020-04-06 13:50:25,-119.810394,0.221425,51,None
2020-04-06 13:50:30,-119.810394,0.221425,48,None
2020-04-06 13:50:35,-119.810394,0.221425,44,None
2020-04-06 13:50:40,-119.810394,0.221425,43,None
2020-04-06 13:50:45,-119.810394,0.221425,44,None
2020-04-06 13:50:50,-119.810394,0.221425,48,None
2020-04-06 13:50:55,-119.810394,0.221425,47,None
2020-04-06 13:51:00,-119.810394,0.221425,46,None
2020-04-06 13:51:05,-119.810394,0.221425,45,None
2020-04-06 13:51:10,-119.810394,0.221425,44,None
2020-04-06 13:51:15,-119.810394,0.221425,44,None
2020-04-06 13:51:20,-119.810394,0.221425,42,None
2020-04-06 13:51:25,-119.810394,0.221425,43,None
2020-04-06 13:51:30,-119.810394,0.221425,46,None
2020-04-06 13:51:35,-119.810394,0.221425,48,None
2020-04-06 13:51:40,-119.810394,0.221425,44,None
2020-04-06 13:51:45,-119.810394,0.221425,45,None
2020-04-06 13:51:50,-119.810394,0.221425,49,None
2020-04-06 13:51:55,-119.810394,0.221425,48,None
2020-04-06 13:52:00,-119.810394,0.221425,46,None
2020-04-06 13:52:05,-119.810394,0.221425,45,None
2020-04-06 13:52:10,-119.810394,0.221425,42,None
2020-04-06 13:52:15,-119.810394,0.221425,47,None
2020-04-06 13:52:20,-119.810394,0.221425,50,None
2020-04-06 13:52:25,-119.810394,0.221425,47,None
2020-04-06 13:52:30,-119.810394,0.221425,45,None
2020-04-06 13:52:35,-119.810394,0.221425,47,None
2020-04-06 13:52:40,-119.810394,0.221425,49,None
2020-04-06 13:52:45,-119.810394,0.221425,44,None
2020-04-06 13:52:50,-119.810394,0.221425,45,None
2020-04-06 13:52:55,-119.810394,0.221425,47,None
2020-04-06 13:53:00,-119.810394,0.221425,42,None
2020-04-06 13:53:05,-119.810394,0.221425,45,None
2020-04-06 13:53:10,-119.810394,0.221425,49,None
2020-04-06 13:53:15,-119.810394,0.221425,43,None
2020-04-06 13:53:20,-119.810394,0.221425,45,None
2020-04-06 13:53:25,-119.810394,0.221425,45,None
2020-04-06 13:53:30,-119.810394,0.221425,50,None
2020-04-06 13:53:35,-119.810394,0.221425,48,None
2020-04-06 13:53:40,-119.810394,0.221425,44,None
2020-04-06 13:53:45,-119.810394,0.221425,42,None
2020-04-06 13:53:50,-119.810394,0.221425,43,None
2020-04-06 13:53:55,-119.810394,0.221425,47,None
2020-04-06 13:54:00,-119.810394,0.221425,50,None
2020-04-06 13:54:05,-119.810394,0.221425,44,None
2020-04-06 13:54:10,-119.810394,0.221425,40,None
2020-04-06 13:54:15,-119.810394,0.221425,41,None
2020-04-06 13:54:20,-119.810394,0.221425,46,None
2020-04-06 13:54:25,-119.810394,0.221425,45,None
2020-04-06 13:54:30,-119.810394,0.221425,41,None
2020-04-06 13:54:35,-119.810394,0.221425,42,None
2020-04-06 13:54:40,-119.810394,0.221425,39,None
2020-04-06 13:54:45,-119.810394,0.221425,45,None
2020-04-06 13:54:50,-119.810394,0.221425,47,None
2020-04-06 13:54:55,-119.810394,0.221425,43,None
2020-04-06 13:55:00,-119.810394,0.221425,36,None
2020-04-06 13:55:05,-119.810394,0.221425,42,None
2020-04-06 13:55:10,-119.810394,0.221425,43,None
2020-04-06 13:55:15,-119.810394,0.221425,45,None
2020-04-06 13:55:20,-119.810394,0.221425,44,None
2020-04-06 13:55:25,-119.810394,0.221425,45,None
2020-04-06 13:55:30,-119.810394,0.221425,35,None
2020-04-06 13:55:35,-119.810394,0.221425,41,None
2020-04-06 13:55:40,-119.810394,0.221425,46,None
2020-04-06 13:55:45,-119.810394,0.221425,46,None
2020-04-06 13:55:50,-119.810394,0.221425,44,None
2020-04-06 13:55:55,-119.810394,0.221425,42,None
2020-04-06 13:56:00,-119.810394,0.221425,43,None
2020-04-06 13:56:05,-119.810394,0.221425,41,None
2020-04-06 13:56:10,-119.810394,0.221425,44,None
2020-04-06 13:56:15,-119.810379,0.221461,38,None
2020-04-06 13:56:20,-119.810353,0.221722,44,None
2020-04-06 13:56:25,-119.810343,0.22203,43,None
2020-04-06 13:56:30,-119.810341,0.222327,46,None
2020-04-06 13:56:35,-119.81034,0.222603,44,None
2020-04-06 13:56:40,-119.81034,0.222886,49,None
2020-04-06 13:56:45,-119.81034,0.223164,43,None
2020-04-06 13:56:50,-119.81034,0.223477,43,None
2020-04-06 13:56:55,-119.81034,0.223768,45,None
2020-04-06 13:57:00,-119.81034,0.224051,47,None
2020-04-06 13:57:05,-119.81034,0.224329,42,None
2020-04-06 13:57:10,-119.81034,0.224621,45,None
2020-04-06 13:57:15,-119.81034,0.224902,45,None
2020-04-06 13:57:20,-119.81034,0.225206,45,None
2020-04-06 13:57:25,-119.81034,0.225511,47,None
2020-04-06 13:57:30,-119.81034,0.225769,44,None
2020-04-06 13:57:35,-119.810176,0.225849,42,None
2020-04-06 13:57:40,-119.810097,0.226069,46,None
2020-04-06 13:57:45,-119.810066,0.226348,39,None
2020-04-06 13:57:50,-119.810055,0.226648,42,None
2020-04-06 13:57:55,-119.810052,0.226938,44,None
2020-04-06 13:58:00,-119.809877,0.227017,46,None
2020-04-06 13:58:05,-119.809808,0.227221,46,None
2020-04-06 13:58:10,-119.809772,0.22754,42,None
2020-04-06 13:58:15,-119.809764,0.227822,42,None
2020-04-06 13:58:20,-119.809602,0.227887,47,None
2020-04-06 13:58:25,-119.809519,0.228103,46,None
2020-04-06 13:58:30,-119.809486,0.228379,44,None
2020-04-06 13:58:35,-119.809475,0.228666,48,None
2020-04-06 13:58:40,-119.809307,0.228748,45,None
2020-04-06 13:58:45,-119.809219,0.228991,45,None
2020-04-06 13:58:50,-119.809191,0.229282,36,None
2020-04-06 13:58:55,-119.809032,0.229339,43,None
2020-04-06 13:59:00,-119.80895,0.229536,43,None
2020-04-06 13:59:05,-119.808906,0.229855,45,None
2020-04-06 13:59:10,-119.808895,0.230139,43,None
2020-04-06 13:59:15,-119.808892,0.23041,45,None
2020-04-06 13:59:20,-119.808891,0.230703,41,None
2020-04-06 13:59:25,-119.808724,0.230782,36,None
2020-04-06 13:59:30,-119.808647,0.230997,39,None
2020-04-06 13:59:35,-119.808615,0.231289,37,None
2020-04-06 13:59:40,-119.808604,0.231588,42,None
2020-04-06 13:59:45,-119.808433,0.231659,42,None
2020-04-06 13:59:50,-119.808359,0.231864,43,None
2020-04-06 13:59:55,-119.808323,0.23218,41,None
2020-04-06 14:00:00,-119.808314,0.23246,44,None
2020-04-06 14:00:05,-119.80815,0.232527,42,None
2020-04-06 14:00:10,-119.80806,0.232763,45,None
2020-04-06 14:00:15,-119.808033,0.233035,43,None
2020-04-06 14:00:20,-119.80787,0.233102,39,None
2020-04-06 14:00:25,-119.807776,0.233336,44,None
2020-04-06 14:00:30,-119.807744,0.233621,47,None
2020-04-06 14:00:35,-119.807734,0.233908,36,None
2020-04-06 14:00:40,-119.807731,0.234205,43,None
2020-04-06 14:00:45,-119.80773,0.234483,43,None
2020-04-06 14:00:50,-119.807566,0.234555,43,None
2020-04-06 14:00:55,-119.807484,0.234779,42,None
2020-04-06 14:01:00,-119.807452,0.235075,45,None
2020-04-06 14:01:05,-119.807444,0.235352,45,None
2020-04-06 14:01:10,-119.807272,0.235427,44,None
2020-04-06 14:01:15,-119.807197,0.235637,42,None
2020-04-06 14:01:20,-119.807166,0.235916,45,None
2020-04-06 14:01:25,-119.807155,0.236213,40,None
2020-04-06 14:01:30,-119.806992,0.236289,38,None
2020-04-06 14:01:35,-119.806904,0.236523,44,None
2020-04-06 14:01:40,-119.806875,0.236791,39,None
2020-04-06 14:01:45,-119.806865,0.23708,41,None
2020-04-06 14:01:50,-119.806708,0.237155,40,None
2020-04-06 14:01:55,-119.806619,0.237384,37,None
2020-04-06 14:02:00,-119.806586,0.237666,44,None
2020-04-06 14:02:05,-119.806398,0.237749,45,None
2020-04-06 14:02:10,-119.806321,0.237971,40,None
2020-04-06 14:02:15,-119.806293,0.238251,38,None
2020-04-06 14:02:20,-119.806119,0.238325,46,None
2020-04-06 14:02:35,-119.805867,0.23837,45,None
2020-04-06 16:32:55,-119.805978,0.237926,45,None
2020-04-06 16:33:00,-119.805986,0.23765,37,None
2020-04-06 16:33:05,-119.805989,0.237361,45,None
2020-04-06 16:33:10,-119.80599,0.237061,39,None
2020-04-06 16:33:15,-119.80599,0.236764,42,None
2020-04-06 16:33:20,-119.80599,0.236469,42,None
2020-04-06 16:33:25,-119.80599,0.236171,39,None
2020-04-06 16:33:30,-119.80599,0.235894,37,None
2020-04-06 16:33:35,-119.80599,0.235588,45,None
2020-04-06 16:33:40,-119.806157,0.235526,43,None
2020-04-06 16:33:45,-119.806238,0.235303,44,None
2020-04-06 16:33:50,-119.806267,0.235022,41,None
2020-04-06 16:33:55,-119.806276,0.234744,43,None
2020-04-06 16:34:00,-119.806434,0.234672,42,None
2020-04-06 16:34:05,-119.806523,0.234441,39,None
2020-04-06 16:34:10,-119.806556,0.234154,47,None
2020-04-06 16:34:15,-119.806565,0.233884,41,None
2020-04-06 16:34:20,-119.806733,0.233802,42,None
2020-04-06 16:34:25,-119.806808,0.233595,41,None
2020-04-06 16:34:30,-119.806843,0.233302,44,None
2020-04-06 16:34:35,-119.806855,0.232997,39,None
2020-04-06 16:34:40,-119.807022,0.232925,42,None
2020-04-06 16:34:45,-119.807103,0.232707,40,None
2020-04-06 16:34:50,-119.807136,0.232415,40,None
2020-04-06 16:34:55,-119.807145,0.232133,40,None
2020-04-06 16:35:00,-119.807149,0.231844,42,None
2020-04-06 16:35:05,-119.807327,0.231762,43,None
2020-04-06 16:35:10,-119.807394,0.231559,39,None
2020-04-06 16:35:15,-119.807426,0.231256,41,None
2020-04-06 16:35:20,-119.807436,0.230951,42,None
2020-04-06 16:35:25,-119.807439,0.230665,39,None
2020-04-06 16:35:30,-119.807619,0.230594,44,None
2020-04-06 16:35:35,-119.80769,0.23038,40,None
2020-04-06 16:35:40,-119.807718,0.230095,42,None
2020-04-06 16:35:45,-119.807726,0.22981,42,None
2020-04-06 16:35:50,-119.807729,0.229494,43,None
2020-04-06 16:35:55,-119.807901,0.229433,42,None
2020-04-06 16:36:00,-119.807975,0.229226,48,None
2020-04-06 16:36:05,-119.808007,0.228933,42,None
2020-04-06 16:36:10,-119.808015,0.228662,43,None
2020-04-06 16:36:15,-119.808192,0.228577,37,None
2020-04-06 16:36:20,-119.808261,0.228374,41,None
2020-04-06 16:36:25,-119.808294,0.228079,41,None
2020-04-06 16:36:30,-119.808306,0.227764,41,None
2020-04-06 16:36:35,-119.808309,0.227474,40,None
2020-04-06 16:36:40,-119.808477,0.227408,42,None
2020-04-06 16:36:45,-119.808553,0.227198,41,None
2020-04-06 16:36:50,-119.808586,0.226902,45,None
2020-04-06 16:36:55,-119.808596,0.226604,43,None
2020-04-06 16:37:00,-119.808757,0.226542,43,None
2020-04-06 16:37:05,-119.808836,0.22634,40,None
2020-04-06 16:37:10,-119.808875,0.226025,41,None
2020-04-06 16:37:15,-119.808886,0.225745,45,None
2020-04-06 16:37:20,-119.809044,0.225678,37,None
2020-04-06 16:37:25,-119.809134,0.225447,38,None
2020-04-06 16:37:30,-119.809164,0.225183,41,None
2020-04-06 16:37:35,-119.809175,0.224893,45,None
2020-04-06 16:37:40,-119.809347,0.224809,42,None
2020-04-06 16:37:45,-119.809429,0.224578,39,None
2020-04-06 16:37:50,-119.809457,0.2243,36,None
2020-04-06 16:37:55,-119.809466,0.224006,41,None
2020-04-06 16:38:00,-119.809469,0.223715,42,None
2020-04-06 16:38:05,-119.809625,0.223648,40,None
2020-04-06 16:38:10,-119.809713,0.223421,41,None
2020-04-06 16:38:15,-119.809744,0.223151,40,None
2020-04-06 16:38:20,-119.809755,0.222864,42,None
2020-04-06 16:38:25,-119.809909,0.222789,39,None
2020-04-06 16:38:30,-119.81,0.222558,44,None
2020-04-06 16:38:35,-119.810036,0.222254,39,None
2020-04-06 16:38:40,-119.810046,0.221977,44,None
2020-04-06 16:38:45,-119.810211,0.221905,40,None
2020-04-06 16:38:50,-119.810292,0.221688,37,None
2020-04-06 16:38:55,-119.810325,0.221405,40,None
2020-04-06 16:39:00,-119.810335,0.22112,42,None
2020-04-06 16:39:05,-119.810489,0.221047,44,None
2020-04-06 16:39:10,-119.810583,0.22081,42,None
2020-04-06 16:39:15,-119.810615,0.22053,43,None
2020-04-06 16:39:20,-119.810801,0.220451,38,None
2020-04-06 16:39:25,-119.810876,0.220235,43,None
2020-04-06 16:39:30,-119.810906,0.21995,41,None
2020-04-06 16:39:35,-119.810916,0.219663,41,None
2020-04-06 16:39:40,-119.810919,0.219354,42,None
2020-04-06 16:39:45,-119.81092,0.219094,39,None
2020-04-06 16:39:50,-119.81108,0.219015,38,None
2020-04-06 16:39:55,-119.811162,0.21879,39,None
2020-04-06 16:40:00,-119.811196,0.218496,38,None
2020-04-06 16:40:05,-119.811206,0.218195,43,None
2020-04-06 16:40:10,-119.81138,0.218127,40,None
2020-04-06 16:40:15,-119.811456,0.217914,40,None
2020-04-06 16:40:20,-119.811487,0.21762,43,4
2020-04-06 16:40:25,-119.811496,0.217333,40,4
2020-04-06 16:40:30,-119.811661,0.217264,39,4
2020-04-06 16:40:35,-119.81174,0.217053,35,4
2020-04-06 16:40:40,-119.811775,0.21676,44,4
2020-04-06 16:40:45,-119.811786,0.21646,46,4
2020-04-06 16:40:50,-119.81195,0.216393,41,4
2020-04-06 16:40:55,-119.812033,0.216173,43,4
2020-04-06 16:41:00,-119.812241,0.216097,38,4
2020-04-06 16:41:05,-119.81232,0.21589,40,4
2020-04-06 16:41:10,-119.812357,0.215577,36,4
2020-04-06 16:41:15,-119.812366,0.215293,37,4
2020-04-06 16:41:20,-119.812369,0.215005,41,4
2020-04-06 16:41:25,-119.812531,0.214941,41,4
2020-04-06 16:41:30,-119.812608,0.214738,48,4
2020-04-06 16:41:35,-119.812643,0.214446,39,4
2020-04-06 16:41:40,-119.812655,0.214145,43,4
2020-04-06 16:41:45,-119.812822,0.214074,37,4
2020-04-06 16:41:50,-119.812898,0.213871,40,4
2020-04-06 16:41:55,-119.812936,0.213558,35,4
2020-04-06 16:42:00,-119.812945,0.213292,38,4
2020-04-06 16:42:05,-119.813098,0.213218,36,4
2020-04-06 16:42:10,-119.813193,0.212979,42,4
2020-04-06 16:42:15,-119.813227,0.21268,44,4
2020-04-06 16:42:20,-119.813236,0.212411,41,4
2020-04-06 16:42:25,-119.813239,0.212106,39,4
2020-04-06 16:42:30,-119.81324,0.211817,41,4
2020-04-06 16:42:35,-119.813392,0.211756,42,4
2020-04-06 16:42:40,-119.813473,0.211553,39,4
2020-04-06 16:42:45,-119.813512,0.211257,46,4
2020-04-06 16:42:50,-119.813525,0.210938,45,4
2020-04-06 16:42:55,-119.813687,0.210879,40,4
2020-04-06 16:43:00,-119.813767,0.210676,39,4
2020-04-06 16:43:05,-119.813805,0.210371,39,4
2020-04-06 16:43:10,-119.813815,0.210085,34,4
2020-04-06 16:43:15,-119.813974,0.210018,43,4
2020-04-06 16:43:20,-119.814056,0.20981,40,4
2020-04-06 16:43:25,-119.814093,0.209518,41,4
2020-04-06 16:43:30,-119.814105,0.209204,41,4
2020-04-06 16:43:35,-119.814313,0.209124,41,4
2020-04-06 16:43:40,-119.814373,0.208902,38,4
2020-04-06 16:43:45,-119.814394,0.208597,43,4
2020-04-06 16:43:50,-119.814398,0.20832,41,4
2020-04-06 16:43:55,-119.814546,0.208269,41,4
2020-04-06 16:44:00,-119.814631,0.208069,46,4
2020-04-06 16:44:05,-119.814899,0.207962,43,4
2020-04-06 16:44:10,-119.814957,0.207732,40,4
2020-04-06 16:44:15,-119.815173,0.207669,38,4
2020-04-06 16:44:20,-119.815227,0.20749,39,4
2020-04-06 16:44:25,-119.81546,0.207392,36,4
2020-04-06 16:44:30,-119.815518,0.207199,36,4
2020-04-06 16:44:35,-119.815724,0.207113,41,3
2020-04-06 16:44:40,-119.815799,0.20691,42,3
2020-04-06 16:44:45,-119.815834,0.206612,39,3
2020-04-06 16:44:50,-119.816037,0.206525,43,3
2020-04-06 16:44:55,-119.816096,0.206333,41,3
2020-04-06 16:45:00,-119.81629,0.20625,43,3
2020-04-06 16:45:05,-119.816388,0.206006,35,3
2020-04-06 16:45:10,-119.816418,0.205718,42,3
2020-04-06 16:45:15,-119.816606,0.205651,46,3
2020-04-06 16:45:20,-119.816678,0.205442,43,3
2020-04-06 16:45:25,-119.816706,0.205169,43,3
2020-04-06 16:45:30,-119.816715,0.204877,34,3
2020-04-06 16:45:35,-119.816901,0.204791,40,3
2020-04-06 16:45:40,-119.816982,0.204538,43,3
2020-04-06 16:45:45,-119.817001,0.204282,40,3
2020-04-06 16:45:50,-119.817007,0.204006,37,3
2020-04-06 16:45:55,-119.817197,0.203918,41,3
2020-04-06 16:46:00,-119.817258,0.203716,44,3
2020-04-06 16:46:05,-119.81729,0.203395,39,3
2020-04-06 16:46:10,-119.817297,0.203107,40,3
2020-04-06 16:46:15,-119.817489,0.203037,37,3
2020-04-06 16:46:20,-119.817554,0.202826,40,3
2020-04-06 16:46:25,-119.81758,0.202528,46,3
2020-04-06 16:46:30,-119.817587,0.202266,46,3
2020-04-06 16:46:35,-119.817758,0.202187,41,3
2020-04-06 16:46:40,-119.818033,0.202149,40,3
2020-04-06 16:46:45,-119.818332,0.202136,42,3
2020-04-06 16:46:50,-119.818649,0.202131,39,3
2020-04-06 16:46:55,-119.818916,0.20213,38,3
2020-04-06 16:47:00,-119.81922,0.20213,38,3
2020-04-06 16:47:05,-119.819518,0.20213,47,3
2020-04-06 16:47:10,-119.819815,0.20213,39,3
2020-04-06 16:47:15,-119.820088,0.20213,38,3
2020-04-06 16:47:20,-119.820376,0.20213,43,3
2020-04-06 16:47:25,-119.820675,0.20213,43,3
2020-04-06 16:47:30,-119.82073,0.201977,39,3
2020-04-06 16:47:35,-119.820925,0.201898,39,3
2020-04-06 16:47:40,-119.821011,0.201692,44,3
2020-04-06 16:47:45,-119.821232,0.201602,38,3
2020-04-06 16:47:50,-119.821307,0.201401,38,3
2020-04-06 16:47:55,-119.821345,0.201093,42,3
2020-04-06 16:48:00,-119.821524,0.201021,41,3
2020-04-06 16:48:05,-119.821609,0.200792,38,3
2020-04-06 16:48:10,-119.82182,0.200721,45,3
2020-04-06 16:48:15,-119.822125,0.20069,44,3
2020-04-06 16:48:20,-119.822198,0.200483,46,3
2020-04-06 16:48:25,-119.822423,0.200418,41,3
2020-04-06 16:48:30,-119.822478,0.200236,42,3
2020-04-06 16:48:35,-119.8227,0.200145,44,3
2020-04-06 16:48:40,-119.822766,0.199945,45,3
2020-04-06 16:48:45,-119.822966,0.199864,44,3
2020-04-06 16:48:50,-119.823045,0.199661,40,3
2020-04-06 16:48:55,-119.823082,0.199368,42,3
2020-04-06 16:49:00,-119.823278,0.19928,43,3
2020-04-06 16:49:05,-119.823344,0.19908,38,3
2020-04-06 16:49:10,-119.823561,0.19899,45,3
2020-04-06 16:49:15,-119.823641,0.198761,38,3
2020-04-06 16:49:20,-119.823844,0.198693,42,3
2020-04-06 16:49:25,-119.824145,0.198662,40,3
2020-04-06 16:49:30,-119.824217,0.198474,42,3
2020-04-06 16:49:35,-119.824249,0.198174,42,3
2020-04-06 16:49:40,-119.824446,0.198106,41,3
2020-04-06 16:49:45,-119.824506,0.197918,38,3
2020-04-06 16:49:50,-119.824727,0.197827,37,3
2020-04-06 16:49:55,-119.825024,0.197792,44,3
2020-04-06 16:50:00,-119.825091,0.197601,42,3
2020-04-06 16:50:05,-119.825286,0.197535,43,3
2020-04-06 16:50:10,-119.825597,0.197502,41,3
2020-04-06 16:50:15,-119.825882,0.197494,41,3
2020-04-06 16:50:20,-119.82618,0.197491,44,3
2020-04-06 16:50:25,-119.826436,0.19749,46,3
2020-04-06 16:50:30,-119.826774,0.19749,42,3
2020-04-06 16:50:35,-119.826824,0.197641,42,3
2020-04-06 16:50:40,-119.82706,0.197738,39,3
2020-04-06 16:50:45,-119.827315,0.197766,40,3
2020-04-06 16:50:50,-119.82739,0.197935,44,3
2020-04-06 16:50:55,-119.827616,0.198022,42,3
2020-04-06 16:51:00,-119.827902,0.198055,45,3
2020-04-06 16:51:05,-119.827972,0.198222,40,3
2020-04-06 16:51:10,-119.828206,0.198315,42,3
2020-04-06 16:51:15,-119.828503,0.198348,42,3
2020-04-06 16:51:20,-119.828797,0.198357,46,3
2020-04-06 16:51:25,-119.828865,0.198549,37,3
2020-04-06 16:51:30,-119.829063,0.198611,41,3
2020-04-06 16:51:35,-119.829382,0.198641,43,3
2020-04-06 16:51:40,-119.829445,0.198833,42,3
2020-04-06 16:51:45,-119.829668,0.198907,42,3
2020-04-06 16:51:50,-119.829929,0.198929,39,3
2020-04-06 16:51:55,-119.830012,0.199119,43,3
2020-04-06 16:52:00,-119.830226,0.199189,41,3
2020-04-06 16:52:05,-119.830508,0.199217,39,3
2020-04-06 16:52:10,-119.830588,0.1994,44,3
2020-04-06 16:52:15,-119.830823,0.199483,39,3
2020-04-06 16:52:20,-119.831118,0.19951,42,3
2020-04-06 16:52:25,-119.831178,0.199688,42,3
2020-04-06 16:52:30,-119.831375,0.19976,44,3
2020-04-06 16:52:35,-119.831665,0.199794,46,3
2020-04-06 16:52:40,-119.831961,0.199805,39,3
2020-04-06 16:52:45,-119.832272,0.199809,47,3
2020-04-06 16:52:50,-119.832535,0.19981,41,3
2020-04-06 16:52:55,-119.832867,0.19981,35,3
2020-04-06 16:53:00,-119.832914,0.199663,42,3
2020-04-06 16:53:05,-119.833158,0.199559,40,3
2020-04-06 16:53:10,-119.83321,0.199374,39,3
2020-04-06 16:53:15,-119.833427,0.199279,47,3
2020-04-06 16:53:20,-119.833508,0.199035,40,3
2020-04-06 16:53:25,-119.833707,0.198976,39,3
2020-04-06 16:53:30,-119.833776,0.198795,39,3
2020-04-06 16:53:35,-119.834015,0.198694,39,3
2020-04-06 16:53:40,-119.834079,0.198491,39,3
2020-04-06 16:53:45,-119.834301,0.198403,45,3
2020-04-06 16:53:50,-119.834376,0.198175,40,3
2020-04-06 16:53:55,-119.834402,0.197874,39,3
2020-04-06 16:54:00,-119.834581,0.197817,44,3
2020-04-06 16:54:05,-119.834648,0.197633,44,3
2020-04-06 16:54:10,-119.834864,0.197543,39,3
2020-04-06 16:54:15,-119.834942,0.197331,43,3
2020-04-06 16:54:20,-119.834977,0.197022,42,3
2020-04-06 16:54:25,-119.835176,0.196948,46,3
2020-04-06 16:54:30,-119.835247,0.196725,41,3
2020-04-06 16:54:35,-119.835456,0.196657,42,3
2020-04-06 16:54:40,-119.83553,0.196445,37,3
2020-04-06 16:54:45,-119.83572,0.196379,43,3
2020-04-06 16:54:50,-119.835806,0.196172,42,3
2020-04-06 16:54:55,-119.835842,0.195888,43,3
2020-04-06 16:55:00,-119.836023,0.195807,42,3
2020-04-06 16:55:05,-119.836111,0.195566,45,3
2020-04-06 16:55:10,-119.836329,0.195496,42,3
2020-04-06 16:55:15,-119.8364,0.195288,36,3
2020-04-06 16:55:20,-119.83643,0.194978,40,3
2020-04-06 16:55:25,-119.836612,0.194919,47,3
2020-04-06 16:55:30,-119.836683,0.194722,41,3
2020-04-06 16:55:35,-119.836715,0.194431,44,3
2020-04-06 16:55:40,-119.836725,0.19414,38,3
2020-04-06 16:55:45,-119.836729,0.193856,42,3
2020-04-06 16:55:50,-119.83673,0.193559,41,3
2020-04-06 16:55:55,-119.83673,0.193258,48,3
2020-04-06 16:56:00,-119.83673,0.192945,37,3
2020-04-06 16:56:05,-119.83673,0.192686,42,3
2020-04-06 16:56:10,-119.83673,0.192394,42,3
2020-04-06 16:56:15,-119.83673,0.192083,43,3
2020-04-06 16:56:20,-119.83673,0.191824,40,3
2020-04-06 16:56:25,-119.83673,0.191513,38,3
2020-04-06 16:56:30,-119.83673,0.191252,42,3
2020-04-06 16:56:35,-119.83673,0.190945,40,3
2020-04-06 16:56:40,-119.83673,0.190673,42,3
2020-04-06 16:56:45,-119.83673,0.190364,47,3
2020-04-06 16:56:50,-119.83673,0.190086,46,3
2020-04-06 16:56:55,-119.83673,0.189756,37,3
2020-04-06 16:57:00,-119.83673,0.189508,39,3
2020-04-06 16:57:05,-119.83673,0.189201,39,3
2020-04-06 16:57:10,-119.83673,0.188879,47,3
2020-04-06 16:57:15,-119.83673,0.18864,40,3
2020-04-06 16:57:20,-119.83673,0.188352,39,3
2020-04-06 16:57:25,-119.83673,0.188049,42,3
2020-04-06 16:57:30,-119.83673,0.187758,43,3
2020-04-06 16:57:35,-119.83673,0.187447,47,3
2020-04-06 16:57:40,-119.83673,0.187195,43,3
2020-04-06 16:57:45,-119.83673,0.186889,42,3
2020-04-06 16:57:50,-119.83673,0.18659,47,3
2020-04-06 16:57:55,-119.83673,0.186284,42,3
2020-04-06 16:58:00,-119.83673,0.186001,42,3
2020-04-06 16:58:05,-119.83673,0.185707,45,3
2020-04-06 16:58:10,-119.836914,0.185639,45,3
2020-04-06 16:58:15,-119.837192,0.185612,45,3
2020-04-06 16:58:20,-119.83726,0.185438,42,3
2020-04-06 16:58:25,-119.837296,0.185138,41,3
2020-04-06 16:58:30,-119.837495,0.185061,41,3
2020-04-06 16:58:35,-119.837558,0.184863,45,3
2020-04-06 16:58:40,-119.837587,0.184574,44,3
2020-04-06 16:58:45,-119.837596,0.184262,42,3
2020-04-06 16:58:50,-119.837599,0.183977,37,3
2020-04-06 16:58:55,-119.8376,0.183679,52,3
2020-04-06 16:59:00,-119.8376,0.183372,37,3
2020-04-06 16:59:05,-119.8376,0.183114,42,3
2020-04-06 16:59:10,-119.8376,0.182818,44,3
2020-04-06 16:59:15,-119.8376,0.182519,43,3
2020-04-06 16:59:20,-119.8376,0.182218,41,3
2020-04-06 16:59:25,-119.8376,0.18196,41,3
2020-04-06 16:59:30,-119.8376,0.181669,37,3
2020-04-06 16:59:35,-119.8376,0.18136,38,3
2020-04-06 16:59:40,-119.8376,0.181072,43,3
2020-04-06 16:59:45,-119.837761,0.18101,43,3
2020-04-06 16:59:50,-119.838057,0.180975,45,3
2020-04-06 16:59:55,-119.838347,0.180964,41,3
2020-04-06 17:00:00,-119.838652,0.180961,43,3
2020-04-06 17:00:05,-119.838912,0.18096,39,3
2020-04-06 17:00:10,-119.839231,0.18096,40,3
2020-04-06 17:00:15,-119.839527,0.18096,46,3
2020-04-06 17:00:20,-119.839801,0.18096,38,3
2020-04-06 17:00:25,-119.840091,0.18096,47,3
2020-04-06 17:00:30,-119.840357,0.18096,38,3
2020-04-06 17:00:35,-119.840691,0.18096,43,3
2020-04-06 17:00:40,-119.840958,0.18096,42,3
2020-04-06 17:00:45,-119.841226,0.18096,48,3
2020-04-06 17:00:50,-119.841563,0.18096,41,3
2020-04-06 17:00:55,-119.841627,0.180769,40,3
2020-04-06 17:01:00,-119.841821,0.180709,39,3
2020-04-06 17:01:05,-119.84212,0.180681,46,3
2020-04-06 17:01:10,-119.842195,0.180492,43,3
2020-04-06 17:01:15,-119.84242,0.180417,41,3
2020-04-06 17:01:20,-119.842676,0.180393,45,3
2020-04-06 17:01:25,-119.842972,0.180384,41,3
2020-04-06 17:01:30,-119.843265,0.180381,41,3
2020-04-06 17:01:35,-119.843574,0.18038,40,3
2020-04-06 17:01:40,-119.843877,0.18038,43,3
2020-04-06 17:01:45,-119.844151,0.18038,38,3
2020-04-06 17:01:50,-119.844452,0.18038,43,3
2020-04-06 17:01:55,-119.844727,0.18038,41,3
2020-04-06 17:02:00,-119.845044,0.18038,38,3
2020-04-06 17:02:05,-119.845303,0.18038,42,3
2020-04-06 17:02:10,-119.845617,0.18038,41,3
2020-04-06 17:02:15,-119.84587,0.18038,41,3
2020-04-06 17:02:20,-119.846169,0.18038,40,3
2020-04-06 17:02:25,-119.846453,0.18038,41,3
2020-04-06 17:02:30,-119.846758,0.18038,44,3
2020-04-06 17:02:35,-119.847029,0.18038,48,3
2020-04-06 17:02:40,-119.847339,0.18038,43,3
2020-04-06 17:02:45,-119.847633,0.18038,45,3
2020-04-06 17:02:50,-119.847946,0.18038,42,3
2020-04-06 17:02:55,-119.848206,0.18038,40,3
2020-04-06 17:03:00,-119.848518,0.18038,39,3
2020-04-06 17:03:05,-119.848794,0.18038,45,3
2020-04-06 17:03:10,-119.84906,0.18038,43,3
2020-04-06 17:03:15,-119.849362,0.18038,41,3
2020-04-06 17:03:20,-119.849675,0.18038,42,3
2020-04-06 17:03:25,-119.849947,0.18038,43,3
2020-04-06 17:03:30,-119.850252,0.18038,42,3
2020-04-06 17:03:35,-119.850523,0.18038,37,3
2020-04-06 17:03:40,-119.850797,0.18038,45,3
2020-04-06 17:03:45,-119.851108,0.18038,38,3
2020-04-06 17:03:50,-119.851388,0.18038,42,3
2020-04-06 17:03:55,-119.851677,0.18038,39,3
2020-04-06 17:04:00,-119.85196,0.18038,44,3
2020-04-06 17:04:05,-119.852257,0.18038,41,3
2020-04-06 17:04:10,-119.852579,0.18038,43,3
2020-04-06 17:04:15,-119.852863,0.18038,42,3
2020-04-06 17:04:20,-119.85313,0.18038,40,3
2020-04-06 17:04:25,-119.85346,0.18038,38,3
2020-04-06 17:04:30,-119.853724,0.18038,48,3
2020-04-06 17:04:35,-119.854037,0.18038,43,3
2020-04-06 17:04:40,-119.854312,0.18038,40,3
2020-04-06 17:04:45,-119.854613,0.18038,53,3
2020-04-06 17:04:50,-119.854888,0.18038,49,3
2020-04-06 17:04:55,-119.854945,0.180234,47,3
2020-04-06 17:05:00,-119.854982,0.179943,34,3
2020-04-06 17:05:05,-119.854994,0.17964,42,3
2020-04-06 17:05:10,-119.854999,0.179329,41,3
2020-04-06 17:05:15,-119.855,0.179041,40,3
2020-04-06 17:05:20,-119.855,0.178783,44,3
2020-04-06 17:05:25,-119.855,0.178465,34,3
2020-04-06 17:05:30,-119.855,0.178186,37,3
2020-04-06 17:05:35,-119.855,0.177914,38,3
2020-04-06 17:05:40,-119.855,0.177609,38,3
2020-04-06 17:05:45,-119.855,0.177313,43,3
2020-04-06 17:05:50,-119.855,0.177044,44,3
2020-04-06 17:05:55,-119.855,0.176712,41,3
2020-04-06 17:06:00,-119.855,0.176454,42,3
2020-04-06 17:06:05,-119.855,0.176169,41,3
2020-04-06 17:06:10,-119.855,0.175864,41,3
2020-04-06 17:06:15,-119.855,0.175574,42,3
2020-04-06 17:06:20,-119.855,0.175284,38,3
2020-04-06 17:06:25,-119.855,0.175012,39,3
2020-04-06 17:06:30,-119.855,0.17471,42,3
2020-04-06 17:06:35,-119.855,0.174411,39,3
2020-04-06 17:06:40,-119.855,0.174102,39,3
2020-04-06 17:06:45,-119.855,0.173853,35,3
2020-04-06 17:06:50,-119.855,0.173536,44,3
2020-04-06 17:06:55,-119.855,0.173234,43,3
2020-04-06 17:07:00,-119.855,0.172946,39,3
2020-04-06 17:07:05,-119.855,0.172693,39,3
2020-04-06 17:07:10,-119.855,0.17239,42,3
2020-04-06 17:07:15,-119.855,0.172064,48,3
2020-04-06 17:07:20,-119.855,0.171798,41,3
2020-04-06 17:07:25,-119.855,0.171485,42,3
2020-04-06 17:07:30,-119.855,0.171229,39,3
2020-04-06 17:07:35,-119.855,0.170934,43,3
2020-04-06 17:07:40,-119.855,0.170613,41,3
2020-04-06 17:07:45,-119.855,0.170364,41,3
2020-04-06 17:07:50,-119.855,0.170054,47,3
2020-04-06 17:07:55,-119.855,0.169762,41,3
2020-04-06 17:08:00,-119.855,0.169465,40,3
2020-04-06 17:08:05,-119.855,0.169211,41,3
2020-04-06 17:08:10,-119.855,0.168918,43,3
2020-04-06 17:08:15,-119.855,0.168613,38,3
2020-04-06 17:08:20,-119.855,0.168296,43,3
2020-04-06 17:08:25,-119.855,0.168046,42,3
2020-04-06 17:08:30,-119.855,0.167763,41,3
2020-04-06 17:08:35,-119.855147,0.167691,41,3
2020-04-06 17:08:40,-119.855241,0.167452,39,3
2020-04-06 17:08:45,-119.855275,0.167166,35,3
2020-04-06 17:08:50,-119.855481,0.167081,41,3
2020-04-06 17:08:55,-119.855541,0.166881,43,3
2020-04-06 17:09:00,-119.855733,0.166804,45,3
2020-04-06 17:09:05,-119.855827,0.166568,38,3
2020-04-06 17:09:10,-119.855859,0.166274,38,3
2020-04-06 17:09:15,-119.855867,0.165975,42,3
2020-04-06 17:09:20,-119.855869,0.165733,42,3
2020-04-06 17:09:25,-119.85587,0.165412,39,3
2020-04-06 17:09:30,-119.85587,0.16512,44,3
2020-04-06 17:09:35,-119.85587,0.164843,41,3
2020-04-06 17:09:40,-119.85587,0.164532,44,3
2020-04-06 17:09:45,-119.856024,0.164478,42,3
2020-04-06 17:09:50,-119.856337,0.164443,46,3
2020-04-06 17:09:55,-119.856624,0.164434,38,3
2020-04-06 17:10:00,-119.856933,0.164431,41,3
2020-04-06 17:10:05,-119.857219,0.16443,35,3
2020-04-06 17:10:10,-119.857478,0.16443,38,3
2020-04-06 17:10:15,-119.857762,0.16443,42,3
2020-04-06 17:10:20,-119.858066,0.16443,37,3
2020-04-06 17:10:25,-119.858376,0.16443,42,3
2020-04-06 17:10:30,-119.85868,0.16443,45,3
2020-04-06 17:10:35,-119.858978,0.16443,38,3
2020-04-06 17:10:40,-119.859264,0.16443,41,14
2020-04-06 17:10:45,-119.859547,0.16443,38,14
2020-04-06 17:10:50,-119.859807,0.16443,43,14
2020-04-06 17:10:55,-119.860093,0.16443,44,14
2020-04-06 17:11:00,-119.86043,0.16443,37,14
2020-04-06 17:11:05,-119.860487,0.164225,40,14
2020-04-06 17:11:10,-119.860686,0.164171,40,14
2020-04-06 17:11:15,-119.86095,0.164151,44,14
2020-04-06 17:11:20,-119.861246,0.164143,36,14
2020-04-06 17:11:25,-119.861556,0.164141,43,14
2020-04-06 17:11:30,-119.861855,0.16414,44,14
2020-04-06 17:11:35,-119.86191,0.163988,42,14
2020-04-06 17:11:40,-119.861952,0.163627,39,14
2020-04-06 17:11:45,-119.861958,0.163379,41,14
2020-04-06 17:11:50,-119.861959,0.163088,35,14
2020-04-06 17:11:55,-119.86196,0.162791,38,14
2020-04-06 17:12:00,-119.86196,0.162501,43,14
2020-04-06 17:12:05,-119.86196,0.162229,42,14
2020-04-06 17:12:10,-119.86196,0.161926,40,14
2020-04-06 17:12:15,-119.86196,0.161668,39,14
2020-04-06 17:12:20,-119.861759,0.161572,44,14
2020-04-06 17:12:25,-119.861702,0.16136,40,14
2020-04-06 17:12:30,-119.861502,0.161286,43,14
2020-04-06 17:12:35,-119.861502,0.161286,38,14
2020-04-06 17:12:40,-119.861502,0.161286,42,14
2020-04-06 17:12:45,-119.861502,0.161286,43,14
2020-04-06 17:12:50,-119.861502,0.161286,41,14
2020-04-06 17:12:55,-119.861502,0.161286,40,14
2020-04-06 17:13:00,-119.861502,0.161286,44,14
2020-04-06 17:13:05,-119.861502,0.161286,39,14
2020-04-06 17:13:10,-119.861502,0.161286,41,14
2020-04-06 17:13:15,-119.861502,0.161286,43,14
2020-04-06 17:13:20,-119.861502,0.161286,44,14
2020-04-06 17:13:25,-119.861502,0.161286,44,14
2020-04-06 17:13:30,-119.861502,0.161286,44,14
2020-04-06 17:13:35,-119.861502,0.161286,47,14
2020-04-06 17:13:40,-119.861502,0.161286,42,14
2020-04-06 17:13:45,-119.861502,0.161286,38,14
2020-04-06 17:13:50,-119.861502,0.161286,46,14
2020-04-06 17:13:55,-119.861502,0.161286,43,14
2020-04-06 17:14:00,-119.861502,0.161286,39,14
2020-04-06 17:14:05,-119.861502,0.161286,44,14
2020-04-06 17:14:10,-119.861502,0.161286,38,14
2020-04-06 17:14:15,-119.861502,0.161286,39,14
2020-04-06 17:14:20,-119.861502,0.161286,41,14
2020-04-06 17:14:25,-119.861502,0.161286,39,14
2020-04-06 17:14:30,-119.861502,0.161286,33,14
2020-04-06 17:14:35,-119.861502,0.161286,45,14
2020-04-06 17:14:40,-119.861502,0.161286,41,14
2020-04-06 17:14:45,-119.861502,0.161286,46,14
2020-04-06 17:14:50,-119.861502,0.161286,42,14
2020-04-06 17:14:55,-119.861502,0.161286,36,14
2020-04-06 17:15:00,-119.861502,0.161286,39,14
2020-04-06 17:15:05,-119.861502,0.161286,41,14
2020-04-06 17:15:10,-119.861502,0.161286,40,14
2020-04-06 17:15:15,-119.861502,0.161286,47,14
2020-04-06 17:15:20,-119.861502,0.161286,38,14
2020-04-06 17:15:25,-119.861502,0.161286,40,14
2020-04-06 17:15:30,-119.861502,0.161286,40,14
2020-04-06 17:15:35,-119.861502,0.161286,41,14
2020-04-06 17:15:40,-119.861502,0.161286,40,14
2020-04-06 17:15:45,-119.861502,0.161286,43,14
2020-04-06 17:15:50,-119.861502,0.161286,38,14
2020-04-06 17:15:55,-119.861502,0.161286,36,14
2020-04-06 17:16:00,-119.861502,0.161286,46,14
2020-04-06 17:16:05,-119.861502,0.161286,43,14
2020-04-06 17:16:10,-119.861502,0.161286,43,14
2020-04-06 17:16:15,-119.861502,0.161286,42,14
2020-04-06 17:16:20,-119.861502,0.161286,40,14
2020-04-06 17:16:25,-119.861502,0.161286,48,14
2020-04-06 17:16:30,-119.861502,0.161286,36,14
2020-04-06 17:16:35,-119.861502,0.161286,40,14
2020-04-06 17:16:40,-119.861502,0.161286,38,14
2020-04-06 17:16:45,-119.861502,0.161286,44,14
2020-04-06 17:16:50,-119.861502,0.161286,45,14
2020-04-06 17:16:55,-119.861502,0.161286,38,14
2020-04-06 17:17:00,-119.861502,0.161286,43,14
2020-04-06 17:17:05,-119.861502,0.161286,41,14
2020-04-06 17:17:10,-119.861502,0.161286,43,14
2020-04-06 17:17:15,-119.861502,0.161286,40,14
2020-04-06 17:17:20,-119.861502,0.161286,44,14
2020-04-06 17:17:25,-119.861502,0.161286,42,14
2020-04-06 17:17:30,-119.861502,0.161286,40,14
2020-04-06 17:17:35,-119.861502,0.161286,41,14
2020-04-06 17:17:40,-119.861502,0.161286,43,14
2020-04-06 17:17:45,-119.861502,0.161286,42,14
2020-04-06 17:17:50,-119.861502,0.161286,42,14
2020-04-06 17:17:55,-119.861502,0.161286,42,14
2020-04-06 17:18:00,-119.861502,0.161286,42,14
2020-04-06 17:18:05,-119.861502,0.161286,41,14
2020-04-06 17:18:10,-119.861502,0.161286,39,14
2020-04-06 17:18:15,-119.861502,0.161286,42,14
2020-04-06 17:18:20,-119.861502,0.161286,43,14
2020-04-06 17:18:25,-119.861502,0.161286,42,14
2020-04-06 17:18:30,-119.861502,0.161286,50,14
2020-04-06 17:18:35,-119.861502,0.161286,44,14
2020-04-06 17:18:40,-119.861502,0.161286,42,14
2020-04-06 17:18:45,-119.861502,0.161286,43,14
2020-04-06 17:18:50,-119.861502,0.161286,40,14
2020-04-06 17:18:55,-119.861502,0.161286,42,14
2020-04-06 17:19:00,-119.861502,0.161286,45,14
2020-04-06 17:19:05,-119.861502,0.161286,42,14
2020-04-06 17:19:10,-119.861502,0.161286,40,14
2020-04-06 17:19:15,-119.861502,0.161286,40,14
2020-04-06 17:19:20,-119.861502,0.161286,42,14
2020-04-06 17:19:25,-119.861502,0.161286,42,14
2020-04-06 17:19:30,-119.861502,0.161286,47,14
2020-04-06 17:19:35,-119.861502,0.161286,44,14
2020-04-06 17:19:40,-119.861502,0.161286,39,14
2020-04-06 17:19:45,-119.861502,0.161286,41,14
2020-04-06 17:19:50,-119.861502,0.161286,42,14
2020-04-06 17:19:55,-119.861502,0.161286,43,14
2020-04-06 17:20:00,-119.861502,0.161286,42,14
2020-04-06 17:20:05,-119.861502,0.161286,46,14
2020-04-06 17:20:10,-119.861502,0.161286,37,14
2020-04-06 17:20:15,-119.861502,0.161286,40,14
2020-04-06 17:20:20,-119.861502,0.161286,40,14
2020-04-06 17:20:25,-119.861502,0.161286,39,14
2020-04-06 17:20:30,-119.861502,0.161286,37,14
2020-04-06 17:20:35,-119.861502,0.161286,40,14
2020-04-06 17:20:40,-119.861502,0.161286,42,14
2020-04-06 17:20:45,-119.861502,0.161286,45,14
2020-04-06 17:20:50,-119.861502,0.161286,45,14
2020-04-06 17:20:55,-119.861502,0.161286,39,14
2020-04-06 17:21:00,-119.861502,0.161286,42,14
2020-04-06 17:21:05,-119.861502,0.161286,42,14
2020-04-06 17:21:10,-119.861502,0.161286,39,14
2020-04-06 17:21:15,-119.861502,0.161286,45,14
2020-04-06 17:21:20,-119.861502,0.161286,39,14
2020-04-06 17:21:25,-119.861502,0.161286,37,14
2020-04-06 17:21:30,-119.861502,0.161286,46,14
2020-04-06 17:21:35,-119.861502,0.161286,39,14
2020-04-06 17:21:40,-119.861502,0.161286,42,14
2020-04-06 17:21:45,-119.861502,0.161286,40,14
2020-04-06 17:21:50,-119.861502,0.161286,47,14
2020-04-06 17:21:55,-119.861502,0.161286,44,14
2020-04-06 17:22:00,-119.861502,0.161286,44,14
2020-04-06 17:22:05,-119.861502,0.161286,42,14
2020-04-06 17:22:10,-119.861502,0.161286,43,14
2020-04-06 17:22:15,-119.861502,0.161286,39,14
2020-04-06 17:22:20,-119.861502,0.161286,38,14
2020-04-06 17:22:25,-119.861502,0.161286,43,14
2020-04-06 17:22:30,-119.861502,0.161286,40,14
2020-04-06 17:22:35,-119.861502,0.161286,42,14
2020-04-06 17:22:40,-119.861502,0.161286,40,14
2020-04-06 17:22:45,-119.861502,0.161286,38,14
2020-04-06 17:22:50,-119.861502,0.161286,37,14
2020-04-06 17:22:55,-119.861502,0.161286,45,14
2020-04-06 17:23:00,-119.861502,0.161286,37,14
2020-04-06 17:23:05,-119.861502,0.161286,44,14
2020-04-06 17:23:10,-119.861502,0.161286,42,14
2020-04-06 17:23:15,-119.861502,0.161286,43,14
2020-04-06 17:23:20,-119.861502,0.161286,41,14
2020-04-06 17:23:25,-119.861502,0.161286,39,14
2020-04-06 17:23:30,-119.861502,0.161286,41,14
2020-04-06 17:23:35,-119.861502,0.161286,36,14
2020-04-06 17:23:40,-119.861502,0.161286,45,14
2020-04-06 17:23:45,-119.861502,0.161286,40,14
2020-04-06 17:23:50,-119.861502,0.161286,35,14
2020-04-06 17:23:55,-119.861502,0.161286,47,14
2020-04-06 17:24:00,-119.861502,0.161286,48,14
2020-04-06 17:24:05,-119.861502,0.161286,39,14
2020-04-06 17:24:10,-119.861502,0.161286,39,14
2020-04-06 17:24:15,-119.861502,0.161286,45,14
2020-04-06 17:24:20,-119.861502,0.161286,42,14
2020-04-06 17:24:25,-119.861502,0.161286,39,14
2020-04-06 17:24:30,-119.861502,0.161286,47,14
2020-04-06 17:24:35,-119.861502,0.161286,42,14
2020-04-06 17:24:40,-119.861502,0.161286,41,14
2020-04-06 17:24:45,-119.861502,0.161286,46,14
2020-04-06 17:24:50,-119.861502,0.161286,43,14
2020-04-06 17:24:55,-119.861502,0.161286,38,14
2020-04-06 17:25:00,-119.861502,0.161286,47,14
2020-04-06 17:25:05,-119.861502,0.161286,41,14
2020-04-06 17:25:10,-119.861502,0.161286,46,14
2020-04-06 17:25:15,-119.861502,0.161286,43,14
2020-04-06 17:25:20,-119.861502,0.161286,42,14
2020-04-06 17:25:25,-119.861502,0.161286,41,14
2020-04-06 17:25:30,-119.861502,0.161286,45,14
2020-04-06 17:25:35,-119.861502,0.161286,46,14
2020-04-06 17:25:40,-119.861502,0.161286,34,14
2020-04-06 17:25:45,-119.861502,0.161286,37,14
2020-04-06 17:25:50,-119.861502,0.161286,40,14
2020-04-06 17:25:55,-119.861502,0.161286,37,14
2020-04-06 17:26:00,-119.861502,0.161286,38,14
2020-04-06 17:26:05,-119.861502,0.161286,42,14
2020-04-06 17:26:10,-119.861502,0.161286,45,14
2020-04-06 17:26:15,-119.861502,0.161286,39,14
2020-04-06 17:26:20,-119.861502,0.161286,39,14
2020-04-06 17:26:25,-119.861502,0.161286,43,14
2020-04-06 17:26:30,-119.861502,0.161286,44,14
2020-04-06 17:26:35,-119.861502,0.161286,43,14
2020-04-06 17:26:40,-119.861502,0.161286,44,14
2020-04-06 17:26:45,-119.861502,0.161286,41,14
2020-04-06 17:26:50,-119.861502,0.161286,45,14
2020-04-06 17:26:55,-119.861502,0.161286,48,14
2020-04-06 17:27:00,-119.861502,0.161286,40,14
2020-04-06 17:27:05,-119.861502,0.161286,41,14
2020-04-06 17:27:10,-119.861502,0.161286,43,14
2020-04-06 17:27:15,-119.861502,0.161286,45,14
2020-04-06 17:27:20,-119.861502,0.161286,44,14
2020-04-06 17:27:25,-119.861502,0.161286,48,14
2020-04-06 17:27:30,-119.861502,0.161286,40,14
2020-04-06 17:27:35,-119.861502,0.161286,40,14
2020-04-06 17:27:40,-119.861502,0.161286,43,14
2020-04-06 17:27:45,-119.861502,0.161286,44,14
2020-04-06 17:27:50,-119.861502,0.161286,45,14
2020-04-06 17:27:55,-119.861502,0.161286,40,14
2020-04-06 17:28:00,-119.861502,0.161286,43,14
2020-04-06 17:28:05,-119.861502,0.161286,37,14
2020-04-06 17:28:10,-119.861502,0.161286,49,14
2020-04-06 17:28:15,-119.861502,0.161286,41,14
2020-04-06 17:28:20,-119.861502,0.161286,47,14
2020-04-06 17:28:25,-119.861502,0.161286,41,14
2020-04-06 17:28:30,-119.861502,0.161286,41,14
2020-04-06 17:28:35,-119.861502,0.161286,40,14
2020-04-06 17:28:40,-119.861502,0.161286,45,14
2020-04-06 17:28:45,-119.861502,0.161286,41,14
2020-04-06 17:28:50,-119.861502,0.161286,37,14
2020-04-06 17:28:55,-119.861502,0.161286,47,14
2020-04-06 17:29:00,-119.861502,0.161286,40,14
2020-04-06 17:29:05,-119.861502,0.161286,43,14
2020-04-06 17:29:10,-119.861502,0.161286,40,14
2020-04-06 17:29:15,-119.861502,0.161286,42,14
2020-04-06 17:29:20,-119.861502,0.161286,46,14
2020-04-06 17:29:25,-119.861502,0.161286,42,14
2020-04-06 17:29:30,-119.861502,0.161286,40,14
2020-04-06 17:29:35,-119.861502,0.161286,40,14
2020-04-06 17:29:40,-119.861502,0.161286,48,14
2020-04-06 17:29:45,-119.861502,0.161286,44,14
2020-04-06 17:29:50,-119.861502,0.161286,47,14
2020-04-06 17:29:55,-119.861502,0.161286,37,14
2020-04-06 17:30:00,-119.861502,0.161286,40,14
2020-04-06 17:30:05,-119.861502,0.161286,44,14
2020-04-06 17:30:10,-119.861502,0.161286,44,14
2020-04-06 17:30:15,-119.861502,0.161286,43,14
2020-04-06 17:30:20,-119.861502,0.161286,43,14
2020-04-06 17:30:25,-119.861502,0.161286,41,14
2020-04-06 17:30:30,-119.861502,0.161286,39,14
2020-04-06 17:30:35,-119.861502,0.161286,49,14
2020-04-06 17:30:40,-119.861502,0.161286,47,14
2020-04-06 17:30:45,-119.861502,0.161286,44,14
2020-04-06 17:30:50,-119.861502,0.161286,38,14
2020-04-06 17:30:55,-119.861502,0.161286,42,14
2020-04-06 17:31:00,-119.861502,0.161286,42,14
2020-04-06 17:31:05,-119.861502,0.161286,43,14
2020-04-06 17:31:10,-119.861502,0.161286,36,14
2020-04-06 17:31:15,-119.861502,0.161286,37,14
2020-04-06 17:31:20,-119.861502,0.161286,42,14
2020-04-06 17:31:25,-119.861502,0.161286,38,14
2020-04-06 17:31:30,-119.861502,0.161286,41,14
2020-04-06 17:31:35,-119.861502,0.161286,45,14
2020-04-06 17:31:40,-119.861502,0.161286,38,14
2020-04-06 17:31:45,-119.861502,0.161286,39,14
2020-04-06 17:31:50,-119.861502,0.161286,40,14
2020-04-06 17:31:55,-119.861502,0.161286,38,14
2020-04-06 17:32:00,-119.861502,0.161286,42,14
2020-04-06 17:32:05,-119.861502,0.161286,43,14
2020-04-06 17:32:10,-119.861502,0.161286,44,14
2020-04-06 17:32:15,-119.861502,0.161286,40,14
2020-04-06 17:32:20,-119.861502,0.161286,43,14
2020-04-06 17:32:25,-119.861502,0.161286,48,14
2020-04-06 17:32:30,-119.861502,0.161286,40,14
2020-04-06 17:32:35,-119.861502,0.161286,37,14
2020-04-06 17:32:40,-119.861502,0.161286,49,14
2020-04-06 17:32:45,-119.861502,0.161286,41,14
2020-04-06 17:32:50,-119.861502,0.161286,41,14
2020-04-06 17:32:55,-119.861502,0.161286,40,14
2020-04-06 17:33:00,-119.861502,0.161286,44,14
2020-04-06 17:33:05,-119.861502,0.161286,46,14
2020-04-06 17:33:10,-119.861502,0.161286,39,14
2020-04-06 17:33:15,-119.861502,0.161286,40,14
2020-04-06 17:33:20,-119.861502,0.161286,38,14
2020-04-06 17:33:25,-119.861502,0.161286,46,14
2020-04-06 17:33:30,-119.861502,0.161286,40,14
2020-04-06 17:33:35,-119.861502,0.161286,43,14
2020-04-06 17:33:40,-119.861502,0.161286,44,14
2020-04-06 17:33:45,-119.861502,0.161286,40,14
2020-04-06 17:33:50,-119.861502,0.161286,45,14
2020-04-06 17:33:55,-119.861502,0.161286,39,14
2020-04-06 17:34:00,-119.861502,0.161286,38,14
2020-04-06 17:34:05,-119.861502,0.161286,45,14
2020-04-06 17:34:10,-119.861502,0.161286,35,14
2020-04-06 17:34:15,-119.861502,0.161286,40,14
2020-04-06 17:34:20,-119.861502,0.161286,40,14
2020-04-06 17:34:25,-119.861502,0.161286,41,14
2020-04-06 17:34:30,-119.861502,0.161286,42,14
2020-04-06 17:34:35,-119.861502,0.161286,41,14
2020-04-06 17:34:40,-119.861502,0.161286,39,14
2020-04-06 17:34:45,-119.861502,0.161286,45,14
2020-04-06 17:34:50,-119.861502,0.161286,41,14
2020-04-06 17:34:55,-119.861502,0.161286,41,14
2020-04-06 17:35:00,-119.861502,0.161286,41,14
2020-04-06 17:35:05,-119.861502,0.161286,45,14
2020-04-06 17:35:10,-119.861502,0.161286,43,14
2020-04-06 17:35:15,-119.861502,0.161286,39,14
2020-04-06 17:35:20,-119.861502,0.161286,40,14
2020-04-06 17:35:25,-119.861502,0.161286,43,14
2020-04-06 17:35:30,-119.861502,0.161286,40,14
2020-04-06 17:35:35,-119.861502,0.161286,42,14
2020-04-06 17:35:40,-119.861502,0.161286,45,14
2020-04-06 17:35:45,-119.861502,0.161286,41,14
2020-04-06 17:35:50,-119.861502,0.161286,40,14
2020-04-06 17:35:55,-119.861502,0.161286,42,14
2020-04-06 17:36:00,-119.861502,0.161286,38,14
2020-04-06 17:36:05,-119.861502,0.161286,44,14
2020-04-06 17:36:10,-119.861502,0.161286,42,14
2020-04-06 17:36:15,-119.861502,0.161286,42,14
2020-04-06 17:36:20,-119.861502,0.161286,37,14
2020-04-06 17:36:25,-119.861502,0.161286,43,14
2020-04-06 17:36:30,-119.861502,0.161286,45,14
2020-04-06 17:36:35,-119.861502,0.161286,39,14
2020-04-06 17:36:40,-119.861502,0.161286,41,14
2020-04-06 17:36:45,-119.861502,0.161286,42,14
2020-04-06 17:36:50,-119.861502,0.161286,43,14
2020-04-06 17:36:55,-119.861502,0.161286,44,14
2020-04-06 17:37:00,-119.861502,0.161286,43,14
2020-04-06 17:37:05,-119.861502,0.161286,45,14
2020-04-06 17:37:10,-119.861502,0.161286,47,14
2020-04-06 17:37:15,-119.861502,0.161286,37,14
2020-04-06 17:37:20,-119.861502,0.161286,46,14
2020-04-06 17:37:25,-119.861502,0.161286,48,14
2020-04-06 17:37:30,-119.861502,0.161286,40,14
2020-04-06 17:37:35,-119.861502,0.161286,40,14
2020-04-06 17:37:40,-119.861502,0.161286,44,14
2020-04-06 17:37:45,-119.861502,0.161286,42,14
2020-04-06 17:37:50,-119.861502,0.161286,39,14
2020-04-06 17:37:55,-119.861502,0.161286,42,14
2020-04-06 17:38:00,-119.861502,0.161286,45,14
2020-04-06 17:38:05,-119.861502,0.161286,44,14
2020-04-06 17:38:10,-119.861502,0.161286,51,14
2020-04-06 17:38:15,-119.861502,0.161286,43,14
2020-04-06 17:38:20,-119.861502,0.161286,49,14
2020-04-06 17:38:25,-119.861502,0.161286,47,14
2020-04-06 17:38:30,-119.861502,0.161286,39,14
2020-04-06 17:38:35,-119.861502,0.161286,41,14
2020-04-06 17:38:40,-119.861502,0.161286,47,14
2020-04-06 17:38:45,-119.861502,0.161286,42,14
2020-04-06 17:38:50,-119.861502,0.161286,39,14
2020-04-06 17:38:55,-119.861502,0.161286,45,14
2020-04-06 17:39:00,-119.861502,0.161286,41,14
2020-04-06 17:39:05,-119.861502,0.161286,45,14
2020-04-06 17:39:10,-119.861502,0.161286,41,14
2020-04-06 17:39:15,-119.861502,0.161286,41,14
2020-04-06 17:39:20,-119.861502,0.161286,47,14
2020-04-06 17:39:25,-119.861502,0.161286,38,14
2020-04-06 17:39:30,-119.861502,0.161286,39,14
2020-04-06 17:39:35,-119.861502,0.161286,41,14
2020-04-06 17:39:40,-119.861502,0.161286,42,14
2020-04-06 17:39:45,-119.861502,0.161286,36,14
2020-04-06 17:39:50,-119.861502,0.161286,39,14
2020-04-06 17:39:55,-119.861502,0.161286,45,14
2020-04-06 17:40:00,-119.861502,0.161286,48,14
2020-04-06 17:40:05,-119.861502,0.161286,43,14
2020-04-06 17:40:10,-119.861502,0.161286,45,14
2020-04-06 17:40:15,-119.861502,0.161286,44,14
2020-04-06 17:40:20,-119.861502,0.161286,46,14
2020-04-06 17:40:25,-119.861502,0.161286,47,14
2020-04-06 17:40:30,-119.861502,0.161286,43,14
2020-04-06 17:40:35,-119.861502,0.161286,39,14
2020-04-06 17:40:40,-119.861502,0.161286,44,14
2020-04-06 17:40:45,-119.861502,0.161286,42,14
2020-04-06 17:40:50,-119.861502,0.161286,39,14
2020-04-06 17:40:55,-119.861502,0.161286,37,14
2020-04-06 17:41:00,-119.861502,0.161286,43,14
2020-04-06 17:41:05,-119.861502,0.161286,43,14
2020-04-06 17:41:10,-119.861502,0.161286,43,14
2020-04-06 17:41:15,-119.861502,0.161286,45,14
2020-04-06 17:41:20,-119.861502,0.161286,40,14
2020-04-06 17:41:25,-119.861502,0.161286,47,14
2020-04-06 17:41:30,-119.861502,0.161286,43,14
2020-04-06 17:41:35,-119.861502,0.161286,44,14
2020-04-06 17:41:40,-119.861502,0.161286,43,14
2020-04-06 17:41:45,-119.861502,0.161286,43,14
2020-04-06 17:41:50,-119.861502,0.161286,41,14
2020-04-06 17:41:55,-119.861502,0.161286,41,14
2020-04-06 17:42:00,-119.861502,0.161286,41,14
2020-04-06 17:42:05,-119.861502,0.161286,45,14
2020-04-06 17:42:10,-119.861502,0.161286,39,14
2020-04-06 17:42:15,-119.861502,0.161286,45,14
2020-04-06 17:42:20,-119.861502,0.161286,40,14
2020-04-06 17:42:25,-119.861502,0.161286,47,14
2020-04-06 17:42:30,-119.861502,0.161286,38,14
2020-04-06 17:42:35,-119.861502,0.161286,39,14
2020-04-06 17:42:40,-119.861502,0.161286,45,14
2020-04-06 17:42:45,-119.861502,0.161286,42,14
2020-04-06 17:42:50,-119.861502,0.161286,41,14
2020-04-06 17:42:55,-119.861502,0.161286,44,14
2020-04-06 17:43:00,-119.861502,0.161286,40,14
2020-04-06 17:43:05,-119.861502,0.161286,43,14
2020-04-06 17:43:10,-119.861502,0.161286,44,14
2020-04-06 17:43:15,-119.861502,0.161286,44,14
2020-04-06 17:43:20,-119.861502,0.161286,46,14
2020-04-06 17:43:25,-119.861502,0.161286,44,14
2020-04-06 17:43:30,-119.861502,0.161286,39,14
2020-04-06 17:43:35,-119.861502,0.161286,43,14
2020-04-06 17:43:40,-119.861502,0.161286,43,14
2020-04-06 17:43:45,-119.861502,0.161286,41,14
2020-04-06 17:43:50,-119.861502,0.161286,42,14
2020-04-06 17:43:55,-119.861502,0.161286,46,14
2020-04-06 17:44:00,-119.861502,0.161286,41,14
2020-04-06 17:44:05,-119.861502,0.161286,43,14
2020-04-06 17:44:10,-119.861502,0.161286,38,14
2020-04-06 17:44:15,-119.861502,0.161286,41,14
2020-04-06 17:44:20,-119.861502,0.161286,40,14
2020-04-06 17:44:25,-119.861502,0.161286,40,14
2020-04-06 17:44:30,-119.861502,0.161286,45,14
2020-04-06 17:44:35,-119.861502,0.161286,35,14
2020-04-06 17:44:40,-119.861502,0.161286,44,14
2020-04-06 17:44:45,-119.861502,0.161286,44,14
2020-04-06 17:44:50,-119.861502,0.161286,43,14
2020-04-06 17:44:55,-119.861502,0.161286,42,14
2020-04-06 17:45:00,-119.861502,0.161286,46,14
2020-04-06 17:45:05,-119.861502,0.161286,48,14
2020-04-06 17:45:10,-119.861502,0.161286,36,14
2020-04-06 17:45:15,-119.861502,0.161286,43,14
2020-04-06 17:45:20,-119.861502,0.161286,39,14
2020-04-06 17:45:25,-119.861502,0.161286,41,14
2020-04-06 17:45:30,-119.861502,0.161286,39,14
2020-04-06 17:45:35,-119.861502,0.161286,37,14
2020-04-06 17:45:40,-119.861502,0.161286,41,14
2020-04-06 17:45:45,-119.861502,0.161286,39,14
2020-04-06 17:45:50,-119.861502,0.161286,45,14
2020-04-06 17:45:55,-119.861502,0.161286,43,14
2020-04-06 17:46:00,-119.861502,0.161286,45,14
2020-04-06 17:46:05,-119.861502,0.161286,45,14
2020-04-06 17:46:10,-119.861502,0.161286,44,14
2020-04-06 17:46:15,-119.861502,0.161286,38,14
2020-04-06 17:46:20,-119.861502,0.161286,39,14
2020-04-06 17:46:25,-119.861502,0.161286,37,14
2020-04-06 17:46:30,-119.861502,0.161286,40,14
2020-04-06 17:46:35,-119.861502,0.161286,43,14
2020-04-06 17:46:40,-119.861502,0.161286,36,14
2020-04-06 17:46:45,-119.861502,0.161286,41,14
2020-04-06 17:46:50,-119.861502,0.161286,41,14
2020-04-06 17:46:55,-119.861502,0.161286,42,14
2020-04-06 17:47:00,-119.861502,0.161286,44,14
2020-04-06 17:47:05,-119.861502,0.161286,47,14
2020-04-06 17:47:10,-119.861502,0.161286,44,14
2020-04-06 17:47:15,-119.861502,0.161286,38,14
2020-04-06 17:47:20,-119.861502,0.161286,40,14
2020-04-06 17:47:25,-119.861502,0.161286,46,14
2020-04-06 17:47:30,-119.861502,0.161286,44,14
2020-04-06 17:47:35,-119.861502,0.161286,42,14
2020-04-06 17:47:40,-119.861502,0.161286,41,14
2020-04-06 17:47:45,-119.861502,0.161286,40,14
2020-04-06 17:47:50,-119.861502,0.161286,41,14
2020-04-06 17:47:55,-119.861502,0.161286,44,14
2020-04-06 17:48:00,-119.861502,0.161286,44,14
2020-04-06 17:48:05,-119.861502,0.161286,45,14
2020-04-06 17:48:10,-119.861502,0.161286,42,14
2020-04-06 17:48:15,-119.861502,0.161286,38,14
2020-04-06 17:48:20,-119.861502,0.161286,41,14
2020-04-06 17:48:25,-119.861502,0.161286,42,14
2020-04-06 17:48:30,-119.861502,0.161286,37,14
2020-04-06 17:48:35,-119.861502,0.161286,41,14
2020-04-06 17:48:40,-119.861502,0.161286,41,14
2020-04-06 17:48:45,-119.861502,0.161286,41,14
2020-04-06 17:48:50,-119.861502,0.161286,43,14
2020-04-06 17:48:55,-119.861502,0.161286,45,14
2020-04-06 17:49:00,-119.861502,0.161286,35,14
2020-04-06 17:49:05,-119.861502,0.161286,38,14
2020-04-06 17:49:10,-119.861502,0.161286,40,14
2020-04-06 17:49:15,-119.861502,0.161286,44,14
2020-04-06 17:49:20,-119.861502,0.161286,42,14
2020-04-06 17:49:25,-119.861502,0.161286,41,14
2020-04-06 17:49:30,-119.861502,0.161286,43,14
2020-04-06 17:49:35,-119.861502,0.161286,48,14
2020-04-06 17:49:40,-119.861502,0.161286,39,14
2020-04-06 17:49:45,-119.861502,0.161286,38,14
2020-04-06 17:49:50,-119.861502,0.161286,43,14
2020-04-06 17:49:55,-119.861502,0.161286,43,14
2020-04-06 17:50:00,-119.861502,0.161286,44,14
2020-04-06 17:50:05,-119.861502,0.161286,44,14
2020-04-06 17:50:10,-119.861502,0.161286,42,14
2020-04-06 17:50:15,-119.861502,0.161286,45,14
2020-04-06 17:50:20,-119.861502,0.161286,39,14
2020-04-06 17:50:25,-119.861502,0.161286,39,14
2020-04-06 17:50:30,-119.861502,0.161286,44,14
2020-04-06 17:50:35,-119.861502,0.161286,43,14
2020-04-06 17:50:40,-119.861502,0.161286,41,14
2020-04-06 17:50:45,-119.861502,0.161286,43,14
2020-04-06 17:50:50,-119.861502,0.161286,45,14
2020-04-06 17:50:55,-119.861502,0.161286,38,14
2020-04-06 17:51:00,-119.861502,0.161286,40,14
2020-04-06 17:51:05,-119.861502,0.161286,42,14
2020-04-06 17:51:10,-119.861502,0.161286,42,14
2020-04-06 17:51:15,-119.861502,0.161286,42,14
2020-04-06 17:51:20,-119.861502,0.161286,40,14
2020-04-06 17:51:25,-119.861502,0.161286,41,14
2020-04-06 17:51:30,-119.861502,0.161286,42,14
2020-04-06 17:51:35,-119.861502,0.161286,40,14
2020-04-06 17:51:40,-119.861502,0.161286,37,14
2020-04-06 17:51:45,-119.861502,0.161286,39,14
2020-04-06 17:51:50,-119.861502,0.161286,40,14
2020-04-06 17:51:55,-119.861502,0.161286,40,14
2020-04-06 17:52:00,-119.861502,0.161286,41,14
2020-04-06 17:52:05,-119.861502,0.161286,41,14
2020-04-06 17:52:10,-119.861502,0.161286,39,14
2020-04-06 17:52:15,-119.861502,0.161286,38,14
2020-04-06 17:52:20,-119.861502,0.161286,38,14
2020-04-06 17:52:25,-119.861502,0.161286,39,14
2020-04-06 17:52:30,-119.861502,0.161286,46,14
2020-04-06 17:52:35,-119.861502,0.161286,40,14
2020-04-06 17:52:40,-119.861502,0.161286,40,14
2020-04-06 17:52:45,-119.861502,0.161286,38,14
2020-04-06 17:52:50,-119.861502,0.161286,36,14
2020-04-06 17:52:55,-119.861502,0.161286,39,14
2020-04-06 17:53:00,-119.861502,0.161286,41,14
2020-04-06 17:53:05,-119.861502,0.161286,45,14
2020-04-06 17:53:10,-119.861502,0.161286,44,14
2020-04-06 17:53:15,-119.861502,0.161286,45,14
2020-04-06 17:53:20,-119.861502,0.161286,45,14
2020-04-06 17:53:25,-119.861502,0.161286,41,14
2020-04-06 17:53:30,-119.861502,0.161286,40,14
2020-04-06 17:53:35,-119.861502,0.161286,44,14
2020-04-06 17:53:40,-119.861502,0.161286,40,14
2020-04-06 17:53:45,-119.861502,0.161286,41,14
2020-04-06 17:53:50,-119.861502,0.161286,40,14
2020-04-06 17:53:55,-119.861502,0.161286,40,14
2020-04-06 17:54:00,-119.861502,0.161286,39,14
2020-04-06 17:54:05,-119.861502,0.161286,37,14
2020-04-06 17:54:10,-119.861502,0.161286,35,14
2020-04-06 17:54:15,-119.861502,0.161286,46,14
2020-04-06 17:54:20,-119.861502,0.161286,43,14
2020-04-06 17:54:25,-119.861502,0.161286,45,14
2020-04-06 17:54:30,-119.861502,0.161286,41,14
2020-04-06 17:54:35,-119.861502,0.161286,35,14
2020-04-06 17:54:40,-119.861502,0.161286,47,14
2020-04-06 17:54:45,-119.861502,0.161286,41,14
2020-04-06 17:54:50,-119.861502,0.161286,37,14
2020-04-06 17:54:55,-119.861502,0.161286,39,14
2020-04-06 17:55:00,-119.861502,0.161286,37,14
2020-04-06 17:55:05,-119.861502,0.161286,38,14
2020-04-06 17:55:10,-119.861502,0.161286,46,14
2020-04-06 17:55:15,-119.861502,0.161286,44,14
2020-04-06 17:55:20,-119.861502,0.161286,37,14
2020-04-06 17:55:25,-119.861502,0.161286,42,14
2020-04-06 17:55:30,-119.861502,0.161286,41,14
2020-04-06 17:55:35,-119.861502,0.161286,36,14
2020-04-06 17:55:40,-119.861502,0.161286,37,14
2020-04-06 17:55:45,-119.861502,0.161286,41,14
2020-04-06 17:55:50,-119.861502,0.161286,40,14
2020-04-06 17:55:55,-119.861502,0.161286,41,14
2020-04-06 17:56:00,-119.861502,0.161286,40,14
2020-04-06 17:56:05,-119.861502,0.161286,42,14
2020-04-06 17:56:10,-119.861502,0.161286,41,14
2020-04-06 17:56:15,-119.861502,0.161286,45,14
2020-04-06 17:56:20,-119.861502,0.161286,42,14
2020-04-06 17:56:25,-119.861502,0.161286,46,14
2020-04-06 17:56:30,-119.861502,0.161286,39,14
2020-04-06 17:56:35,-119.861502,0.161286,43,14
2020-04-06 17:56:40,-119.861502,0.161286,40,14
2020-04-06 17:56:45,-119.861502,0.161286,39,14
2020-04-06 17:56:50,-119.861502,0.161286,37,14
2020-04-06 17:56:55,-119.861502,0.161286,41,14
2020-04-06 17:57:00,-119.861502,0.161286,42,14
2020-04-06 17:57:05,-119.861502,0.161286,43,14
2020-04-06 17:57:10,-119.861502,0.161286,39,14
2020-04-06 17:57:15,-119.861502,0.161286,43,14
2020-04-06 17:57:20,-119.861502,0.161286,43,14
2020-04-06 17:57:25,-119.861502,0.161286,39,14
2020-04-06 17:57:30,-119.861502,0.161286,41,14
2020-04-06 17:57:35,-119.861502,0.161286,42,14
2020-04-06 17:57:40,-119.861502,0.161286,44,14
2020-04-06 17:57:45,-119.861502,0.161286,38,14
2020-04-06 17:57:50,-119.861502,0.161286,37,14
2020-04-06 17:57:55,-119.861502,0.161286,38,14
2020-04-06 17:58:00,-119.861502,0.161286,33,14
2020-04-06 17:58:05,-119.861502,0.161286,44,14
2020-04-06 17:58:10,-119.861502,0.161286,39,14
2020-04-06 17:58:15,-119.861502,0.161286,42,14
2020-04-06 17:58:20,-119.861502,0.161286,41,14
2020-04-06 17:58:25,-119.861502,0.161286,44,14
2020-04-06 17:58:30,-119.861502,0.161286,35,14
2020-04-06 17:58:35,-119.861502,0.161286,34,14
2020-04-06 17:58:40,-119.861502,0.161286,41,14
2020-04-06 17:58:45,-119.861502,0.161286,41,14
2020-04-06 17:58:50,-119.861502,0.161286,36,14
2020-04-06 17:58:55,-119.861502,0.161286,41,14
2020-04-06 17:59:00,-119.861502,0.161286,40,14
2020-04-06 17:59:05,-119.861502,0.161286,41,14
2020-04-06 17:59:10,-119.861502,0.161286,40,14
2020-04-06 17:59:15,-119.861502,0.161286,35,14
2020-04-06 17:59:20,-119.861502,0.161286,45,14
2020-04-06 17:59:25,-119.861502,0.161286,38,14
2020-04-06 17:59:30,-119.861502,0.161286,43,14
2020-04-06 17:59:35,-119.861502,0.161286,40,14
2020-04-06 17:59:40,-119.861502,0.161286,38,14
2020-04-06 17:59:45,-119.861502,0.161286,45,14
2020-04-06 17:59:50,-119.861502,0.161286,43,14
2020-04-06 17:59:55,-119.861502,0.161286,45,14
2020-04-06 18:00:00,-119.861502,0.161286,45,14
2020-04-06 18:00:05,-119.861502,0.161286,43,14
2020-04-06 18:00:10,-119.861502,0.161286,43,14
2020-04-06 18:00:15,-119.861502,0.161286,40,14
2020-04-06 18:00:20,-119.861502,0.161286,36,14
2020-04-06 18:00:25,-119.861502,0.161286,40,14
2020-04-06 18:00:30,-119.861502,0.161286,45,14
2020-04-06 18:00:35,-119.861502,0.161286,39,14
2020-04-06 18:00:40,-119.861502,0.161286,40,14
2020-04-06 18:00:45,-119.861502,0.161286,39,14
2020-04-06 18:00:50,-119.861502,0.161286,40,14
2020-04-06 18:00:55,-119.861502,0.161286,41,14
2020-04-06 18:01:00,-119.861502,0.161286,42,14
2020-04-06 18:01:05,-119.861502,0.161286,43,14
2020-04-06 18:01:10,-119.861502,0.161286,43,14
2020-04-06 18:01:15,-119.861502,0.161286,41,14
2020-04-06 18:01:20,-119.861502,0.161286,45,14
2020-04-06 18:01:25,-119.861502,0.161286,41,14
2020-04-06 18:01:30,-119.861502,0.161286,40,14
2020-04-06 18:01:35,-119.861502,0.161286,42,14
2020-04-06 18:01:40,-119.861502,0.161286,40,14
2020-04-06 18:01:45,-119.861502,0.161286,38,14
2020-04-06 18:01:50,-119.861502,0.161286,42,14
2020-04-06 18:01:55,-119.861502,0.161286,41,14
2020-04-06 18:02:00,-119.861502,0.161286,44,14
2020-04-06 18:02:05,-119.861502,0.161286,42,14
2020-04-06 18:02:10,-119.861502,0.161286,40,14
2020-04-06 18:02:15,-119.861502,0.161286,42,14
2020-04-06 18:02:20,-119.861502,0.161286,40,14
2020-04-06 18:02:25,-119.861502,0.161286,41,14
2020-04-06 18:02:30,-119.861502,0.161286,42,14
2020-04-06 18:02:35,-119.861502,0.161286,42,14
2020-04-06 18:02:40,-119.861502,0.161286,38,14
2020-04-06 18:02:45,-119.861502,0.161286,41,14
2020-04-06 18:02:50,-119.861502,0.161286,42,14
2020-04-06 18:02:55,-119.861502,0.161286,39,14
2020-04-06 18:03:00,-119.861502,0.161286,43,14
2020-04-06 18:03:05,-119.861502,0.161286,39,14
2020-04-06 18:03:10,-119.861502,0.161286,45,14
2020-04-06 18:03:15,-119.861502,0.161286,37,14
2020-04-06 18:03:20,-119.861502,0.161286,38,14
2020-04-06 18:03:25,-119.861502,0.161286,42,14
2020-04-06 18:03:30,-119.861502,0.161286,36,14
2020-04-06 18:03:35,-119.861502,0.161286,46,14
2020-04-06 18:03:40,-119.861502,0.161286,47,14
2020-04-06 18:03:45,-119.861502,0.161286,41,14
2020-04-06 18:03:50,-119.861502,0.161286,39,14
2020-04-06 18:03:55,-119.861502,0.161286,40,14
2020-04-06 18:04:00,-119.861502,0.161286,50,14
2020-04-06 18:04:05,-119.861502,0.161286,32,14
2020-04-06 18:04:10,-119.861502,0.161286,45,14
2020-04-06 18:04:15,-119.861502,0.161286,40,14
2020-04-06 18:04:20,-119.861502,0.161286,45,14
2020-04-06 18:04:25,-119.861502,0.161286,42,14
2020-04-06 18:04:30,-119.861502,0.161286,39,14
2020-04-06 18:04:35,-119.861502,0.161286,40,14
2020-04-06 18:04:40,-119.861502,0.161286,41,14
2020-04-06 18:04:45,-119.861502,0.161286,42,14
2020-04-06 18:04:50,-119.861502,0.161286,38,14
2020-04-06 18:04:55,-119.861502,0.161286,38,14
2020-04-06 18:05:00,-119.861502,0.161286,43,14
2020-04-06 18:05:05,-119.861502,0.161286,39,14
2020-04-06 18:05:10,-119.861502,0.161286,43,14
2020-04-06 18:05:15,-119.861502,0.161286,41,14
2020-04-06 18:05:20,-119.861502,0.161286,41,14
2020-04-06 18:05:25,-119.861502,0.161286,45,14
2020-04-06 18:05:30,-119.861502,0.161286,36,14
2020-04-06 18:05:35,-119.861502,0.161286,44,14
2020-04-06 18:05:40,-119.861502,0.161286,40,14
2020-04-06 18:05:45,-119.861502,0.161286,39,14
2020-04-06 18:05:50,-119.861502,0.161286,46,14
2020-04-06 18:05:55,-119.861502,0.161286,42,14
2020-04-06 18:06:00,-119.861502,0.161286,42,14
2020-04-06 18:06:05,-119.861502,0.161286,40,14
2020-04-06 18:06:10,-119.861502,0.161286,37,14
2020-04-06 18:06:15,-119.861502,0.161286,36,14
2020-04-06 18:06:20,-119.861502,0.161286,48,14
2020-04-06 18:06:25,-119.861502,0.161286,42,14
2020-04-06 18:06:30,-119.861502,0.161286,42,14
2020-04-06 18:06:35,-119.861502,0.161286,46,14
2020-04-06 18:06:40,-119.861502,0.161286,42,14
2020-04-06 18:06:45,-119.861502,0.161286,43,14
2020-04-06 18:06:50,-119.861502,0.161286,39,14
2020-04-06 18:06:55,-119.861502,0.161286,35,14
2020-04-06 18:07:00,-119.861502,0.161286,43,14
2020-04-06 18:07:05,-119.861502,0.161286,41,14
2020-04-06 18:07:10,-119.861502,0.161286,43,14
2020-04-06 18:07:15,-119.861502,0.161286,38,14
2020-04-06 18:07:20,-119.861502,0.161286,37,14
2020-04-06 18:07:25,-119.861502,0.161286,45,14
2020-04-06 18:07:30,-119.861502,0.161286,41,14
2020-04-06 18:07:35,-119.861502,0.161286,37,14
2020-04-06 18:07:40,-119.861502,0.161286,43,14
2020-04-06 18:07:45,-119.861502,0.161286,39,14
2020-04-06 18:07:50,-119.861502,0.161286,45,14
2020-04-06 18:07:55,-119.861502,0.161286,40,14
2020-04-06 18:08:00,-119.861502,0.161286,39,14
2020-04-06 18:08:05,-119.861502,0.161286,41,14
2020-04-06 18:08:10,-119.861502,0.161286,40,14
2020-04-06 18:08:15,-119.861502,0.161286,43,14
2020-04-06 18:08:20,-119.861502,0.161286,40,14
2020-04-06 18:08:25,-119.861502,0.161286,40,14
2020-04-06 18:08:30,-119.861502,0.161286,43,14
2020-04-06 18:08:35,-119.861502,0.161286,38,14
2020-04-06 18:08:40,-119.861502,0.161286,40,14
2020-04-06 18:08:45,-119.861502,0.161286,41,14
2020-04-06 18:08:50,-119.861502,0.161286,35,14
2020-04-06 18:08:55,-119.861502,0.161286,41,14
2020-04-06 18:09:00,-119.861502,0.161286,38,14
2020-04-06 18:09:05,-119.861502,0.161286,41,14
2020-04-06 18:09:10,-119.861502,0.161286,41,14
2020-04-06 18:09:15,-119.861502,0.161286,41,14
2020-04-06 18:09:20,-119.861502,0.161286,45,14
2020-04-06 18:09:25,-119.861502,0.161286,43,14
2020-04-06 18:09:30,-119.861502,0.161286,43,14
2020-04-06 18:09:35,-119.861502,0.161286,42,14
2020-04-06 18:09:40,-119.861502,0.161286,43,14
2020-04-06 18:09:45,-119.861502,0.161286,41,14
2020-04-06 18:09:50,-119.861502,0.161286,39,14
2020-04-06 18:09:55,-119.861502,0.161286,38,14
2020-04-06 18:10:00,-119.861502,0.161286,37,14
2020-04-06 18:10:05,-119.861502,0.161286,47,14
2020-04-06 18:10:10,-119.861502,0.161286,35,14
2020-04-06 18:10:15,-119.861502,0.161286,39,14
2020-04-06 18:10:20,-119.861502,0.161286,38,14
2020-04-06 18:10:25,-119.861502,0.161286,41,14
2020-04-06 18:10:30,-119.861502,0.161286,41,14
2020-04-06 18:10:35,-119.861502,0.161286,45,14
2020-04-06 18:10:40,-119.861502,0.161286,40,14
2020-04-06 18:10:45,-119.861502,0.161286,40,14
2020-04-06 18:10:50,-119.861502,0.161286,38,14
2020-04-06 18:10:55,-119.861502,0.161286,41,14
2020-04-06 18:11:00,-119.861502,0.161286,46,14
2020-04-06 18:11:05,-119.861502,0.161286,42,14
2020-04-06 18:11:10,-119.861502,0.161286,43,14
2020-04-06 18:11:15,-119.861502,0.161286,43,14
2020-04-06 18:11:20,-119.861502,0.161286,41,14
2020-04-06 18:11:25,-119.861502,0.161286,36,14
2020-04-06 18:11:30,-119.861502,0.161286,42,14
2020-04-06 18:11:35,-119.861502,0.161286,40,14
2020-04-06 18:11:40,-119.861502,0.161286,39,14
2020-04-06 18:11:45,-119.861502,0.161286,37,14
2020-04-06 18:11:50,-119.861502,0.161286,41,14
2020-04-06 18:11:55,-119.861502,0.161286,38,14
2020-04-06 18:12:00,-119.861502,0.161286,40,14
2020-04-06 18:12:05,-119.861502,0.161286,37,14
2020-04-06 18:12:10,-119.861502,0.161286,36,14
2020-04-06 18:12:15,-119.861502,0.161286,39,14
2020-04-06 18:12:20,-119.861502,0.161286,37,14
2020-04-06 18:12:25,-119.861502,0.161286,42,14
2020-04-06 18:12:30,-119.861502,0.161286,39,14
2020-04-06 18:12:35,-119.861502,0.161286,40,14
2020-04-06 18:12:40,-119.861502,0.161286,42,14
2020-04-06 18:12:45,-119.861502,0.161286,41,14
2020-04-06 18:12:50,-119.861502,0.161286,43,14
2020-04-06 18:12:55,-119.861502,0.161286,42,14
2020-04-06 18:13:00,-119.861502,0.161286,38,14
2020-04-06 18:13:05,-119.861502,0.161286,44,14
2020-04-06 18:13:10,-119.861502,0.161286,42,14
2020-04-06 18:13:15,-119.861502,0.161286,43,14
2020-04-06 18:13:20,-119.861502,0.161286,40,14
2020-04-06 18:13:25,-119.861502,0.161286,45,14
2020-04-06 18:13:30,-119.861502,0.161286,39,14
2020-04-06 18:13:35,-119.861502,0.161286,38,14
2020-04-06 18:13:40,-119.861502,0.161286,44,14
2020-04-06 18:13:45,-119.861502,0.161286,38,14
2020-04-06 18:13:50,-119.861502,0.161286,42,14
2020-04-06 18:13:55,-119.861502,0.161286,43,14
2020-04-06 18:14:00,-119.861502,0.161286,43,14
2020-04-06 18:14:05,-119.861502,0.161286,36,14
2020-04-06 18:14:10,-119.861502,0.161286,42,14
2020-04-06 18:14:15,-119.861502,0.161286,39,14
2020-04-06 18:14:20,-119.861502,0.161286,40,14
2020-04-06 18:14:25,-119.861502,0.161286,40,14
2020-04-06 18:14:30,-119.861502,0.161286,39,14
2020-04-06 18:14:35,-119.861502,0.161286,36,14
2020-04-06 18:14:40,-119.861502,0.161286,37,14
2020-04-06 18:14:45,-119.861502,0.161286,35,14
2020-04-06 18:14:50,-119.861502,0.161286,38,14
2020-04-06 18:14:55,-119.861502,0.161286,39,14
2020-04-06 18:15:00,-119.861502,0.161286,40,14
2020-04-06 18:15:05,-119.861502,0.161286,38,14
2020-04-06 18:15:10,-119.861502,0.161286,40,14
2020-04-06 18:15:15,-119.861502,0.161286,40,14
2020-04-06 18:15:20,-119.861502,0.161286,39,14
2020-04-06 18:15:25,-119.861502,0.161286,43,14
2020-04-06 18:15:30,-119.861502,0.161286,43,14
2020-04-06 18:15:35,-119.861502,0.161286,44,14
2020-04-06 18:15:40,-119.861502,0.161286,42,14
2020-04-06 18:15:45,-119.861502,0.161286,41,14
2020-04-06 18:15:50,-119.861502,0.161286,39,14
2020-04-06 18:15:55,-119.861502,0.161286,40,14
2020-04-06 18:16:00,-119.861502,0.161286,40,14
2020-04-06 18:16:05,-119.861502,0.161286,45,14
2020-04-06 18:16:10,-119.861502,0.161286,43,14
2020-04-06 18:16:15,-119.861502,0.161286,40,14
2020-04-06 18:16:20,-119.861502,0.161286,43,14
2020-04-06 18:16:25,-119.861502,0.161286,40,14
2020-04-06 18:16:30,-119.861502,0.161286,41,14
2020-04-06 18:16:35,-119.861502,0.161286,36,14
2020-04-06 18:16:40,-119.861502,0.161286,47,14
2020-04-06 18:16:45,-119.861502,0.161286,40,14
2020-04-06 18:16:50,-119.861502,0.161286,40,14
2020-04-06 18:16:55,-119.861502,0.161286,37,14
2020-04-06 18:17:00,-119.861502,0.161286,36,14
2020-04-06 18:17:05,-119.861502,0.161286,43,14
2020-04-06 18:17:10,-119.861502,0.161286,43,14
2020-04-06 18:17:15,-119.861502,0.161286,38,14
2020-04-06 18:17:20,-119.861502,0.161286,40,14
2020-04-06 18:17:25,-119.861502,0.161286,40,14
2020-04-06 18:17:30,-119.861502,0.161286,48,14
2020-04-06 18:17:35,-119.861502,0.161286,46,14
2020-04-06 18:17:40,-119.861502,0.161286,45,14
2020-04-06 18:17:45,-119.861502,0.161286,38,14
2020-04-06 18:17:50,-119.861502,0.161286,38,14
2020-04-06 18:17:55,-119.861502,0.161286,47,14
2020-04-06 18:18:00,-119.861502,0.161286,45,14
2020-04-06 18:18:05,-119.861502,0.161286,41,14
2020-04-06 18:18:10,-119.861502,0.161286,43,14
2020-04-06 18:18:15,-119.861502,0.161286,40,14
2020-04-06 18:18:20,-119.861502,0.161286,42,14
2020-04-06 18:18:25,-119.861502,0.161286,42,14
2020-04-06 18:18:30,-119.861502,0.161286,41,14
2020-04-06 18:18:35,-119.861502,0.161286,38,14
2020-04-06 18:18:40,-119.861502,0.161286,36,14
2020-04-06 18:18:45,-119.861502,0.161286,41,14
2020-04-06 18:18:50,-119.861502,0.161286,43,14
2020-04-06 18:18:55,-119.861502,0.161286,42,14
2020-04-06 18:19:00,-119.861502,0.161286,45,14
2020-04-06 18:19:05,-119.861502,0.161286,40,14
2020-04-06 18:19:10,-119.861502,0.161286,41,14
2020-04-06 18:19:15,-119.861502,0.161286,37,14
2020-04-06 18:19:20,-119.861502,0.161286,43,14
2020-04-06 18:19:25,-119.861502,0.161286,40,14
2020-04-06 18:19:30,-119.861502,0.161286,40,14
2020-04-06 18:19:35,-119.861502,0.161286,42,14
2020-04-06 18:19:40,-119.861502,0.161286,35,14
2020-04-06 18:19:45,-119.861502,0.161286,41,14
2020-04-06 18:19:50,-119.861502,0.161286,37,14
2020-04-06 18:19:55,-119.861502,0.161286,38,14
2020-04-06 18:20:00,-119.861502,0.161286,44,14
2020-04-06 18:20:05,-119.861502,0.161286,39,14
2020-04-06 18:20:10,-119.861502,0.161286,43,14
2020-04-06 18:20:15,-119.861502,0.161286,42,14
2020-04-06 18:20:20,-119.861502,0.161286,42,14
2020-04-06 18:20:25,-119.861502,0.161286,44,14
2020-04-06 18:20:30,-119.861502,0.161286,44,14
2020-04-06 18:20:35,-119.861502,0.161286,38,14
2020-04-06 18:20:40,-119.861502,0.161286,42,14
2020-04-06 18:20:45,-119.861502,0.161286,41,14
2020-04-06 18:20:50,-119.861502,0.161286,36,14
2020-04-06 18:20:55,-119.861502,0.161286,41,14
2020-04-06 18:21:00,-119.861502,0.161286,38,14
2020-04-06 18:21:05,-119.861502,0.161286,41,14
2020-04-06 18:21:10,-119.861502,0.161286,36,14
2020-04-06 18:21:15,-119.861502,0.161286,47,14
2020-04-06 18:21:20,-119.861502,0.161286,44,14
2020-04-06 18:21:25,-119.861502,0.161286,39,14
2020-04-06 18:21:30,-119.861502,0.161286,44,14
2020-04-06 18:21:35,-119.861502,0.161286,45,14
2020-04-06 18:21:40,-119.861502,0.161286,43,14
2020-04-06 18:21:45,-119.861502,0.161286,41,14
2020-04-06 18:21:50,-119.861502,0.161286,41,14
2020-04-06 18:21:55,-119.861502,0.161286,37,14
2020-04-06 18:22:00,-119.861502,0.161286,41,14
2020-04-06 18:22:05,-119.861502,0.161286,41,14
2020-04-06 18:22:10,-119.861502,0.161286,45,14
2020-04-06 18:22:15,-119.861502,0.161286,42,14
2020-04-06 18:22:20,-119.861502,0.161286,42,14
2020-04-06 18:22:25,-119.861502,0.161286,45,14
2020-04-06 18:22:30,-119.861502,0.161286,46,14
2020-04-06 18:22:35,-119.861502,0.161286,46,14
2020-04-06 18:22:40,-119.861502,0.161286,41,14
2020-04-06 18:22:45,-119.861502,0.161286,40,14
2020-04-06 18:22:50,-119.861502,0.161286,42,14
2020-04-06 18:22:55,-119.861502,0.161286,40,14
2020-04-06 18:23:00,-119.861502,0.161286,41,14
2020-04-06 18:23:05,-119.861502,0.161286,44,14
2020-04-06 18:23:10,-119.861502,0.161286,42,14
2020-04-06 18:23:15,-119.861502,0.161286,44,14
2020-04-06 18:23:20,-119.861502,0.161286,39,14
2020-04-06 18:23:25,-119.861502,0.161286,38,14
2020-04-06 18:23:30,-119.861502,0.161286,45,14
2020-04-06 18:23:35,-119.861502,0.161286,47,14
2020-04-06 18:23:40,-119.861502,0.161286,41,14
2020-04-06 18:23:45,-119.861502,0.161286,38,14
2020-04-06 18:23:50,-119.861502,0.161286,42,14
2020-04-06 18:23:55,-119.861502,0.161286,36,14
2020-04-06 18:24:00,-119.861502,0.161286,43,14
2020-04-06 18:24:05,-119.861502,0.161286,39,14
2020-04-06 18:24:10,-119.861502,0.161286,47,14
2020-04-06 18:24:15,-119.861502,0.161286,39,14
2020-04-06 18:24:20,-119.861502,0.161286,41,14
2020-04-06 18:24:25,-119.861502,0.161286,38,14
2020-04-06 18:24:30,-119.861502,0.161286,44,14
2020-04-06 18:24:35,-119.861502,0.161286,38,14
2020-04-06 18:24:40,-119.861502,0.161286,43,14
2020-04-06 18:24:45,-119.861502,0.161286,41,14
2020-04-06 18:24:50,-119.861502,0.161286,43,14
2020-04-06 18:24:55,-119.861502,0.161286,50,14
2020-04-06 18:25:00,-119.861502,0.161286,43,14
2020-04-06 18:25:05,-119.861502,0.161286,40,14
2020-04-06 18:25:10,-119.861502,0.161286,42,14
2020-04-06 18:25:15,-119.861502,0.161286,42,14
2020-04-06 18:25:20,-119.861502,0.161286,44,14
2020-04-06 18:25:25,-119.861502,0.161286,40,14
2020-04-06 18:25:30,-119.861502,0.161286,43,14
2020-04-06 18:25:35,-119.861502,0.161286,37,14
2020-04-06 18:25:40,-119.861502,0.161286,47,14
2020-04-06 18:25:45,-119.861502,0.161286,41,14
2020-04-06 18:25:50,-119.861502,0.161286,45,14
2020-04-06 18:25:55,-119.861502,0.161286,44,14
2020-04-06 18:26:00,-119.861502,0.161286,37,14
2020-04-06 18:26:05,-119.861502,0.161286,43,14
2020-04-06 18:26:10,-119.861502,0.161286,43,14
2020-04-06 18:26:15,-119.861502,0.161286,45,14
2020-04-06 18:26:20,-119.861502,0.161286,43,14
2020-04-06 18:26:25,-119.861502,0.161286,37,14
2020-04-06 18:26:30,-119.861502,0.161286,47,14
2020-04-06 18:26:35,-119.861502,0.161286,48,14
2020-04-06 18:26:40,-119.861502,0.161286,36,14
2020-04-06 18:26:45,-119.861502,0.161286,47,14
2020-04-06 18:26:50,-119.861502,0.161286,44,14
2020-04-06 18:26:55,-119.861502,0.161286,41,14
2020-04-06 18:27:00,-119.861502,0.161286,38,14
2020-04-06 18:27:05,-119.861502,0.161286,38,14
2020-04-06 18:27:10,-119.861502,0.161286,42,14
2020-04-06 18:27:15,-119.861502,0.161286,35,14
2020-04-06 18:27:20,-119.861502,0.161286,43,14
2020-04-06 18:27:25,-119.861502,0.161286,38,14
2020-04-06 18:27:30,-119.861502,0.161286,45,14
2020-04-06 18:27:35,-119.861502,0.161286,43,14
2020-04-06 18:27:40,-119.861502,0.161286,42,14
2020-04-06 18:27:45,-119.861502,0.161286,42,14
2020-04-06 18:27:50,-119.861502,0.161286,43,14
2020-04-06 18:27:55,-119.861502,0.161286,46,14
2020-04-06 18:28:00,-119.861502,0.161286,46,14
2020-04-06 18:28:05,-119.861502,0.161286,42,14
2020-04-06 18:28:10,-119.861502,0.161286,43,14
2020-04-06 18:28:15,-119.861502,0.161286,39,14
2020-04-06 18:28:20,-119.861502,0.161286,40,14
2020-04-06 18:28:25,-119.861502,0.161286,40,14
2020-04-06 18:28:30,-119.861502,0.161286,43,14
2020-04-06 18:28:35,-119.861502,0.161286,37,14
2020-04-06 18:28:40,-119.861502,0.161286,41,14
2020-04-06 18:28:45,-119.861502,0.161286,37,14
2020-04-06 18:28:50,-119.861502,0.161286,44,14
2020-04-06 18:28:55,-119.861502,0.161286,39,14
2020-04-06 18:29:00,-119.861502,0.161286,42,14
2020-04-06 18:29:05,-119.861502,0.161286,40,14
2020-04-06 18:29:10,-119.861502,0.161286,44,14
2020-04-06 18:29:15,-119.861502,0.161286,41,14
2020-04-06 18:29:20,-119.861502,0.161286,42,14
2020-04-06 18:29:25,-119.861502,0.161286,38,14
2020-04-06 18:29:30,-119.861502,0.161286,42,14
2020-04-06 18:29:35,-119.861502,0.161286,41,14
2020-04-06 18:29:40,-119.861502,0.161286,46,14
2020-04-06 18:29:45,-119.861502,0.161286,38,14
2020-04-06 18:29:50,-119.861502,0.161286,40,14
2020-04-06 18:29:55,-119.861502,0.161286,41,14
2020-04-06 18:30:00,-119.861502,0.161286,44,14
2020-04-06 18:30:05,-119.861502,0.161286,39,14
2020-04-06 18:30:10,-119.861502,0.161286,44,14
2020-04-06 18:30:15,-119.861502,0.161286,45,14
2020-04-06 18:30:20,-119.861502,0.161286,43,14
2020-04-06 18:30:25,-119.861502,0.161286,44,14
2020-04-06 18:30:30,-119.861502,0.161286,43,14
2020-04-06 18:30:35,-119.861502,0.161286,47,14
2020-04-06 18:30:40,-119.861502,0.161286,43,14
2020-04-06 18:30:45,-119.861502,0.161286,39,14
2020-04-06 18:30:50,-119.861502,0.161286,38,14
2020-04-06 18:30:55,-119.861502,0.161286,42,14
2020-04-06 18:31:00,-119.861502,0.161286,36,14
2020-04-06 18:31:05,-119.861502,0.161286,36,14
2020-04-06 18:31:10,-119.861502,0.161286,38,14
2020-04-06 18:31:15,-119.861502,0.161286,39,14
2020-04-06 18:31:20,-119.861502,0.161286,40,14
2020-04-06 18:31:25,-119.861502,0.161286,38,14
2020-04-06 18:31:30,-119.861502,0.161286,50,14
2020-04-06 18:31:35,-119.861502,0.161286,37,14
2020-04-06 18:31:40,-119.861502,0.161286,39,14
2020-04-06 18:31:45,-119.861502,0.161286,38,14
2020-04-06 18:31:50,-119.861502,0.161286,41,14
2020-04-06 18:31:55,-119.861502,0.161286,41,14
2020-04-06 18:32:00,-119.861502,0.161286,39,14
2020-04-06 18:32:05,-119.861502,0.161286,41,14
2020-04-06 18:32:10,-119.861502,0.161286,41,14
2020-04-06 18:32:15,-119.861502,0.161286,42,14
2020-04-06 18:32:20,-119.861502,0.161286,42,14
2020-04-06 18:32:25,-119.861502,0.161286,40,14
2020-04-06 18:32:30,-119.861502,0.161286,38,14
2020-04-06 18:32:35,-119.861502,0.161286,42,14
2020-04-06 18:32:40,-119.861502,0.161286,39,14
2020-04-06 18:32:45,-119.861502,0.161286,40,14
2020-04-06 18:32:50,-119.861502,0.161286,43,14
2020-04-06 18:32:55,-119.861502,0.161286,37,14
2020-04-06 18:33:00,-119.861502,0.161286,44,14
2020-04-06 18:33:05,-119.861502,0.161286,43,14
2020-04-06 18:33:10,-119.861502,0.161286,42,14
2020-04-06 18:33:15,-119.861502,0.161286,46,14
2020-04-06 18:33:20,-119.861502,0.161286,40,14
2020-04-06 18:33:25,-119.861502,0.161286,36,14
2020-04-06 18:33:30,-119.861502,0.161286,41,14
2020-04-06 18:33:35,-119.861502,0.161286,43,14
2020-04-06 18:33:40,-119.861502,0.161286,40,14
2020-04-06 18:33:45,-119.861502,0.161286,43,14
2020-04-06 18:33:50,-119.861502,0.161286,40,14
2020-04-06 18:33:55,-119.861502,0.161286,43,14
2020-04-06 18:34:00,-119.861502,0.161286,41,14
2020-04-06 18:34:05,-119.861502,0.161286,42,14
2020-04-06 18:34:10,-119.861502,0.161286,43,14
2020-04-06 18:34:15,-119.861502,0.161286,38,14
2020-04-06 18:34:20,-119.861502,0.161286,49,14
2020-04-06 18:34:25,-119.861502,0.161286,41,14
2020-04-06 18:34:30,-119.861502,0.161286,44,14
2020-04-06 18:34:35,-119.861502,0.161286,42,14
2020-04-06 18:34:40,-119.861502,0.161286,40,14
2020-04-06 18:34:45,-119.861502,0.161286,40,14
2020-04-06 18:34:50,-119.861502,0.161286,46,14
2020-04-06 18:34:55,-119.861502,0.161286,40,14
2020-04-06 18:35:00,-119.861502,0.161286,43,14
2020-04-06 18:35:05,-119.861502,0.161286,38,14
2020-04-06 18:35:10,-119.861502,0.161286,46,14
2020-04-06 18:35:15,-119.861502,0.161286,40,14
2020-04-06 18:35:20,-119.861502,0.161286,43,14
2020-04-06 18:35:25,-119.861502,0.161286,46,14
2020-04-06 18:35:30,-119.861502,0.161286,42,14
2020-04-06 18:35:35,-119.861502,0.161286,43,14
2020-04-06 18:35:40,-119.861502,0.161286,42,14
2020-04-06 18:35:45,-119.861502,0.161286,47,14
2020-04-06 18:35:50,-119.861502,0.161286,46,14
2020-04-06 18:35:55,-119.861502,0.161286,42,14
2020-04-06 18:36:00,-119.861502,0.161286,42,14
2020-04-06 18:36:05,-119.861502,0.161286,40,14
2020-04-06 18:36:10,-119.861502,0.161286,39,14
2020-04-06 18:36:15,-119.861502,0.161286,32,14
2020-04-06 18:36:20,-119.861502,0.161286,42,14
2020-04-06 18:36:25,-119.861502,0.161286,39,14
2020-04-06 18:36:30,-119.861502,0.161286,38,14
2020-04-06 18:36:35,-119.861502,0.161286,42,14
2020-04-06 18:36:40,-119.861502,0.161286,39,14
2020-04-06 18:36:45,-119.861502,0.161286,44,14
2020-04-06 18:36:50,-119.861502,0.161286,40,14
2020-04-06 18:36:55,-119.861502,0.161286,44,14
2020-04-06 18:37:00,-119.861502,0.161286,44,14
2020-04-06 18:37:05,-119.861502,0.161286,42,14
2020-04-06 18:37:10,-119.861502,0.161286,40,14
2020-04-06 18:37:15,-119.861502,0.161286,41,14
2020-04-06 18:37:20,-119.861502,0.161286,36,14
2020-04-06 18:37:25,-119.861502,0.161286,40,14
2020-04-06 18:37:30,-119.861502,0.161286,42,14
2020-04-06 18:37:35,-119.861502,0.161286,36,14
2020-04-06 18:37:40,-119.861502,0.161286,38,14
2020-04-06 18:37:45,-119.861502,0.161286,43,14
2020-04-06 18:37:50,-119.861502,0.161286,41,14
2020-04-06 18:37:55,-119.861502,0.161286,37,14
2020-04-06 18:38:00,-119.861502,0.161286,44,14
2020-04-06 18:38:05,-119.861502,0.161286,40,14
2020-04-06 18:38:10,-119.861502,0.161286,43,14
2020-04-06 18:38:15,-119.861502,0.161286,44,14
2020-04-06 18:38:20,-119.861502,0.161286,45,14
2020-04-06 18:38:25,-119.861502,0.161286,39,14
2020-04-06 18:38:30,-119.861502,0.161286,44,14
2020-04-06 18:38:35,-119.861502,0.161286,40,14
2020-04-06 18:38:40,-119.861502,0.161286,40,14
2020-04-06 18:38:45,-119.861502,0.161286,44,14
2020-04-06 18:38:50,-119.861502,0.161286,48,14
2020-04-06 18:38:55,-119.861502,0.161286,41,14
2020-04-06 18:39:00,-119.861502,0.161286,42,14
2020-04-06 18:39:05,-119.861502,0.161286,42,14
2020-04-06 18:39:10,-119.861502,0.161286,42,14
2020-04-06 18:39:15,-119.861502,0.161286,46,14
2020-04-06 18:39:20,-119.861502,0.161286,46,14
2020-04-06 18:39:25,-119.861502,0.161286,44,14
2020-04-06 18:39:30,-119.861502,0.161286,41,14
2020-04-06 18:39:35,-119.861502,0.161286,42,14
2020-04-06 18:39:40,-119.861502,0.161286,40,14
2020-04-06 18:39:45,-119.861502,0.161286,42,14
2020-04-06 18:39:50,-119.861502,0.161286,40,14
2020-04-06 18:39:55,-119.861502,0.161286,39,14
2020-04-06 18:40:00,-119.861502,0.161286,42,14
2020-04-06 18:40:05,-119.861502,0.161286,41,14
2020-04-06 18:40:10,-119.861502,0.161286,47,14
2020-04-06 18:40:15,-119.861502,0.161286,36,14
2020-04-06 18:40:20,-119.861502,0.161286,41,14
2020-04-06 18:40:25,-119.861502,0.161286,41,14
2020-04-06 18:40:30,-119.861502,0.161286,42,14
2020-04-06 18:40:35,-119.861502,0.161286,44,14
2020-04-06 18:40:40,-119.861502,0.161286,41,14
2020-04-06 18:40:45,-119.861502,0.161286,43,14
2020-04-06 18:40:50,-119.861502,0.161286,39,14
2020-04-06 18:40:55,-119.861502,0.161286,43,14
2020-04-06 18:41:00,-119.861502,0.161286,46,14
2020-04-06 18:41:05,-119.861502,0.161286,38,14
2020-04-06 18:41:10,-119.861502,0.161286,41,14
2020-04-06 18:41:15,-119.861502,0.161286,43,14
2020-04-06 18:41:20,-119.861502,0.161286,41,14
2020-04-06 18:41:25,-119.861502,0.161286,47,14
2020-04-06 18:41:30,-119.861502,0.161286,45,14
2020-04-06 18:41:35,-119.861502,0.161286,44,14
2020-04-06 18:41:40,-119.861502,0.161286,41,14
2020-04-06 18:41:45,-119.861502,0.161286,43,14
2020-04-06 18:41:50,-119.861502,0.161286,36,14
2020-04-06 18:41:55,-119.861502,0.161286,47,14
2020-04-06 18:42:00,-119.861502,0.161286,39,14
2020-04-06 18:42:05,-119.861502,0.161286,43,14
2020-04-06 18:42:10,-119.861502,0.161286,41,14
2020-04-06 18:42:15,-119.861502,0.161286,41,14
2020-04-06 18:42:20,-119.861502,0.161286,41,14
2020-04-06 18:42:25,-119.861502,0.161286,39,14
2020-04-06 18:42:30,-119.861502,0.161286,39,14
2020-04-06 18:42:35,-119.861502,0.161286,42,14
2020-04-06 18:42:40,-119.861502,0.161286,46,14
2020-04-06 18:42:45,-119.861502,0.161286,38,14
2020-04-06 18:42:50,-119.861502,0.161286,39,14
2020-04-06 18:42:55,-119.861502,0.161286,42,14
2020-04-06 18:43:00,-119.861502,0.161286,47,14
2020-04-06 18:43:05,-119.861502,0.161286,40,14
2020-04-06 18:43:10,-119.861502,0.161286,41,14
2020-04-06 18:43:15,-119.861502,0.161286,40,14
2020-04-06 18:43:20,-119.861502,0.161286,41,14
2020-04-06 18:43:25,-119.861502,0.161286,37,14
2020-04-06 18:43:30,-119.861502,0.161286,38,14
2020-04-06 18:43:35,-119.861502,0.161286,41,14
2020-04-06 18:43:40,-119.861502,0.161286,38,14
2020-04-06 18:43:45,-119.861502,0.161286,45,14
2020-04-06 18:43:50,-119.861502,0.161286,44,14
2020-04-06 18:43:55,-119.861502,0.161286,44,14
2020-04-06 18:44:00,-119.861502,0.161286,40,14
2020-04-06 18:44:05,-119.861502,0.161286,38,14
2020-04-06 18:44:10,-119.861502,0.161286,42,14
2020-04-06 18:44:15,-119.861502,0.161286,46,14
2020-04-06 18:44:20,-119.861502,0.161286,47,14
2020-04-06 18:44:25,-119.861502,0.161286,36,14
2020-04-06 18:44:30,-119.861502,0.161286,45,14
2020-04-06 18:44:35,-119.861502,0.161286,40,14
2020-04-06 18:44:40,-119.861502,0.161286,45,14
2020-04-06 18:44:45,-119.861502,0.161286,35,14
2020-04-06 18:44:50,-119.861502,0.161286,43,14
2020-04-06 18:44:55,-119.861502,0.161286,38,14
2020-04-06 18:45:00,-119.861502,0.161286,45,14
2020-04-06 18:45:05,-119.861502,0.161286,46,14
2020-04-06 18:45:10,-119.861502,0.161286,39,14
2020-04-06 18:45:15,-119.861502,0.161286,45,14
2020-04-06 18:45:20,-119.861502,0.161286,42,14
2020-04-06 18:45:25,-119.861502,0.161286,37,14
2020-04-06 18:45:30,-119.861502,0.161286,39,14
2020-04-06 18:45:35,-119.861502,0.161286,44,14
2020-04-06 18:45:40,-119.861502,0.161286,43,14
2020-04-06 18:45:45,-119.861502,0.161286,44,14
2020-04-06 18:45:50,-119.861502,0.161286,40,14
2020-04-06 18:45:55,-119.861502,0.161286,41,14
2020-04-06 18:46:00,-119.861502,0.161286,40,14
2020-04-06 18:46:05,-119.861502,0.161286,38,14
2020-04-06 18:46:10,-119.861502,0.161286,43,14
2020-04-06 18:46:15,-119.861502,0.161286,42,14
2020-04-06 18:46:20,-119.861502,0.161286,38,14
2020-04-06 18:46:25,-119.861502,0.161286,46,14
2020-04-06 18:46:30,-119.861502,0.161286,41,14
2020-04-06 18:46:35,-119.861502,0.161286,44,14
2020-04-06 18:46:40,-119.861502,0.161286,40,14
2020-04-06 18:46:45,-119.861502,0.161286,42,14
2020-04-06 18:46:50,-119.861502,0.161286,38,14
2020-04-06 18:46:55,-119.861502,0.161286,36,14
2020-04-06 18:47:00,-119.861502,0.161286,39,14
2020-04-06 18:47:05,-119.861502,0.161286,40,14
2020-04-06 18:47:10,-119.861502,0.161286,44,14
2020-04-06 18:47:15,-119.861502,0.161286,40,14
2020-04-06 18:47:20,-119.861502,0.161286,41,14
2020-04-06 18:47:25,-119.861502,0.161286,42,14
2020-04-06 18:47:30,-119.861502,0.161286,40,14
2020-04-06 18:47:35,-119.861502,0.161286,39,14
2020-04-06 18:47:40,-119.861502,0.161286,41,14
2020-04-06 18:47:45,-119.861502,0.161286,40,14
2020-04-06 18:47:50,-119.861502,0.161286,41,14
2020-04-06 18:47:55,-119.861502,0.161286,46,14
2020-04-06 18:48:00,-119.861502,0.161286,41,14
2020-04-06 18:48:05,-119.861502,0.161286,42,14
2020-04-06 18:48:10,-119.861502,0.161286,39,14
2020-04-06 18:48:15,-119.861502,0.161286,46,14
2020-04-06 18:48:20,-119.861502,0.161286,46,14
2020-04-06 18:48:25,-119.861502,0.161286,41,14
2020-04-06 18:48:30,-119.861502,0.161286,42,14
2020-04-06 18:48:35,-119.861502,0.161286,41,14
2020-04-06 18:48:40,-119.861502,0.161286,46,14
2020-04-06 18:48:45,-119.861502,0.161286,49,14
2020-04-06 18:48:50,-119.861502,0.161286,44,14
2020-04-06 18:48:55,-119.861502,0.161286,41,14
2020-04-06 18:49:00,-119.861502,0.161286,39,14
2020-04-06 18:49:05,-119.861502,0.161286,49,14
2020-04-06 18:49:10,-119.861502,0.161286,41,14
2020-04-06 18:49:15,-119.861502,0.161286,43,14
2020-04-06 18:49:20,-119.861502,0.161286,37,14
2020-04-06 18:49:25,-119.861502,0.161286,40,14
2020-04-06 18:49:30,-119.861502,0.161286,38,14
2020-04-06 18:49:35,-119.861502,0.161286,41,14
2020-04-06 18:49:40,-119.861502,0.161286,41,14
2020-04-06 18:49:45,-119.861502,0.161286,35,14
2020-04-06 18:49:50,-119.861502,0.161286,41,14
2020-04-06 18:49:55,-119.861502,0.161286,40,14
2020-04-06 18:50:00,-119.861502,0.161286,41,14
2020-04-06 18:50:05,-119.861502,0.161286,42,14
2020-04-06 18:50:10,-119.861502,0.161286,42,14
2020-04-06 18:50:15,-119.861502,0.161286,40,14
2020-04-06 18:50:20,-119.861502,0.161286,39,14
2020-04-06 18:50:25,-119.861502,0.161286,44,14
2020-04-06 18:50:30,-119.861502,0.161286,43,14
2020-04-06 18:50:35,-119.861502,0.161286,41,14
2020-04-06 18:50:40,-119.861502,0.161286,43,14
2020-04-06 18:50:45,-119.861502,0.161286,37,14
2020-04-06 18:50:50,-119.861502,0.161286,37,14
2020-04-06 18:50:55,-119.861502,0.161286,39,14
2020-04-06 18:51:00,-119.861502,0.161286,39,14
2020-04-06 18:51:05,-119.861502,0.161286,42,14
2020-04-06 18:51:10,-119.861502,0.161286,34,14
2020-04-06 18:51:15,-119.861502,0.161286,45,14
2020-04-06 18:51:20,-119.861502,0.161286,44,14
2020-04-06 18:51:25,-119.861502,0.161286,40,14
2020-04-06 18:51:30,-119.861502,0.161286,44,14
2020-04-06 18:51:35,-119.861502,0.161286,40,14
2020-04-06 18:51:40,-119.861502,0.161286,41,14
2020-04-06 18:51:45,-119.861502,0.161286,40,14
2020-04-06 18:51:50,-119.861502,0.161286,42,14
2020-04-06 18:51:55,-119.861502,0.161286,41,14
2020-04-06 18:52:00,-119.861502,0.161286,40,14
2020-04-06 18:52:05,-119.861502,0.161286,37,14
2020-04-06 18:52:10,-119.861502,0.161286,42,14
2020-04-06 18:52:15,-119.861502,0.161286,37,14
2020-04-06 18:52:20,-119.861502,0.161286,42,14
2020-04-06 18:52:25,-119.861502,0.161286,41,14
2020-04-06 18:52:30,-119.861502,0.161286,40,14
2020-04-06 18:52:35,-119.861502,0.161286,37,14
2020-04-06 18:52:40,-119.861502,0.161286,41,14
2020-04-06 18:52:45,-119.861502,0.161286,43,14
2020-04-06 18:52:50,-119.861502,0.161286,44,14
2020-04-06 18:52:55,-119.861502,0.161286,40,14
2020-04-06 18:53:00,-119.861502,0.161286,49,14
2020-04-06 18:53:05,-119.861502,0.161286,45,14
2020-04-06 18:53:10,-119.861502,0.161286,41,14
2020-04-06 18:53:15,-119.861502,0.161286,38,14
2020-04-06 18:53:20,-119.861502,0.161286,43,14
2020-04-06 18:53:25,-119.861502,0.161286,41,14
2020-04-06 18:53:30,-119.861502,0.161286,38,14
2020-04-06 18:53:35,-119.861502,0.161286,39,14
2020-04-06 18:53:40,-119.861502,0.161286,38,14
2020-04-06 18:53:45,-119.861502,0.161286,40,14
2020-04-06 18:53:50,-119.861502,0.161286,42,14
2020-04-06 18:53:55,-119.861502,0.161286,48,14
2020-04-06 18:54:00,-119.861502,0.161286,45,14
2020-04-06 18:54:05,-119.861502,0.161286,42,14
2020-04-06 18:54:10,-119.861502,0.161286,49,14
2020-04-06 18:54:15,-119.861502,0.161286,40,14
2020-04-06 18:54:20,-119.861502,0.161286,47,14
2020-04-06 18:54:25,-119.861502,0.161286,44,14
2020-04-06 18:54:30,-119.861502,0.161286,39,14
2020-04-06 18:54:35,-119.861502,0.161286,47,14
2020-04-06 18:54:40,-119.861502,0.161286,43,14
2020-04-06 18:54:45,-119.861502,0.161286,39,14
2020-04-06 18:54:50,-119.861502,0.161286,44,14
2020-04-06 18:54:55,-119.861502,0.161286,43,14
2020-04-06 18:55:00,-119.861502,0.161286,42,14
2020-04-06 18:55:05,-119.861502,0.161286,39,14
2020-04-06 18:55:10,-119.861502,0.161286,38,14
2020-04-06 18:55:15,-119.861502,0.161286,42,14
2020-04-06 18:55:20,-119.861502,0.161286,45,14
2020-04-06 18:55:25,-119.861502,0.161286,43,14
2020-04-06 18:55:30,-119.861502,0.161286,42,14
2020-04-06 18:55:35,-119.861502,0.161286,45,14
2020-04-06 18:55:40,-119.861502,0.161286,47,14
2020-04-06 18:55:45,-119.861502,0.161286,39,14
2020-04-06 18:55:50,-119.861502,0.161286,42,14
2020-04-06 18:55:55,-119.861502,0.161286,37,14
2020-04-06 18:56:00,-119.861502,0.161286,44,14
2020-04-06 18:56:05,-119.861502,0.161286,44,14
2020-04-06 18:56:10,-119.861502,0.161286,45,14
2020-04-06 18:56:15,-119.861502,0.161286,45,14
2020-04-06 18:56:20,-119.861502,0.161286,45,14
2020-04-06 18:56:25,-119.861502,0.161286,41,14
2020-04-06 18:56:30,-119.861502,0.161286,41,14
2020-04-06 18:56:35,-119.861502,0.161286,35,14
2020-04-06 18:56:40,-119.861502,0.161286,40,14
2020-04-06 18:56:45,-119.861502,0.161286,41,14
2020-04-06 18:56:50,-119.861502,0.161286,36,14
2020-04-06 18:56:55,-119.861502,0.161286,42,14
2020-04-06 18:57:00,-119.861502,0.161286,45,14
2020-04-06 18:57:05,-119.861502,0.161286,41,14
2020-04-06 18:57:10,-119.861502,0.161286,42,14
2020-04-06 18:57:15,-119.861502,0.161286,45,14
2020-04-06 18:57:20,-119.861502,0.161286,41,14
2020-04-06 18:57:25,-119.861502,0.161286,43,14
2020-04-06 18:57:30,-119.861502,0.161286,40,14
2020-04-06 18:57:35,-119.861502,0.161286,46,14
2020-04-06 18:57:40,-119.861502,0.161286,47,14
2020-04-06 18:57:45,-119.861502,0.161286,42,14
2020-04-06 18:57:50,-119.861502,0.161286,37,14
2020-04-06 18:57:55,-119.861502,0.161286,41,14
2020-04-06 18:58:00,-119.861502,0.161286,44,14
2020-04-06 18:58:05,-119.861502,0.161286,39,14
2020-04-06 18:58:10,-119.861502,0.161286,39,14
2020-04-06 18:58:15,-119.861502,0.161286,45,14
2020-04-06 18:58:20,-119.861502,0.161286,44,14
2020-04-06 18:58:25,-119.861502,0.161286,44,14
2020-04-06 18:58:30,-119.861502,0.161286,39,14
2020-04-06 18:58:35,-119.861502,0.161286,38,14
2020-04-06 18:58:40,-119.861502,0.161286,37,14
2020-04-06 18:58:45,-119.861502,0.161286,36,14
2020-04-06 18:58:50,-119.861502,0.161286,41,14
2020-04-06 18:58:55,-119.861502,0.161286,42,14
2020-04-06 18:59:00,-119.861502,0.161286,39,14
2020-04-06 18:59:05,-119.861502,0.161286,42,14
2020-04-06 18:59:10,-119.861502,0.161286,42,14
2020-04-06 18:59:15,-119.861502,0.161286,41,14
2020-04-06 18:59:20,-119.861502,0.161286,41,14
2020-04-06 18:59:25,-119.861502,0.161286,42,14
2020-04-06 18:59:30,-119.861502,0.161286,39,14
2020-04-06 18:59:35,-119.861502,0.161286,40,14
2020-04-06 18:59:40,-119.861502,0.161286,37,14
2020-04-06 18:59:45,-119.861502,0.161286,37,14
2020-04-06 18:59:50,-119.861502,0.161286,40,14
2020-04-06 18:59:55,-119.861502,0.161286,36,14
2020-04-06 19:00:00,-119.861502,0.161286,42,14
2020-04-06 19:00:05,-119.861502,0.161286,43,14
2020-04-06 19:00:10,-119.861502,0.161286,39,14
2020-04-06 19:00:15,-119.861502,0.161286,41,14
2020-04-06 19:00:20,-119.861502,0.161286,37,14
2020-04-06 19:00:25,-119.861502,0.161286,43,14
2020-04-06 19:00:30,-119.861502,0.161286,43,14
2020-04-06 19:00:35,-119.861502,0.161286,39,14
2020-04-06 19:00:40,-119.861502,0.161286,36,14
2020-04-06 19:00:45,-119.861502,0.161286,43,14
2020-04-06 19:00:50,-119.861502,0.161286,41,14
2020-04-06 19:00:55,-119.861502,0.161286,37,14
2020-04-06 19:01:00,-119.861502,0.161286,40,14
2020-04-06 19:01:05,-119.861502,0.161286,44,14
2020-04-06 19:01:10,-119.861502,0.161286,37,14
2020-04-06 19:01:15,-119.861502,0.161286,38,14
2020-04-06 19:01:20,-119.861502,0.161286,45,14
2020-04-06 19:01:25,-119.861502,0.161286,40,14
2020-04-06 19:01:30,-119.861502,0.161286,46,14
2020-04-06 19:01:35,-119.861502,0.161286,41,14
2020-04-06 19:01:40,-119.861502,0.161286,43,14
2020-04-06 19:01:45,-119.861502,0.161286,40,14
2020-04-06 19:01:50,-119.861502,0.161286,48,14
2020-04-06 19:01:55,-119.861502,0.161286,39,14
2020-04-06 19:02:00,-119.861502,0.161286,38,14
2020-04-06 19:02:05,-119.861502,0.161286,43,14
2020-04-06 19:02:10,-119.861502,0.161286,43,14
2020-04-06 19:02:15,-119.861502,0.161286,33,14
2020-04-06 19:02:20,-119.861502,0.161286,42,14
2020-04-06 19:02:25,-119.861502,0.161286,36,14
2020-04-06 19:02:30,-119.861502,0.161286,40,14
2020-04-06 19:02:35,-119.861502,0.161286,38,14
2020-04-06 19:02:40,-119.861502,0.161286,39,14
2020-04-06 19:02:45,-119.861502,0.161286,38,14
2020-04-06 19:02:50,-119.861502,0.161286,36,14
2020-04-06 19:02:55,-119.861502,0.161286,39,14
2020-04-06 19:03:00,-119.861502,0.161286,37,14
2020-04-06 19:03:05,-119.861502,0.161286,39,14
2020-04-06 19:03:10,-119.861502,0.161286,38,14
2020-04-06 19:03:15,-119.861502,0.161286,42,14
2020-04-06 19:03:20,-119.861502,0.161286,44,14
2020-04-06 19:03:25,-119.861502,0.161286,41,14
2020-04-06 19:03:30,-119.861502,0.161286,40,14
2020-04-06 19:03:35,-119.861502,0.161286,42,14
2020-04-06 19:03:40,-119.861502,0.161286,42,14
2020-04-06 19:03:45,-119.861502,0.161286,34,14
2020-04-06 19:03:50,-119.861502,0.161286,36,14
2020-04-06 19:03:55,-119.861502,0.161286,44,14
2020-04-06 19:04:00,-119.861502,0.161286,44,14
2020-04-06 19:04:05,-119.861502,0.161286,40,14
2020-04-06 19:04:10,-119.861502,0.161286,42,14
2020-04-06 19:04:15,-119.861502,0.161286,41,14
2020-04-06 19:04:20,-119.861502,0.161286,42,14
2020-04-06 19:04:25,-119.861502,0.161286,44,14
2020-04-06 19:04:30,-119.861502,0.161286,38,14
2020-04-06 19:04:35,-119.861502,0.161286,45,14
2020-04-06 19:04:40,-119.861502,0.161286,42,14
2020-04-06 19:04:45,-119.861502,0.161286,43,14
2020-04-06 19:04:50,-119.861502,0.161286,35,14
2020-04-06 19:04:55,-119.861502,0.161286,32,14
2020-04-06 19:05:00,-119.861502,0.161286,41,14
2020-04-06 19:05:05,-119.861502,0.161286,38,14
2020-04-06 19:05:10,-119.861502,0.161286,42,14
2020-04-06 19:05:15,-119.861502,0.161286,39,14
2020-04-06 19:05:20,-119.861502,0.161286,40,14
2020-04-06 19:05:25,-119.861502,0.161286,43,14
2020-04-06 19:05:30,-119.861502,0.161286,38,14
2020-04-06 19:05:35,-119.861502,0.161286,35,14
2020-04-06 19:05:40,-119.861502,0.161286,41,14
2020-04-06 19:05:45,-119.861502,0.161286,41,14
2020-04-06 19:05:50,-119.861502,0.161286,36,14
2020-04-06 19:05:55,-119.861502,0.161286,40,14
2020-04-06 19:06:00,-119.861502,0.161286,37,14
2020-04-06 19:06:05,-119.861502,0.161286,40,14
2020-04-06 19:06:10,-119.861502,0.161286,41,14
2020-04-06 19:06:15,-119.861502,0.161286,44,14
2020-04-06 19:06:20,-119.861502,0.161286,40,14
2020-04-06 19:06:25,-119.861502,0.161286,43,14
2020-04-06 19:06:30,-119.861502,0.161286,44,14
2020-04-06 19:06:35,-119.861502,0.161286,42,14
2020-04-06 19:06:40,-119.861502,0.161286,40,14
2020-04-06 19:06:45,-119.861502,0.161286,40,14
2020-04-06 19:06:50,-119.861502,0.161286,38,14
2020-04-06 19:06:55,-119.861502,0.161286,37,14
2020-04-06 19:07:00,-119.861502,0.161286,35,14
2020-04-06 19:07:05,-119.861502,0.161286,41,14
2020-04-06 19:07:10,-119.861502,0.161286,41,14
2020-04-06 19:07:15,-119.861502,0.161286,42,14
2020-04-06 19:07:20,-119.861502,0.161286,40,14
2020-04-06 19:07:25,-119.861502,0.161286,36,14
2020-04-06 19:07:30,-119.861502,0.161286,48,14
2020-04-06 19:07:35,-119.861502,0.161286,39,14
2020-04-06 19:07:40,-119.861502,0.161286,36,14
2020-04-06 19:07:45,-119.861502,0.161286,41,14
2020-04-06 19:07:50,-119.861502,0.161286,44,14
2020-04-06 19:07:55,-119.861502,0.161286,34,14
2020-04-06 19:08:00,-119.861502,0.161286,41,14
2020-04-06 19:08:05,-119.861502,0.161286,34,14
2020-04-06 19:08:10,-119.861502,0.161286,41,14
2020-04-06 19:08:15,-119.861502,0.161286,33,14
2020-04-06 19:08:20,-119.861502,0.161286,36,14
2020-04-06 19:08:25,-119.861502,0.161286,33,14
2020-04-06 19:08:30,-119.861502,0.161286,39,14
2020-04-06 19:08:35,-119.861502,0.161286,36,14
2020-04-06 19:08:40,-119.861502,0.161286,43,14
2020-04-06 19:08:45,-119.861502,0.161286,38,14
2020-04-06 19:08:50,-119.861502,0.161286,45,14
2020-04-06 19:08:55,-119.861502,0.161286,40,14
2020-04-06 19:09:00,-119.861502,0.161286,41,14
2020-04-06 19:09:05,-119.861502,0.161286,41,14
2020-04-06 19:09:10,-119.861502,0.161286,40,14
2020-04-06 19:09:15,-119.861502,0.161286,44,14
2020-04-06 19:09:20,-119.861502,0.161286,41,14
2020-04-06 19:09:25,-119.861502,0.161286,42,14
2020-04-06 19:09:30,-119.861502,0.161286,37,14
2020-04-06 19:09:35,-119.861502,0.161286,43,14
2020-04-06 19:09:40,-119.861502,0.161286,42,14
2020-04-06 19:09:45,-119.861502,0.161286,40,14
2020-04-06 19:09:50,-119.861502,0.161286,40,14
2020-04-06 19:09:55,-119.861502,0.161286,40,14
2020-04-06 19:10:00,-119.861502,0.161286,39,14
2020-04-06 19:10:05,-119.861502,0.161286,34,14
2020-04-06 19:10:10,-119.861502,0.161286,48,14
2020-04-06 19:10:15,-119.861502,0.161286,40,14
2020-04-06 19:10:20,-119.861502,0.161286,43,14
2020-04-06 19:10:25,-119.861502,0.161286,37,14
2020-04-06 19:10:30,-119.861502,0.161286,43,14
2020-04-06 19:10:35,-119.861502,0.161286,44,14
2020-04-06 19:10:40,-119.861502,0.161286,40,14
2020-04-06 19:10:45,-119.861502,0.161286,43,14
2020-04-06 19:10:50,-119.861502,0.161286,38,14
2020-04-06 19:10:55,-119.861502,0.161286,43,14
2020-04-06 19:11:00,-119.861502,0.161286,40,14
2020-04-06 19:11:05,-119.861502,0.161286,39,14
2020-04-06 19:11:10,-119.861502,0.161286,41,14
2020-04-06 19:11:15,-119.861502,0.161286,41,14
2020-04-06 19:11:20,-119.861502,0.161286,37,14
2020-04-06 19:11:25,-119.861502,0.161286,44,14
2020-04-06 19:11:30,-119.861502,0.161286,39,14
2020-04-06 19:11:35,-119.861502,0.161286,39,14
2020-04-06 19:11:40,-119.861502,0.161286,42,14
2020-04-06 19:11:45,-119.861502,0.161286,41,14
2020-04-06 19:11:50,-119.861502,0.161286,42,14
2020-04-06 19:11:55,-119.861502,0.161286,39,14
2020-04-06 19:12:00,-119.861502,0.161286,39,14
2020-04-06 19:12:05,-119.861502,0.161286,40,14
2020-04-06 19:12:10,-119.861502,0.161286,39,14
2020-04-06 19:12:15,-119.861502,0.161286,39,14
2020-04-06 19:12:20,-119.861502,0.161286,40,14
2020-04-06 19:12:25,-119.861502,0.161286,40,14
2020-04-06 19:12:30,-119.861502,0.161286,41,14
2020-04-06 19:12:35,-119.861502,0.161286,51,14
2020-04-06 19:12:40,-119.861502,0.161286,37,14
2020-04-06 19:12:45,-119.861502,0.161286,41,14
2020-04-06 19:12:50,-119.861502,0.161286,45,14
2020-04-06 19:12:55,-119.861502,0.161286,41,14
2020-04-06 19:13:00,-119.861502,0.161286,41,14
2020-04-06 19:13:05,-119.861502,0.161286,41,14
2020-04-06 19:13:10,-119.861502,0.161286,36,14
2020-04-06 19:13:15,-119.861502,0.161286,42,14
2020-04-06 19:13:20,-119.861502,0.161286,40,14
2020-04-06 19:13:25,-119.861502,0.161286,39,14
2020-04-06 19:13:30,-119.861502,0.161286,38,14
2020-04-06 19:13:35,-119.861502,0.161286,38,14
2020-04-06 19:13:40,-119.861502,0.161286,40,14
2020-04-06 19:13:45,-119.861502,0.161286,39,14
2020-04-06 19:13:50,-119.861502,0.161286,43,14
2020-04-06 19:13:55,-119.861502,0.161286,47,14
2020-04-06 19:14:00,-119.861502,0.161286,41,14
2020-04-06 19:14:05,-119.861502,0.161286,43,14
2020-04-06 19:14:10,-119.861502,0.161286,41,14
2020-04-06 19:14:15,-119.861502,0.161286,44,14
2020-04-06 19:14:20,-119.861502,0.161286,42,14
2020-04-06 19:14:25,-119.861502,0.161286,39,14
2020-04-06 19:14:30,-119.861502,0.161286,37,14
2020-04-06 19:14:35,-119.861502,0.161286,40,14
2020-04-06 19:14:40,-119.861502,0.161286,45,14
2020-04-06 19:14:45,-119.861502,0.161286,40,14
2020-04-06 19:14:50,-119.861502,0.161286,42,14
2020-04-06 19:14:55,-119.861502,0.161286,41,14
2020-04-06 19:15:00,-119.861502,0.161286,39,14
2020-04-06 19:15:05,-119.861502,0.161286,43,14
2020-04-06 19:15:10,-119.861502,0.161286,40,14
2020-04-06 19:15:15,-119.861502,0.161286,44,14
2020-04-06 19:15:20,-119.861502,0.161286,38,14
2020-04-06 19:15:25,-119.861502,0.161286,39,14
2020-04-06 19:15:30,-119.861502,0.161286,39,14
2020-04-06 19:15:35,-119.861502,0.161286,43,14
2020-04-06 19:15:40,-119.861502,0.161286,40,14
2020-04-06 19:15:45,-119.861502,0.161286,40,14
2020-04-06 19:15:50,-119.861502,0.161286,42,14
2020-04-06 19:15:55,-119.861502,0.161286,44,14
2020-04-06 19:16:00,-119.861502,0.161286,45,14
2020-04-06 19:16:05,-119.861502,0.161286,45,14
2020-04-06 19:16:10,-119.861502,0.161286,41,14
2020-04-06 19:16:15,-119.861502,0.161286,40,14
2020-04-06 19:16:20,-119.861502,0.161286,39,14
2020-04-06 19:16:25,-119.861502,0.161286,43,14
2020-04-06 19:16:30,-119.861502,0.161286,37,14
2020-04-06 19:16:35,-119.861502,0.161286,41,14
2020-04-06 19:16:40,-119.861502,0.161286,37,14
2020-04-06 19:16:45,-119.861502,0.161286,43,14
2020-04-06 19:16:50,-119.861502,0.161286,46,14
2020-04-06 19:16:55,-119.861502,0.161286,48,14
2020-04-06 19:17:00,-119.861502,0.161286,45,14
2020-04-06 19:17:05,-119.861502,0.161286,34,14
2020-04-06 19:17:10,-119.861502,0.161286,39,14
2020-04-06 19:17:15,-119.861502,0.161286,42,14
2020-04-06 19:17:20,-119.861502,0.161286,42,14
2020-04-06 19:17:25,-119.861502,0.161286,44,14
2020-04-06 19:17:30,-119.861502,0.161286,43,14
2020-04-06 19:17:35,-119.861502,0.161286,40,14
2020-04-06 19:17:40,-119.861502,0.161286,42,14
2020-04-06 19:17:45,-119.861502,0.161286,37,14
2020-04-06 19:17:50,-119.861502,0.161286,44,14
2020-04-06 19:17:55,-119.861502,0.161286,36,14
2020-04-06 19:18:00,-119.861502,0.161286,41,14
2020-04-06 19:18:05,-119.861502,0.161286,44,14
2020-04-06 19:18:10,-119.861502,0.161286,46,14
2020-04-06 19:18:15,-119.861502,0.161286,37,14
2020-04-06 19:18:20,-119.861502,0.161286,38,14
2020-04-06 19:18:25,-119.861502,0.161286,42,14
2020-04-06 19:18:30,-119.861502,0.161286,47,14
2020-04-06 19:18:35,-119.861502,0.161286,42,14
2020-04-06 19:18:40,-119.861502,0.161286,44,14
2020-04-06 19:18:45,-119.861502,0.161286,48,14
2020-04-06 19:18:50,-119.861502,0.161286,40,14
2020-04-06 19:18:55,-119.861502,0.161286,42,14
2020-04-06 19:19:00,-119.861502,0.161286,37,14
2020-04-06 19:19:05,-119.861502,0.161286,38,14
2020-04-06 19:19:10,-119.861502,0.161286,45,14
2020-04-06 19:19:15,-119.861502,0.161286,45,14
2020-04-06 19:19:20,-119.861502,0.161286,40,14
2020-04-06 19:19:25,-119.861502,0.161286,41,14
2020-04-06 19:19:30,-119.861502,0.161286,42,14
2020-04-06 19:19:35,-119.861502,0.161286,40,14
2020-04-06 19:19:40,-119.861502,0.161286,41,14
2020-04-06 19:19:45,-119.861502,0.161286,37,14
2020-04-06 19:19:50,-119.861502,0.161286,38,14
2020-04-06 19:19:55,-119.861502,0.161286,37,14
2020-04-06 19:20:00,-119.861502,0.161286,40,14
2020-04-06 19:20:05,-119.861502,0.161286,40,14
2020-04-06 19:20:10,-119.861502,0.161286,45,14
2020-04-06 19:20:15,-119.861502,0.161286,43,14
2020-04-06 19:20:20,-119.861502,0.161286,40,14
2020-04-06 19:20:25,-119.861502,0.161286,41,14
2020-04-06 19:20:30,-119.861502,0.161286,40,14
2020-04-06 19:20:35,-119.861502,0.161286,47,14
2020-04-06 19:20:40,-119.861502,0.161286,39,14
2020-04-06 19:20:45,-119.861502,0.161286,43,14
2020-04-06 19:20:50,-119.861502,0.161286,44,14
2020-04-06 19:20:55,-119.861502,0.161286,41,14
2020-04-06 19:21:00,-119.861502,0.161286,39,14
2020-04-06 19:21:05,-119.861502,0.161286,42,14
2020-04-06 19:21:10,-119.861502,0.161286,42,14
2020-04-06 19:21:15,-119.861502,0.161286,42,14
2020-04-06 19:21:20,-119.861502,0.161286,41,14
2020-04-06 19:21:25,-119.861502,0.161286,42,14
2020-04-06 19:21:30,-119.861502,0.161286,40,14
2020-04-06 19:21:35,-119.861502,0.161286,41,14
2020-04-06 19:21:40,-119.861502,0.161286,42,14
2020-04-06 19:21:45,-119.861502,0.161286,39,14
2020-04-06 19:21:50,-119.861502,0.161286,38,14
2020-04-06 19:21:55,-119.861502,0.161286,36,14
2020-04-06 19:22:00,-119.861502,0.161286,43,14
2020-04-06 19:22:05,-119.861502,0.161286,47,14
2020-04-06 19:22:10,-119.861502,0.161286,44,14
2020-04-06 19:22:15,-119.861502,0.161286,38,14
2020-04-06 19:22:20,-119.861502,0.161286,41,14
2020-04-06 19:22:25,-119.861502,0.161286,42,14
2020-04-06 19:22:30,-119.861502,0.161286,44,14
2020-04-06 19:22:35,-119.861502,0.161286,40,14
2020-04-06 19:22:40,-119.861502,0.161286,39,14
2020-04-06 19:22:45,-119.861502,0.161286,41,14
2020-04-06 19:22:50,-119.861502,0.161286,41,14
2020-04-06 19:22:55,-119.861502,0.161286,42,14
2020-04-06 19:23:00,-119.861502,0.161286,40,14
2020-04-06 19:23:05,-119.861502,0.161286,45,14
2020-04-06 19:23:10,-119.861502,0.161286,41,14
2020-04-06 19:23:15,-119.861502,0.161286,43,14
2020-04-06 19:23:20,-119.861502,0.161286,40,14
2020-04-06 19:23:25,-119.861502,0.161286,38,14
2020-04-06 19:23:30,-119.861502,0.161286,41,14
2020-04-06 19:23:35,-119.861502,0.161286,42,14
2020-04-06 19:23:40,-119.861502,0.161286,46,14
2020-04-06 19:23:45,-119.861502,0.161286,45,14
2020-04-06 19:23:50,-119.861502,0.161286,41,14
2020-04-06 19:23:55,-119.861502,0.161286,42,14
2020-04-06 19:24:00,-119.861502,0.161286,38,14
2020-04-06 19:24:05,-119.861502,0.161286,36,14
2020-04-06 19:24:10,-119.861502,0.161286,38,14
2020-04-06 19:24:15,-119.861502,0.161286,43,14
2020-04-06 19:24:20,-119.861502,0.161286,43,14
2020-04-06 19:24:25,-119.861502,0.161286,40,14
2020-04-06 19:24:30,-119.861502,0.161286,40,14
2020-04-06 19:24:35,-119.861502,0.161286,42,14
2020-04-06 19:24:40,-119.861502,0.161286,38,14
2020-04-06 19:24:45,-119.861502,0.161286,38,14
2020-04-06 19:24:50,-119.861502,0.161286,38,14
2020-04-06 19:24:55,-119.861502,0.161286,32,14
2020-04-06 19:25:00,-119.861502,0.161286,38,14
2020-04-06 19:25:05,-119.861502,0.161286,42,14
2020-04-06 19:25:10,-119.861502,0.161286,39,14
2020-04-06 19:25:15,-119.861502,0.161286,40,14
2020-04-06 19:25:20,-119.861502,0.161286,41,14
2020-04-06 19:25:25,-119.861502,0.161286,43,14
2020-04-06 19:25:30,-119.861502,0.161286,39,14
2020-04-06 19:25:35,-119.861502,0.161286,47,14
2020-04-06 19:25:40,-119.861502,0.161286,42,14
2020-04-06 19:25:45,-119.861502,0.161286,44,14
2020-04-06 19:25:50,-119.861502,0.161286,39,14
2020-04-06 19:25:55,-119.861502,0.161286,37,14
2020-04-06 19:26:00,-119.861502,0.161286,41,14
2020-04-06 19:26:05,-119.861502,0.161286,38,14
2020-04-06 19:26:10,-119.861502,0.161286,39,14
2020-04-06 19:26:15,-119.861502,0.161286,39,14
2020-04-06 19:26:20,-119.861502,0.161286,41,14
2020-04-06 19:26:25,-119.861502,0.161286,41,14
2020-04-06 19:26:30,-119.861502,0.161286,37,14
2020-04-06 19:26:35,-119.861502,0.161286,41,14
2020-04-06 19:26:40,-119.861502,0.161286,44,14
2020-04-06 19:26:45,-119.861502,0.161286,41,14
2020-04-06 19:26:50,-119.861502,0.161286,43,14
2020-04-06 19:26:55,-119.861502,0.161286,42,14
2020-04-06 19:27:00,-119.861502,0.161286,43,14
2020-04-06 19:27:05,-119.861502,0.161286,37,14
2020-04-06 19:27:10,-119.861502,0.161286,41,14
2020-04-06 19:27:15,-119.861502,0.161286,42,14
2020-04-06 19:27:20,-119.861502,0.161286,41,14
2020-04-06 19:27:25,-119.861502,0.161286,38,14
2020-04-06 19:27:30,-119.861502,0.161286,42,14
2020-04-06 19:27:35,-119.861502,0.161286,44,14
2020-04-06 19:27:40,-119.861502,0.161286,40,14
2020-04-06 19:27:45,-119.861502,0.161286,39,14
2020-04-06 19:27:50,-119.861502,0.161286,42,14
2020-04-06 19:27:55,-119.861502,0.161286,45,14
2020-04-06 19:28:00,-119.861502,0.161286,36,14
2020-04-06 19:28:05,-119.861502,0.161286,40,14
2020-04-06 19:28:10,-119.861502,0.161286,40,14
2020-04-06 19:28:15,-119.861502,0.161286,38,14
2020-04-06 19:28:20,-119.861502,0.161286,44,14
2020-04-06 19:28:25,-119.861502,0.161286,40,14
2020-04-06 19:28:30,-119.861502,0.161286,46,14
2020-04-06 19:28:35,-119.861502,0.161286,37,14
2020-04-06 19:28:40,-119.861502,0.161286,41,14
2020-04-06 19:28:45,-119.861502,0.161286,42,14
2020-04-06 19:28:50,-119.861502,0.161286,40,14
2020-04-06 19:28:55,-119.861502,0.161286,44,14
2020-04-06 19:29:00,-119.861502,0.161286,43,14
2020-04-06 19:29:05,-119.861502,0.161286,37,14
2020-04-06 19:29:10,-119.861502,0.161286,38,14
2020-04-06 19:29:15,-119.861502,0.161286,38,14
2020-04-06 19:29:20,-119.861502,0.161286,38,14
2020-04-06 19:29:25,-119.861502,0.161286,43,14
2020-04-06 19:29:30,-119.861502,0.161286,36,14
2020-04-06 19:29:35,-119.861502,0.161286,43,14
2020-04-06 19:29:40,-119.861502,0.161286,37,14
2020-04-06 19:29:45,-119.861502,0.161286,40,14
2020-04-06 19:29:50,-119.861502,0.161286,39,14
2020-04-06 19:29:55,-119.861502,0.161286,42,14
2020-04-06 19:30:00,-119.861502,0.161286,36,14
2020-04-06 19:30:05,-119.861502,0.161286,38,14
2020-04-06 19:30:10,-119.861502,0.161286,35,14
2020-04-06 19:30:15,-119.861502,0.161286,39,14
2020-04-06 19:30:20,-119.861502,0.161286,39,14
2020-04-06 19:30:25,-119.861502,0.161286,43,14
2020-04-06 19:30:30,-119.861502,0.161286,37,14
2020-04-06 19:30:35,-119.861502,0.161286,40,14
2020-04-06 19:30:40,-119.861502,0.161286,42,14
2020-04-06 19:30:45,-119.861502,0.161286,41,14
2020-04-06 19:30:50,-119.861502,0.161286,40,14
2020-04-06 19:30:55,-119.861502,0.161286,37,14
2020-04-06 19:31:00,-119.861502,0.161286,41,14
2020-04-06 19:31:05,-119.861502,0.161286,43,14
2020-04-06 19:31:10,-119.861502,0.161286,41,14
2020-04-06 19:31:15,-119.861502,0.161286,43,14
2020-04-06 19:31:20,-119.861502,0.161286,39,14
2020-04-06 19:31:25,-119.861502,0.161286,38,14
2020-04-06 19:31:30,-119.861502,0.161286,41,14
2020-04-06 19:31:35,-119.861502,0.161286,44,14
2020-04-06 19:31:40,-119.861502,0.161286,37,14
2020-04-06 19:31:45,-119.861502,0.161286,38,14
2020-04-06 19:31:50,-119.861502,0.161286,47,14
2020-04-06 19:31:55,-119.861502,0.161286,41,14
2020-04-06 19:32:00,-119.861502,0.161286,41,14
2020-04-06 19:32:05,-119.861502,0.161286,36,14
2020-04-06 19:32:10,-119.861502,0.161286,39,14
2020-04-06 19:32:15,-119.861502,0.161286,39,14
2020-04-06 19:32:20,-119.861502,0.161286,40,14
2020-04-06 19:32:25,-119.861502,0.161286,40,14
2020-04-06 19:32:30,-119.861502,0.161286,39,14
2020-04-06 19:32:35,-119.861502,0.161286,42,14
2020-04-06 19:32:40,-119.861502,0.161286,43,14
2020-04-06 19:32:45,-119.861502,0.161286,42,14
2020-04-06 19:32:50,-119.861502,0.161286,40,14
2020-04-06 19:32:55,-119.861502,0.161286,45,14
2020-04-06 19:33:00,-119.861502,0.161286,41,14
2020-04-06 19:33:05,-119.861502,0.161286,46,14
2020-04-06 19:33:10,-119.861502,0.161286,40,14
2020-04-06 19:33:15,-119.861502,0.161286,43,14
2020-04-06 19:33:20,-119.861502,0.161286,36,14
2020-04-06 19:33:25,-119.861502,0.161286,42,14
2020-04-06 19:33:30,-119.861502,0.161286,41,14
2020-04-06 19:33:35,-119.861502,0.161286,37,14
2020-04-06 19:33:40,-119.861502,0.161286,37,14
2020-04-06 19:33:45,-119.861502,0.161286,40,14
2020-04-06 19:33:50,-119.861502,0.161286,40,14
2020-04-06 19:33:55,-119.861502,0.161286,45,14
2020-04-06 19:34:00,-119.861502,0.161286,39,14
2020-04-06 19:34:05,-119.861502,0.161286,36,14
2020-04-06 19:34:10,-119.861502,0.161286,49,14
2020-04-06 19:34:15,-119.861502,0.161286,45,14
2020-04-06 19:34:20,-119.861502,0.161286,46,14
2020-04-06 19:34:25,-119.861502,0.161286,42,14
2020-04-06 19:34:30,-119.861502,0.161286,40,14
2020-04-06 19:34:35,-119.861502,0.161286,42,14
2020-04-06 19:34:40,-119.861502,0.161286,39,14
2020-04-06 19:34:45,-119.861502,0.161286,43,14
2020-04-06 19:34:50,-119.861502,0.161286,45,14
2020-04-06 19:34:55,-119.861502,0.161286,42,14
2020-04-06 19:35:00,-119.861502,0.161286,40,14
2020-04-06 19:35:05,-119.861502,0.161286,39,14
2020-04-06 19:35:10,-119.861502,0.161286,38,14
2020-04-06 19:35:15,-119.861502,0.161286,40,14
2020-04-06 19:35:20,-119.861502,0.161286,42,14
2020-04-06 19:35:25,-119.861502,0.161286,38,14
2020-04-06 19:35:30,-119.861502,0.161286,45,14
2020-04-06 19:35:35,-119.861502,0.161286,41,14
2020-04-06 19:35:40,-119.861502,0.161286,38,14
2020-04-06 19:35:45,-119.861502,0.161286,43,14
2020-04-06 19:35:50,-119.861502,0.161286,45,14
2020-04-06 19:35:55,-119.861502,0.161286,44,14
2020-04-06 19:36:00,-119.861502,0.161286,35,14
2020-04-06 19:36:05,-119.861502,0.161286,38,14
2020-04-06 19:36:10,-119.861502,0.161286,42,14
2020-04-06 19:36:15,-119.861502,0.161286,46,14
2020-04-06 19:36:20,-119.861502,0.161286,42,14
2020-04-06 19:36:25,-119.861502,0.161286,41,14
2020-04-06 19:36:30,-119.861502,0.161286,39,14
2020-04-06 19:36:35,-119.861502,0.161286,39,14
2020-04-06 19:36:40,-119.861502,0.161286,41,14
2020-04-06 19:36:45,-119.861502,0.161286,42,14
2020-04-06 19:36:50,-119.861502,0.161286,41,14
2020-04-06 19:36:55,-119.861502,0.161286,45,14
2020-04-06 19:37:00,-119.861502,0.161286,42,14
2020-04-06 19:37:05,-119.861502,0.161286,42,14
2020-04-06 19:37:10,-119.861502,0.161286,46,14
2020-04-06 19:37:15,-119.861502,0.161286,40,14
2020-04-06 19:37:20,-119.861502,0.161286,38,14
2020-04-06 19:37:25,-119.861502,0.161286,42,14
2020-04-06 19:37:30,-119.861502,0.161286,48,14
2020-04-06 19:37:35,-119.861502,0.161286,39,14
2020-04-06 19:37:40,-119.861502,0.161286,47,14
2020-04-06 19:37:45,-119.861502,0.161286,50,14
2020-04-06 19:37:50,-119.861502,0.161286,40,14
2020-04-06 19:37:55,-119.861502,0.161286,38,14
2020-04-06 19:38:00,-119.861502,0.161286,41,14
2020-04-06 19:38:05,-119.861502,0.161286,40,14
2020-04-06 19:38:10,-119.861502,0.161286,41,14
2020-04-06 19:38:15,-119.861502,0.161286,46,14
2020-04-06 19:38:20,-119.861502,0.161286,41,14
2020-04-06 19:38:25,-119.861502,0.161286,47,14
2020-04-06 19:38:30,-119.861502,0.161286,40,14
2020-04-06 19:38:35,-119.861502,0.161286,39,14
2020-04-06 19:38:40,-119.861502,0.161286,43,14
2020-04-06 19:38:45,-119.861502,0.161286,40,14
2020-04-06 19:38:50,-119.861502,0.161286,42,14
2020-04-06 19:38:55,-119.861502,0.161286,44,14
2020-04-06 19:39:00,-119.861502,0.161286,40,14
2020-04-06 19:39:05,-119.861502,0.161286,42,14
2020-04-06 19:39:10,-119.861502,0.161286,47,14
2020-04-06 19:39:15,-119.861502,0.161286,42,14
2020-04-06 19:39:20,-119.861502,0.161286,43,14
2020-04-06 19:39:25,-119.861502,0.161286,41,14
2020-04-06 19:39:30,-119.861502,0.161286,38,14
2020-04-06 19:39:35,-119.861502,0.161286,39,14
2020-04-06 19:39:40,-119.861502,0.161286,44,14
2020-04-06 19:39:45,-119.861502,0.161286,44,14
2020-04-06 19:39:50,-119.861502,0.161286,42,14
2020-04-06 19:39:55,-119.861502,0.161286,38,14
2020-04-06 19:40:00,-119.861502,0.161286,39,14
2020-04-06 19:40:05,-119.861502,0.161286,39,14
2020-04-06 19:40:10,-119.861502,0.161286,39,14
2020-04-06 19:40:15,-119.861502,0.161286,39,14
2020-04-06 19:40:20,-119.861502,0.161286,37,14
2020-04-06 19:40:25,-119.861502,0.161286,45,14
2020-04-06 19:40:30,-119.861502,0.161286,42,14
2020-04-06 19:40:35,-119.861502,0.161286,38,14
2020-04-06 19:40:40,-119.861502,0.161286,44,14
2020-04-06 19:40:45,-119.861502,0.161286,37,14
2020-04-06 19:40:50,-119.861502,0.161286,44,14
2020-04-06 19:40:55,-119.861502,0.161286,37,14
2020-04-06 19:41:00,-119.861502,0.161286,42,14
2020-04-06 19:41:05,-119.861502,0.161286,44,14
2020-04-06 19:41:10,-119.861502,0.161286,35,14
2020-04-06 19:41:15,-119.861502,0.161286,44,14
2020-04-06 19:41:20,-119.861502,0.161286,39,14
2020-04-06 19:41:25,-119.861502,0.161286,42,14
2020-04-06 19:41:30,-119.861502,0.161286,41,14
2020-04-06 19:41:35,-119.861502,0.161286,43,14
2020-04-06 19:41:40,-119.861502,0.161286,49,14
2020-04-06 19:41:45,-119.861502,0.161286,40,14
2020-04-06 19:41:50,-119.861502,0.161286,42,14
2020-04-06 19:41:55,-119.861502,0.161286,36,14
2020-04-06 19:42:00,-119.861502,0.161286,36,14
2020-04-06 19:42:05,-119.861502,0.161286,40,14
2020-04-06 19:42:10,-119.861502,0.161286,39,14
2020-04-06 19:42:15,-119.861502,0.161286,39,14
2020-04-06 19:42:20,-119.861502,0.161286,44,14
2020-04-06 19:42:25,-119.861502,0.161286,43,14
2020-04-06 19:42:30,-119.861502,0.161286,39,14
2020-04-06 19:42:35,-119.861502,0.161286,42,14
2020-04-06 19:42:40,-119.861502,0.161286,45,14
2020-04-06 19:42:45,-119.861502,0.161286,44,14
2020-04-06 19:42:50,-119.861502,0.161286,40,14
2020-04-06 19:42:55,-119.861502,0.161286,43,14
2020-04-06 19:43:00,-119.861502,0.161286,42,14
2020-04-06 19:43:05,-119.861502,0.161286,43,14
2020-04-06 19:43:10,-119.861502,0.161286,42,14
2020-04-06 19:43:15,-119.861502,0.161286,42,14
2020-04-06 19:43:20,-119.861502,0.161286,37,14
2020-04-06 19:43:25,-119.861502,0.161286,46,14
2020-04-06 19:43:30,-119.861502,0.161286,42,14
2020-04-06 19:43:35,-119.861502,0.161286,40,14
2020-04-06 19:43:40,-119.861502,0.161286,43,14
2020-04-06 19:43:45,-119.861502,0.161286,38,14
2020-04-06 19:43:50,-119.861502,0.161286,37,14
2020-04-06 19:43:55,-119.861502,0.161286,39,14
2020-04-06 19:44:00,-119.861502,0.161286,35,14
2020-04-06 19:44:05,-119.861502,0.161286,40,14
2020-04-06 19:44:10,-119.861502,0.161286,41,14
2020-04-06 19:44:15,-119.861502,0.161286,36,14
2020-04-06 19:44:20,-119.861502,0.161286,41,14
2020-04-06 19:44:25,-119.861502,0.161286,41,14
2020-04-06 19:44:30,-119.861502,0.161286,37,14
2020-04-06 19:44:35,-119.861502,0.161286,42,14
2020-04-06 19:44:40,-119.861502,0.161286,44,14
2020-04-06 19:44:45,-119.861502,0.161286,45,14
2020-04-06 19:44:50,-119.861502,0.161286,43,14
2020-04-06 19:44:55,-119.861502,0.161286,45,14
2020-04-06 19:45:00,-119.861502,0.161286,42,14
2020-04-06 19:45:05,-119.861502,0.161286,37,14
2020-04-06 19:45:10,-119.861502,0.161286,37,14
2020-04-06 19:45:15,-119.861502,0.161286,39,14
2020-04-06 19:45:20,-119.861502,0.161286,41,14
2020-04-06 19:45:25,-119.861502,0.161286,42,14
2020-04-06 19:45:30,-119.861502,0.161286,40,14
2020-04-06 19:45:35,-119.861502,0.161286,35,14
2020-04-06 19:45:40,-119.861502,0.161286,41,14
2020-04-06 19:45:45,-119.861502,0.161286,39,14
2020-04-06 19:45:50,-119.861502,0.161286,39,14
2020-04-06 19:45:55,-119.861502,0.161286,42,14
2020-04-06 19:46:00,-119.861502,0.161286,41,14
2020-04-06 19:46:05,-119.861502,0.161286,50,14
2020-04-06 19:46:10,-119.861502,0.161286,48,14
2020-04-06 19:46:15,-119.861502,0.161286,40,14
2020-04-06 19:46:20,-119.861502,0.161286,36,14
2020-04-06 19:46:25,-119.861502,0.161286,44,14
2020-04-06 19:46:30,-119.861502,0.161286,45,14
2020-04-06 19:46:35,-119.861502,0.161286,42,14
2020-04-06 19:46:40,-119.861502,0.161286,42,14
2020-04-06 19:46:45,-119.861502,0.161286,41,14
2020-04-06 19:46:50,-119.861502,0.161286,38,14
2020-04-06 19:46:55,-119.861502,0.161286,40,14
2020-04-06 19:47:00,-119.861502,0.161286,45,14
2020-04-06 19:47:05,-119.861502,0.161286,43,14
2020-04-06 19:47:10,-119.861502,0.161286,40,14
2020-04-06 19:47:15,-119.861502,0.161286,45,14
2020-04-06 19:47:20,-119.861502,0.161286,43,14
2020-04-06 19:47:25,-119.861502,0.161286,36,14
2020-04-06 19:47:30,-119.861502,0.161286,39,14
2020-04-06 19:47:35,-119.861502,0.161286,35,14
2020-04-06 19:47:40,-119.861502,0.161286,43,14
2020-04-06 19:47:45,-119.861502,0.161286,40,14
2020-04-06 19:47:50,-119.861502,0.161286,42,14
2020-04-06 19:47:55,-119.861502,0.161286,46,14
2020-04-06 19:48:00,-119.861502,0.161286,47,14
2020-04-06 19:48:05,-119.861502,0.161286,41,14
2020-04-06 19:48:10,-119.861502,0.161286,45,14
2020-04-06 19:48:15,-119.861502,0.161286,42,14
2020-04-06 19:48:20,-119.861502,0.161286,44,14
2020-04-06 19:48:25,-119.861502,0.161286,39,14
2020-04-06 19:48:30,-119.861502,0.161286,37,14
2020-04-06 19:48:35,-119.861502,0.161286,44,14
2020-04-06 19:48:40,-119.861502,0.161286,42,14
2020-04-06 19:48:45,-119.861502,0.161286,40,14
2020-04-06 19:48:50,-119.861502,0.161286,38,14
2020-04-06 19:48:55,-119.861502,0.161286,39,14
2020-04-06 19:49:00,-119.861502,0.161286,41,14
2020-04-06 19:49:05,-119.861502,0.161286,43,14
2020-04-06 19:49:10,-119.861502,0.161286,42,14
2020-04-06 19:49:15,-119.861502,0.161286,35,14
2020-04-06 19:49:20,-119.861502,0.161286,42,14
2020-04-06 19:49:25,-119.861502,0.161286,39,14
2020-04-06 19:49:30,-119.861502,0.161286,39,14
2020-04-06 19:49:35,-119.861502,0.161286,40,14
2020-04-06 19:49:40,-119.861502,0.161286,41,14
2020-04-06 19:49:45,-119.861502,0.161286,43,14
2020-04-06 19:49:50,-119.861502,0.161286,40,14
2020-04-06 19:49:55,-119.861502,0.161286,41,14
2020-04-06 19:50:00,-119.861502,0.161286,43,14
2020-04-06 19:50:05,-119.861502,0.161286,44,14
2020-04-06 19:50:10,-119.861502,0.161286,45,14
2020-04-06 19:50:15,-119.861502,0.161286,47,14
2020-04-06 19:50:20,-119.861502,0.161286,40,14
2020-04-06 19:50:25,-119.861502,0.161286,42,14
2020-04-06 19:50:30,-119.861502,0.161286,42,14
2020-04-06 19:50:35,-119.861502,0.161286,43,14
2020-04-06 19:50:40,-119.861502,0.161286,40,14
2020-04-06 19:50:45,-119.861502,0.161286,41,14
2020-04-06 19:50:50,-119.861502,0.161286,40,14
2020-04-06 19:50:55,-119.861502,0.161286,41,14
2020-04-06 19:51:00,-119.861502,0.161286,39,14
2020-04-06 19:51:05,-119.861502,0.161286,47,14
2020-04-06 19:51:10,-119.861502,0.161286,39,14
2020-04-06 19:51:15,-119.861502,0.161286,45,14
2020-04-06 19:51:20,-119.861502,0.161286,41,14
2020-04-06 19:51:25,-119.861502,0.161286,43,14
2020-04-06 19:51:30,-119.861502,0.161286,41,14
2020-04-06 19:51:35,-119.861502,0.161286,39,14
2020-04-06 19:51:40,-119.861502,0.161286,35,14
2020-04-06 19:51:45,-119.861502,0.161286,44,14
2020-04-06 19:51:50,-119.861502,0.161286,39,14
2020-04-06 19:51:55,-119.861502,0.161286,35,14
2020-04-06 19:52:00,-119.861502,0.161286,43,14
2020-04-06 19:52:05,-119.861502,0.161286,46,14
2020-04-06 19:52:10,-119.861502,0.161286,45,14
2020-04-06 19:52:15,-119.861502,0.161286,39,14
2020-04-06 19:52:20,-119.861502,0.161286,39,14
2020-04-06 19:52:25,-119.861502,0.161286,38,14
2020-04-06 19:52:30,-119.861502,0.161286,40,14
2020-04-06 19:52:35,-119.861502,0.161286,41,14
2020-04-06 19:52:40,-119.861502,0.161286,43,14
2020-04-06 19:52:45,-119.861502,0.161286,39,14
2020-04-06 19:52:50,-119.861502,0.161286,44,14
2020-04-06 19:52:55,-119.861502,0.161286,43,14
2020-04-06 19:53:00,-119.861502,0.161286,43,14
2020-04-06 19:53:05,-119.861502,0.161286,44,14
2020-04-06 19:53:10,-119.861502,0.161286,43,14
2020-04-06 19:53:15,-119.861502,0.161286,36,14
2020-04-06 19:53:20,-119.861502,0.161286,39,14
2020-04-06 19:53:25,-119.861502,0.161286,37,14
2020-04-06 19:53:30,-119.861502,0.161286,43,14
2020-04-06 19:53:35,-119.861502,0.161286,42,14
2020-04-06 19:53:40,-119.861502,0.161286,43,14
2020-04-06 19:53:45,-119.861502,0.161286,44,14
2020-04-06 19:53:50,-119.861502,0.161286,42,14
2020-04-06 19:53:55,-119.861502,0.161286,46,14
2020-04-06 19:54:00,-119.861502,0.161286,41,14
2020-04-06 19:54:05,-119.861502,0.161286,41,14
2020-04-06 19:54:10,-119.861502,0.161286,39,14
2020-04-06 19:54:15,-119.861502,0.161286,40,14
2020-04-06 19:54:20,-119.861502,0.161286,51,14
2020-04-06 19:54:25,-119.861502,0.161286,40,14
2020-04-06 19:54:30,-119.861502,0.161286,41,14
2020-04-06 19:54:35,-119.861502,0.161286,39,14
2020-04-06 19:54:40,-119.861502,0.161286,41,14
2020-04-06 19:54:45,-119.861502,0.161286,42,14
2020-04-06 19:54:50,-119.861502,0.161286,48,14
2020-04-06 19:54:55,-119.861502,0.161286,42,14
2020-04-06 19:55:00,-119.861502,0.161286,45,14
2020-04-06 19:55:05,-119.861502,0.161286,44,14
2020-04-06 19:55:10,-119.861502,0.161286,44,14
2020-04-06 19:55:15,-119.861502,0.161286,41,14
2020-04-06 19:55:20,-119.861502,0.161286,43,14
2020-04-06 19:55:25,-119.861502,0.161286,43,14
2020-04-06 19:55:30,-119.861502,0.161286,43,14
2020-04-06 19:55:35,-119.861502,0.161286,43,14
2020-04-06 19:55:40,-119.861502,0.161286,44,14
2020-04-06 19:55:45,-119.861502,0.161286,41,14
2020-04-06 19:55:50,-119.861502,0.161286,43,14
2020-04-06 19:55:55,-119.861502,0.161286,46,14
2020-04-06 19:56:00,-119.861502,0.161286,44,14
2020-04-06 19:56:05,-119.861502,0.161286,41,14
2020-04-06 19:56:10,-119.861502,0.161286,44,14
2020-04-06 19:56:15,-119.861502,0.161286,44,14
2020-04-06 19:56:20,-119.861502,0.161286,44,14
2020-04-06 19:56:25,-119.861502,0.161286,39,14
2020-04-06 19:56:30,-119.861502,0.161286,40,14
2020-04-06 19:56:35,-119.861502,0.161286,42,14
2020-04-06 19:56:40,-119.861502,0.161286,38,14
2020-04-06 19:56:45,-119.861502,0.161286,40,14
2020-04-06 19:56:50,-119.861502,0.161286,44,14
2020-04-06 19:56:55,-119.861502,0.161286,40,14
2020-04-06 19:57:00,-119.861502,0.161286,44,14
2020-04-06 19:57:05,-119.861502,0.161286,40,14
2020-04-06 19:57:10,-119.861502,0.161286,44,14
2020-04-06 19:57:15,-119.861502,0.161286,47,14
2020-04-06 19:57:20,-119.861502,0.161286,44,14
2020-04-06 19:57:25,-119.861502,0.161286,42,14
2020-04-06 19:57:30,-119.861502,0.161286,45,14
2020-04-06 19:57:35,-119.861502,0.161286,37,14
2020-04-06 19:57:40,-119.861502,0.161286,42,14
2020-04-06 19:57:45,-119.861502,0.161286,41,14
2020-04-06 19:57:50,-119.861502,0.161286,41,14
2020-04-06 19:57:55,-119.861502,0.161286,38,14
2020-04-06 19:58:00,-119.861502,0.161286,39,14
2020-04-06 19:58:05,-119.861502,0.161286,41,14
2020-04-06 19:58:10,-119.861502,0.161286,44,14
2020-04-06 19:58:15,-119.861502,0.161286,39,14
2020-04-06 19:58:20,-119.861502,0.161286,43,14
2020-04-06 19:58:25,-119.861502,0.161286,44,14
2020-04-06 19:58:30,-119.861502,0.161286,42,14
2020-04-06 19:58:35,-119.861502,0.161286,46,14
2020-04-06 19:58:40,-119.861502,0.161286,42,14
2020-04-06 19:58:45,-119.861502,0.161286,42,14
2020-04-06 19:58:50,-119.861502,0.161286,43,14
2020-04-06 19:58:55,-119.861502,0.161286,41,14
2020-04-06 19:59:00,-119.861502,0.161286,41,14
2020-04-06 19:59:05,-119.861502,0.161286,38,14
2020-04-06 19:59:10,-119.861502,0.161286,38,14
2020-04-06 19:59:15,-119.861502,0.161286,42,14
2020-04-06 19:59:20,-119.861502,0.161286,37,14
2020-04-06 19:59:25,-119.861502,0.161286,44,14
2020-04-06 19:59:30,-119.861502,0.161286,40,14
2020-04-06 19:59:35,-119.861502,0.161286,37,14
2020-04-06 19:59:40,-119.861502,0.161286,39,14
2020-04-06 19:59:45,-119.861502,0.161286,45,14
2020-04-06 19:59:50,-119.861502,0.161286,40,14
2020-04-06 19:59:55,-119.861502,0.161286,42,14
2020-04-06 20:00:00,-119.861502,0.161286,43,14
2020-04-06 20:00:05,-119.861502,0.161286,42,14
2020-04-06 20:00:10,-119.861502,0.161286,41,14
2020-04-06 20:00:15,-119.861502,0.161286,44,14
2020-04-06 20:00:20,-119.861502,0.161286,38,14
2020-04-06 20:00:25,-119.861502,0.161286,40,14
2020-04-06 20:00:30,-119.861502,0.161286,47,14
2020-04-06 20:00:35,-119.861502,0.161286,41,14
2020-04-06 20:00:40,-119.861502,0.161286,43,14
2020-04-06 20:00:45,-119.861502,0.161286,41,14
2020-04-06 20:00:50,-119.861502,0.161286,38,14
2020-04-06 20:00:55,-119.861502,0.161286,45,14
2020-04-06 20:01:00,-119.861502,0.161286,44,14
2020-04-06 20:01:05,-119.861502,0.161286,39,14
2020-04-06 20:01:10,-119.861502,0.161286,41,14
2020-04-06 20:01:15,-119.861502,0.161286,41,14
2020-04-06 20:01:20,-119.861502,0.161286,42,14
2020-04-06 20:01:25,-119.861502,0.161286,40,14
2020-04-06 20:01:30,-119.861502,0.161286,38,14
2020-04-06 20:01:35,-119.861502,0.161286,38,14
2020-04-06 20:01:40,-119.861502,0.161286,41,14
2020-04-06 20:01:45,-119.861502,0.161286,42,14
2020-04-06 20:01:50,-119.861502,0.161286,44,14
2020-04-06 20:01:55,-119.861502,0.161286,35,14
2020-04-06 20:02:00,-119.861502,0.161286,39,14
2020-04-06 20:02:05,-119.861502,0.161286,40,14
2020-04-06 20:02:10,-119.861502,0.161286,41,14
2020-04-06 20:02:15,-119.861502,0.161286,41,14
2020-04-06 20:02:20,-119.861502,0.161286,42,14
2020-04-06 20:02:25,-119.861502,0.161286,40,14
2020-04-06 20:02:30,-119.861502,0.161286,38,14
2020-04-06 20:02:35,-119.861502,0.161286,45,14
2020-04-06 20:02:40,-119.861502,0.161286,35,14
2020-04-06 20:02:45,-119.861502,0.161286,41,14
2020-04-06 20:02:50,-119.861502,0.161286,38,14
2020-04-06 20:02:55,-119.861502,0.161286,43,14
2020-04-06 20:03:00,-119.861502,0.161286,41,14
2020-04-06 20:03:05,-119.861502,0.161286,38,14
2020-04-06 20:03:10,-119.861502,0.161286,46,14
2020-04-06 20:03:15,-119.861502,0.161286,44,14
2020-04-06 20:03:20,-119.861502,0.161286,48,14
2020-04-06 20:03:25,-119.861502,0.161286,39,14
2020-04-06 20:03:30,-119.861502,0.161286,46,14
2020-04-06 20:03:35,-119.861502,0.161286,38,14
2020-04-06 20:03:40,-119.861502,0.161286,44,14
2020-04-06 20:03:45,-119.861502,0.161286,46,14
2020-04-06 20:03:50,-119.861502,0.161286,44,14
2020-04-06 20:03:55,-119.861502,0.161286,38,14
2020-04-06 20:04:00,-119.861502,0.161286,40,14
2020-04-06 20:04:05,-119.861502,0.161286,44,14
2020-04-06 20:04:10,-119.861502,0.161286,41,14
2020-04-06 20:04:15,-119.861502,0.161286,43,14
2020-04-06 20:04:20,-119.861502,0.161286,43,14
2020-04-06 20:04:25,-119.861502,0.161286,46,14
2020-04-06 20:04:30,-119.861502,0.161286,43,14
2020-04-06 20:04:35,-119.861502,0.161286,39,14
2020-04-06 20:04:40,-119.861502,0.161286,42,14
2020-04-06 20:04:45,-119.861502,0.161286,41,14
2020-04-06 20:04:50,-119.861502,0.161286,42,14
2020-04-06 20:04:55,-119.861502,0.161286,39,14
2020-04-06 20:05:00,-119.861502,0.161286,46,14
2020-04-06 20:05:05,-119.861502,0.161286,41,14
2020-04-06 20:05:10,-119.861502,0.161286,37,14
2020-04-06 20:05:15,-119.861502,0.161286,45,14
2020-04-06 20:05:20,-119.861502,0.161286,36,14
2020-04-06 20:05:25,-119.861502,0.161286,42,14
2020-04-06 20:05:30,-119.861502,0.161286,40,14
2020-04-06 20:05:35,-119.861502,0.161286,41,14
2020-04-06 20:05:40,-119.861502,0.161286,44,14
2020-04-06 20:05:45,-119.861502,0.161286,45,14
2020-04-06 20:05:50,-119.861502,0.161286,40,14
2020-04-06 20:05:55,-119.861502,0.161286,38,14
2020-04-06 20:06:00,-119.861502,0.161286,44,14
2020-04-06 20:06:05,-119.861502,0.161286,37,14
2020-04-06 20:06:10,-119.861502,0.161286,42,14
2020-04-06 20:06:15,-119.861502,0.161286,46,14
2020-04-06 20:06:20,-119.861502,0.161286,42,14
2020-04-06 20:06:25,-119.861502,0.161286,36,14
2020-04-06 20:06:30,-119.861502,0.161286,41,14
2020-04-06 20:06:35,-119.861502,0.161286,41,14
2020-04-06 20:06:40,-119.861502,0.161286,37,14
2020-04-06 20:06:45,-119.861502,0.161286,45,14
2020-04-06 20:06:50,-119.861502,0.161286,43,14
2020-04-06 20:06:55,-119.861502,0.161286,39,14
2020-04-06 20:07:00,-119.861502,0.161286,41,14
2020-04-06 20:07:05,-119.861502,0.161286,40,14
2020-04-06 20:07:10,-119.861502,0.161286,40,14
2020-04-06 20:07:15,-119.861502,0.161286,41,14
2020-04-06 20:07:20,-119.861502,0.161286,36,14
2020-04-06 20:07:25,-119.861502,0.161286,44,14
2020-04-06 20:07:30,-119.861502,0.161286,43,14
2020-04-06 20:07:35,-119.861502,0.161286,44,14
2020-04-06 20:07:40,-119.861502,0.161286,38,14
2020-04-06 20:07:45,-119.861502,0.161286,45,14
2020-04-06 20:07:50,-119.861502,0.161286,48,14
2020-04-06 20:07:55,-119.861502,0.161286,44,14
2020-04-06 20:08:00,-119.861502,0.161286,41,14
2020-04-06 20:08:05,-119.861502,0.161286,41,14
2020-04-06 20:08:10,-119.861502,0.161286,36,14
2020-04-06 20:08:15,-119.861502,0.161286,38,14
2020-04-06 20:08:20,-119.861502,0.161286,42,14
2020-04-06 20:08:25,-119.861502,0.161286,40,14
2020-04-06 20:08:30,-119.861502,0.161286,39,14
2020-04-06 20:08:35,-119.861502,0.161286,40,14
2020-04-06 20:08:40,-119.861502,0.161286,36,14
2020-04-06 20:08:45,-119.861502,0.161286,42,14
2020-04-06 20:08:50,-119.861502,0.161286,45,14
2020-04-06 20:08:55,-119.861502,0.161286,42,14
2020-04-06 20:09:00,-119.861502,0.161286,39,14
2020-04-06 20:09:05,-119.861502,0.161286,40,14
2020-04-06 20:09:10,-119.861502,0.161286,41,14
2020-04-06 20:09:15,-119.861502,0.161286,40,14
2020-04-06 20:09:20,-119.861502,0.161286,40,14
2020-04-06 20:09:25,-119.861502,0.161286,43,14
2020-04-06 20:09:30,-119.861502,0.161286,41,14
2020-04-06 20:09:35,-119.861502,0.161286,44,14
2020-04-06 20:09:40,-119.861502,0.161286,41,14
2020-04-06 20:09:45,-119.861502,0.161286,41,14
2020-04-06 20:09:50,-119.861502,0.161286,39,14
2020-04-06 20:09:55,-119.861502,0.161286,42,14
2020-04-06 20:10:00,-119.861502,0.161286,42,14
2020-04-06 20:10:05,-119.861502,0.161286,42,14
2020-04-06 20:10:10,-119.861502,0.161286,42,14
2020-04-06 20:10:15,-119.861502,0.161286,40,14
2020-04-06 20:10:20,-119.861502,0.161286,39,14
2020-04-06 20:10:25,-119.861502,0.161286,41,14
2020-04-06 20:10:30,-119.861502,0.161286,40,14
2020-04-06 20:10:35,-119.861502,0.161286,45,14
2020-04-06 20:10:40,-119.861502,0.161286,39,14
2020-04-06 20:10:45,-119.861502,0.161286,39,14
2020-04-06 20:10:50,-119.861502,0.161286,35,14
2020-04-06 20:10:55,-119.861502,0.161286,37,14
2020-04-06 20:11:00,-119.861502,0.161286,46,14
2020-04-06 20:11:05,-119.861502,0.161286,45,14
2020-04-06 20:11:10,-119.861502,0.161286,44,14
2020-04-06 20:11:15,-119.861502,0.161286,47,14
2020-04-06 20:11:20,-119.861502,0.161286,45,14
2020-04-06 20:11:25,-119.861502,0.161286,44,14
2020-04-06 20:11:30,-119.861502,0.161286,44,14
2020-04-06 20:11:35,-119.861502,0.161286,42,14
2020-04-06 20:11:40,-119.861502,0.161286,36,14
2020-04-06 20:11:45,-119.861502,0.161286,40,14
2020-04-06 20:11:50,-119.861502,0.161286,45,14
2020-04-06 20:11:55,-119.861502,0.161286,38,14
2020-04-06 20:12:00,-119.861502,0.161286,36,14
2020-04-06 20:12:05,-119.861502,0.161286,42,14
2020-04-06 20:12:10,-119.861502,0.161286,37,14
2020-04-06 20:12:15,-119.861502,0.161286,39,14
2020-04-06 20:12:20,-119.861502,0.161286,42,14
2020-04-06 20:12:25,-119.861502,0.161286,43,14
2020-04-06 20:12:30,-119.861502,0.161286,43,14
2020-04-06 20:12:35,-119.861502,0.161286,42,14
2020-04-06 20:12:40,-119.861502,0.161286,41,14
2020-04-06 20:12:45,-119.861502,0.161286,46,14
2020-04-06 20:12:50,-119.861502,0.161286,37,14
2020-04-06 20:12:55,-119.861502,0.161286,41,14
2020-04-06 20:13:00,-119.861502,0.161286,35,14
2020-04-06 20:13:05,-119.861502,0.161286,40,14
2020-04-06 20:13:10,-119.861502,0.161286,38,14
2020-04-06 20:13:15,-119.861502,0.161286,38,14
2020-04-06 20:13:20,-119.861502,0.161286,41,14
2020-04-06 20:13:25,-119.861502,0.161286,37,14
2020-04-06 20:13:30,-119.861502,0.161286,44,14
2020-04-06 20:13:35,-119.861502,0.161286,39,14
2020-04-06 20:13:40,-119.861502,0.161286,44,14
2020-04-06 20:13:45,-119.861502,0.161286,41,14
2020-04-06 20:13:50,-119.861502,0.161286,41,14
2020-04-06 20:13:55,-119.861502,0.161286,38,14
2020-04-06 20:14:00,-119.861502,0.161286,38,14
2020-04-06 20:14:05,-119.861502,0.161286,43,14
2020-04-06 20:14:10,-119.861502,0.161286,42,14
2020-04-06 20:14:15,-119.861502,0.161286,42,14
2020-04-06 20:14:20,-119.861502,0.161286,37,14
2020-04-06 20:14:25,-119.861502,0.161286,41,14
2020-04-06 20:14:30,-119.861502,0.161286,46,14
2020-04-06 20:14:35,-119.861502,0.161286,43,14
2020-04-06 20:14:40,-119.861502,0.161286,38,14
2020-04-06 20:14:45,-119.861502,0.161286,45,14
2020-04-06 20:14:50,-119.861502,0.161286,41,14
2020-04-06 20:14:55,-119.861502,0.161286,42,14
2020-04-06 20:15:00,-119.861502,0.161286,39,14
2020-04-06 20:15:05,-119.861502,0.161286,40,14
2020-04-06 20:15:10,-119.861502,0.161286,39,14
2020-04-06 20:15:15,-119.861502,0.161286,43,14
2020-04-06 20:15:20,-119.861502,0.161286,40,14
2020-04-06 20:15:25,-119.861502,0.161286,42,14
2020-04-06 20:15:30,-119.861502,0.161286,41,14
2020-04-06 20:15:35,-119.861502,0.161286,39,14
2020-04-06 20:15:40,-119.861502,0.161286,40,14
2020-04-06 20:15:45,-119.861502,0.161286,38,14
2020-04-06 20:15:50,-119.861502,0.161286,40,14
2020-04-06 20:15:55,-119.861502,0.161286,41,14
2020-04-06 20:16:00,-119.861502,0.161286,40,14
2020-04-06 20:16:05,-119.861502,0.161286,42,14
2020-04-06 20:16:10,-119.861502,0.161286,40,14
2020-04-06 20:16:15,-119.861502,0.161286,39,14
2020-04-06 20:16:20,-119.861502,0.161286,39,14
2020-04-06 20:16:25,-119.861502,0.161286,42,14
2020-04-06 20:16:30,-119.861502,0.161286,45,14
2020-04-06 20:16:35,-119.861502,0.161286,41,14
2020-04-06 20:16:40,-119.861502,0.161286,37,14
2020-04-06 20:16:45,-119.861502,0.161286,40,14
2020-04-06 20:16:50,-119.861502,0.161286,45,14
2020-04-06 20:16:55,-119.861502,0.161286,43,14
2020-04-06 20:17:00,-119.861502,0.161286,39,14
2020-04-06 20:17:05,-119.861502,0.161286,40,14
2020-04-06 20:17:10,-119.861502,0.161286,38,14
2020-04-06 20:17:15,-119.861502,0.161286,42,14
2020-04-06 20:17:20,-119.861502,0.161286,43,14
2020-04-06 20:17:25,-119.861502,0.161286,45,14
2020-04-06 20:17:30,-119.861502,0.161286,45,14
2020-04-06 20:17:35,-119.861502,0.161286,45,14
2020-04-06 20:17:40,-119.861502,0.161286,45,14
2020-04-06 20:17:45,-119.861502,0.161286,39,14
2020-04-06 20:17:50,-119.861502,0.161286,44,14
2020-04-06 20:17:55,-119.861502,0.161286,41,14
2020-04-06 20:18:00,-119.861502,0.161286,46,14
2020-04-06 20:18:05,-119.861502,0.161286,40,14
2020-04-06 20:18:10,-119.861502,0.161286,37,14
2020-04-06 20:18:15,-119.861502,0.161286,41,14
2020-04-06 20:18:20,-119.861502,0.161286,43,14
2020-04-06 20:18:25,-119.861502,0.161286,40,14
2020-04-06 20:18:30,-119.861502,0.161286,41,14
2020-04-06 20:18:35,-119.861502,0.161286,41,14
2020-04-06 20:18:40,-119.861502,0.161286,37,14
2020-04-06 20:18:45,-119.861502,0.161286,46,14
2020-04-06 20:18:50,-119.861502,0.161286,34,14
2020-04-06 20:18:55,-119.861502,0.161286,47,14
2020-04-06 20:19:00,-119.861502,0.161286,34,14
2020-04-06 20:19:05,-119.861502,0.161286,43,14
2020-04-06 20:19:10,-119.861502,0.161286,40,14
2020-04-06 20:19:15,-119.861502,0.161286,36,14
2020-04-06 20:19:20,-119.861502,0.161286,37,14
2020-04-06 20:19:25,-119.861502,0.161286,43,14
2020-04-06 20:19:30,-119.861502,0.161286,46,14
2020-04-06 20:19:35,-119.861502,0.161286,38,14
2020-04-06 20:19:40,-119.861502,0.161286,44,14
2020-04-06 20:19:45,-119.861502,0.161286,41,14
2020-04-06 20:19:50,-119.861502,0.161286,41,14
2020-04-06 20:19:55,-119.861502,0.161286,45,14
2020-04-06 20:20:00,-119.861502,0.161286,37,14
2020-04-06 20:20:05,-119.861502,0.161286,44,14
2020-04-06 20:20:10,-119.861502,0.161286,41,14
2020-04-06 20:20:15,-119.861502,0.161286,45,14
2020-04-06 20:20:20,-119.861502,0.161286,41,14
2020-04-06 20:20:25,-119.861502,0.161286,39,14
2020-04-06 20:20:30,-119.861502,0.161286,44,14
2020-04-06 20:20:35,-119.861502,0.161286,36,14
2020-04-06 20:20:40,-119.861502,0.161286,41,14
2020-04-06 20:20:45,-119.861502,0.161286,40,14
2020-04-06 20:20:50,-119.861502,0.161286,44,14
2020-04-06 20:20:55,-119.861502,0.161286,42,14
2020-04-06 20:21:00,-119.861502,0.161286,41,14
2020-04-06 20:21:05,-119.861502,0.161286,45,14
2020-04-06 20:21:10,-119.861502,0.161286,45,14
2020-04-06 20:21:15,-119.861502,0.161286,44,14
2020-04-06 20:21:20,-119.861502,0.161286,45,14
2020-04-06 20:21:25,-119.861502,0.161286,44,14
2020-04-06 20:21:30,-119.861502,0.161286,41,14
2020-04-06 20:21:35,-119.861502,0.161286,38,14
2020-04-06 20:21:40,-119.861502,0.161286,41,14
2020-04-06 20:21:45,-119.861502,0.161286,38,14
2020-04-06 20:21:50,-119.861502,0.161286,44,14
2020-04-06 20:21:55,-119.861502,0.161286,39,14
2020-04-06 20:22:00,-119.861502,0.161286,37,14
2020-04-06 20:22:05,-119.861502,0.161286,41,14
2020-04-06 20:22:10,-119.861502,0.161286,44,14
2020-04-06 20:22:15,-119.861502,0.161286,42,14
2020-04-06 20:22:20,-119.861502,0.161286,39,14
2020-04-06 20:22:25,-119.861502,0.161286,38,14
2020-04-06 20:22:30,-119.861502,0.161286,46,14
2020-04-06 20:22:35,-119.861502,0.161286,42,14
2020-04-06 20:22:40,-119.861502,0.161286,43,14
2020-04-06 20:22:45,-119.861502,0.161286,40,14
2020-04-06 20:22:50,-119.861502,0.161286,40,14
2020-04-06 20:22:55,-119.861502,0.161286,45,14
2020-04-06 20:23:00,-119.861502,0.161286,45,14
2020-04-06 20:23:05,-119.861502,0.161286,45,14
2020-04-06 20:23:10,-119.861502,0.161286,37,14
2020-04-06 20:23:15,-119.861502,0.161286,39,14
2020-04-06 20:23:20,-119.861502,0.161286,44,14
2020-04-06 20:23:25,-119.861502,0.161286,41,14
2020-04-06 20:23:30,-119.861502,0.161286,42,14
2020-04-06 20:23:35,-119.861502,0.161286,40,14
2020-04-06 20:23:40,-119.861502,0.161286,40,14
2020-04-06 20:23:45,-119.861502,0.161286,46,14
2020-04-06 20:23:50,-119.861502,0.161286,39,14
2020-04-06 20:23:55,-119.861502,0.161286,41,14
2020-04-06 20:24:00,-119.861502,0.161286,38,14
2020-04-06 20:24:05,-119.861502,0.161286,44,14
2020-04-06 20:24:10,-119.861502,0.161286,37,14
2020-04-06 20:24:15,-119.861502,0.161286,43,14
2020-04-06 20:24:20,-119.861502,0.161286,46,14
2020-04-06 20:24:25,-119.861502,0.161286,41,14
2020-04-06 20:24:30,-119.861502,0.161286,42,14
2020-04-06 20:24:35,-119.861502,0.161286,42,14
2020-04-06 20:24:40,-119.861502,0.161286,41,14
2020-04-06 20:24:45,-119.861502,0.161286,43,14
2020-04-06 20:24:50,-119.861502,0.161286,44,14
2020-04-06 20:24:55,-119.861502,0.161286,38,14
2020-04-06 20:25:00,-119.861502,0.161286,43,14
2020-04-06 20:25:05,-119.861502,0.161286,40,14
2020-04-06 20:25:10,-119.861502,0.161286,44,14
2020-04-06 20:25:15,-119.861502,0.161286,38,14
2020-04-06 20:25:20,-119.861502,0.161286,44,14
2020-04-06 20:25:25,-119.861502,0.161286,39,14
2020-04-06 20:25:30,-119.861502,0.161286,42,14
2020-04-06 20:25:35,-119.861502,0.161286,38,14
2020-04-06 20:25:40,-119.861502,0.161286,42,14
2020-04-06 20:25:45,-119.861502,0.161286,39,14
2020-04-06 20:25:50,-119.861502,0.161286,43,14
2020-04-06 20:25:55,-119.861502,0.161286,41,14
2020-04-06 20:26:00,-119.861502,0.161286,44,14
2020-04-06 20:26:05,-119.861502,0.161286,48,14
2020-04-06 20:26:10,-119.861502,0.161286,40,14
2020-04-06 20:26:15,-119.861502,0.161286,46,14
2020-04-06 20:26:20,-119.861502,0.161286,43,14
2020-04-06 20:26:25,-119.861502,0.161286,39,14
2020-04-06 20:26:30,-119.861502,0.161286,37,14
2020-04-06 20:26:35,-119.861502,0.161286,40,14
2020-04-06 20:26:40,-119.861502,0.161286,37,14
2020-04-06 20:26:45,-119.861502,0.161286,41,14
2020-04-06 20:26:50,-119.861502,0.161286,45,14
2020-04-06 20:26:55,-119.861502,0.161286,38,14
2020-04-06 20:27:00,-119.861502,0.161286,41,14
2020-04-06 20:27:05,-119.861502,0.161286,38,14
2020-04-06 20:27:10,-119.861502,0.161286,44,14
2020-04-06 20:27:15,-119.861502,0.161286,43,14
2020-04-06 20:27:20,-119.861502,0.161286,43,14
2020-04-06 20:27:25,-119.861502,0.161286,39,14
2020-04-06 20:27:30,-119.861502,0.161286,43,14
2020-04-06 20:27:35,-119.861502,0.161286,41,14
2020-04-06 20:27:40,-119.861502,0.161286,40,14
2020-04-06 20:27:45,-119.861502,0.161286,38,14
2020-04-06 20:27:50,-119.861502,0.161286,47,14
2020-04-06 20:27:55,-119.861502,0.161286,37,14
2020-04-06 20:28:00,-119.861502,0.161286,41,14
2020-04-06 20:28:05,-119.861502,0.161286,38,14
2020-04-06 20:28:10,-119.861502,0.161286,41,14
2020-04-06 20:28:15,-119.861502,0.161286,32,14
2020-04-06 20:28:20,-119.861502,0.161286,40,14
2020-04-06 20:28:25,-119.861502,0.161286,42,14
2020-04-06 20:28:30,-119.861502,0.161286,45,14
2020-04-06 20:28:35,-119.861502,0.161286,47,14
2020-04-06 20:28:40,-119.861502,0.161286,49,14
2020-04-06 20:28:45,-119.861502,0.161286,39,14
2020-04-06 20:28:50,-119.861502,0.161286,43,14
2020-04-06 20:28:55,-119.861502,0.161286,40,14
2020-04-06 20:29:00,-119.861502,0.161286,44,14
2020-04-06 20:29:05,-119.861502,0.161286,41,14
2020-04-06 20:29:10,-119.861502,0.161286,38,14
2020-04-06 20:29:15,-119.861502,0.161286,46,14
2020-04-06 20:29:20,-119.861502,0.161286,39,14
2020-04-06 20:29:25,-119.861502,0.161286,41,14
2020-04-06 20:29:30,-119.861502,0.161286,39,14
2020-04-06 20:29:35,-119.861502,0.161286,41,14
2020-04-06 20:29:40,-119.861502,0.161286,33,14
2020-04-06 20:29:45,-119.861502,0.161286,41,14
2020-04-06 20:29:50,-119.861502,0.161286,38,14
2020-04-06 20:29:55,-119.861502,0.161286,41,14
2020-04-06 20:30:00,-119.861502,0.161286,43,14
2020-04-06 20:30:05,-119.861502,0.161286,45,14
2020-04-06 20:30:10,-119.861502,0.161286,43,14
2020-04-06 20:30:15,-119.861502,0.161286,41,14
2020-04-06 20:30:20,-119.861502,0.161286,44,14
2020-04-06 20:30:25,-119.861502,0.161286,37,14
2020-04-06 20:30:30,-119.861502,0.161286,40,14
2020-04-06 20:30:35,-119.861502,0.161286,40,14
2020-04-06 20:30:40,-119.861502,0.161286,40,14
2020-04-06 20:30:45,-119.861502,0.161286,41,14
2020-04-06 20:30:50,-119.861502,0.161286,38,14
2020-04-06 20:30:55,-119.861502,0.161286,46,14
2020-04-06 20:31:00,-119.861502,0.161286,42,14
2020-04-06 20:31:05,-119.861502,0.161286,41,14
2020-04-06 20:31:10,-119.861502,0.161286,42,14
2020-04-06 20:31:15,-119.861502,0.161286,42,14
2020-04-06 20:31:20,-119.861502,0.161286,43,14
2020-04-06 20:31:25,-119.861502,0.161286,46,14
2020-04-06 20:31:30,-119.861502,0.161286,44,14
2020-04-06 20:31:35,-119.861502,0.161286,43,14
2020-04-06 20:31:40,-119.861502,0.161286,35,14
2020-04-06 20:31:45,-119.861502,0.161286,45,14
2020-04-06 20:31:50,-119.861502,0.161286,42,14
2020-04-06 20:31:55,-119.861502,0.161286,39,14
2020-04-06 20:32:00,-119.861502,0.161286,44,14
2020-04-06 20:32:05,-119.861502,0.161286,45,14
2020-04-06 20:32:10,-119.861502,0.161286,37,14
2020-04-06 20:32:15,-119.861502,0.161286,47,14
2020-04-06 20:32:20,-119.861502,0.161286,40,14
2020-04-06 20:32:25,-119.861502,0.161286,41,14
2020-04-06 20:32:30,-119.861502,0.161286,47,14
2020-04-06 20:32:35,-119.861502,0.161286,46,14
2020-04-06 20:32:40,-119.861502,0.161286,42,14
2020-04-06 20:32:45,-119.861502,0.161286,43,14
2020-04-06 20:32:50,-119.861502,0.161286,46,14
2020-04-06 20:32:55,-119.861502,0.161286,38,14
2020-04-06 20:33:00,-119.861502,0.161286,43,14
2020-04-06 20:33:05,-119.861502,0.161286,41,14
2020-04-06 20:33:10,-119.861502,0.161286,44,14
2020-04-06 20:33:15,-119.861502,0.161286,46,14
2020-04-06 20:33:20,-119.861502,0.161286,38,14
2020-04-06 20:33:25,-119.861502,0.161286,43,14
2020-04-06 20:33:30,-119.861502,0.161286,42,14
2020-04-06 20:33:35,-119.861502,0.161286,51,14
2020-04-06 20:33:40,-119.861502,0.161286,42,14
2020-04-06 20:33:45,-119.861502,0.161286,42,14
2020-04-06 20:33:50,-119.861502,0.161286,43,14
2020-04-06 20:33:55,-119.861502,0.161286,37,14
2020-04-06 20:34:00,-119.861502,0.161286,42,14
2020-04-06 20:34:05,-119.861502,0.161286,47,14
2020-04-06 20:34:10,-119.861502,0.161286,43,14
2020-04-06 20:34:15,-119.861502,0.161286,41,14
2020-04-06 20:34:20,-119.861502,0.161286,45,14
2020-04-06 20:34:25,-119.861502,0.161286,42,14
2020-04-06 20:34:30,-119.861502,0.161286,45,14
2020-04-06 20:34:35,-119.861502,0.161286,40,14
2020-04-06 20:34:40,-119.861502,0.161286,47,14
2020-04-06 20:34:45,-119.861502,0.161286,43,14
2020-04-06 20:34:50,-119.861502,0.161286,38,14
2020-04-06 20:34:55,-119.861502,0.161286,41,14
2020-04-06 20:35:00,-119.861502,0.161286,42,14
2020-04-06 20:35:05,-119.861502,0.161286,41,14
2020-04-06 20:35:10,-119.861502,0.161286,43,14
2020-04-06 20:35:15,-119.861502,0.161286,39,14
2020-04-06 20:35:20,-119.861502,0.161286,49,14
2020-04-06 20:35:25,-119.861502,0.161286,39,14
2020-04-06 20:35:30,-119.861502,0.161286,37,14
2020-04-06 20:35:35,-119.861502,0.161286,45,14
2020-04-06 20:35:40,-119.861502,0.161286,46,14
2020-04-06 20:35:45,-119.861502,0.161286,40,14
2020-04-06 20:35:50,-119.861502,0.161286,42,14
2020-04-06 20:35:55,-119.861502,0.161286,42,14
2020-04-06 20:36:00,-119.861502,0.161286,45,14
2020-04-06 20:36:05,-119.861502,0.161286,39,14
2020-04-06 20:36:10,-119.861502,0.161286,43,14
2020-04-06 20:36:15,-119.861502,0.161286,39,14
2020-04-06 20:36:20,-119.861502,0.161286,43,14
2020-04-06 20:36:25,-119.861502,0.161286,39,14
2020-04-06 20:36:30,-119.861502,0.161286,39,14
2020-04-06 20:36:35,-119.861502,0.161286,42,14
2020-04-06 20:36:40,-119.861502,0.161286,39,14
2020-04-06 20:36:45,-119.861502,0.161286,39,14
2020-04-06 20:36:50,-119.861502,0.161286,36,14
2020-04-06 20:36:55,-119.861502,0.161286,42,14
2020-04-06 20:37:00,-119.861502,0.161286,43,14
2020-04-06 20:37:05,-119.861502,0.161286,40,14
2020-04-06 20:37:10,-119.861502,0.161286,44,14
2020-04-06 20:37:15,-119.861502,0.161286,38,14
2020-04-06 20:37:20,-119.861502,0.161286,54,14
2020-04-06 20:37:25,-119.861502,0.161286,44,14
2020-04-06 20:37:30,-119.861502,0.161286,40,14
2020-04-06 20:37:35,-119.861502,0.161286,36,14
2020-04-06 20:37:40,-119.861502,0.161286,46,14
2020-04-06 20:37:45,-119.861502,0.161286,39,14
2020-04-06 20:37:50,-119.861502,0.161286,38,14
2020-04-06 20:37:55,-119.861502,0.161286,40,14
2020-04-06 20:38:00,-119.861502,0.161286,32,14
2020-04-06 20:38:05,-119.861502,0.161286,45,14
2020-04-06 20:38:10,-119.861502,0.161286,45,14
2020-04-06 20:38:15,-119.861502,0.161286,42,14
2020-04-06 20:38:20,-119.861502,0.161286,43,14
2020-04-06 20:38:25,-119.861502,0.161286,37,14
2020-04-06 20:38:30,-119.861502,0.161286,43,14
2020-04-06 20:38:35,-119.861502,0.161286,39,14
2020-04-06 20:38:40,-119.861502,0.161286,41,14
2020-04-06 20:38:45,-119.861502,0.161286,40,14
2020-04-06 20:38:50,-119.861502,0.161286,38,14
2020-04-06 20:38:55,-119.861502,0.161286,43,14
2020-04-06 20:39:00,-119.861502,0.161286,45,14
2020-04-06 20:39:05,-119.861502,0.161286,44,14
2020-04-06 20:39:10,-119.861502,0.161286,40,14
2020-04-06 20:39:15,-119.861502,0.161286,40,14
2020-04-06 20:39:20,-119.861502,0.161286,46,14
2020-04-06 20:39:25,-119.861502,0.161286,46,14
2020-04-06 20:39:30,-119.861502,0.161286,44,14
2020-04-06 20:39:35,-119.861502,0.161286,41,14
2020-04-06 20:39:40,-119.861502,0.161286,40,14
2020-04-06 20:39:45,-119.861502,0.161286,40,14
2020-04-06 20:39:50,-119.861502,0.161286,39,14
2020-04-06 20:39:55,-119.861502,0.161286,46,14
2020-04-06 20:40:00,-119.861502,0.161286,41,14
2020-04-06 20:40:05,-119.861502,0.161286,42,14
2020-04-06 20:40:10,-119.861502,0.161286,40,14
2020-04-06 20:40:15,-119.861502,0.161286,42,14
2020-04-06 20:40:20,-119.861502,0.161286,48,14
2020-04-06 20:40:25,-119.861502,0.161286,41,14
2020-04-06 20:40:30,-119.861502,0.161286,39,14
2020-04-06 20:40:35,-119.861502,0.161286,40,14
2020-04-06 20:40:40,-119.861502,0.161286,43,14
2020-04-06 20:40:45,-119.861502,0.161286,42,14
2020-04-06 20:40:50,-119.861502,0.161286,38,14
2020-04-06 20:40:55,-119.861502,0.161286,48,14
2020-04-06 20:41:00,-119.861502,0.161286,42,14
2020-04-06 20:41:05,-119.861502,0.161286,37,14
2020-04-06 20:41:10,-119.861502,0.161286,41,14
2020-04-06 20:41:15,-119.861502,0.161286,42,14
2020-04-06 20:41:20,-119.861502,0.161286,42,14
2020-04-06 20:41:25,-119.861502,0.161286,41,14
2020-04-06 20:41:30,-119.861502,0.161286,42,14
2020-04-06 20:41:35,-119.861502,0.161286,42,14
2020-04-06 20:41:40,-119.861502,0.161286,37,14
2020-04-06 20:41:45,-119.861502,0.161286,44,14
2020-04-06 20:41:50,-119.861502,0.161286,48,14
2020-04-06 20:41:55,-119.861502,0.161286,50,14
2020-04-06 20:42:00,-119.861502,0.161286,45,14
2020-04-06 20:42:05,-119.861502,0.161286,41,14
2020-04-06 20:42:10,-119.861502,0.161286,42,14
2020-04-06 20:42:15,-119.861502,0.161286,43,14
2020-04-06 20:42:20,-119.861502,0.161286,36,14
2020-04-06 20:42:25,-119.861502,0.161286,39,14
2020-04-06 20:42:30,-119.861502,0.161286,42,14
2020-04-06 20:42:35,-119.861502,0.161286,41,14
2020-04-06 20:42:40,-119.861502,0.161286,44,14
2020-04-06 20:42:45,-119.861502,0.161286,41,14
2020-04-06 20:42:50,-119.861502,0.161286,38,14
2020-04-06 20:42:55,-119.861502,0.161286,38,14
2020-04-06 20:43:00,-119.861502,0.161286,44,14
2020-04-06 20:43:05,-119.861502,0.161286,38,14
2020-04-06 20:43:10,-119.861502,0.161286,41,14
2020-04-06 20:43:15,-119.861502,0.161286,37,14
2020-04-06 20:43:20,-119.861502,0.161286,40,14
2020-04-06 20:43:25,-119.861502,0.161286,40,14
2020-04-06 20:43:30,-119.861502,0.161286,41,14
2020-04-06 20:43:35,-119.861502,0.161286,37,14
2020-04-06 20:43:40,-119.861502,0.161286,44,14
2020-04-06 20:43:45,-119.861502,0.161286,41,14
2020-04-06 20:43:50,-119.861502,0.161286,50,14
2020-04-06 20:43:55,-119.861502,0.161286,44,14
2020-04-06 20:44:00,-119.861502,0.161286,41,14
2020-04-06 20:44:05,-119.861502,0.161286,41,14
2020-04-06 20:44:10,-119.861502,0.161286,46,14
2020-04-06 20:44:15,-119.861502,0.161286,44,14
2020-04-06 20:44:20,-119.861502,0.161286,40,14
2020-04-06 20:44:25,-119.861502,0.161286,43,14
2020-04-06 20:44:30,-119.861502,0.161286,44,14
2020-04-06 20:44:35,-119.861502,0.161286,41,14
2020-04-06 20:44:40,-119.861502,0.161286,44,14
2020-04-06 20:44:45,-119.861502,0.161286,43,14
2020-04-06 20:44:50,-119.861502,0.161286,39,14
2020-04-06 20:44:55,-119.861502,0.161286,37,14
2020-04-06 20:45:00,-119.861502,0.161286,37,14
2020-04-06 20:45:05,-119.861502,0.161286,42,14
2020-04-06 20:45:10,-119.861502,0.161286,40,14
2020-04-06 20:45:15,-119.861502,0.161286,40,14
2020-04-06 20:45:20,-119.861502,0.161286,41,14
2020-04-06 20:45:25,-119.861502,0.161286,47,14
2020-04-06 20:45:30,-119.861502,0.161286,40,14
2020-04-06 20:45:35,-119.861502,0.161286,45,14
2020-04-06 20:45:40,-119.861502,0.161286,48,14
2020-04-06 20:45:45,-119.861502,0.161286,44,14
2020-04-06 20:45:50,-119.861502,0.161286,42,14
2020-04-06 20:45:55,-119.861502,0.161286,44,14
2020-04-06 20:46:00,-119.861502,0.161286,43,14
2020-04-06 20:46:05,-119.861502,0.161286,38,14
2020-04-06 20:46:10,-119.861502,0.161286,41,14
2020-04-06 20:46:15,-119.861502,0.161286,42,14
2020-04-06 20:46:20,-119.861502,0.161286,46,14
2020-04-06 20:46:25,-119.861502,0.161286,41,14
2020-04-06 20:46:30,-119.861502,0.161286,40,14
2020-04-06 20:46:35,-119.861502,0.161286,42,14
2020-04-06 20:46:40,-119.861502,0.161286,41,14
2020-04-06 20:46:45,-119.861502,0.161286,40,14
2020-04-06 20:46:50,-119.861502,0.161286,47,14
2020-04-06 20:46:55,-119.861502,0.161286,42,14
2020-04-06 20:47:00,-119.861502,0.161286,39,14
2020-04-06 20:47:05,-119.861502,0.161286,41,14
2020-04-06 20:47:10,-119.861502,0.161286,41,14
2020-04-06 20:47:15,-119.861502,0.161286,43,14
2020-04-06 20:47:20,-119.861502,0.161286,43,14
2020-04-06 20:47:25,-119.861502,0.161286,42,14
2020-04-06 20:47:30,-119.861502,0.161286,43,14
2020-04-06 20:47:35,-119.861502,0.161286,42,14
2020-04-06 20:47:40,-119.861502,0.161286,43,14
2020-04-06 20:47:45,-119.861502,0.161286,38,14
2020-04-06 20:47:50,-119.861502,0.161286,42,14
2020-04-06 20:47:55,-119.861502,0.161286,42,14
2020-04-06 20:48:00,-119.861502,0.161286,42,14
2020-04-06 20:48:05,-119.861502,0.161286,43,14
2020-04-06 20:48:10,-119.861502,0.161286,36,14
2020-04-06 20:48:15,-119.861502,0.161286,41,14
2020-04-06 20:48:20,-119.861502,0.161286,34,14
2020-04-06 20:48:25,-119.861502,0.161286,44,14
2020-04-06 20:48:30,-119.861502,0.161286,44,14
2020-04-06 20:48:35,-119.861502,0.161286,37,14
2020-04-06 20:48:40,-119.861502,0.161286,38,14
2020-04-06 20:48:45,-119.861502,0.161286,46,14
2020-04-06 20:48:50,-119.861502,0.161286,41,14
2020-04-06 20:48:55,-119.861502,0.161286,42,14
2020-04-06 20:49:00,-119.861502,0.161286,42,14
2020-04-06 20:49:05,-119.861502,0.161286,37,14
2020-04-06 20:49:10,-119.861502,0.161286,42,14
2020-04-06 20:49:15,-119.861502,0.161286,42,14
2020-04-06 20:49:20,-119.861502,0.161286,39,14
2020-04-06 20:49:25,-119.861502,0.161286,44,14
2020-04-06 20:49:30,-119.861502,0.161286,39,14
2020-04-06 20:49:35,-119.861502,0.161286,37,14
2020-04-06 20:49:40,-119.861502,0.161286,43,14
2020-04-06 20:49:45,-119.861502,0.161286,39,14
2020-04-06 20:49:50,-119.861502,0.161286,42,14
2020-04-06 20:49:55,-119.861502,0.161286,39,14
2020-04-06 20:50:00,-119.861502,0.161286,39,14
2020-04-06 20:50:05,-119.861502,0.161286,41,14
2020-04-06 20:50:10,-119.861502,0.161286,37,14
2020-04-06 20:50:15,-119.861502,0.161286,41,14
2020-04-06 20:50:20,-119.861502,0.161286,40,14
2020-04-06 20:50:25,-119.861502,0.161286,39,14
2020-04-06 20:50:30,-119.861502,0.161286,39,14
2020-04-06 20:50:35,-119.861502,0.161286,35,14
2020-04-06 20:50:40,-119.861502,0.161286,41,14
2020-04-06 20:50:45,-119.861502,0.161286,39,14
2020-04-06 20:50:50,-119.861502,0.161286,42,14
2020-04-06 20:50:55,-119.861502,0.161286,45,14
2020-04-06 20:51:00,-119.861502,0.161286,38,14
2020-04-06 20:51:05,-119.861502,0.161286,40,14
2020-04-06 20:51:10,-119.861502,0.161286,42,14
2020-04-06 20:51:15,-119.861502,0.161286,41,14
2020-04-06 20:51:20,-119.861502,0.161286,34,14
2020-04-06 20:51:25,-119.861502,0.161286,35,14
2020-04-06 20:51:30,-119.861502,0.161286,44,14
2020-04-06 20:51:35,-119.861502,0.161286,43,14
2020-04-06 20:51:40,-119.861502,0.161286,47,14
2020-04-06 20:51:45,-119.861502,0.161286,41,14
2020-04-06 20:51:50,-119.861502,0.161286,34,14
2020-04-06 20:51:55,-119.861502,0.161286,40,14
2020-04-06 20:52:00,-119.861502,0.161286,41,14
2020-04-06 20:52:05,-119.861502,0.161286,41,14
2020-04-06 20:52:10,-119.861502,0.161286,44,14
2020-04-06 20:52:15,-119.861502,0.161286,45,14
2020-04-06 20:52:20,-119.861502,0.161286,38,14
2020-04-06 20:52:25,-119.861502,0.161286,41,14
2020-04-06 20:52:30,-119.861502,0.161286,42,14
2020-04-06 20:52:35,-119.861502,0.161286,43,14
2020-04-06 20:52:40,-119.861502,0.161286,39,14
2020-04-06 20:52:45,-119.861502,0.161286,51,14
2020-04-06 20:52:50,-119.861502,0.161286,41,14
2020-04-06 20:52:55,-119.861502,0.161286,41,14
2020-04-06 20:53:00,-119.861502,0.161286,46,14
2020-04-06 20:53:05,-119.861502,0.161286,43,14
2020-04-06 20:53:10,-119.861502,0.161286,47,14
2020-04-06 20:53:15,-119.861502,0.161286,39,14
2020-04-06 20:53:20,-119.861502,0.161286,41,14
2020-04-06 20:53:25,-119.861502,0.161286,36,14
2020-04-06 20:53:30,-119.861502,0.161286,45,14
2020-04-06 20:53:35,-119.861502,0.161286,45,14
2020-04-06 20:53:40,-119.861502,0.161286,43,14
2020-04-06 20:53:45,-119.861502,0.161286,41,14
2020-04-06 20:53:50,-119.861502,0.161286,38,14
2020-04-06 20:53:55,-119.861502,0.161286,40,14
2020-04-06 20:54:00,-119.861502,0.161286,41,14
2020-04-06 20:54:05,-119.861502,0.161286,44,14
2020-04-06 20:54:10,-119.861502,0.161286,42,14
2020-04-06 20:54:15,-119.861502,0.161286,41,14
2020-04-06 20:54:20,-119.861502,0.161286,44,14
2020-04-06 20:54:25,-119.861502,0.161286,42,14
2020-04-06 20:54:30,-119.861502,0.161286,43,14
2020-04-06 20:54:35,-119.861502,0.161286,41,14
2020-04-06 20:54:40,-119.861502,0.161286,41,14
2020-04-06 20:54:45,-119.861502,0.161286,42,14
2020-04-06 20:54:50,-119.861502,0.161286,40,14
2020-04-06 20:54:55,-119.861502,0.161286,41,14
2020-04-06 20:55:00,-119.861502,0.161286,39,14
2020-04-06 20:55:05,-119.861502,0.161286,42,14
2020-04-06 20:55:10,-119.861502,0.161286,47,14
2020-04-06 20:55:15,-119.861502,0.161286,41,14
2020-04-06 20:55:20,-119.861502,0.161286,43,14
2020-04-06 20:55:25,-119.861502,0.161286,45,14
2020-04-06 20:55:30,-119.861502,0.161286,41,14
2020-04-06 20:55:35,-119.861502,0.161286,39,14
2020-04-06 20:55:40,-119.861502,0.161286,40,14
2020-04-06 20:55:45,-119.861502,0.161286,40,14
2020-04-06 20:55:50,-119.861502,0.161286,42,14
2020-04-06 20:55:55,-119.861502,0.161286,44,14
2020-04-06 20:56:00,-119.861502,0.161286,37,14
2020-04-06 20:56:05,-119.861502,0.161286,43,14
2020-04-06 20:56:10,-119.861502,0.161286,41,14
2020-04-06 20:56:15,-119.861502,0.161286,39,14
2020-04-06 20:56:20,-119.861502,0.161286,42,14
2020-04-06 20:56:25,-119.861502,0.161286,45,14
2020-04-06 20:56:30,-119.861502,0.161286,43,14
2020-04-06 20:56:35,-119.861502,0.161286,41,14
2020-04-06 20:56:40,-119.861502,0.161286,40,14
2020-04-06 20:56:45,-119.861502,0.161286,40,14
2020-04-06 20:56:50,-119.861502,0.161286,42,14
2020-04-06 20:56:55,-119.861502,0.161286,42,14
2020-04-06 20:57:00,-119.861502,0.161286,39,14
2020-04-06 20:57:05,-119.861502,0.161286,48,14
2020-04-06 20:57:10,-119.861502,0.161286,42,14
2020-04-06 20:57:15,-119.861502,0.161286,39,14
2020-04-06 20:57:20,-119.861502,0.161286,44,14
2020-04-06 20:57:25,-119.861502,0.161286,37,14
2020-04-06 20:57:30,-119.861502,0.161286,40,14
2020-04-06 20:57:35,-119.861502,0.161286,41,14
2020-04-06 20:57:40,-119.861502,0.161286,39,14
2020-04-06 20:57:45,-119.861502,0.161286,43,14
2020-04-06 20:57:50,-119.861502,0.161286,40,14
2020-04-06 20:57:55,-119.861502,0.161286,38,14
2020-04-06 20:58:00,-119.861502,0.161286,42,14
2020-04-06 20:58:05,-119.861502,0.161286,41,14
2020-04-06 20:58:10,-119.861502,0.161286,37,14
2020-04-06 20:58:15,-119.861502,0.161286,42,14
2020-04-06 20:58:20,-119.861502,0.161286,40,14
2020-04-06 20:58:25,-119.861502,0.161286,40,14
2020-04-06 20:58:30,-119.861502,0.161286,41,14
2020-04-06 20:58:35,-119.861502,0.161286,41,14
2020-04-06 20:58:40,-119.861502,0.161286,40,14
2020-04-06 20:58:45,-119.861502,0.161286,38,14
2020-04-06 20:58:50,-119.861502,0.161286,40,14
2020-04-06 20:58:55,-119.861502,0.161286,48,14
2020-04-06 20:59:00,-119.861502,0.161286,42,14
2020-04-06 20:59:05,-119.861502,0.161286,43,14
2020-04-06 20:59:10,-119.861502,0.161286,41,14
2020-04-06 20:59:15,-119.861502,0.161286,41,14
2020-04-06 20:59:20,-119.861502,0.161286,40,14
2020-04-06 20:59:25,-119.861502,0.161286,40,14
2020-04-06 20:59:30,-119.861502,0.161286,44,14
2020-04-06 20:59:35,-119.861502,0.161286,41,14
2020-04-06 20:59:40,-119.861502,0.161286,45,14
2020-04-06 20:59:45,-119.861502,0.161286,42,14
2020-04-06 20:59:50,-119.861502,0.161286,42,14
2020-04-06 20:59:55,-119.861502,0.161286,44,14
2020-04-06 21:00:00,-119.861502,0.161286,39,14
2020-04-06 21:00:05,-119.861502,0.161286,45,14
2020-04-06 21:00:10,-119.861502,0.161286,38,14
2020-04-06 21:00:15,-119.861502,0.161286,42,14
2020-04-06 21:00:20,-119.861502,0.161286,43,14
2020-04-06 21:00:25,-119.861502,0.161286,41,14
2020-04-06 21:00:30,-119.861502,0.161286,41,14
2020-04-06 21:00:35,-119.861502,0.161286,45,14
2020-04-06 21:00:40,-119.861502,0.161286,45,14
2020-04-06 21:00:45,-119.861502,0.161286,39,14
2020-04-06 21:00:50,-119.861502,0.161286,40,14
2020-04-06 21:00:55,-119.861502,0.161286,45,14
2020-04-06 21:01:00,-119.861502,0.161286,41,14
2020-04-06 21:01:05,-119.861502,0.161286,41,14
2020-04-06 21:01:10,-119.861502,0.161286,46,14
2020-04-06 21:01:15,-119.861502,0.161286,38,14
2020-04-06 21:01:20,-119.861502,0.161286,41,14
2020-04-06 21:01:25,-119.861502,0.161286,45,14
2020-04-06 21:01:30,-119.861502,0.161286,38,14
2020-04-06 21:01:35,-119.861502,0.161286,45,14
2020-04-06 21:01:40,-119.861502,0.161286,35,14
2020-04-06 21:01:45,-119.861502,0.161286,41,14
2020-04-06 21:01:50,-119.861502,0.161286,41,14
2020-04-06 21:01:55,-119.861502,0.161286,40,14
2020-04-06 21:02:00,-119.861502,0.161286,43,14
2020-04-06 21:02:05,-119.861502,0.161286,44,14
2020-04-06 21:02:10,-119.861502,0.161286,47,14
2020-04-06 21:02:15,-119.861502,0.161286,38,14
2020-04-06 21:02:20,-119.861502,0.161286,40,14
2020-04-06 21:02:25,-119.861502,0.161286,38,14
2020-04-06 21:02:30,-119.861502,0.161286,38,14
2020-04-06 21:02:35,-119.861502,0.161286,44,14
2020-04-06 21:02:40,-119.861502,0.161286,44,14
2020-04-06 21:02:45,-119.861502,0.161286,47,14
2020-04-06 21:02:50,-119.861502,0.161286,41,14
2020-04-06 21:02:55,-119.861502,0.161286,43,14
2020-04-06 21:03:00,-119.861502,0.161286,38,14
2020-04-06 21:03:05,-119.861502,0.161286,43,14
2020-04-06 21:03:10,-119.861502,0.161286,42,14
2020-04-06 21:03:15,-119.861502,0.161286,41,14
2020-04-06 21:03:20,-119.861502,0.161286,39,14
2020-04-06 21:03:25,-119.861502,0.161286,43,14
2020-04-06 21:03:30,-119.861502,0.161286,40,14
2020-04-06 21:03:35,-119.861502,0.161286,39,14
2020-04-06 21:03:40,-119.861502,0.161286,37,14
2020-04-06 21:03:45,-119.861502,0.161286,39,14
2020-04-06 21:03:50,-119.861502,0.161286,44,14
2020-04-06 21:03:55,-119.861502,0.161286,37,14
2020-04-06 21:04:00,-119.861502,0.161286,34,14
2020-04-06 21:04:05,-119.861502,0.161286,42,14
2020-04-06 21:04:10,-119.861502,0.161286,38,14
2020-04-06 21:04:15,-119.861502,0.161286,37,14
2020-04-06 21:04:20,-119.861502,0.161286,41,14
2020-04-06 21:04:25,-119.861502,0.161286,38,14
2020-04-06 21:04:30,-119.861502,0.161286,40,14
2020-04-06 21:04:35,-119.861502,0.161286,45,14
2020-04-06 21:04:40,-119.861502,0.161286,41,14
2020-04-06 21:04:45,-119.861502,0.161286,37,14
2020-04-06 21:04:50,-119.861502,0.161286,41,14
2020-04-06 21:04:55,-119.861502,0.161286,46,14
2020-04-06 21:05:00,-119.861502,0.161286,42,14
2020-04-06 21:05:05,-119.861502,0.161286,44,14
2020-04-06 21:05:10,-119.861502,0.161286,43,14
2020-04-06 21:05:15,-119.861502,0.161286,39,14
2020-04-06 21:05:20,-119.861502,0.161286,43,14
2020-04-06 21:05:25,-119.861502,0.161286,47,14
2020-04-06 21:05:30,-119.861502,0.161286,45,14
2020-04-06 21:05:35,-119.861502,0.161286,44,14
2020-04-06 21:05:40,-119.861502,0.161286,39,14
2020-04-06 21:05:45,-119.861502,0.161286,41,14
2020-04-06 21:05:50,-119.861502,0.161286,41,14
2020-04-06 21:05:55,-119.861502,0.161286,42,14
2020-04-06 21:06:00,-119.861502,0.161286,40,14
2020-04-06 21:06:05,-119.861502,0.161286,38,14
2020-04-06 21:06:10,-119.861502,0.161286,40,14
2020-04-06 21:06:15,-119.861502,0.161286,42,14
2020-04-06 21:06:20,-119.861502,0.161286,40,14
2020-04-06 21:06:25,-119.861502,0.161286,45,14
2020-04-06 21:06:30,-119.861502,0.161286,43,14
2020-04-06 21:06:35,-119.861502,0.161286,39,14
2020-04-06 21:06:40,-119.861502,0.161286,47,14
2020-04-06 21:06:45,-119.861502,0.161286,46,14
2020-04-06 21:06:50,-119.861502,0.161286,44,14
2020-04-06 21:06:55,-119.861502,0.161286,47,14
2020-04-06 21:07:00,-119.861502,0.161286,42,14
2020-04-06 21:07:05,-119.861502,0.161286,43,14
2020-04-06 21:07:10,-119.861502,0.161286,41,14
2020-04-06 21:07:15,-119.861502,0.161286,47,14
2020-04-06 21:07:20,-119.861502,0.161286,39,14
2020-04-06 21:07:25,-119.861502,0.161286,35,14
2020-04-06 21:07:30,-119.861502,0.161286,39,14
2020-04-06 21:07:35,-119.861502,0.161286,45,14
2020-04-06 21:07:40,-119.861502,0.161286,44,14
2020-04-06 21:07:45,-119.861502,0.161286,44,14
2020-04-06 21:07:50,-119.861502,0.161286,44,14
2020-04-06 21:07:55,-119.861502,0.161286,45,14
2020-04-06 21:08:00,-119.861502,0.161286,40,14
2020-04-06 21:08:05,-119.861502,0.161286,43,14
2020-04-06 21:08:10,-119.861502,0.161286,40,14
2020-04-06 21:08:15,-119.861502,0.161286,42,14
2020-04-06 21:08:20,-119.861502,0.161286,40,14
2020-04-06 21:08:25,-119.861502,0.161286,37,14
2020-04-06 21:08:30,-119.861502,0.161286,41,14
2020-04-06 21:08:35,-119.861502,0.161286,40,14
2020-04-06 21:08:40,-119.861502,0.161286,39,14
2020-04-06 21:08:45,-119.861502,0.161286,41,14
2020-04-06 21:08:50,-119.861502,0.161286,45,14
2020-04-06 21:08:55,-119.861502,0.161286,36,14
2020-04-06 21:09:00,-119.861502,0.161286,40,14
2020-04-06 21:09:05,-119.861502,0.161286,45,14
2020-04-06 21:09:10,-119.861502,0.161286,41,14
2020-04-06 21:09:15,-119.861502,0.161286,44,14
2020-04-06 21:09:20,-119.861502,0.161286,36,14
2020-04-06 21:09:25,-119.861502,0.161286,44,14
2020-04-06 21:09:30,-119.861502,0.161286,46,14
2020-04-06 21:09:35,-119.861502,0.161286,45,14
2020-04-06 21:09:40,-119.861502,0.161286,42,14
2020-04-06 21:09:45,-119.861502,0.161286,41,14
2020-04-06 21:09:50,-119.861502,0.161286,41,14
2020-04-06 21:09:55,-119.861502,0.161286,48,14
2020-04-06 21:10:00,-119.861502,0.161286,40,14
2020-04-06 21:10:05,-119.861502,0.161286,43,14
2020-04-06 21:10:10,-119.861502,0.161286,41,14
2020-04-06 21:10:15,-119.861502,0.161286,41,14
2020-04-06 21:10:20,-119.861502,0.161286,40,14
2020-04-06 21:10:25,-119.861502,0.161286,42,14
2020-04-06 21:10:30,-119.861502,0.161286,48,14
2020-04-06 21:10:35,-119.861502,0.161286,45,14
2020-04-06 21:10:40,-119.861502,0.161286,45,14
2020-04-06 21:10:45,-119.861502,0.161286,42,14
2020-04-06 21:10:50,-119.861502,0.161286,46,14
2020-04-06 21:10:55,-119.861502,0.161286,49,14
2020-04-06 21:11:00,-119.861502,0.161286,44,14
2020-04-06 21:11:05,-119.861502,0.161286,45,14
2020-04-06 21:11:10,-119.861502,0.161286,44,14
2020-04-06 21:11:15,-119.861502,0.161286,50,14
2020-04-06 21:11:20,-119.861502,0.161286,43,14
2020-04-06 21:11:25,-119.861502,0.161286,39,14
2020-04-06 21:11:30,-119.861502,0.161286,42,14
2020-04-06 21:11:35,-119.861502,0.161286,43,14
2020-04-06 21:11:40,-119.861502,0.161286,42,14
2020-04-06 21:11:45,-119.861502,0.161286,40,14
2020-04-06 21:11:50,-119.861502,0.161286,44,14
2020-04-06 21:11:55,-119.861502,0.161286,47,14
2020-04-06 21:12:00,-119.861502,0.161286,52,14
2020-04-06 21:12:05,-119.861502,0.161286,48,14
2020-04-06 21:12:10,-119.861502,0.161286,43,14
2020-04-06 21:12:15,-119.861502,0.161286,43,14
2020-04-06 21:12:20,-119.861502,0.161286,42,14
2020-04-06 21:12:25,-119.861502,0.161286,40,14
2020-04-06 21:12:30,-119.861502,0.161286,44,14
2020-04-06 21:12:35,-119.861502,0.161286,37,14
2020-04-06 21:12:40,-119.861502,0.161286,39,14
2020-04-06 21:12:45,-119.861502,0.161286,40,14
2020-04-06 21:12:50,-119.861502,0.161286,41,14
2020-04-06 21:12:55,-119.861502,0.161286,40,14
2020-04-06 21:13:00,-119.861502,0.161286,47,14
2020-04-06 21:13:05,-119.861502,0.161286,41,14
2020-04-06 21:13:10,-119.861502,0.161286,46,14
2020-04-06 21:13:15,-119.861502,0.161286,43,14
2020-04-06 21:13:20,-119.861502,0.161286,44,14
2020-04-06 21:13:25,-119.861502,0.161286,36,14
2020-04-06 21:13:30,-119.861502,0.161286,42,14
2020-04-06 21:13:35,-119.861502,0.161286,43,14
2020-04-06 21:13:40,-119.861502,0.161286,40,14
2020-04-06 21:13:45,-119.861502,0.161286,42,14
2020-04-06 21:13:50,-119.861502,0.161286,40,14
2020-04-06 21:13:55,-119.861502,0.161286,42,14
2020-04-06 21:14:00,-119.861502,0.161286,43,14
2020-04-06 21:14:05,-119.861502,0.161286,45,14
2020-04-06 21:14:10,-119.861502,0.161286,42,14
2020-04-06 21:14:15,-119.861502,0.161286,41,14
2020-04-06 21:14:20,-119.861502,0.161286,46,14
2020-04-06 21:14:25,-119.861502,0.161286,41,14
2020-04-06 21:14:30,-119.861502,0.161286,39,14
2020-04-06 21:14:35,-119.861502,0.161286,41,14
2020-04-06 21:14:40,-119.861502,0.161286,43,14
2020-04-06 21:14:45,-119.861502,0.161286,37,14
2020-04-06 21:14:50,-119.861502,0.161286,40,14
2020-04-06 21:14:55,-119.861502,0.161286,40,14
2020-04-06 21:15:00,-119.861502,0.161286,38,14
2020-04-06 21:15:05,-119.861502,0.161286,44,14
2020-04-06 21:15:10,-119.861502,0.161286,42,14
2020-04-06 21:15:15,-119.861502,0.161286,38,14
2020-04-06 21:15:20,-119.861502,0.161286,42,14
2020-04-06 21:15:25,-119.861502,0.161286,42,14
2020-04-06 21:15:30,-119.861502,0.161286,41,14
2020-04-06 21:15:35,-119.861502,0.161286,35,14
2020-04-06 21:15:40,-119.861502,0.161286,43,14
2020-04-06 21:15:45,-119.861502,0.161286,48,14
2020-04-06 21:15:50,-119.861502,0.161286,41,14
2020-04-06 21:15:55,-119.861502,0.161286,39,14
2020-04-06 21:16:00,-119.861502,0.161286,42,14
2020-04-06 21:16:05,-119.861502,0.161286,40,14
2020-04-06 21:16:10,-119.861502,0.161286,40,14
2020-04-06 21:16:15,-119.861502,0.161286,37,14
2020-04-06 21:16:20,-119.861502,0.161286,45,14
2020-04-06 21:16:25,-119.861502,0.161286,47,14
2020-04-06 21:16:30,-119.861502,0.161286,40,14
2020-04-06 21:16:35,-119.861502,0.161286,40,14
2020-04-06 21:16:40,-119.861502,0.161286,46,14
2020-04-06 21:16:45,-119.861502,0.161286,43,14
2020-04-06 21:16:50,-119.861502,0.161286,40,14
2020-04-06 21:16:55,-119.861502,0.161286,43,14
2020-04-06 21:17:00,-119.861502,0.161286,42,14
2020-04-06 21:17:05,-119.861502,0.161286,43,14
2020-04-06 21:17:10,-119.861502,0.161286,45,14
2020-04-06 21:17:15,-119.861502,0.161286,40,14
2020-04-06 21:17:20,-119.861502,0.161286,40,14
2020-04-06 21:17:25,-119.861502,0.161286,42,14
2020-04-06 21:17:30,-119.861502,0.161286,40,14
2020-04-06 21:17:35,-119.861502,0.161286,38,14
2020-04-06 21:17:40,-119.861502,0.161286,42,14
2020-04-06 21:17:45,-119.861502,0.161286,43,14
2020-04-06 21:17:50,-119.861502,0.161286,44,14
2020-04-06 21:17:55,-119.861502,0.161286,42,14
2020-04-06 21:18:00,-119.861502,0.161286,48,14
2020-04-06 21:18:05,-119.861502,0.161286,36,14
2020-04-06 21:18:10,-119.861502,0.161286,40,14
2020-04-06 21:18:15,-119.861502,0.161286,39,14
2020-04-06 21:18:20,-119.861502,0.161286,41,14
2020-04-06 21:18:25,-119.861502,0.161286,44,14
2020-04-06 21:18:30,-119.861502,0.161286,42,14
2020-04-06 21:18:35,-119.861502,0.161286,40,14
2020-04-06 21:18:40,-119.861502,0.161286,37,14
2020-04-06 21:18:45,-119.861502,0.161286,36,14
2020-04-06 21:18:50,-119.861502,0.161286,44,14
2020-04-06 21:18:55,-119.861502,0.161286,40,14
2020-04-06 21:19:00,-119.861502,0.161286,40,14
2020-04-06 21:19:05,-119.861502,0.161286,42,14
2020-04-06 21:19:10,-119.861502,0.161286,39,14
2020-04-06 21:19:15,-119.861502,0.161286,43,14
2020-04-06 21:19:20,-119.861502,0.161286,41,14
2020-04-06 21:19:25,-119.861502,0.161286,47,14
2020-04-06 21:19:30,-119.861502,0.161286,45,14
2020-04-06 21:19:35,-119.861502,0.161286,48,14
2020-04-06 21:19:40,-119.861502,0.161286,46,14
2020-04-06 21:19:45,-119.861502,0.161286,42,14
2020-04-06 21:19:50,-119.861502,0.161286,40,14
2020-04-06 21:19:55,-119.861502,0.161286,42,14
2020-04-06 21:20:00,-119.861502,0.161286,44,14
2020-04-06 21:20:05,-119.861502,0.161286,43,14
2020-04-06 21:20:10,-119.861502,0.161286,41,14
2020-04-06 21:20:15,-119.861502,0.161286,40,14
2020-04-06 21:20:20,-119.861502,0.161286,44,14
2020-04-06 21:20:25,-119.861502,0.161286,37,14
2020-04-06 21:20:30,-119.861502,0.161286,38,14
2020-04-06 21:20:35,-119.861502,0.161286,39,14
2020-04-06 21:20:40,-119.861502,0.161286,46,14
2020-04-06 21:20:45,-119.861502,0.161286,38,14
2020-04-06 21:20:50,-119.861502,0.161286,39,14
2020-04-06 21:20:55,-119.861502,0.161286,46,14
2020-04-06 21:21:00,-119.861502,0.161286,40,14
2020-04-06 21:21:05,-119.861502,0.161286,37,14
2020-04-06 21:21:10,-119.861502,0.161286,41,14
2020-04-06 21:21:15,-119.861502,0.161286,44,14
2020-04-06 21:21:20,-119.861502,0.161286,41,14
2020-04-06 21:21:25,-119.861502,0.161286,38,14
2020-04-06 21:21:30,-119.861502,0.161286,49,14
2020-04-06 21:21:35,-119.861502,0.161286,41,14
2020-04-06 21:21:40,-119.861502,0.161286,44,14
2020-04-06 21:21:45,-119.861502,0.161286,44,14
2020-04-06 21:21:50,-119.861502,0.161286,49,14
2020-04-06 21:21:55,-119.861502,0.161286,38,14
2020-04-06 21:22:00,-119.861502,0.161286,38,14
2020-04-06 21:22:05,-119.861502,0.161286,42,14
2020-04-06 21:22:10,-119.861502,0.161286,42,14
2020-04-06 21:22:15,-119.861502,0.161286,41,14
2020-04-06 21:22:20,-119.861502,0.161286,43,14
2020-04-06 21:22:25,-119.861502,0.161286,41,14
2020-04-06 21:22:30,-119.861502,0.161286,42,14
2020-04-06 21:22:35,-119.861502,0.161286,44,14
2020-04-06 21:22:40,-119.861502,0.161286,44,14
2020-04-06 21:22:45,-119.861502,0.161286,35,14
2020-04-06 21:22:50,-119.861502,0.161286,45,14
2020-04-06 21:22:55,-119.861502,0.161286,39,14
2020-04-06 21:23:00,-119.861502,0.161286,41,14
2020-04-06 21:23:05,-119.861502,0.161286,41,14
2020-04-06 21:23:10,-119.861502,0.161286,42,14
2020-04-06 21:23:15,-119.861502,0.161286,42,14
2020-04-06 21:23:20,-119.861502,0.161286,42,14
2020-04-06 21:23:25,-119.861502,0.161286,43,14
2020-04-06 21:23:30,-119.861502,0.161286,42,14
2020-04-06 21:23:35,-119.861502,0.161286,47,14
2020-04-06 21:23:40,-119.861502,0.161286,42,14
2020-04-06 21:23:45,-119.861502,0.161286,41,14
2020-04-06 21:23:50,-119.861502,0.161286,43,14
2020-04-06 21:23:55,-119.861502,0.161286,42,14
2020-04-06 21:24:00,-119.861502,0.161286,37,14
2020-04-06 21:24:05,-119.861502,0.161286,42,14
2020-04-06 21:24:10,-119.861502,0.161286,41,14
2020-04-06 21:24:15,-119.861502,0.161286,45,14
2020-04-06 21:24:20,-119.861502,0.161286,40,14
2020-04-06 21:24:25,-119.861502,0.161286,47,14
2020-04-06 21:24:30,-119.861502,0.161286,46,14
2020-04-06 21:24:35,-119.861502,0.161286,39,14
2020-04-06 21:24:40,-119.861502,0.161286,37,14
2020-04-06 21:24:45,-119.861502,0.161286,38,14
2020-04-06 21:24:50,-119.861502,0.161286,42,14
2020-04-06 21:24:55,-119.861502,0.161286,40,14
2020-04-06 21:25:00,-119.861502,0.161286,39,14
2020-04-06 21:25:05,-119.861502,0.161286,44,14
2020-04-06 21:25:10,-119.861502,0.161286,41,14
2020-04-06 21:25:15,-119.861502,0.161286,44,14
2020-04-06 21:25:20,-119.861502,0.161286,42,14
2020-04-06 21:25:25,-119.861502,0.161286,44,14
2020-04-06 21:25:30,-119.861502,0.161286,39,14
2020-04-06 21:25:35,-119.861502,0.161286,42,14
2020-04-06 21:25:40,-119.861502,0.161286,40,14
2020-04-06 21:25:45,-119.861502,0.161286,40,14
2020-04-06 21:25:50,-119.861502,0.161286,42,14
2020-04-06 21:25:55,-119.861502,0.161286,41,14
2020-04-06 21:26:00,-119.861502,0.161286,41,14
2020-04-06 21:26:05,-119.861502,0.161286,46,14
2020-04-06 21:26:10,-119.861502,0.161286,44,14
2020-04-06 21:26:15,-119.861502,0.161286,43,14
2020-04-06 21:26:20,-119.861502,0.161286,44,14
2020-04-06 21:26:25,-119.861502,0.161286,43,14
2020-04-06 21:26:30,-119.861502,0.161286,41,14
2020-04-06 21:26:35,-119.861502,0.161286,46,14
2020-04-06 21:26:40,-119.861502,0.161286,39,14
2020-04-06 21:26:45,-119.861502,0.161286,46,14
2020-04-06 21:26:50,-119.861502,0.161286,39,14
2020-04-06 21:26:55,-119.861502,0.161286,41,14
2020-04-06 21:27:00,-119.861502,0.161286,42,14
2020-04-06 21:27:05,-119.861502,0.161286,49,14
2020-04-06 21:27:10,-119.861502,0.161286,41,14
2020-04-06 21:27:15,-119.861502,0.161286,40,14
2020-04-06 21:27:20,-119.861502,0.161286,43,14
2020-04-06 21:27:25,-119.861502,0.161286,42,14
2020-04-06 21:27:30,-119.861502,0.161286,41,14
2020-04-06 21:27:35,-119.861502,0.161286,41,14
2020-04-06 21:27:40,-119.861502,0.161286,41,14
2020-04-06 21:27:45,-119.861502,0.161286,40,14
2020-04-06 21:27:50,-119.861502,0.161286,42,14
2020-04-06 21:27:55,-119.861502,0.161286,39,14
2020-04-06 21:28:00,-119.861502,0.161286,39,14
2020-04-06 21:28:05,-119.861502,0.161286,43,14
2020-04-06 21:28:10,-119.861502,0.161286,42,14
2020-04-06 21:28:15,-119.861502,0.161286,40,14
2020-04-06 21:28:20,-119.861502,0.161286,40,14
2020-04-06 21:28:25,-119.861502,0.161286,43,14
2020-04-06 21:28:30,-119.861502,0.161286,40,14
2020-04-06 21:28:35,-119.861502,0.161286,45,14
2020-04-06 21:28:40,-119.861502,0.161286,41,14
2020-04-06 21:28:45,-119.861502,0.161286,42,14
2020-04-06 21:28:50,-119.861502,0.161286,43,14
2020-04-06 21:28:55,-119.861502,0.161286,38,14
2020-04-06 21:29:00,-119.861502,0.161286,36,14
2020-04-06 21:29:05,-119.861502,0.161286,46,14
2020-04-06 21:29:10,-119.861502,0.161286,41,14
2020-04-06 21:29:15,-119.861502,0.161286,39,14
2020-04-06 21:29:20,-119.861502,0.161286,44,14
2020-04-06 21:29:25,-119.861502,0.161286,48,14
2020-04-06 21:29:30,-119.861502,0.161286,39,14
2020-04-06 21:29:35,-119.861502,0.161286,46,14
2020-04-06 21:29:40,-119.861502,0.161286,46,14
2020-04-06 21:29:45,-119.861502,0.161286,40,14
2020-04-06 21:29:50,-119.861502,0.161286,44,14
2020-04-06 21:29:55,-119.861502,0.161286,40,14
2020-04-06 21:30:00,-119.861502,0.161286,40,14
2020-04-06 21:30:05,-119.861502,0.161286,46,14
2020-04-06 21:30:10,-119.861502,0.161286,39,14
2020-04-06 21:30:15,-119.861502,0.161286,47,14
2020-04-06 21:30:20,-119.861502,0.161286,41,14
2020-04-06 21:30:25,-119.861502,0.161286,40,14
2020-04-06 21:30:30,-119.861502,0.161286,45,14
2020-04-06 21:30:35,-119.861502,0.161286,43,14
2020-04-06 21:30:40,-119.861502,0.161286,42,14
2020-04-06 21:30:45,-119.861502,0.161286,42,14
2020-04-06 21:30:50,-119.861502,0.161286,38,14
2020-04-06 21:30:55,-119.861502,0.161286,40,14
2020-04-06 21:31:00,-119.861502,0.161286,37,14
2020-04-06 21:31:05,-119.861502,0.161286,40,14
2020-04-06 21:31:10,-119.861502,0.161286,38,14
2020-04-06 21:31:15,-119.861502,0.161286,42,14
2020-04-06 21:31:20,-119.861502,0.161286,43,14
2020-04-06 21:31:25,-119.861502,0.161286,38,14
2020-04-06 21:31:30,-119.861502,0.161286,39,14
2020-04-06 21:31:35,-119.861502,0.161286,37,14
2020-04-06 21:31:40,-119.861502,0.161286,39,14
2020-04-06 21:31:45,-119.861502,0.161286,42,14
2020-04-06 21:31:50,-119.861502,0.161286,40,14
2020-04-06 21:31:55,-119.861502,0.161286,43,14
2020-04-06 21:32:00,-119.861502,0.161286,43,14
2020-04-06 21:32:05,-119.861502,0.161286,37,14
2020-04-06 21:32:10,-119.861502,0.161286,40,14
2020-04-06 21:32:15,-119.861502,0.161286,39,14
2020-04-06 21:32:20,-119.861502,0.161286,39,14
2020-04-06 21:32:25,-119.861502,0.161286,39,14
2020-04-06 21:32:30,-119.861502,0.161286,36,14
2020-04-06 21:32:35,-119.861502,0.161286,42,14
2020-04-06 21:32:40,-119.861502,0.161286,41,14
2020-04-06 21:32:45,-119.861502,0.161286,47,14
2020-04-06 21:32:50,-119.861502,0.161286,44,14
2020-04-06 21:32:55,-119.861502,0.161286,43,14
2020-04-06 21:33:00,-119.861502,0.161286,36,14
2020-04-06 21:33:05,-119.861502,0.161286,40,14
2020-04-06 21:33:10,-119.861502,0.161286,38,14
2020-04-06 21:33:15,-119.861502,0.161286,42,14
2020-04-06 21:33:20,-119.861502,0.161286,45,14
2020-04-06 21:33:25,-119.861502,0.161286,45,14
2020-04-06 21:33:30,-119.861502,0.161286,47,14
2020-04-06 21:33:35,-119.861502,0.161286,39,14
2020-04-06 21:33:40,-119.861502,0.161286,41,14
2020-04-06 21:33:45,-119.861502,0.161286,41,14
2020-04-06 21:33:50,-119.861502,0.161286,40,14
2020-04-06 21:33:55,-119.861502,0.161286,45,14
2020-04-06 21:34:00,-119.861502,0.161286,41,14
2020-04-06 21:34:05,-119.861502,0.161286,37,14
2020-04-06 21:34:10,-119.861502,0.161286,43,14
2020-04-06 21:34:15,-119.861502,0.161286,42,14
2020-04-06 21:34:20,-119.861502,0.161286,44,14
2020-04-06 21:34:25,-119.861502,0.161286,41,14
2020-04-06 21:34:30,-119.861502,0.161286,45,14
2020-04-06 21:34:35,-119.861502,0.161286,35,14
2020-04-06 21:34:40,-119.861502,0.161286,41,14
2020-04-06 21:34:45,-119.861502,0.161286,45,14
2020-04-06 21:34:50,-119.861502,0.161286,42,14
2020-04-06 21:34:55,-119.861502,0.161286,41,14
2020-04-06 21:35:00,-119.861502,0.161286,46,14
2020-04-06 21:35:05,-119.861502,0.161286,50,14
2020-04-06 21:35:10,-119.861502,0.161286,42,14
2020-04-06 21:35:15,-119.861502,0.161286,38,14
2020-04-06 21:35:20,-119.861502,0.161286,42,14
2020-04-06 21:35:25,-119.861502,0.161286,41,14
2020-04-06 21:35:30,-119.861502,0.161286,38,14
2020-04-06 21:35:35,-119.861502,0.161286,37,14
2020-04-06 21:35:40,-119.861502,0.161286,32,14
2020-04-06 21:35:45,-119.861502,0.161286,40,14
2020-04-06 21:35:50,-119.861502,0.161286,47,14
2020-04-06 21:35:55,-119.861502,0.161286,42,14
2020-04-06 21:36:00,-119.861502,0.161286,42,14
2020-04-06 21:36:05,-119.861502,0.161286,42,14
2020-04-06 21:36:10,-119.861502,0.161286,42,14
2020-04-06 21:36:15,-119.861502,0.161286,37,14
2020-04-06 21:36:20,-119.861502,0.161286,42,14
2020-04-06 21:36:25,-119.861502,0.161286,39,14
2020-04-06 21:36:30,-119.861502,0.161286,40,14
2020-04-06 21:36:35,-119.861502,0.161286,42,14
2020-04-06 21:36:40,-119.861502,0.161286,46,14
2020-04-06 21:36:45,-119.861502,0.161286,36,14
2020-04-06 21:36:50,-119.861502,0.161286,39,14
2020-04-06 21:36:55,-119.861502,0.161286,48,14
2020-04-06 21:37:00,-119.861502,0.161286,38,14
2020-04-06 21:37:05,-119.861502,0.161286,38,14
2020-04-06 21:37:10,-119.861502,0.161286,43,14
2020-04-06 21:37:15,-119.861502,0.161286,41,14
2020-04-06 21:37:20,-119.861502,0.161286,38,14
2020-04-06 21:37:25,-119.861502,0.161286,41,14
2020-04-06 21:37:30,-119.861502,0.161286,50,14
2020-04-06 21:37:35,-119.861502,0.161286,44,14
2020-04-06 21:37:40,-119.861502,0.161286,44,14
2020-04-06 21:37:45,-119.861502,0.161286,43,14
2020-04-06 21:37:50,-119.861502,0.161286,39,14
2020-04-06 21:37:55,-119.861502,0.161286,47,14
2020-04-06 21:38:00,-119.861502,0.161286,41,14
2020-04-06 21:38:05,-119.861502,0.161286,38,14
2020-04-06 21:38:10,-119.861502,0.161286,41,14
2020-04-06 21:38:15,-119.861502,0.161286,35,14
2020-04-06 21:38:20,-119.861502,0.161286,47,14
2020-04-06 21:38:25,-119.861502,0.161286,45,14
2020-04-06 21:38:30,-119.861502,0.161286,43,14
2020-04-06 21:38:35,-119.861502,0.161286,40,14
2020-04-06 21:38:40,-119.861502,0.161286,46,14
2020-04-06 21:38:45,-119.861502,0.161286,44,14
2020-04-06 21:38:50,-119.861502,0.161286,41,14
2020-04-06 21:38:55,-119.861502,0.161286,39,14
2020-04-06 21:39:00,-119.861502,0.161286,36,14
2020-04-06 21:39:05,-119.861502,0.161286,46,14
2020-04-06 21:39:10,-119.861502,0.161286,40,14
2020-04-06 21:39:15,-119.861502,0.161286,46,14
2020-04-06 21:39:20,-119.861502,0.161286,43,14
2020-04-06 21:39:25,-119.861502,0.161286,44,14
2020-04-06 21:39:30,-119.861502,0.161286,39,14
2020-04-06 21:39:35,-119.861502,0.161286,37,14
2020-04-06 21:39:40,-119.861502,0.161286,39,14
2020-04-06 21:39:45,-119.861502,0.161286,41,14
2020-04-06 21:39:50,-119.861502,0.161286,42,14
2020-04-06 21:39:55,-119.861502,0.161286,42,14
2020-04-06 21:40:00,-119.861502,0.161286,39,14
2020-04-06 21:40:05,-119.861502,0.161286,41,14
2020-04-06 21:40:10,-119.861502,0.161286,36,14
2020-04-06 21:40:15,-119.861502,0.161286,43,14
2020-04-06 21:40:20,-119.861502,0.161286,42,14
2020-04-06 21:40:25,-119.861502,0.161286,38,14
2020-04-06 21:40:30,-119.861502,0.161286,41,14
2020-04-06 21:40:35,-119.861502,0.161286,38,14
2020-04-06 21:40:40,-119.861502,0.161286,39,14
2020-04-06 21:40:45,-119.861502,0.161286,43,14
2020-04-06 21:40:50,-119.861502,0.161286,39,14
2020-04-06 21:40:55,-119.861502,0.161286,47,14
2020-04-06 21:41:00,-119.861502,0.161286,41,14
2020-04-06 21:41:05,-119.861502,0.161286,43,14
2020-04-06 21:41:10,-119.861502,0.161286,40,14
2020-04-06 21:41:15,-119.861502,0.161286,46,14
2020-04-06 21:41:20,-119.861502,0.161286,44,14
2020-04-06 21:41:25,-119.861502,0.161286,39,14
2020-04-06 21:41:30,-119.861502,0.161286,40,14
2020-04-06 21:41:35,-119.861502,0.161286,45,14
2020-04-06 21:41:40,-119.861502,0.161286,40,14
2020-04-06 21:41:45,-119.861502,0.161286,40,14
2020-04-06 21:41:50,-119.861502,0.161286,40,14
2020-04-06 21:41:55,-119.861502,0.161286,38,14
2020-04-06 21:42:00,-119.861502,0.161286,39,14
2020-04-06 21:42:05,-119.861502,0.161286,43,14
2020-04-06 21:42:10,-119.861502,0.161286,46,14
2020-04-06 21:42:15,-119.861502,0.161286,39,14
2020-04-06 21:42:20,-119.861502,0.161286,49,14
2020-04-06 21:42:25,-119.861502,0.161286,43,14
2020-04-06 21:42:30,-119.861502,0.161286,42,14
2020-04-06 21:42:35,-119.861502,0.161286,45,14
2020-04-06 21:42:40,-119.861502,0.161286,44,14
2020-04-06 21:42:45,-119.861502,0.161286,42,14
2020-04-06 21:42:50,-119.861502,0.161286,43,14
2020-04-06 21:42:55,-119.861502,0.161286,45,14
2020-04-06 21:43:00,-119.861502,0.161286,42,14
2020-04-06 21:43:05,-119.861502,0.161286,43,14
2020-04-06 21:43:10,-119.861502,0.161286,39,14
2020-04-06 21:43:15,-119.861502,0.161286,39,14
2020-04-06 21:43:20,-119.861502,0.161286,44,14
2020-04-06 21:43:25,-119.861502,0.161286,39,14
2020-04-06 21:43:30,-119.861502,0.161286,49,14
2020-04-06 21:43:35,-119.861502,0.161286,40,14
2020-04-06 21:43:40,-119.861502,0.161286,45,14
2020-04-06 21:43:45,-119.861502,0.161286,41,14
2020-04-06 21:43:50,-119.861502,0.161286,41,14
2020-04-06 21:43:55,-119.861502,0.161286,46,14
2020-04-06 21:44:00,-119.861502,0.161286,38,14
2020-04-06 21:44:05,-119.861502,0.161286,46,14
2020-04-06 21:44:10,-119.861502,0.161286,45,14
2020-04-06 21:44:15,-119.861502,0.161286,37,14
2020-04-06 21:44:20,-119.861502,0.161286,42,14
2020-04-06 21:44:25,-119.861502,0.161286,48,14
2020-04-06 21:44:30,-119.861502,0.161286,44,14
2020-04-06 21:44:35,-119.861502,0.161286,45,14
2020-04-06 21:44:40,-119.861502,0.161286,40,14
2020-04-06 21:44:45,-119.861502,0.161286,43,14
2020-04-06 21:44:50,-119.861502,0.161286,43,14
2020-04-06 21:44:55,-119.861502,0.161286,46,14
2020-04-06 21:45:00,-119.861502,0.161286,47,14
2020-04-06 21:45:05,-119.861502,0.161286,42,14
2020-04-06 21:45:10,-119.861502,0.161286,42,14
2020-04-06 21:45:15,-119.861502,0.161286,42,14
2020-04-06 21:45:20,-119.861502,0.161286,43,14
2020-04-06 21:45:25,-119.861502,0.161286,41,14
2020-04-06 21:45:30,-119.861502,0.161286,46,14
2020-04-06 21:45:35,-119.861502,0.161286,46,14
2020-04-06 21:45:40,-119.861502,0.161286,39,14
2020-04-06 21:45:45,-119.861502,0.161286,42,14
2020-04-06 21:45:50,-119.861502,0.161286,43,14
2020-04-06 21:45:55,-119.861502,0.161286,39,14
2020-04-06 21:46:00,-119.861502,0.161286,42,14
2020-04-06 21:46:05,-119.861502,0.161286,38,14
2020-04-06 21:46:10,-119.861502,0.161286,41,14
2020-04-06 21:46:15,-119.861502,0.161286,41,14
2020-04-06 21:46:20,-119.861502,0.161286,42,14
2020-04-06 21:46:25,-119.861502,0.161286,37,14
2020-04-06 21:46:30,-119.861502,0.161286,38,14
2020-04-06 21:46:35,-119.861502,0.161286,42,14
2020-04-06 21:46:40,-119.861502,0.161286,47,14
2020-04-06 21:46:45,-119.861502,0.161286,43,14
2020-04-06 21:46:50,-119.861502,0.161286,43,14
2020-04-06 21:46:55,-119.861502,0.161286,38,14
2020-04-06 21:47:00,-119.861502,0.161286,40,14
2020-04-06 21:47:05,-119.861502,0.161286,39,14
2020-04-06 21:47:10,-119.861502,0.161286,45,14
2020-04-06 21:47:15,-119.861502,0.161286,42,14
2020-04-06 21:47:20,-119.861502,0.161286,39,14
2020-04-06 21:47:25,-119.861502,0.161286,43,14
2020-04-06 21:47:30,-119.861502,0.161286,39,14
2020-04-06 21:47:35,-119.861502,0.161286,42,14
2020-04-06 21:47:40,-119.861502,0.161286,42,14
2020-04-06 21:47:45,-119.861502,0.161286,45,14
2020-04-06 21:47:50,-119.861502,0.161286,40,14
2020-04-06 21:47:55,-119.861502,0.161286,40,14
2020-04-06 21:48:00,-119.861502,0.161286,46,14
2020-04-06 21:48:05,-119.861502,0.161286,42,14
2020-04-06 21:48:10,-119.861502,0.161286,39,14
2020-04-06 21:48:15,-119.861502,0.161286,47,14
2020-04-06 21:48:20,-119.861502,0.161286,38,14
2020-04-06 21:48:25,-119.861502,0.161286,39,14
2020-04-06 21:48:30,-119.861502,0.161286,39,14
2020-04-06 21:48:35,-119.861502,0.161286,42,14
2020-04-06 21:48:40,-119.861502,0.161286,43,14
2020-04-06 21:48:45,-119.861502,0.161286,40,14
2020-04-06 21:48:50,-119.861502,0.161286,44,14
2020-04-06 21:48:55,-119.861502,0.161286,37,14
2020-04-06 21:49:00,-119.861502,0.161286,43,14
2020-04-06 21:49:05,-119.861502,0.161286,43,14
2020-04-06 21:49:10,-119.861502,0.161286,39,14
2020-04-06 21:49:15,-119.861502,0.161286,42,14
2020-04-06 21:49:20,-119.861502,0.161286,38,14
2020-04-06 21:49:25,-119.861502,0.161286,42,14
2020-04-06 21:49:30,-119.861502,0.161286,43,14
2020-04-06 21:49:35,-119.861502,0.161286,48,14
2020-04-06 21:49:40,-119.861502,0.161286,43,14
2020-04-06 21:49:45,-119.861502,0.161286,43,14
2020-04-06 21:49:50,-119.861502,0.161286,42,14
2020-04-06 21:49:55,-119.861502,0.161286,42,14
2020-04-06 21:50:00,-119.861502,0.161286,44,14
2020-04-06 21:50:05,-119.861502,0.161286,39,14
2020-04-06 21:50:10,-119.861502,0.161286,44,14
2020-04-06 21:50:15,-119.861502,0.161286,39,14
2020-04-06 21:50:20,-119.861502,0.161286,46,14
2020-04-06 21:50:25,-119.861502,0.161286,40,14
2020-04-06 21:50:30,-119.861502,0.161286,38,14
2020-04-06 21:50:35,-119.861502,0.161286,36,14
2020-04-06 21:50:40,-119.861502,0.161286,42,14
2020-04-06 21:50:45,-119.861502,0.161286,42,14
2020-04-06 21:50:50,-119.861502,0.161286,44,14
2020-04-06 21:50:55,-119.861502,0.161286,42,14
2020-04-06 21:51:00,-119.861502,0.161286,47,14
2020-04-06 21:51:05,-119.861502,0.161286,38,14
2020-04-06 21:51:10,-119.861502,0.161286,39,14
2020-04-06 21:51:15,-119.861502,0.161286,41,14
2020-04-06 21:51:20,-119.861502,0.161286,40,14
2020-04-06 21:51:25,-119.861502,0.161286,48,14
2020-04-06 21:51:30,-119.861502,0.161286,42,14
2020-04-06 21:51:35,-119.861502,0.161286,43,14
2020-04-06 21:51:40,-119.861502,0.161286,42,14
2020-04-06 21:51:45,-119.861502,0.161286,44,14
2020-04-06 21:51:50,-119.861502,0.161286,37,14
2020-04-06 21:51:55,-119.861502,0.161286,46,14
2020-04-06 21:52:00,-119.861502,0.161286,41,14
2020-04-06 21:52:05,-119.861502,0.161286,38,14
2020-04-06 21:52:10,-119.861502,0.161286,42,14
2020-04-06 21:52:15,-119.861502,0.161286,37,14
2020-04-06 21:52:20,-119.861502,0.161286,41,14
2020-04-06 21:52:25,-119.861502,0.161286,39,14
2020-04-06 21:52:30,-119.861502,0.161286,41,14
2020-04-06 21:52:35,-119.861502,0.161286,39,14
2020-04-06 21:52:40,-119.861502,0.161286,47,14
2020-04-06 21:52:45,-119.861502,0.161286,37,14
2020-04-06 21:52:50,-119.861502,0.161286,39,14
2020-04-06 21:52:55,-119.861502,0.161286,38,14
2020-04-06 21:53:00,-119.861502,0.161286,38,14
2020-04-06 21:53:05,-119.861502,0.161286,34,14
2020-04-06 21:53:10,-119.861502,0.161286,38,14
2020-04-06 21:53:15,-119.861502,0.161286,42,14
2020-04-06 21:53:20,-119.861502,0.161286,41,14
2020-04-06 21:53:25,-119.861502,0.161286,37,14
2020-04-06 21:53:30,-119.861502,0.161286,41,14
2020-04-06 21:53:35,-119.861502,0.161286,38,14
2020-04-06 21:53:40,-119.861502,0.161286,41,14
2020-04-06 21:53:45,-119.861502,0.161286,43,14
2020-04-06 21:53:50,-119.861502,0.161286,40,14
2020-04-06 21:53:55,-119.861502,0.161286,46,14
2020-04-06 21:54:00,-119.861502,0.161286,36,14
2020-04-06 21:54:05,-119.861502,0.161286,45,14
2020-04-06 21:54:10,-119.861502,0.161286,43,14
2020-04-06 21:54:15,-119.861502,0.161286,40,14
2020-04-06 21:54:20,-119.861502,0.161286,34,14
2020-04-06 21:54:25,-119.861502,0.161286,40,14
2020-04-06 21:54:30,-119.861502,0.161286,39,14
2020-04-06 21:54:35,-119.861502,0.161286,41,14
2020-04-06 21:54:40,-119.861502,0.161286,43,14
2020-04-06 21:54:45,-119.861502,0.161286,43,14
2020-04-06 21:54:50,-119.861502,0.161286,40,14
2020-04-06 21:54:55,-119.861502,0.161286,38,14
2020-04-06 21:55:00,-119.861502,0.161286,38,14
2020-04-06 21:55:05,-119.861502,0.161286,38,14
2020-04-06 21:55:10,-119.861502,0.161286,40,14
2020-04-06 21:55:15,-119.861502,0.161286,42,14
2020-04-06 21:55:20,-119.861502,0.161286,45,14
2020-04-06 21:55:25,-119.861502,0.161286,43,14
2020-04-06 21:55:30,-119.861502,0.161286,43,14
2020-04-06 21:55:35,-119.861502,0.161286,42,14
2020-04-06 21:55:40,-119.861502,0.161286,38,14
2020-04-06 21:55:45,-119.861502,0.161286,41,14
2020-04-06 21:55:50,-119.861502,0.161286,40,14
2020-04-06 21:55:55,-119.861502,0.161286,42,14
2020-04-06 21:56:00,-119.861502,0.161286,40,14
2020-04-06 21:56:05,-119.861502,0.161286,40,14
2020-04-06 21:56:10,-119.861502,0.161286,40,14
2020-04-06 21:56:15,-119.861502,0.161286,41,14
2020-04-06 21:56:20,-119.861502,0.161286,42,14
2020-04-06 21:56:25,-119.861502,0.161286,44,14
2020-04-06 21:56:30,-119.861502,0.161286,41,14
2020-04-06 21:56:35,-119.861502,0.161286,42,14
2020-04-06 21:56:40,-119.861502,0.161286,41,14
2020-04-06 21:56:45,-119.861502,0.161286,38,14
2020-04-06 21:56:50,-119.861502,0.161286,36,14
2020-04-06 21:56:55,-119.861502,0.161286,47,14
2020-04-06 21:57:00,-119.861502,0.161286,45,14
2020-04-06 21:57:05,-119.861502,0.161286,40,14
2020-04-06 21:57:10,-119.861502,0.161286,44,14
2020-04-06 21:57:15,-119.861502,0.161286,38,14
2020-04-06 21:57:20,-119.861502,0.161286,40,14
2020-04-06 21:57:25,-119.861502,0.161286,34,14
2020-04-06 21:57:30,-119.861502,0.161286,43,14
2020-04-06 21:57:35,-119.861502,0.161286,38,14
2020-04-06 21:57:40,-119.861502,0.161286,41,14
2020-04-06 21:57:45,-119.861502,0.161286,44,14
2020-04-06 21:57:50,-119.861502,0.161286,40,14
2020-04-06 21:57:55,-119.861502,0.161286,38,14
2020-04-06 21:58:00,-119.861502,0.161286,42,14
2020-04-06 21:58:05,-119.861502,0.161286,47,14
2020-04-06 21:58:10,-119.861502,0.161286,45,14
2020-04-06 21:58:15,-119.861502,0.161286,41,14
2020-04-06 21:58:20,-119.861502,0.161286,43,14
2020-04-06 21:58:25,-119.861502,0.161286,40,14
2020-04-06 21:58:30,-119.861502,0.161286,41,14
2020-04-06 21:58:35,-119.861502,0.161286,43,14
2020-04-06 21:58:40,-119.861502,0.161286,37,14
2020-04-06 21:58:45,-119.861502,0.161286,44,14
2020-04-06 21:58:50,-119.861502,0.161286,38,14
2020-04-06 21:58:55,-119.861502,0.161286,39,14
2020-04-06 21:59:00,-119.861502,0.161286,42,14
2020-04-06 21:59:05,-119.861502,0.161286,34,14
2020-04-06 21:59:10,-119.861502,0.161286,40,14
2020-04-06 21:59:15,-119.861502,0.161286,43,14
2020-04-06 21:59:20,-119.861502,0.161286,41,14
2020-04-06 21:59:25,-119.861502,0.161286,43,14
2020-04-06 21:59:30,-119.861502,0.161286,37,14
2020-04-06 21:59:35,-119.861502,0.161286,39,14
2020-04-06 21:59:40,-119.861502,0.161286,38,14
2020-04-06 21:59:45,-119.861502,0.161286,43,14
2020-04-06 21:59:50,-119.861502,0.161286,45,14
2020-04-06 21:59:55,-119.861502,0.161286,47,14
2020-04-06 22:00:00,-119.861502,0.161286,37,14
2020-04-06 22:00:05,-119.861502,0.161286,43,14
2020-04-06 22:00:10,-119.861502,0.161286,40,14
2020-04-06 22:00:15,-119.861502,0.161286,45,14
2020-04-06 22:00:20,-119.861502,0.161286,46,14
2020-04-06 22:00:25,-119.861502,0.161286,42,14
2020-04-06 22:00:30,-119.861502,0.161286,45,14
2020-04-06 22:00:35,-119.861502,0.161286,40,14
2020-04-06 22:00:40,-119.861502,0.161286,43,14
2020-04-06 22:00:45,-119.861502,0.161286,39,14
2020-04-06 22:00:50,-119.861502,0.161286,40,14
2020-04-06 22:00:55,-119.861502,0.161286,45,14
2020-04-06 22:01:00,-119.861502,0.161286,44,14
2020-04-06 22:01:05,-119.861502,0.161286,41,14
2020-04-06 22:01:10,-119.861502,0.161286,39,14
2020-04-06 22:01:15,-119.861502,0.161286,34,14
2020-04-06 22:01:20,-119.861502,0.161286,42,14
2020-04-06 22:01:25,-119.861502,0.161286,41,14
2020-04-06 22:01:30,-119.861502,0.161286,40,14
2020-04-06 22:01:35,-119.861502,0.161286,41,14
2020-04-06 22:01:40,-119.861502,0.161286,45,14
2020-04-06 22:01:45,-119.861502,0.161286,39,14
2020-04-06 22:01:50,-119.861502,0.161286,43,14
2020-04-06 22:01:55,-119.861502,0.161286,41,14
2020-04-06 22:02:00,-119.861502,0.161286,44,14
2020-04-06 22:02:05,-119.861502,0.161286,42,14
2020-04-06 22:02:10,-119.861502,0.161286,42,14
2020-04-06 22:02:15,-119.861502,0.161286,38,14
2020-04-06 22:02:20,-119.861502,0.161286,39,14
2020-04-06 22:02:25,-119.861502,0.161286,45,14
2020-04-06 22:02:30,-119.861502,0.161286,38,14
2020-04-06 22:02:35,-119.861502,0.161286,43,14
2020-04-06 22:02:40,-119.861502,0.161286,43,14
2020-04-06 22:02:45,-119.861502,0.161286,44,14
2020-04-06 22:02:50,-119.861502,0.161286,41,14
2020-04-06 22:02:55,-119.861502,0.161286,40,14
2020-04-06 22:03:00,-119.861502,0.161286,45,14
2020-04-06 22:03:05,-119.861502,0.161286,40,14
2020-04-06 22:03:10,-119.861502,0.161286,42,14
2020-04-06 22:03:15,-119.861502,0.161286,39,14
2020-04-06 22:03:20,-119.861502,0.161286,42,14
2020-04-06 22:03:25,-119.861502,0.161286,41,14
2020-04-06 22:03:30,-119.861502,0.161286,44,14
2020-04-06 22:03:35,-119.861502,0.161286,47,14
2020-04-06 22:03:40,-119.861502,0.161286,40,14
2020-04-06 22:03:45,-119.861502,0.161286,38,14
2020-04-06 22:03:50,-119.861502,0.161286,41,14
2020-04-06 22:03:55,-119.861502,0.161286,43,14
2020-04-06 22:04:00,-119.861502,0.161286,40,14
2020-04-06 22:04:05,-119.861502,0.161286,43,14
2020-04-06 22:04:10,-119.861502,0.161286,45,14
2020-04-06 22:04:15,-119.861502,0.161286,40,14
2020-04-06 22:04:20,-119.861502,0.161286,44,14
2020-04-06 22:04:25,-119.861502,0.161286,37,14
2020-04-06 22:04:30,-119.861502,0.161286,40,14
2020-04-06 22:04:35,-119.861502,0.161286,44,14
2020-04-06 22:04:40,-119.861502,0.161286,40,14
2020-04-06 22:04:45,-119.861502,0.161286,44,14
2020-04-06 22:04:50,-119.861502,0.161286,43,14
2020-04-06 22:04:55,-119.861502,0.161286,40,14
2020-04-06 22:05:00,-119.861502,0.161286,40,14
2020-04-06 22:05:05,-119.861502,0.161286,39,14
2020-04-06 22:05:10,-119.861502,0.161286,45,14
2020-04-06 22:05:15,-119.861502,0.161286,44,14
2020-04-06 22:05:20,-119.861502,0.161286,44,14
2020-04-06 22:05:25,-119.861502,0.161286,42,14
2020-04-06 22:05:30,-119.861502,0.161286,42,14
2020-04-06 22:05:35,-119.861502,0.161286,44,14
2020-04-06 22:05:40,-119.861502,0.161286,41,14
2020-04-06 22:05:45,-119.861502,0.161286,44,14
2020-04-06 22:05:50,-119.861502,0.161286,37,14
2020-04-06 22:05:55,-119.861502,0.161286,42,14
2020-04-06 22:06:00,-119.861502,0.161286,39,14
2020-04-06 22:06:05,-119.861502,0.161286,40,14
2020-04-06 22:06:10,-119.861502,0.161286,44,14
2020-04-06 22:06:15,-119.861502,0.161286,43,14
2020-04-06 22:06:20,-119.861502,0.161286,40,14
2020-04-06 22:06:25,-119.861502,0.161286,37,14
2020-04-06 22:06:30,-119.861502,0.161286,40,14
2020-04-06 22:06:35,-119.861502,0.161286,40,14
2020-04-06 22:06:40,-119.861502,0.161286,43,14
2020-04-06 22:06:45,-119.861502,0.161286,43,14
2020-04-06 22:06:50,-119.861502,0.161286,45,14
2020-04-06 22:06:55,-119.861502,0.161286,42,14
2020-04-06 22:07:00,-119.861502,0.161286,47,14
2020-04-06 22:07:05,-119.861502,0.161286,39,14
2020-04-06 22:07:10,-119.861502,0.161286,46,14
2020-04-06 22:07:15,-119.861502,0.161286,41,14
2020-04-06 22:07:20,-119.861502,0.161286,43,14
2020-04-06 22:07:25,-119.861502,0.161286,40,14
2020-04-06 22:07:30,-119.861502,0.161286,41,14
2020-04-06 22:07:35,-119.861502,0.161286,46,14
2020-04-06 22:07:40,-119.861502,0.161286,43,14
2020-04-06 22:07:45,-119.861502,0.161286,42,14
2020-04-06 22:07:50,-119.861502,0.161286,42,14
2020-04-06 22:07:55,-119.861502,0.161286,38,14
2020-04-06 22:08:00,-119.861502,0.161286,38,14
2020-04-06 22:08:05,-119.861502,0.161286,44,14
2020-04-06 22:08:10,-119.861502,0.161286,44,14
2020-04-06 22:08:15,-119.861502,0.161286,42,14
2020-04-06 22:08:20,-119.861502,0.161286,40,14
2020-04-06 22:08:25,-119.861502,0.161286,41,14
2020-04-06 22:08:30,-119.861502,0.161286,44,14
2020-04-06 22:08:35,-119.861502,0.161286,42,14
2020-04-06 22:08:40,-119.861502,0.161286,43,14
2020-04-06 22:08:45,-119.861502,0.161286,43,14
2020-04-06 22:08:50,-119.861502,0.161286,42,14
2020-04-06 22:08:55,-119.861502,0.161286,41,14
2020-04-06 22:09:00,-119.861502,0.161286,46,14
2020-04-06 22:09:05,-119.861502,0.161286,47,14
2020-04-06 22:09:10,-119.861502,0.161286,35,14
2020-04-06 22:09:15,-119.861502,0.161286,42,14
2020-04-06 22:09:20,-119.861502,0.161286,41,14
2020-04-06 22:09:25,-119.861502,0.161286,42,14
2020-04-06 22:09:30,-119.861502,0.161286,39,14
2020-04-06 22:09:35,-119.861502,0.161286,37,14
2020-04-06 22:09:40,-119.861502,0.161286,39,14
2020-04-06 22:09:45,-119.861502,0.161286,42,14
2020-04-06 22:09:50,-119.861502,0.161286,39,14
2020-04-06 22:09:55,-119.861502,0.161286,46,14
2020-04-06 22:10:00,-119.861502,0.161286,39,14
2020-04-06 22:10:05,-119.861502,0.161286,42,14
2020-04-06 22:10:10,-119.861502,0.161286,37,14
2020-04-06 22:10:15,-119.861502,0.161286,38,14
2020-04-06 22:10:20,-119.861502,0.161286,45,14
2020-04-06 22:10:25,-119.861502,0.161286,38,14
2020-04-06 22:10:30,-119.861502,0.161286,46,14
2020-04-06 22:10:35,-119.861502,0.161286,40,14
2020-04-06 22:10:40,-119.861502,0.161286,40,14
2020-04-06 22:10:45,-119.861502,0.161286,36,14
2020-04-06 22:10:50,-119.861502,0.161286,44,14
2020-04-06 22:10:55,-119.861502,0.161286,44,14
2020-04-06 22:11:00,-119.861502,0.161286,33,14
2020-04-06 22:11:05,-119.861502,0.161286,36,14
2020-04-06 22:11:10,-119.861502,0.161286,40,14
2020-04-06 22:11:15,-119.861502,0.161286,45,14
2020-04-06 22:11:20,-119.861502,0.161286,46,14
2020-04-06 22:11:25,-119.861502,0.161286,40,14
2020-04-06 22:11:30,-119.861502,0.161286,42,14
2020-04-06 22:11:35,-119.861502,0.161286,45,14
2020-04-06 22:11:40,-119.861502,0.161286,38,14
2020-04-06 22:11:45,-119.861502,0.161286,42,14
2020-04-06 22:11:50,-119.861502,0.161286,39,14
2020-04-06 22:11:55,-119.861502,0.161286,40,14
2020-04-06 22:12:00,-119.861502,0.161286,39,14
2020-04-06 22:12:05,-119.861502,0.161286,39,14
2020-04-06 22:12:10,-119.861502,0.161286,43,14
2020-04-06 22:12:15,-119.861502,0.161286,40,14
2020-04-06 22:12:20,-119.861502,0.161286,36,14
2020-04-06 22:12:25,-119.861502,0.161286,40,14
2020-04-06 22:12:30,-119.861502,0.161286,39,14
2020-04-06 22:12:35,-119.861502,0.161286,46,14
2020-04-06 22:12:40,-119.861502,0.161286,44,14
2020-04-06 22:12:45,-119.861502,0.161286,43,14
2020-04-06 22:12:50,-119.861502,0.161286,43,14
2020-04-06 22:12:55,-119.861502,0.161286,42,14
2020-04-06 22:13:00,-119.861502,0.161286,39,14
2020-04-06 22:13:05,-119.861502,0.161286,42,14
2020-04-06 22:13:10,-119.861502,0.161286,44,14
2020-04-06 22:13:15,-119.861502,0.161286,46,14
2020-04-06 22:13:20,-119.861502,0.161286,39,14
2020-04-06 22:13:25,-119.861502,0.161286,43,14
2020-04-06 22:13:30,-119.861502,0.161286,37,14
2020-04-06 22:13:35,-119.861502,0.161286,44,14
2020-04-06 22:13:40,-119.861502,0.161286,45,14
2020-04-06 22:13:45,-119.861502,0.161286,36,14
2020-04-06 22:13:50,-119.861502,0.161286,43,14
2020-04-06 22:13:55,-119.861502,0.161286,48,14
2020-04-06 22:14:00,-119.861502,0.161286,42,14
2020-04-06 22:14:05,-119.861502,0.161286,39,14
2020-04-06 22:14:10,-119.861502,0.161286,41,14
2020-04-06 22:14:15,-119.861502,0.161286,41,14
2020-04-06 22:14:20,-119.861502,0.161286,40,14
2020-04-06 22:14:25,-119.861502,0.161286,47,14
2020-04-06 22:14:30,-119.861502,0.161286,39,14
2020-04-06 22:14:35,-119.861502,0.161286,41,14
2020-04-06 22:14:40,-119.861502,0.161286,40,14
2020-04-06 22:14:45,-119.861502,0.161286,41,14
2020-04-06 22:14:50,-119.861502,0.161286,41,14
2020-04-06 22:14:55,-119.861502,0.161286,44,14
2020-04-06 22:15:00,-119.861502,0.161286,41,14
2020-04-06 22:15:05,-119.861502,0.161286,42,14
2020-04-06 22:15:10,-119.861502,0.161286,45,14
2020-04-06 22:15:15,-119.861502,0.161286,41,14
2020-04-06 22:15:20,-119.861502,0.161286,40,14
2020-04-06 22:15:25,-119.861502,0.161286,47,14
2020-04-06 22:15:30,-119.861502,0.161286,39,14
2020-04-06 22:15:35,-119.861502,0.161286,38,14
2020-04-06 22:15:40,-119.861502,0.161286,47,14
2020-04-06 22:15:45,-119.861502,0.161286,42,14
2020-04-06 22:15:50,-119.861502,0.161286,42,14
2020-04-06 22:15:55,-119.861502,0.161286,46,14
2020-04-06 22:16:00,-119.861502,0.161286,42,14
2020-04-06 22:16:05,-119.861502,0.161286,40,14
2020-04-06 22:16:10,-119.861502,0.161286,40,14
2020-04-06 22:16:15,-119.861502,0.161286,37,14
2020-04-06 22:16:20,-119.861502,0.161286,41,14
2020-04-06 22:16:25,-119.861502,0.161286,41,14
2020-04-06 22:16:30,-119.861502,0.161286,49,14
2020-04-06 22:16:35,-119.861502,0.161286,41,14
2020-04-06 22:16:40,-119.861502,0.161286,46,14
2020-04-06 22:16:45,-119.861502,0.161286,45,14
2020-04-06 22:16:50,-119.861502,0.161286,41,14
2020-04-06 22:16:55,-119.861502,0.161286,42,14
2020-04-06 22:17:00,-119.861502,0.161286,42,14
2020-04-06 22:17:05,-119.861502,0.161286,44,14
2020-04-06 22:17:10,-119.861502,0.161286,36,14
2020-04-06 22:17:15,-119.861502,0.161286,43,14
2020-04-06 22:17:20,-119.861502,0.161286,40,14
2020-04-06 22:17:25,-119.861502,0.161286,36,14
2020-04-06 22:17:30,-119.861502,0.161286,38,14
2020-04-06 22:17:35,-119.861502,0.161286,45,14
2020-04-06 22:17:40,-119.861502,0.161286,40,14
2020-04-06 22:17:45,-119.861502,0.161286,41,14
2020-04-06 22:17:50,-119.861502,0.161286,41,14
2020-04-06 22:17:55,-119.861502,0.161286,42,14
2020-04-06 22:18:00,-119.861502,0.161286,41,14
2020-04-06 22:18:05,-119.861502,0.161286,43,14
2020-04-06 22:18:10,-119.861502,0.161286,39,14
2020-04-06 22:18:15,-119.861502,0.161286,39,14
2020-04-06 22:18:20,-119.861502,0.161286,41,14
2020-04-06 22:18:25,-119.861502,0.161286,50,14
2020-04-06 22:18:30,-119.861502,0.161286,42,14
2020-04-06 22:18:35,-119.861502,0.161286,41,14
2020-04-06 22:18:40,-119.861502,0.161286,40,14
2020-04-06 22:18:45,-119.861502,0.161286,41,14
2020-04-06 22:18:50,-119.861502,0.161286,34,14
2020-04-06 22:18:55,-119.861502,0.161286,41,14
2020-04-06 22:19:00,-119.861502,0.161286,44,14
2020-04-06 22:19:05,-119.861502,0.161286,43,14
2020-04-06 22:19:10,-119.861502,0.161286,39,14
2020-04-06 22:19:15,-119.861502,0.161286,37,14
2020-04-06 22:19:20,-119.861502,0.161286,40,14
2020-04-06 22:19:25,-119.861502,0.161286,41,14
2020-04-06 22:19:30,-119.861502,0.161286,39,14
2020-04-06 22:19:35,-119.861502,0.161286,44,14
2020-04-06 22:19:40,-119.861502,0.161286,45,14
2020-04-06 22:19:45,-119.861502,0.161286,37,14
2020-04-06 22:19:50,-119.861502,0.161286,44,14
2020-04-06 22:19:55,-119.861502,0.161286,42,14
2020-04-06 22:20:00,-119.861502,0.161286,39,14
2020-04-06 22:20:05,-119.861502,0.161286,45,14
2020-04-06 22:20:10,-119.861502,0.161286,39,14
2020-04-06 22:20:15,-119.861502,0.161286,40,14
2020-04-06 22:20:20,-119.861502,0.161286,33,14
2020-04-06 22:20:25,-119.861502,0.161286,40,14
2020-04-06 22:20:30,-119.861502,0.161286,42,14
2020-04-06 22:20:35,-119.861502,0.161286,41,14
2020-04-06 22:20:40,-119.861502,0.161286,39,14
2020-04-06 22:20:45,-119.861502,0.161286,36,14
2020-04-06 22:20:50,-119.861502,0.161286,40,14
2020-04-06 22:20:55,-119.861502,0.161286,42,14
2020-04-06 22:21:00,-119.861502,0.161286,42,14
2020-04-06 22:21:05,-119.861502,0.161286,44,14
2020-04-06 22:21:10,-119.861502,0.161286,43,14
2020-04-06 22:21:15,-119.861502,0.161286,41,14
2020-04-06 22:21:20,-119.861502,0.161286,35,14
2020-04-06 22:21:25,-119.861502,0.161286,38,14
2020-04-06 22:21:30,-119.861502,0.161286,37,14
2020-04-06 22:21:35,-119.861502,0.161286,40,14
2020-04-06 22:21:40,-119.861502,0.161286,43,14
2020-04-06 22:21:45,-119.861502,0.161286,44,14
2020-04-06 22:21:50,-119.861502,0.161286,44,14
2020-04-06 22:21:55,-119.861502,0.161286,43,14
2020-04-06 22:22:00,-119.861502,0.161286,41,14
2020-04-06 22:22:05,-119.861502,0.161286,42,14
2020-04-06 22:22:10,-119.861502,0.161286,43,14
2020-04-06 22:22:15,-119.861502,0.161286,39,14
2020-04-06 22:22:20,-119.861502,0.161286,44,14
2020-04-06 22:22:25,-119.861502,0.161286,43,14
2020-04-06 22:22:30,-119.861502,0.161286,40,14
2020-04-06 22:22:35,-119.861502,0.161286,48,14
2020-04-06 22:22:40,-119.861502,0.161286,40,14
2020-04-06 22:22:45,-119.861502,0.161286,44,14
2020-04-06 22:22:50,-119.861502,0.161286,43,14
2020-04-06 22:22:55,-119.861502,0.161286,41,14
2020-04-06 22:23:00,-119.861502,0.161286,40,14
2020-04-06 22:23:05,-119.861502,0.161286,40,14
2020-04-06 22:23:10,-119.861502,0.161286,45,14
2020-04-06 22:23:15,-119.861502,0.161286,39,14
2020-04-06 22:23:20,-119.861502,0.161286,38,14
2020-04-06 22:23:25,-119.861502,0.161286,38,14
2020-04-06 22:23:30,-119.861502,0.161286,43,14
2020-04-06 22:23:35,-119.861502,0.161286,37,14
2020-04-06 22:23:40,-119.861502,0.161286,40,14
2020-04-06 22:23:45,-119.861502,0.161286,43,14
2020-04-06 22:23:50,-119.861502,0.161286,47,14
2020-04-06 22:23:55,-119.861502,0.161286,33,14
2020-04-06 22:24:00,-119.861502,0.161286,42,14
2020-04-06 22:24:05,-119.861502,0.161286,38,14
2020-04-06 22:24:10,-119.861502,0.161286,43,14
2020-04-06 22:24:15,-119.861502,0.161286,42,14
2020-04-06 22:24:20,-119.861502,0.161286,39,14
2020-04-06 22:24:25,-119.861502,0.161286,45,14
2020-04-06 22:24:30,-119.861502,0.161286,45,14
2020-04-06 22:24:35,-119.861502,0.161286,38,14
2020-04-06 22:24:40,-119.861502,0.161286,44,14
2020-04-06 22:24:45,-119.861502,0.161286,44,14
2020-04-06 22:24:50,-119.861502,0.161286,37,14
2020-04-06 22:24:55,-119.861502,0.161286,39,14
2020-04-06 22:25:00,-119.861502,0.161286,43,14
2020-04-06 22:25:05,-119.861502,0.161286,42,14
2020-04-06 22:25:10,-119.861502,0.161286,41,14
2020-04-06 22:25:15,-119.861502,0.161286,35,14
2020-04-06 22:25:20,-119.861502,0.161286,38,14
2020-04-06 22:25:25,-119.861502,0.161286,43,14
2020-04-06 22:25:30,-119.861502,0.161286,41,14
2020-04-06 22:25:35,-119.861502,0.161286,40,14
2020-04-06 22:25:40,-119.861502,0.161286,46,14
2020-04-06 22:25:45,-119.861502,0.161286,40,14
2020-04-06 22:25:50,-119.861502,0.161286,49,14
2020-04-06 22:25:55,-119.861502,0.161286,43,14
2020-04-06 22:26:00,-119.861502,0.161286,39,14
2020-04-06 22:26:05,-119.861502,0.161286,38,14
2020-04-06 22:26:10,-119.861502,0.161286,37,14
2020-04-06 22:26:15,-119.861502,0.161286,45,14
2020-04-06 22:26:20,-119.861502,0.161286,41,14
2020-04-06 22:26:25,-119.861502,0.161286,45,14
2020-04-06 22:26:30,-119.861502,0.161286,40,14
2020-04-06 22:26:35,-119.861502,0.161286,43,14
2020-04-06 22:26:40,-119.861502,0.161286,41,14
2020-04-06 22:26:45,-119.861502,0.161286,42,14
2020-04-06 22:26:50,-119.861502,0.161286,45,14
2020-04-06 22:26:55,-119.861502,0.161286,43,14
2020-04-06 22:27:00,-119.861502,0.161286,42,14
2020-04-06 22:27:05,-119.861502,0.161286,41,14
2020-04-06 22:27:10,-119.861502,0.161286,45,14
2020-04-06 22:27:15,-119.861502,0.161286,41,14
2020-04-06 22:27:20,-119.861502,0.161286,41,14
2020-04-06 22:27:25,-119.861502,0.161286,42,14
2020-04-06 22:27:30,-119.861502,0.161286,43,14
2020-04-06 22:27:35,-119.861502,0.161286,40,14
2020-04-06 22:27:40,-119.861502,0.161286,42,14
2020-04-06 22:27:45,-119.861502,0.161286,38,14
2020-04-06 22:27:50,-119.861502,0.161286,41,14
2020-04-06 22:27:55,-119.861502,0.161286,37,14
2020-04-06 22:28:00,-119.861502,0.161286,39,14
2020-04-06 22:28:05,-119.861502,0.161286,37,14
2020-04-06 22:28:10,-119.861502,0.161286,43,14
2020-04-06 22:28:15,-119.861502,0.161286,44,14
2020-04-06 22:28:20,-119.861502,0.161286,42,14
2020-04-06 22:28:25,-119.861502,0.161286,44,14
2020-04-06 22:28:30,-119.861502,0.161286,41,14
2020-04-06 22:28:35,-119.861502,0.161286,44,14
2020-04-06 22:28:40,-119.861502,0.161286,41,14
2020-04-06 22:28:45,-119.861502,0.161286,36,14
2020-04-06 22:28:50,-119.861502,0.161286,42,14
2020-04-06 22:28:55,-119.861502,0.161286,38,14
2020-04-06 22:29:00,-119.861502,0.161286,46,14
2020-04-06 22:29:05,-119.861502,0.161286,41,14
2020-04-06 22:29:10,-119.861502,0.161286,43,14
2020-04-06 22:29:15,-119.861502,0.161286,44,14
2020-04-06 22:29:20,-119.861502,0.161286,39,14
2020-04-06 22:29:25,-119.861502,0.161286,47,14
2020-04-06 22:29:30,-119.861502,0.161286,40,14
2020-04-06 22:29:35,-119.861502,0.161286,41,14
2020-04-06 22:29:40,-119.861502,0.161286,41,14
2020-04-06 22:29:45,-119.861502,0.161286,41,14
2020-04-06 22:29:50,-119.861502,0.161286,45,14
2020-04-06 22:29:55,-119.861502,0.161286,38,14
2020-04-06 22:30:00,-119.861502,0.161286,38,14
2020-04-06 22:30:05,-119.861502,0.161286,44,14
2020-04-06 22:30:10,-119.861502,0.161286,37,14
2020-04-06 22:30:15,-119.861502,0.161286,38,14
2020-04-06 22:30:20,-119.861502,0.161286,44,14
2020-04-06 22:30:25,-119.861502,0.161286,39,14
2020-04-06 22:30:30,-119.861502,0.161286,36,14
2020-04-06 22:30:35,-119.861502,0.161286,44,14
2020-04-06 22:30:40,-119.861502,0.161286,41,14
2020-04-06 22:30:45,-119.861502,0.161286,40,14
2020-04-06 22:30:50,-119.861502,0.161286,38,14
2020-04-06 22:30:55,-119.861502,0.161286,44,14
2020-04-06 22:31:00,-119.861502,0.161286,43,14
2020-04-06 22:31:05,-119.861502,0.161286,43,14
2020-04-06 22:31:10,-119.861502,0.161286,41,14
2020-04-06 22:31:15,-119.861502,0.161286,41,14
2020-04-06 22:31:20,-119.861502,0.161286,44,14
2020-04-06 22:31:25,-119.861502,0.161286,38,14
2020-04-06 22:31:30,-119.861502,0.161286,40,14
2020-04-06 22:31:35,-119.861502,0.161286,39,14
2020-04-06 22:31:40,-119.861502,0.161286,45,14
2020-04-06 22:31:45,-119.861502,0.161286,43,14
2020-04-06 22:31:50,-119.861502,0.161286,41,14
2020-04-06 22:31:55,-119.861502,0.161286,39,14
2020-04-06 22:32:00,-119.861502,0.161286,43,14
2020-04-06 22:32:05,-119.861502,0.161286,44,14
2020-04-06 22:32:10,-119.861502,0.161286,41,14
2020-04-06 22:32:15,-119.861502,0.161286,41,14
2020-04-06 22:32:20,-119.861502,0.161286,41,14
2020-04-06 22:32:25,-119.861502,0.161286,44,14
2020-04-06 22:32:30,-119.861502,0.161286,41,14
2020-04-06 22:32:35,-119.861502,0.161286,37,14
2020-04-06 22:32:40,-119.861502,0.161286,45,14
2020-04-06 22:32:45,-119.861502,0.161286,39,14
2020-04-06 22:32:50,-119.861502,0.161286,45,14
2020-04-06 22:32:55,-119.861502,0.161286,47,14
2020-04-06 22:33:00,-119.861502,0.161286,48,14
2020-04-06 22:33:05,-119.861502,0.161286,45,14
2020-04-06 22:33:10,-119.861502,0.161286,47,14
2020-04-06 22:33:15,-119.861502,0.161286,42,14
2020-04-06 22:33:20,-119.861502,0.161286,43,14
2020-04-06 22:33:25,-119.861502,0.161286,50,14
2020-04-06 22:33:30,-119.861502,0.161286,46,14
2020-04-06 22:33:35,-119.861502,0.161286,40,14
2020-04-06 22:33:40,-119.861502,0.161286,41,14
2020-04-06 22:33:45,-119.861502,0.161286,41,14
2020-04-06 22:33:50,-119.861502,0.161286,42,14
2020-04-06 22:33:55,-119.861502,0.161286,49,14
2020-04-06 22:34:00,-119.861502,0.161286,39,14
2020-04-06 22:34:05,-119.861502,0.161286,42,14
2020-04-06 22:34:10,-119.861502,0.161286,48,14
2020-04-06 22:34:15,-119.861502,0.161286,37,14
2020-04-06 22:34:20,-119.861502,0.161286,44,14
2020-04-06 22:34:25,-119.861502,0.161286,44,14
2020-04-06 22:34:30,-119.861502,0.161286,42,14
2020-04-06 22:34:35,-119.861502,0.161286,41,14
2020-04-06 22:34:40,-119.861502,0.161286,43,14
2020-04-06 22:34:45,-119.861502,0.161286,42,14
2020-04-06 22:34:50,-119.861502,0.161286,46,14
2020-04-06 22:34:55,-119.861502,0.161286,42,14
2020-04-06 22:35:00,-119.861502,0.161286,45,14
2020-04-06 22:35:05,-119.861502,0.161286,43,14
2020-04-06 22:35:10,-119.861502,0.161286,38,14
2020-04-06 22:35:15,-119.861502,0.161286,40,14
2020-04-06 22:35:20,-119.861502,0.161286,38,14
2020-04-06 22:35:25,-119.861502,0.161286,47,14
2020-04-06 22:35:30,-119.861502,0.161286,41,14
2020-04-06 22:35:35,-119.861502,0.161286,38,14
2020-04-06 22:35:40,-119.861502,0.161286,37,14
2020-04-06 22:35:45,-119.861502,0.161286,44,14
2020-04-06 22:35:50,-119.861502,0.161286,45,14
2020-04-06 22:35:55,-119.861502,0.161286,45,14
2020-04-06 22:36:00,-119.861502,0.161286,39,14
2020-04-06 22:36:05,-119.861502,0.161286,45,14
2020-04-06 22:36:10,-119.861502,0.161286,44,14
2020-04-06 22:36:15,-119.861502,0.161286,43,14
2020-04-06 22:36:20,-119.861502,0.161286,42,14
2020-04-06 22:36:25,-119.861502,0.161286,40,14
2020-04-06 22:36:30,-119.861502,0.161286,43,14
2020-04-06 22:36:35,-119.861502,0.161286,40,14
2020-04-06 22:36:40,-119.861502,0.161286,42,14
2020-04-06 22:36:45,-119.861502,0.161286,36,14
2020-04-06 22:36:50,-119.861502,0.161286,44,14
2020-04-06 22:36:55,-119.861502,0.161286,41,14
2020-04-06 22:37:00,-119.861502,0.161286,38,14
2020-04-06 22:37:05,-119.861502,0.161286,46,14
2020-04-06 22:37:10,-119.861502,0.161286,45,14
2020-04-06 22:37:15,-119.861502,0.161286,41,14
2020-04-06 22:37:20,-119.861502,0.161286,45,14
2020-04-06 22:37:25,-119.861502,0.161286,50,14
2020-04-06 22:37:30,-119.861502,0.161286,43,14
2020-04-06 22:37:35,-119.861502,0.161286,43,14
2020-04-06 22:37:40,-119.861502,0.161286,43,14
2020-04-06 22:37:45,-119.861502,0.161286,40,14
2020-04-06 22:37:50,-119.861502,0.161286,43,14
2020-04-06 22:37:55,-119.861502,0.161286,39,14
2020-04-06 22:38:00,-119.861502,0.161286,49,14
2020-04-06 22:38:05,-119.861502,0.161286,40,14
2020-04-06 22:38:10,-119.861502,0.161286,41,14
2020-04-06 22:38:15,-119.861502,0.161286,41,14
2020-04-06 22:38:20,-119.861502,0.161286,41,14
2020-04-06 22:38:25,-119.861502,0.161286,46,14
2020-04-06 22:38:30,-119.861502,0.161286,41,14
2020-04-06 22:38:35,-119.861502,0.161286,46,14
2020-04-06 22:38:40,-119.861502,0.161286,44,14
2020-04-06 22:38:45,-119.861502,0.161286,44,14
2020-04-06 22:38:50,-119.861502,0.161286,46,14
2020-04-06 22:38:55,-119.861502,0.161286,47,14
2020-04-06 22:39:00,-119.861502,0.161286,49,14
2020-04-06 22:39:05,-119.861502,0.161286,43,14
2020-04-06 22:39:10,-119.861502,0.161286,487.20385558438664,14
2020-04-06 22:39:15,-119.861502,0.161286,45,14
2020-04-06 22:39:20,-119.861502,0.161286,41,14
2020-04-06 22:39:25,-119.861502,0.161286,47,14
2020-04-06 22:39:30,-119.861502,0.161286,43,14
2020-04-06 22:39:35,-119.861502,0.161286,49,14
2020-04-06 22:39:40,-119.861502,0.161286,44,14
2020-04-06 22:39:45,-119.861502,0.161286,39,14
2020-04-06 22:39:50,-119.861502,0.161286,46,14
2020-04-06 22:39:55,-119.861502,0.161286,39,14
2020-04-06 22:40:00,-119.861502,0.161286,42,14
2020-04-06 22:40:05,-119.861502,0.161286,45,14
2020-04-06 22:40:10,-119.861502,0.161286,46,14
2020-04-06 22:40:15,-119.861502,0.161286,42,14
2020-04-06 22:40:20,-119.861502,0.161286,39,14
2020-04-06 22:40:25,-119.861502,0.161286,41,14
2020-04-06 22:40:30,-119.861502,0.161286,46,14
2020-04-06 22:40:35,-119.861502,0.161286,38,14
2020-04-06 22:40:40,-119.861502,0.161286,40,14
2020-04-06 22:40:45,-119.861502,0.161286,42,14
2020-04-06 22:40:50,-119.861502,0.161286,46,14
2020-04-06 22:40:55,-119.861502,0.161286,43,14
2020-04-06 22:41:00,-119.861502,0.161286,42,14
2020-04-06 22:41:05,-119.861502,0.161286,46,14
2020-04-06 22:41:10,-119.861502,0.161286,41,14
2020-04-06 22:41:15,-119.861502,0.161286,46,14
2020-04-06 22:41:20,-119.861502,0.161286,46,14
2020-04-06 22:41:25,-119.861502,0.161286,40,14
2020-04-06 22:41:30,-119.861502,0.161286,46,14
2020-04-06 22:41:35,-119.861502,0.161286,45,14
2020-04-06 22:41:40,-119.861502,0.161286,42,14
2020-04-06 22:41:45,-119.861502,0.161286,46,14
2020-04-06 22:41:50,-119.861502,0.161286,42,14
2020-04-06 22:41:55,-119.861502,0.161286,45,14
2020-04-06 22:42:00,-119.861502,0.161286,39,14
2020-04-06 22:42:05,-119.861502,0.161286,46,14
2020-04-06 22:42:10,-119.861502,0.161286,41,14
2020-04-06 22:42:15,-119.861502,0.161286,42,14
2020-04-06 22:42:20,-119.861502,0.161286,41,14
2020-04-06 22:42:25,-119.861502,0.161286,36,14
2020-04-06 22:42:30,-119.861502,0.161286,41,14
2020-04-06 22:42:35,-119.861502,0.161286,40,14
2020-04-06 22:42:40,-119.861502,0.161286,46,14
2020-04-06 22:42:45,-119.861502,0.161286,42,14
2020-04-06 22:42:50,-119.861502,0.161286,38,14
2020-04-06 22:42:55,-119.861502,0.161286,40,14
2020-04-06 22:43:00,-119.861502,0.161286,42,14
2020-04-06 22:43:05,-119.861502,0.161286,43,14
2020-04-06 22:43:10,-119.861502,0.161286,43,14
2020-04-06 22:43:15,-119.861502,0.161286,42,14
2020-04-06 22:43:20,-119.861502,0.161286,45,14
2020-04-06 22:43:25,-119.861502,0.161286,37,14
2020-04-06 22:43:30,-119.861502,0.161286,38,14
2020-04-06 22:43:35,-119.861502,0.161286,42,14
2020-04-06 22:43:40,-119.861502,0.161286,40,14
2020-04-06 22:43:45,-119.861502,0.161286,42,14
2020-04-06 22:43:50,-119.861502,0.161286,48,14
2020-04-06 22:43:55,-119.861502,0.161286,46,14
2020-04-06 22:44:00,-119.861502,0.161286,43,14
2020-04-06 22:44:05,-119.861502,0.161286,41,14
2020-04-06 22:44:10,-119.861502,0.161286,47,14
2020-04-06 22:44:15,-119.861502,0.161286,41,14
2020-04-06 22:44:20,-119.861502,0.161286,39,14
2020-04-06 22:44:25,-119.861502,0.161286,43,14
2020-04-06 22:44:30,-119.861502,0.161286,42,14
2020-04-06 22:44:35,-119.861502,0.161286,43,14
2020-04-06 22:44:40,-119.861502,0.161286,42,14
2020-04-06 22:44:45,-119.861502,0.161286,42,14
2020-04-06 22:44:50,-119.861502,0.161286,45,14
2020-04-06 22:44:55,-119.861502,0.161286,39,14
2020-04-06 22:45:00,-119.861502,0.161286,37,14
2020-04-06 22:45:05,-119.861502,0.161286,35,14
2020-04-06 22:45:10,-119.861502,0.161286,39,14
2020-04-06 22:45:15,-119.861502,0.161286,42,14
2020-04-06 22:45:20,-119.861502,0.161286,45,14
2020-04-06 22:45:25,-119.861502,0.161286,38,14
2020-04-06 22:45:30,-119.861502,0.161286,41,14
2020-04-06 22:45:35,-119.861502,0.161286,37,14
2020-04-06 22:45:40,-119.861502,0.161286,38,14
2020-04-06 22:45:45,-119.861502,0.161286,44,14
2020-04-06 22:45:50,-119.861502,0.161286,40,14
2020-04-06 22:45:55,-119.861502,0.161286,39,14
2020-04-06 22:46:00,-119.861502,0.161286,43,14
2020-04-06 22:46:05,-119.861502,0.161286,41,14
2020-04-06 22:46:10,-119.861502,0.161286,41,14
2020-04-06 22:46:15,-119.861502,0.161286,35,14
2020-04-06 22:46:20,-119.861502,0.161286,41,14
2020-04-06 22:46:25,-119.861502,0.161286,35,14
2020-04-06 22:46:30,-119.861502,0.161286,40,14
2020-04-06 22:46:35,-119.861502,0.161286,41,14
2020-04-06 22:46:40,-119.861502,0.161286,39,14
2020-04-06 22:46:45,-119.861502,0.161286,44,14
2020-04-06 22:46:50,-119.861502,0.161286,43,14
2020-04-06 22:46:55,-119.861502,0.161286,43,14
2020-04-06 22:47:00,-119.861502,0.161286,38,14
2020-04-06 22:47:05,-119.861502,0.161286,40,14
2020-04-06 22:47:10,-119.861502,0.161286,42,14
2020-04-06 22:47:15,-119.861502,0.161286,42,14
2020-04-06 22:47:20,-119.861502,0.161286,37,14
2020-04-06 22:47:25,-119.861502,0.161286,41,14
2020-04-06 22:47:30,-119.861502,0.161286,41,14
2020-04-06 22:47:35,-119.861502,0.161286,37,14
2020-04-06 22:47:40,-119.861502,0.161286,37,14
2020-04-06 22:47:45,-119.861502,0.161286,43,14
2020-04-06 22:47:50,-119.861502,0.161286,40,14
2020-04-06 22:47:55,-119.861502,0.161286,45,14
2020-04-06 22:48:00,-119.861502,0.161286,42,14
2020-04-06 22:48:05,-119.861502,0.161286,42,14
2020-04-06 22:48:10,-119.861502,0.161286,42,14
2020-04-06 22:48:15,-119.861502,0.161286,39,14
2020-04-06 22:48:20,-119.861502,0.161286,41,14
2020-04-06 22:48:25,-119.861502,0.161286,37,14
2020-04-06 22:48:30,-119.861502,0.161286,44,14
2020-04-06 22:48:35,-119.861502,0.161286,40,14
2020-04-06 22:48:40,-119.861502,0.161286,39,14
2020-04-06 22:48:45,-119.861502,0.161286,43,14
2020-04-06 22:48:50,-119.861502,0.161286,40,14
2020-04-06 22:48:55,-119.861502,0.161286,43,14
2020-04-06 22:49:00,-119.861502,0.161286,41,14
2020-04-06 22:49:05,-119.861502,0.161286,36,14
2020-04-06 22:49:10,-119.861502,0.161286,41,14
2020-04-06 22:49:15,-119.861502,0.161286,43,14
2020-04-06 22:49:20,-119.861502,0.161286,41,14
2020-04-06 22:49:25,-119.861502,0.161286,39,14
2020-04-06 22:49:30,-119.861502,0.161286,35,14
2020-04-06 22:49:35,-119.861502,0.161286,40,14
2020-04-06 22:49:40,-119.861502,0.161286,43,14
2020-04-06 22:49:45,-119.861502,0.161286,40,14
2020-04-06 22:49:50,-119.861502,0.161286,46,14
2020-04-06 22:49:55,-119.861502,0.161286,41,14
2020-04-06 22:50:00,-119.861502,0.161286,42,14
2020-04-06 22:50:05,-119.861502,0.161286,39,14
2020-04-06 22:50:10,-119.861502,0.161286,45,14
2020-04-06 22:50:15,-119.861502,0.161286,41,14
2020-04-06 22:50:20,-119.861502,0.161286,40,14
2020-04-06 22:50:25,-119.861502,0.161286,40,14
2020-04-06 22:50:30,-119.861502,0.161286,38,14
2020-04-06 22:50:35,-119.861502,0.161286,39,14
2020-04-06 22:50:40,-119.861502,0.161286,39,14
2020-04-06 22:50:45,-119.861502,0.161286,42,14
2020-04-06 22:50:50,-119.861502,0.161286,39,14
2020-04-06 22:50:55,-119.861502,0.161286,38,14
2020-04-06 22:51:00,-119.861502,0.161286,41,14
2020-04-06 22:51:05,-119.861502,0.161286,42,14
2020-04-06 22:51:10,-119.861502,0.161286,44,14
2020-04-06 22:51:15,-119.861502,0.161286,47,14
2020-04-06 22:51:20,-119.861502,0.161286,40,14
2020-04-06 22:51:25,-119.861502,0.161286,37,14
2020-04-06 22:51:30,-119.861502,0.161286,41,14
2020-04-06 22:51:35,-119.861502,0.161286,41,14
2020-04-06 22:51:40,-119.861502,0.161286,44,14
2020-04-06 22:51:45,-119.861502,0.161286,44,14
2020-04-06 22:51:50,-119.861502,0.161286,39,14
2020-04-06 22:51:55,-119.861502,0.161286,40,14
2020-04-06 22:52:00,-119.861502,0.161286,39,14
2020-04-06 22:52:05,-119.861502,0.161286,41,14
2020-04-06 22:52:10,-119.861502,0.161286,38,14
2020-04-06 22:52:15,-119.861502,0.161286,42,14
2020-04-06 22:52:20,-119.861502,0.161286,40,14
2020-04-06 22:52:25,-119.861502,0.161286,48,14
2020-04-06 22:52:30,-119.861502,0.161286,44,14
2020-04-06 22:52:35,-119.861502,0.161286,41,14
2020-04-06 22:52:40,-119.861502,0.161286,41,14
2020-04-06 22:52:45,-119.861502,0.161286,42,14
2020-04-06 22:52:50,-119.861502,0.161286,41,14
2020-04-06 22:52:55,-119.861502,0.161286,40,14
2020-04-06 22:53:00,-119.861502,0.161286,42,14
2020-04-06 22:53:05,-119.861502,0.161286,45,14
2020-04-06 22:53:10,-119.861502,0.161286,43,14
2020-04-06 22:53:15,-119.861502,0.161286,42,14
2020-04-06 22:53:20,-119.861502,0.161286,44,14
2020-04-06 22:53:25,-119.861502,0.161286,44,14
2020-04-06 22:53:30,-119.861502,0.161286,45,14
2020-04-06 22:53:35,-119.861502,0.161286,40,14
2020-04-06 22:53:40,-119.861502,0.161286,34,14
2020-04-06 22:53:45,-119.861502,0.161286,42,14
2020-04-06 22:53:50,-119.861502,0.161286,40,14
2020-04-06 22:53:55,-119.861502,0.161286,41,14
2020-04-06 22:54:00,-119.861502,0.161286,43,14
2020-04-06 22:54:05,-119.861502,0.161286,44,14
2020-04-06 22:54:10,-119.861502,0.161286,35,14
2020-04-06 22:54:15,-119.861502,0.161286,39,14
2020-04-06 22:54:20,-119.861502,0.161286,40,14
2020-04-06 22:54:25,-119.861502,0.161286,41,14
2020-04-06 22:54:30,-119.861502,0.161286,45,14
2020-04-06 22:54:35,-119.861502,0.161286,41,14
2020-04-06 22:54:40,-119.861502,0.161286,37,14
2020-04-06 22:54:45,-119.861502,0.161286,43,14
2020-04-06 22:54:50,-119.861502,0.161286,42,14
2020-04-06 22:54:55,-119.861502,0.161286,44,14
2020-04-06 22:55:00,-119.861502,0.161286,45,14
2020-04-06 22:55:05,-119.861502,0.161286,43,14
2020-04-06 22:55:10,-119.861502,0.161286,43,14
2020-04-06 22:55:15,-119.861502,0.161286,41,14
2020-04-06 22:55:20,-119.861502,0.161286,42,14
2020-04-06 22:55:25,-119.861502,0.161286,40,14
2020-04-06 22:55:30,-119.861502,0.161286,44,14
2020-04-06 22:55:35,-119.861502,0.161286,39,14
2020-04-06 22:55:40,-119.861502,0.161286,40,14
2020-04-06 22:55:45,-119.861502,0.161286,44,14
2020-04-06 22:55:50,-119.861502,0.161286,41,14
2020-04-06 22:55:55,-119.861502,0.161286,39,14
2020-04-06 22:56:00,-119.861502,0.161286,40,14
2020-04-06 22:56:05,-119.861502,0.161286,40,14
2020-04-06 22:56:10,-119.861502,0.161286,39,14
2020-04-06 22:56:15,-119.861502,0.161286,44,14
2020-04-06 22:56:20,-119.861502,0.161286,42,14
2020-04-06 22:56:25,-119.861502,0.161286,38,14
2020-04-06 22:56:30,-119.861502,0.161286,40,14
2020-04-06 22:56:35,-119.861502,0.161286,39,14
2020-04-06 22:56:40,-119.861502,0.161286,38,14
2020-04-06 22:56:45,-119.861502,0.161286,39,14
2020-04-06 22:56:50,-119.861502,0.161286,43,14
2020-04-06 22:56:55,-119.861502,0.161286,42,14
2020-04-06 22:57:00,-119.861502,0.161286,41,14
2020-04-06 22:57:05,-119.861502,0.161286,42,14
2020-04-06 22:57:10,-119.861502,0.161286,42,14
2020-04-06 22:57:15,-119.861502,0.161286,40,14
2020-04-06 22:57:20,-119.861502,0.161286,39,14
2020-04-06 22:57:25,-119.861502,0.161286,37,14
2020-04-06 22:57:30,-119.861502,0.161286,42,14
2020-04-06 22:57:35,-119.861502,0.161286,42,14
2020-04-06 22:57:40,-119.861502,0.161286,40,14
2020-04-06 22:57:45,-119.861502,0.161286,44,14
2020-04-06 22:57:50,-119.861502,0.161286,41,14
2020-04-06 22:57:55,-119.861502,0.161286,45,14
2020-04-06 22:58:00,-119.861502,0.161286,43,14
2020-04-06 22:58:05,-119.861502,0.161286,40,14
2020-04-06 22:58:10,-119.861502,0.161286,46,14
2020-04-06 22:58:15,-119.861502,0.161286,37,14
2020-04-06 22:58:20,-119.861502,0.161286,38,14
2020-04-06 22:58:25,-119.861502,0.161286,46,14
2020-04-06 22:58:30,-119.861502,0.161286,41,14
2020-04-06 22:58:35,-119.861502,0.161286,41,14
2020-04-06 22:58:40,-119.861502,0.161286,41,14
2020-04-06 22:58:45,-119.861502,0.161286,42,14
2020-04-06 22:58:50,-119.861502,0.161286,39,14
2020-04-06 22:58:55,-119.861502,0.161286,40,14
2020-04-06 22:59:00,-119.861502,0.161286,49,14
2020-04-06 22:59:05,-119.861502,0.161286,46,14
2020-04-06 22:59:10,-119.861502,0.161286,42,14
2020-04-06 22:59:15,-119.861502,0.161286,40,14
2020-04-06 22:59:20,-119.861502,0.161286,41,14
2020-04-06 22:59:25,-119.861502,0.161286,41,14
2020-04-06 22:59:30,-119.861502,0.161286,37,14
2020-04-06 22:59:35,-119.861502,0.161286,42,14
2020-04-06 22:59:40,-119.861502,0.161286,44,14
2020-04-06 22:59:45,-119.861502,0.161286,39,14
2020-04-06 22:59:50,-119.861502,0.161286,42,14
2020-04-06 22:59:55,-119.861502,0.161286,41,14
2020-04-06 23:00:00,-119.861502,0.161286,38,14
2020-04-06 23:00:05,-119.861502,0.161286,36,14
2020-04-06 23:00:10,-119.861502,0.161286,42,14
2020-04-06 23:00:15,-119.861502,0.161286,43,14
2020-04-06 23:00:20,-119.861502,0.161286,39,14
2020-04-06 23:00:25,-119.861502,0.161286,39,14
2020-04-06 23:00:30,-119.861502,0.161286,44,14
2020-04-06 23:00:35,-119.861502,0.161286,37,14
2020-04-06 23:00:40,-119.861502,0.161286,39,14
2020-04-06 23:00:45,-119.861502,0.161286,39,14
2020-04-06 23:00:50,-119.861502,0.161286,43,14
2020-04-06 23:00:55,-119.861502,0.161286,40,14
2020-04-06 23:01:00,-119.861502,0.161286,39,14
2020-04-06 23:01:05,-119.861502,0.161286,42,14
2020-04-06 23:01:10,-119.861502,0.161286,48,14
2020-04-06 23:01:15,-119.861502,0.161286,38,14
2020-04-06 23:01:20,-119.861502,0.161286,42,14
2020-04-06 23:01:25,-119.861502,0.161286,39,14
2020-04-06 23:01:30,-119.861502,0.161286,44,14
2020-04-06 23:01:35,-119.861502,0.161286,41,14
2020-04-06 23:01:40,-119.861502,0.161286,39,14
2020-04-06 23:01:45,-119.861502,0.161286,42,14
2020-04-06 23:01:50,-119.861502,0.161286,44,14
2020-04-06 23:01:55,-119.861502,0.161286,38,14
2020-04-06 23:02:00,-119.861502,0.161286,38,14
2020-04-06 23:02:05,-119.861502,0.161286,39,14
2020-04-06 23:02:10,-119.861502,0.161286,42,14
2020-04-06 23:02:15,-119.861502,0.161286,41,14
2020-04-06 23:02:20,-119.861502,0.161286,41,14
2020-04-06 23:02:25,-119.861502,0.161286,36,14
2020-04-06 23:02:30,-119.861502,0.161286,37,14
2020-04-06 23:02:35,-119.861502,0.161286,38,14
2020-04-06 23:02:40,-119.861502,0.161286,39,14
2020-04-06 23:02:45,-119.861502,0.161286,39,14
2020-04-06 23:02:50,-119.861502,0.161286,43,14
2020-04-06 23:02:55,-119.861502,0.161286,45,14
2020-04-06 23:03:00,-119.861502,0.161286,45,14
2020-04-06 23:03:05,-119.861502,0.161286,44,14
2020-04-06 23:03:10,-119.861502,0.161286,40,14
2020-04-06 23:03:15,-119.861502,0.161286,38,14
2020-04-06 23:03:20,-119.861502,0.161286,40,14
2020-04-06 23:03:25,-119.861502,0.161286,39,14
2020-04-06 23:03:30,-119.861502,0.161286,41,14
2020-04-06 23:03:35,-119.861502,0.161286,39,14
2020-04-06 23:03:40,-119.861502,0.161286,43,14
2020-04-06 23:03:45,-119.861502,0.161286,43,14
2020-04-06 23:03:50,-119.861502,0.161286,41,14
2020-04-06 23:03:55,-119.861502,0.161286,44,14
2020-04-06 23:04:00,-119.861502,0.161286,45,14
2020-04-06 23:04:05,-119.861502,0.161286,41,14
2020-04-06 23:04:10,-119.861502,0.161286,43,14
2020-04-06 23:04:15,-119.861502,0.161286,43,14
2020-04-06 23:04:20,-119.861502,0.161286,40,14
2020-04-06 23:04:25,-119.861502,0.161286,46,14
2020-04-06 23:04:30,-119.861502,0.161286,47,14
2020-04-06 23:04:35,-119.861502,0.161286,39,14
2020-04-06 23:04:40,-119.861502,0.161286,46,14
2020-04-06 23:04:45,-119.861502,0.161286,41,14
2020-04-06 23:04:50,-119.861502,0.161286,37,14
2020-04-06 23:04:55,-119.861502,0.161286,48,14
2020-04-06 23:05:00,-119.861502,0.161286,40,14
2020-04-06 23:05:05,-119.861502,0.161286,37,14
2020-04-06 23:05:10,-119.861502,0.161286,47,14
2020-04-06 23:05:15,-119.861502,0.161286,40,14
2020-04-06 23:05:20,-119.861502,0.161286,37,14
2020-04-06 23:05:25,-119.861502,0.161286,46,14
2020-04-06 23:05:30,-119.861502,0.161286,48,14
2020-04-06 23:05:35,-119.861502,0.161286,45,14
2020-04-06 23:05:40,-119.861502,0.161286,39,14
2020-04-06 23:05:45,-119.861502,0.161286,37,14
2020-04-06 23:05:50,-119.861502,0.161286,43,14
2020-04-06 23:05:55,-119.861502,0.161286,44,14
2020-04-06 23:06:00,-119.861502,0.161286,43,14
2020-04-06 23:06:05,-119.861502,0.161286,41,14
2020-04-06 23:06:10,-119.861502,0.161286,44,14
2020-04-06 23:06:15,-119.861502,0.161286,44,14
2020-04-06 23:06:20,-119.861502,0.161286,43,14
2020-04-06 23:06:25,-119.861502,0.161286,42,14
2020-04-06 23:06:30,-119.861502,0.161286,46,14
2020-04-06 23:06:35,-119.861502,0.161286,43,14
2020-04-06 23:06:40,-119.861502,0.161286,39,14
2020-04-06 23:06:45,-119.861502,0.161286,43,14
2020-04-06 23:06:50,-119.861502,0.161286,41,14
2020-04-06 23:06:55,-119.861502,0.161286,46,14
2020-04-06 23:07:00,-119.861502,0.161286,42,14
2020-04-06 23:07:05,-119.861502,0.161286,39,14
2020-04-06 23:07:10,-119.861502,0.161286,41,14
2020-04-06 23:07:15,-119.861502,0.161286,45,14
2020-04-06 23:07:20,-119.861502,0.161286,41,14
2020-04-06 23:07:25,-119.861502,0.161286,41,14
2020-04-06 23:07:30,-119.861502,0.161286,42,14
2020-04-06 23:07:35,-119.861502,0.161286,43,14
2020-04-06 23:07:40,-119.861502,0.161286,42,14
2020-04-06 23:07:45,-119.861502,0.161286,46,14
2020-04-06 23:07:50,-119.861502,0.161286,47,14
2020-04-06 23:07:55,-119.861502,0.161286,42,14
2020-04-06 23:08:00,-119.861502,0.161286,38,14
2020-04-06 23:08:05,-119.861502,0.161286,41,14
2020-04-06 23:08:10,-119.861502,0.161286,38,14
2020-04-06 23:08:15,-119.861502,0.161286,38,14
2020-04-06 23:08:20,-119.861502,0.161286,41,14
2020-04-06 23:08:25,-119.861502,0.161286,45,14
2020-04-06 23:08:30,-119.861502,0.161286,43,14
2020-04-06 23:08:35,-119.861502,0.161286,45,14
2020-04-06 23:08:40,-119.861502,0.161286,36,14
2020-04-06 23:08:45,-119.861502,0.161286,35,14
2020-04-06 23:08:50,-119.861502,0.161286,43,14
2020-04-06 23:08:55,-119.861502,0.161286,39,14
2020-04-06 23:09:00,-119.861502,0.161286,41,14
2020-04-06 23:09:05,-119.861502,0.161286,41,14
2020-04-06 23:09:10,-119.861502,0.161286,42,14
2020-04-06 23:09:15,-119.861502,0.161286,39,14
2020-04-06 23:09:20,-119.861502,0.161286,38,14
2020-04-06 23:09:25,-119.861502,0.161286,40,14
2020-04-06 23:09:30,-119.861502,0.161286,37,14
2020-04-06 23:09:35,-119.861502,0.161286,44,14
2020-04-06 23:09:40,-119.861502,0.161286,42,14
2020-04-06 23:09:45,-119.861502,0.161286,38,14
2020-04-06 23:09:50,-119.861502,0.161286,42,14
2020-04-06 23:09:55,-119.861502,0.161286,43,14
2020-04-06 23:10:00,-119.861502,0.161286,43,14
2020-04-06 23:10:05,-119.861502,0.161286,41,14
2020-04-06 23:10:10,-119.861502,0.161286,41,14
2020-04-06 23:10:15,-119.861502,0.161286,46,14
2020-04-06 23:10:20,-119.861502,0.161286,40,14
2020-04-06 23:10:25,-119.861502,0.161286,47,14
2020-04-06 23:10:30,-119.861502,0.161286,41,14
2020-04-06 23:10:35,-119.861502,0.161286,43,14
2020-04-06 23:10:40,-119.861502,0.161286,42,14
2020-04-06 23:10:45,-119.861502,0.161286,40,14
2020-04-06 23:10:50,-119.861502,0.161286,43,14
2020-04-06 23:10:55,-119.861502,0.161286,39,14
2020-04-06 23:11:00,-119.861502,0.161286,41,14
2020-04-06 23:11:05,-119.861502,0.161286,45,14
2020-04-06 23:11:10,-119.861502,0.161286,41,14
2020-04-06 23:11:15,-119.861502,0.161286,40,14
2020-04-06 23:11:20,-119.861502,0.161286,41,14
2020-04-06 23:11:25,-119.861502,0.161286,45,14
2020-04-06 23:11:30,-119.861502,0.161286,42,14
2020-04-06 23:11:35,-119.861502,0.161286,41,14
2020-04-06 23:11:40,-119.861502,0.161286,43,14
2020-04-06 23:11:45,-119.861502,0.161286,40,14
2020-04-06 23:11:50,-119.861502,0.161286,41,14
2020-04-06 23:11:55,-119.861502,0.161286,40,14
2020-04-06 23:12:00,-119.861502,0.161286,46,14
2020-04-06 23:12:05,-119.861502,0.161286,43,14
2020-04-06 23:12:10,-119.861502,0.161286,41,14
2020-04-06 23:12:15,-119.861502,0.161286,43,14
2020-04-06 23:12:20,-119.861502,0.161286,42,14
2020-04-06 23:12:25,-119.861502,0.161286,44,14
2020-04-06 23:12:30,-119.861502,0.161286,42,14
2020-04-06 23:12:35,-119.861502,0.161286,42,14
2020-04-06 23:12:40,-119.861502,0.161286,41,14
2020-04-06 23:12:45,-119.861502,0.161286,38,14
2020-04-06 23:12:50,-119.861502,0.161286,40,14
2020-04-06 23:12:55,-119.861502,0.161286,38,14
2020-04-06 23:13:00,-119.861502,0.161286,36,14
2020-04-06 23:13:05,-119.861502,0.161286,40,14
2020-04-06 23:13:10,-119.861502,0.161286,38,14
2020-04-06 23:13:15,-119.861502,0.161286,35,14
2020-04-06 23:13:20,-119.861502,0.161286,43,14
2020-04-06 23:13:25,-119.861502,0.161286,40,14
2020-04-06 23:13:30,-119.861502,0.161286,40,14
2020-04-06 23:13:35,-119.861502,0.161286,39,14
2020-04-06 23:13:40,-119.861502,0.161286,43,14
2020-04-06 23:13:45,-119.861502,0.161286,38,14
2020-04-06 23:13:50,-119.861502,0.161286,41,14
2020-04-06 23:13:55,-119.861502,0.161286,40,14
2020-04-06 23:14:00,-119.861502,0.161286,38,14
2020-04-06 23:14:05,-119.861502,0.161286,40,14
2020-04-06 23:14:10,-119.861502,0.161286,41,14
2020-04-06 23:14:15,-119.861502,0.161286,41,14
2020-04-06 23:14:20,-119.861502,0.161286,36,14
2020-04-06 23:14:25,-119.861502,0.161286,41,14
2020-04-06 23:14:30,-119.861502,0.161286,41,14
2020-04-06 23:14:35,-119.861502,0.161286,43,14
2020-04-06 23:14:40,-119.861502,0.161286,43,14
2020-04-06 23:14:45,-119.861502,0.161286,44,14
2020-04-06 23:14:50,-119.861502,0.161286,41,14
2020-04-06 23:14:55,-119.861502,0.161286,44,14
2020-04-06 23:15:00,-119.861502,0.161286,43,14
2020-04-06 23:15:05,-119.861502,0.161286,38,14
2020-04-06 23:15:10,-119.861502,0.161286,36,14
2020-04-06 23:15:15,-119.861502,0.161286,40,14
2020-04-06 23:15:20,-119.861502,0.161286,44,14
2020-04-06 23:15:25,-119.861502,0.161286,41,14
2020-04-06 23:15:30,-119.861502,0.161286,41,14
2020-04-06 23:15:35,-119.861502,0.161286,46,14
2020-04-06 23:15:40,-119.861502,0.161286,42,14
2020-04-06 23:15:45,-119.861502,0.161286,44,14
2020-04-06 23:15:50,-119.861502,0.161286,48,14
2020-04-06 23:15:55,-119.861502,0.161286,40,14
2020-04-06 23:16:00,-119.861502,0.161286,44,14
2020-04-06 23:16:05,-119.861502,0.161286,43,14
2020-04-06 23:16:10,-119.861502,0.161286,42,14
2020-04-06 23:16:15,-119.861502,0.161286,39,14
2020-04-06 23:16:20,-119.861502,0.161286,35,14
2020-04-06 23:16:25,-119.861502,0.161286,39,14
2020-04-06 23:16:30,-119.861502,0.161286,42,14
2020-04-06 23:16:35,-119.861502,0.161286,40,14
2020-04-06 23:16:40,-119.861502,0.161286,42,14
2020-04-06 23:16:45,-119.861502,0.161286,42,14
2020-04-06 23:16:50,-119.861502,0.161286,40,14
2020-04-06 23:16:55,-119.861502,0.161286,43,14
2020-04-06 23:17:00,-119.861502,0.161286,42,14
2020-04-06 23:17:05,-119.861502,0.161286,36,14
2020-04-06 23:17:10,-119.861502,0.161286,40,14
2020-04-06 23:17:15,-119.861502,0.161286,42,14
2020-04-06 23:17:20,-119.861502,0.161286,42,14
2020-04-06 23:17:25,-119.861502,0.161286,42,14
2020-04-06 23:17:30,-119.861502,0.161286,35,14
2020-04-06 23:17:35,-119.861502,0.161286,41,14
2020-04-06 23:17:40,-119.861502,0.161286,42,14
2020-04-06 23:17:45,-119.861502,0.161286,38,14
2020-04-06 23:17:50,-119.861502,0.161286,39,14
2020-04-06 23:17:55,-119.861502,0.161286,39,14
2020-04-06 23:18:00,-119.861502,0.161286,43,14
2020-04-06 23:18:05,-119.861502,0.161286,41,14
2020-04-06 23:18:10,-119.861502,0.161286,42,14
2020-04-06 23:18:15,-119.861502,0.161286,43,14
2020-04-06 23:18:20,-119.861502,0.161286,39,14
2020-04-06 23:18:25,-119.861502,0.161286,44,14
2020-04-06 23:18:30,-119.861502,0.161286,41,14
2020-04-06 23:18:35,-119.861502,0.161286,39,14
2020-04-06 23:18:40,-119.861502,0.161286,38,14
2020-04-06 23:18:45,-119.861502,0.161286,37,14
2020-04-06 23:18:50,-119.861502,0.161286,41,14
2020-04-06 23:18:55,-119.861502,0.161286,39,14
2020-04-06 23:19:00,-119.861502,0.161286,44,14
2020-04-06 23:19:05,-119.861502,0.161286,37,14
2020-04-06 23:19:10,-119.861502,0.161286,40,14
2020-04-06 23:19:15,-119.861502,0.161286,37,14
2020-04-06 23:19:20,-119.861502,0.161286,44,14
2020-04-06 23:19:25,-119.861502,0.161286,38,14
2020-04-06 23:19:30,-119.861502,0.161286,40,14
2020-04-06 23:19:35,-119.861502,0.161286,42,14
2020-04-06 23:19:40,-119.861502,0.161286,39,14
2020-04-06 23:19:45,-119.861502,0.161286,37,14
2020-04-06 23:19:50,-119.861502,0.161286,44,14
2020-04-06 23:19:55,-119.861502,0.161286,38,14
2020-04-06 23:20:00,-119.861502,0.161286,41,14
2020-04-06 23:20:05,-119.861502,0.161286,36,14
2020-04-06 23:20:10,-119.861502,0.161286,43,14
2020-04-06 23:20:15,-119.861502,0.161286,41,14
2020-04-06 23:20:20,-119.861502,0.161286,42,14
2020-04-06 23:20:25,-119.861502,0.161286,37,14
2020-04-06 23:20:30,-119.861502,0.161286,43,14
2020-04-06 23:20:35,-119.861502,0.161286,39,14
2020-04-06 23:20:40,-119.861502,0.161286,38,14
2020-04-06 23:20:45,-119.861502,0.161286,42,14
2020-04-06 23:20:50,-119.861502,0.161286,40,14
2020-04-06 23:20:55,-119.861502,0.161286,40,14
2020-04-06 23:21:00,-119.861502,0.161286,40,14
2020-04-06 23:21:05,-119.861502,0.161286,38,14
2020-04-06 23:21:10,-119.861502,0.161286,44,14
2020-04-06 23:21:15,-119.861502,0.161286,44,14
2020-04-06 23:21:20,-119.861502,0.161286,44,14
2020-04-06 23:21:25,-119.861502,0.161286,37,14
2020-04-06 23:21:30,-119.861502,0.161286,39,14
2020-04-06 23:21:35,-119.861502,0.161286,40,14
2020-04-06 23:21:40,-119.861502,0.161286,43,14
2020-04-06 23:21:45,-119.861502,0.161286,39,14
2020-04-06 23:21:50,-119.861502,0.161286,38,14
2020-04-06 23:21:55,-119.861502,0.161286,40,14
2020-04-06 23:22:00,-119.861502,0.161286,42,14
2020-04-06 23:22:05,-119.861502,0.161286,39,14
2020-04-06 23:22:10,-119.861502,0.161286,39,14
2020-04-06 23:22:15,-119.861502,0.161286,45,14
2020-04-06 23:22:20,-119.861502,0.161286,37,14
2020-04-06 23:22:25,-119.861502,0.161286,42,14
2020-04-06 23:22:30,-119.861502,0.161286,38,14
2020-04-06 23:22:35,-119.861502,0.161286,42,14
2020-04-06 23:22:40,-119.861502,0.161286,40,14
2020-04-06 23:22:45,-119.861502,0.161286,43,14
2020-04-06 23:22:50,-119.861502,0.161286,41,14
2020-04-06 23:22:55,-119.861502,0.161286,41,14
2020-04-06 23:23:00,-119.861502,0.161286,41,14
2020-04-06 23:23:05,-119.861502,0.161286,41,14
2020-04-06 23:23:10,-119.861502,0.161286,35,14
2020-04-06 23:23:15,-119.861502,0.161286,43,14
2020-04-06 23:23:20,-119.861502,0.161286,41,14
2020-04-06 23:23:25,-119.861502,0.161286,47,14
2020-04-06 23:23:30,-119.861502,0.161286,41,14
2020-04-06 23:23:35,-119.861502,0.161286,46,14
2020-04-06 23:23:40,-119.861502,0.161286,41,14
2020-04-06 23:23:45,-119.861502,0.161286,38,14
2020-04-06 23:23:50,-119.861502,0.161286,43,14
2020-04-06 23:23:55,-119.861502,0.161286,42,14
2020-04-06 23:24:00,-119.861502,0.161286,39,14
2020-04-06 23:24:05,-119.861502,0.161286,38,14
2020-04-06 23:24:10,-119.861502,0.161286,41,14
2020-04-06 23:24:15,-119.861502,0.161286,38,14
2020-04-06 23:24:20,-119.861502,0.161286,39,14
2020-04-06 23:24:25,-119.861502,0.161286,39,14
2020-04-06 23:24:30,-119.861502,0.161286,41,14
2020-04-06 23:24:35,-119.861502,0.161286,45,14
2020-04-06 23:24:40,-119.861502,0.161286,40,14
2020-04-06 23:24:45,-119.861502,0.161286,46,14
2020-04-06 23:24:50,-119.861502,0.161286,40,14
2020-04-06 23:24:55,-119.861502,0.161286,44,14
2020-04-06 23:25:00,-119.861502,0.161286,39,14
2020-04-06 23:25:05,-119.861502,0.161286,45,14
2020-04-06 23:25:10,-119.861502,0.161286,36,14
2020-04-06 23:25:15,-119.861502,0.161286,46,14
2020-04-06 23:25:20,-119.861502,0.161286,39,14
2020-04-06 23:25:25,-119.861502,0.161286,41,14
2020-04-06 23:25:30,-119.861502,0.161286,41,14
2020-04-06 23:25:35,-119.861502,0.161286,39,14
2020-04-06 23:25:40,-119.861502,0.161286,41,14
2020-04-06 23:25:45,-119.861502,0.161286,36,14
2020-04-06 23:25:50,-119.861502,0.161286,43,14
2020-04-06 23:25:55,-119.861502,0.161286,41,14
2020-04-06 23:26:00,-119.861502,0.161286,36,14
2020-04-06 23:26:05,-119.861502,0.161286,37,14
2020-04-06 23:26:10,-119.861502,0.161286,36,14
2020-04-06 23:26:15,-119.861502,0.161286,42,14
2020-04-06 23:26:20,-119.861502,0.161286,40,14
2020-04-06 23:26:25,-119.861502,0.161286,42,14
2020-04-06 23:26:30,-119.861502,0.161286,40,14
2020-04-06 23:26:35,-119.861502,0.161286,43,14
2020-04-06 23:26:40,-119.861502,0.161286,43,14
2020-04-06 23:26:45,-119.861502,0.161286,40,14
2020-04-06 23:26:50,-119.861502,0.161286,37,14
2020-04-06 23:26:55,-119.861502,0.161286,41,14
2020-04-06 23:27:00,-119.861502,0.161286,37,14
2020-04-06 23:27:05,-119.861502,0.161286,39,14
2020-04-06 23:27:10,-119.861502,0.161286,41,14
2020-04-06 23:27:15,-119.861502,0.161286,37,14
2020-04-06 23:27:20,-119.861502,0.161286,46,14
2020-04-06 23:27:25,-119.861502,0.161286,46,14
2020-04-06 23:27:30,-119.861502,0.161286,46,14
2020-04-06 23:27:35,-119.861502,0.161286,37,14
2020-04-06 23:27:40,-119.861502,0.161286,39,14
2020-04-06 23:27:45,-119.861502,0.161286,42,14
2020-04-06 23:27:50,-119.861502,0.161286,41,14
2020-04-06 23:27:55,-119.861502,0.161286,38,14
2020-04-06 23:28:00,-119.861502,0.161286,42,14
2020-04-06 23:28:05,-119.861502,0.161286,38,14
2020-04-06 23:28:10,-119.861502,0.161286,39,14
2020-04-06 23:28:15,-119.861502,0.161286,41,14
2020-04-06 23:28:20,-119.861502,0.161286,44,14
2020-04-06 23:28:25,-119.861502,0.161286,42,14
2020-04-06 23:28:30,-119.861502,0.161286,43,14
2020-04-06 23:28:35,-119.861502,0.161286,38,14
2020-04-06 23:28:40,-119.861502,0.161286,43,14
2020-04-06 23:28:45,-119.861502,0.161286,38,14
2020-04-06 23:28:50,-119.861502,0.161286,50,14
2020-04-06 23:28:55,-119.861502,0.161286,43,14
2020-04-06 23:29:00,-119.861502,0.161286,41,14
2020-04-06 23:29:05,-119.861502,0.161286,40,14
2020-04-06 23:29:10,-119.861502,0.161286,42,14
2020-04-06 23:29:15,-119.861502,0.161286,41,14
2020-04-06 23:29:20,-119.861502,0.161286,38,14
2020-04-06 23:29:25,-119.861502,0.161286,42,14
2020-04-06 23:29:30,-119.861502,0.161286,45,14
2020-04-06 23:29:35,-119.861502,0.161286,42,14
2020-04-06 23:29:40,-119.861502,0.161286,43,14
2020-04-06 23:29:45,-119.861502,0.161286,41,14
2020-04-06 23:29:50,-119.861502,0.161286,41,14
2020-04-06 23:29:55,-119.861502,0.161286,45,14
2020-04-06 23:30:00,-119.861502,0.161286,38,14
2020-04-06 23:30:05,-119.861502,0.161286,41,14
2020-04-06 23:30:10,-119.861502,0.161286,41,14
2020-04-06 23:30:15,-119.861502,0.161286,49,14
2020-04-06 23:30:20,-119.861502,0.161286,43,14
2020-04-06 23:30:25,-119.861502,0.161286,41,14
2020-04-06 23:30:30,-119.861502,0.161286,45,14
2020-04-06 23:30:35,-119.861502,0.161286,45,14
2020-04-06 23:30:40,-119.861502,0.161286,47,14
2020-04-06 23:30:45,-119.861502,0.161286,44,14
2020-04-06 23:30:50,-119.861502,0.161286,43,14
2020-04-06 23:30:55,-119.861502,0.161286,48,14
2020-04-06 23:31:00,-119.861502,0.161286,40,14
2020-04-06 23:31:05,-119.861502,0.161286,46,14
2020-04-06 23:31:10,-119.861502,0.161286,50,14
2020-04-06 23:31:15,-119.861502,0.161286,49,14
2020-04-06 23:31:20,-119.861502,0.161286,48,14
2020-04-06 23:31:25,-119.861502,0.161286,43,14
2020-04-06 23:31:30,-119.861502,0.161286,46,14
2020-04-06 23:31:35,-119.861502,0.161286,44,14
2020-04-06 23:31:40,-119.861502,0.161286,44,14
2020-04-06 23:31:45,-119.861502,0.161286,45,14
2020-04-06 23:31:50,-119.861502,0.161286,49,14
2020-04-06 23:31:55,-119.861502,0.161286,43,14
2020-04-06 23:32:00,-119.861502,0.161286,50,14
2020-04-06 23:32:05,-119.861502,0.161286,47,14
2020-04-06 23:32:10,-119.861502,0.161286,45,14
2020-04-06 23:32:15,-119.861502,0.161286,38,14
2020-04-06 23:32:20,-119.861502,0.161286,42,14
2020-04-06 23:32:25,-119.861502,0.161286,42,14
2020-04-06 23:32:30,-119.861502,0.161286,40,14
2020-04-06 23:32:35,-119.861502,0.161286,46,14
2020-04-06 23:32:40,-119.861502,0.161286,42,14
2020-04-06 23:32:45,-119.861502,0.161286,39,14
2020-04-06 23:32:50,-119.861502,0.161286,44,14
2020-04-06 23:32:55,-119.861502,0.161286,43,14
2020-04-06 23:33:00,-119.861502,0.161286,40,14
2020-04-06 23:33:05,-119.861502,0.161286,39,14
2020-04-06 23:33:10,-119.861502,0.161286,45,14
2020-04-06 23:33:15,-119.861502,0.161286,46,14
2020-04-06 23:33:20,-119.861502,0.161286,42,14
2020-04-06 23:33:25,-119.861502,0.161286,40,14
2020-04-06 23:33:30,-119.861502,0.161286,40,14
2020-04-06 23:33:35,-119.861502,0.161286,47,14
2020-04-06 23:33:40,-119.861502,0.161286,44,14
2020-04-06 23:33:45,-119.861502,0.161286,42,14
2020-04-06 23:33:50,-119.861502,0.161286,40,14
2020-04-06 23:33:55,-119.861502,0.161286,45,14
2020-04-06 23:34:00,-119.861502,0.161286,43,14
2020-04-06 23:34:05,-119.861502,0.161286,42,14
2020-04-06 23:34:10,-119.861502,0.161286,41,14
2020-04-06 23:34:15,-119.861502,0.161286,47,14
2020-04-06 23:34:20,-119.861502,0.161286,40,14
2020-04-06 23:34:25,-119.861502,0.161286,40,14
2020-04-06 23:34:30,-119.861502,0.161286,43,14
2020-04-06 23:34:35,-119.861502,0.161286,41,14
2020-04-06 23:34:40,-119.861502,0.161286,47,14
2020-04-06 23:34:45,-119.861502,0.161286,41,14
2020-04-06 23:34:50,-119.861502,0.161286,39,14
2020-04-06 23:34:55,-119.861502,0.161286,37,14
2020-04-06 23:35:00,-119.861502,0.161286,43,14
2020-04-06 23:35:05,-119.861502,0.161286,43,14
2020-04-06 23:35:10,-119.861502,0.161286,36,14
2020-04-06 23:35:15,-119.861502,0.161286,42,14
2020-04-06 23:35:20,-119.861502,0.161286,41,14
2020-04-06 23:35:25,-119.861502,0.161286,37,14
2020-04-06 23:35:30,-119.861502,0.161286,40,14
2020-04-06 23:35:35,-119.861502,0.161286,41,14
2020-04-06 23:35:40,-119.861502,0.161286,44,14
2020-04-06 23:35:45,-119.861502,0.161286,39,14
2020-04-06 23:35:50,-119.861502,0.161286,40,14
2020-04-06 23:35:55,-119.861502,0.161286,41,14
2020-04-06 23:36:00,-119.861502,0.161286,41,14
2020-04-06 23:36:05,-119.861502,0.161286,45,14
2020-04-06 23:36:10,-119.861502,0.161286,46,14
2020-04-06 23:36:15,-119.861502,0.161286,37,14
2020-04-06 23:36:20,-119.861502,0.161286,41,14
2020-04-06 23:36:25,-119.861502,0.161286,45,14
2020-04-06 23:36:30,-119.861502,0.161286,41,14
2020-04-06 23:36:35,-119.861502,0.161286,43,14
2020-04-06 23:36:40,-119.861502,0.161286,45,14
2020-04-06 23:36:45,-119.861502,0.161286,39,14
2020-04-06 23:36:50,-119.861502,0.161286,44,14
2020-04-06 23:36:55,-119.861502,0.161286,40,14
2020-04-06 23:37:00,-119.861502,0.161286,43,14
2020-04-06 23:37:05,-119.861502,0.161286,41,14
2020-04-06 23:37:10,-119.861502,0.161286,42,14
2020-04-06 23:37:15,-119.861502,0.161286,44,14
2020-04-06 23:37:20,-119.861502,0.161286,36,14
2020-04-06 23:37:25,-119.861502,0.161286,38,14
2020-04-06 23:37:30,-119.861502,0.161286,43,14
2020-04-06 23:37:35,-119.861502,0.161286,43,14
2020-04-06 23:37:40,-119.861502,0.161286,44,14
2020-04-06 23:37:45,-119.861502,0.161286,37,14
2020-04-06 23:37:50,-119.861502,0.161286,40,14
2020-04-06 23:37:55,-119.861502,0.161286,41,14
2020-04-06 23:38:00,-119.861502,0.161286,41,14
2020-04-06 23:38:05,-119.861502,0.161286,39,14
2020-04-06 23:38:10,-119.861502,0.161286,38,14
2020-04-06 23:38:15,-119.861502,0.161286,40,14
2020-04-06 23:38:20,-119.861502,0.161286,45,14
2020-04-06 23:38:25,-119.861502,0.161286,40,14
2020-04-06 23:38:30,-119.861502,0.161286,47,14
2020-04-06 23:38:35,-119.861502,0.161286,43,14
2020-04-06 23:38:40,-119.861502,0.161286,44,14
2020-04-06 23:38:45,-119.861502,0.161286,44,14
2020-04-06 23:38:50,-119.861502,0.161286,39,14
2020-04-06 23:38:55,-119.861502,0.161286,40,14
2020-04-06 23:39:00,-119.861502,0.161286,45,14
2020-04-06 23:39:05,-119.861502,0.161286,40,14
2020-04-06 23:39:10,-119.861502,0.161286,40,14
2020-04-06 23:39:15,-119.861502,0.161286,44,14
2020-04-06 23:39:20,-119.861502,0.161286,37,14
2020-04-06 23:39:25,-119.861502,0.161286,39,14
2020-04-06 23:39:30,-119.861502,0.161286,40,14
2020-04-06 23:39:35,-119.861502,0.161286,40,14
2020-04-06 23:39:40,-119.861502,0.161286,42,14
2020-04-06 23:39:45,-119.861502,0.161286,46,14
2020-04-06 23:39:50,-119.861502,0.161286,40,14
2020-04-06 23:39:55,-119.861502,0.161286,34,14
2020-04-06 23:40:00,-119.861502,0.161286,39,14
2020-04-06 23:40:05,-119.861502,0.161286,44,14
2020-04-06 23:40:10,-119.861502,0.161286,37,14
2020-04-06 23:40:15,-119.861502,0.161286,40,14
2020-04-06 23:40:20,-119.861502,0.161286,41,14
2020-04-06 23:40:25,-119.861502,0.161286,43,14
2020-04-06 23:40:30,-119.861502,0.161286,34,14
2020-04-06 23:40:35,-119.861502,0.161286,44,14
2020-04-06 23:40:40,-119.861502,0.161286,42,14
2020-04-06 23:40:45,-119.861502,0.161286,38,14
2020-04-06 23:40:50,-119.861502,0.161286,48,14
2020-04-06 23:40:55,-119.861502,0.161286,39,14
2020-04-06 23:41:00,-119.861502,0.161286,41,14
2020-04-06 23:41:05,-119.861502,0.161286,39,14
2020-04-06 23:41:10,-119.861502,0.161286,39,14
2020-04-06 23:41:15,-119.861502,0.161286,38,14
2020-04-06 23:41:20,-119.861502,0.161286,41,14
2020-04-06 23:41:25,-119.861502,0.161286,42,14
2020-04-06 23:41:30,-119.861502,0.161286,41,14
2020-04-06 23:41:35,-119.861502,0.161286,39,14
2020-04-06 23:41:40,-119.861502,0.161286,43,14
2020-04-06 23:41:45,-119.861502,0.161286,44,14
2020-04-06 23:41:50,-119.861502,0.161286,42,14
2020-04-06 23:41:55,-119.861502,0.161286,41,14
2020-04-06 23:42:00,-119.861502,0.161286,41,14
2020-04-06 23:42:05,-119.861502,0.161286,40,14
2020-04-06 23:42:10,-119.861502,0.161286,40,14
2020-04-06 23:42:15,-119.861502,0.161286,44,14
2020-04-06 23:42:20,-119.861502,0.161286,41,14
2020-04-06 23:42:25,-119.861502,0.161286,45,14
2020-04-06 23:42:30,-119.861502,0.161286,44,14
2020-04-06 23:42:35,-119.861502,0.161286,37,14
2020-04-06 23:42:40,-119.861502,0.161286,40,14
2020-04-06 23:42:45,-119.861502,0.161286,41,14
2020-04-06 23:42:50,-119.861502,0.161286,37,14
2020-04-06 23:42:55,-119.861502,0.161286,46,14
2020-04-06 23:43:00,-119.861502,0.161286,41,14
2020-04-06 23:43:05,-119.861502,0.161286,38,14
2020-04-06 23:43:10,-119.861502,0.161286,38,14
2020-04-06 23:43:15,-119.861502,0.161286,43,14
2020-04-06 23:43:20,-119.861502,0.161286,36,14
2020-04-06 23:43:25,-119.861502,0.161286,40,14
2020-04-06 23:43:30,-119.861502,0.161286,42,14
2020-04-06 23:43:35,-119.861502,0.161286,41,14
2020-04-06 23:43:40,-119.861502,0.161286,39,14
2020-04-06 23:43:45,-119.861502,0.161286,42,14
2020-04-06 23:43:50,-119.861502,0.161286,43,14
2020-04-06 23:43:55,-119.861502,0.161286,39,14
2020-04-06 23:44:00,-119.861502,0.161286,43,14
2020-04-06 23:44:05,-119.861502,0.161286,41,14
2020-04-06 23:44:10,-119.861502,0.161286,39,14
2020-04-06 23:44:15,-119.861502,0.161286,42,14
2020-04-06 23:44:20,-119.861502,0.161286,41,14
2020-04-06 23:44:25,-119.861502,0.161286,41,14
2020-04-06 23:44:30,-119.861502,0.161286,42,14
2020-04-06 23:44:35,-119.861502,0.161286,38,14
2020-04-06 23:44:40,-119.861502,0.161286,40,14
2020-04-06 23:44:45,-119.861502,0.161286,43,14
2020-04-06 23:44:50,-119.861502,0.161286,42,14
2020-04-06 23:44:55,-119.861502,0.161286,45,14
2020-04-06 23:45:00,-119.861502,0.161286,36,14
2020-04-06 23:45:05,-119.861502,0.161286,39,14
2020-04-06 23:45:10,-119.861502,0.161286,39,14
2020-04-06 23:45:15,-119.861502,0.161286,37,14
2020-04-06 23:45:20,-119.861502,0.161286,46,14
2020-04-06 23:45:25,-119.861502,0.161286,38,14
2020-04-06 23:45:30,-119.861502,0.161286,39,14
2020-04-06 23:45:35,-119.861502,0.161286,42,14
2020-04-06 23:45:40,-119.861502,0.161286,45,14
2020-04-06 23:45:45,-119.861502,0.161286,39,14
2020-04-06 23:45:50,-119.861502,0.161286,40,14
2020-04-06 23:45:55,-119.861502,0.161286,37,14
2020-04-06 23:46:00,-119.861502,0.161286,41,14
2020-04-06 23:46:05,-119.861502,0.161286,44,14
2020-04-06 23:46:10,-119.861502,0.161286,39,14
2020-04-06 23:46:15,-119.861502,0.161286,42,14
2020-04-06 23:46:20,-119.861502,0.161286,42,14
2020-04-06 23:46:25,-119.861502,0.161286,39,14
2020-04-06 23:46:30,-119.861502,0.161286,44,14
2020-04-06 23:46:35,-119.861502,0.161286,41,14
2020-04-06 23:46:40,-119.861502,0.161286,43,14
2020-04-06 23:46:45,-119.861502,0.161286,37,14
2020-04-06 23:46:50,-119.861502,0.161286,37,14
2020-04-06 23:46:55,-119.861502,0.161286,38,14
2020-04-06 23:47:00,-119.861502,0.161286,41,14
2020-04-06 23:47:05,-119.861502,0.161286,43,14
2020-04-06 23:47:10,-119.861502,0.161286,40,14
2020-04-06 23:47:15,-119.861502,0.161286,43,14
2020-04-06 23:47:20,-119.861502,0.161286,42,14
2020-04-06 23:47:25,-119.861502,0.161286,44,14
2020-04-06 23:47:30,-119.861502,0.161286,46,14
2020-04-06 23:47:35,-119.861502,0.161286,39,14
2020-04-06 23:47:40,-119.861502,0.161286,49,14
2020-04-06 23:47:45,-119.861502,0.161286,40,14
2020-04-06 23:47:50,-119.861502,0.161286,44,14
2020-04-06 23:47:55,-119.861502,0.161286,44,14
2020-04-06 23:48:00,-119.861502,0.161286,41,14
2020-04-06 23:48:05,-119.861502,0.161286,45,14
2020-04-06 23:48:10,-119.861502,0.161286,43,14
2020-04-06 23:48:15,-119.861502,0.161286,39,14
2020-04-06 23:48:20,-119.861502,0.161286,47,14
2020-04-06 23:48:25,-119.861502,0.161286,38,14
2020-04-06 23:48:30,-119.861502,0.161286,39,14
2020-04-06 23:48:35,-119.861502,0.161286,44,14
2020-04-06 23:48:40,-119.861502,0.161286,40,14
2020-04-06 23:48:45,-119.861502,0.161286,48,14
2020-04-06 23:48:50,-119.861502,0.161286,42,14
2020-04-06 23:48:55,-119.861502,0.161286,42,14
2020-04-06 23:49:00,-119.861502,0.161286,45,14
2020-04-06 23:49:05,-119.861502,0.161286,43,14
2020-04-06 23:49:10,-119.861502,0.161286,46,14
2020-04-06 23:49:15,-119.861502,0.161286,38,14
2020-04-06 23:49:20,-119.861502,0.161286,40,14
2020-04-06 23:49:25,-119.861502,0.161286,42,14
2020-04-06 23:49:30,-119.861502,0.161286,42,14
2020-04-06 23:49:35,-119.861502,0.161286,40,14
2020-04-06 23:49:40,-119.861502,0.161286,44,14
2020-04-06 23:49:45,-119.861502,0.161286,40,14
2020-04-06 23:49:50,-119.861502,0.161286,42,14
2020-04-06 23:49:55,-119.861502,0.161286,46,14
2020-04-06 23:50:00,-119.861502,0.161286,40,14
2020-04-06 23:50:05,-119.861502,0.161286,43,14
2020-04-06 23:50:10,-119.861502,0.161286,42,14
2020-04-06 23:50:15,-119.861502,0.161286,43,14
2020-04-06 23:50:20,-119.861502,0.161286,43,14
2020-04-06 23:50:25,-119.861502,0.161286,47,14
2020-04-06 23:50:30,-119.861502,0.161286,39,14
2020-04-06 23:50:35,-119.861502,0.161286,41,14
2020-04-06 23:50:40,-119.861502,0.161286,37,14
2020-04-06 23:50:45,-119.861502,0.161286,38,14
2020-04-06 23:50:50,-119.861502,0.161286,42,14
2020-04-06 23:50:55,-119.861502,0.161286,41,14
2020-04-06 23:51:00,-119.861502,0.161286,39,14
2020-04-06 23:51:05,-119.861502,0.161286,41,14
2020-04-06 23:51:10,-119.861502,0.161286,41,14
2020-04-06 23:51:15,-119.861502,0.161286,42,14
2020-04-06 23:51:20,-119.861502,0.161286,38,14
2020-04-06 23:51:25,-119.861502,0.161286,45,14
2020-04-06 23:51:30,-119.861502,0.161286,45,14
2020-04-06 23:51:35,-119.861502,0.161286,45,14
2020-04-06 23:51:40,-119.861502,0.161286,39,14
2020-04-06 23:51:45,-119.861502,0.161286,39,14
2020-04-06 23:51:50,-119.861502,0.161286,42,14
2020-04-06 23:51:55,-119.861502,0.161286,40,14
2020-04-06 23:52:00,-119.861502,0.161286,40,14
2020-04-06 23:52:05,-119.861502,0.161286,40,14
2020-04-06 23:52:10,-119.861502,0.161286,45,14
2020-04-06 23:52:15,-119.861502,0.161286,46,14
2020-04-06 23:52:20,-119.861502,0.161286,36,14
2020-04-06 23:52:25,-119.861502,0.161286,41,14
2020-04-06 23:52:30,-119.861502,0.161286,40,14
2020-04-06 23:52:35,-119.861502,0.161286,47,14
2020-04-06 23:52:40,-119.861502,0.161286,43,14
2020-04-06 23:52:45,-119.861502,0.161286,43,14
2020-04-06 23:52:50,-119.861502,0.161286,41,14
2020-04-06 23:52:55,-119.861502,0.161286,41,14
2020-04-06 23:53:00,-119.861502,0.161286,40,14
2020-04-06 23:53:05,-119.861502,0.161286,45,14
2020-04-06 23:53:10,-119.861502,0.161286,43,14
2020-04-06 23:53:15,-119.861502,0.161286,39,14
2020-04-06 23:53:20,-119.861502,0.161286,44,14
2020-04-06 23:53:25,-119.861502,0.161286,44,14
2020-04-06 23:53:30,-119.861502,0.161286,35,14
2020-04-06 23:53:35,-119.861502,0.161286,43,14
2020-04-06 23:53:40,-119.861502,0.161286,46,14
2020-04-06 23:53:45,-119.861502,0.161286,39,14
2020-04-06 23:53:50,-119.861502,0.161286,40,14
2020-04-06 23:53:55,-119.861502,0.161286,42,14
2020-04-06 23:54:00,-119.861502,0.161286,40,14
2020-04-06 23:54:05,-119.861502,0.161286,37,14
2020-04-06 23:54:10,-119.861502,0.161286,42,14
2020-04-06 23:54:15,-119.861502,0.161286,41,14
2020-04-06 23:54:20,-119.861502,0.161286,38,14
2020-04-06 23:54:25,-119.861502,0.161286,42,14
2020-04-06 23:54:30,-119.861502,0.161286,37,14
2020-04-06 23:54:35,-119.861502,0.161286,46,14
2020-04-06 23:54:40,-119.861502,0.161286,43,14
2020-04-06 23:54:45,-119.861502,0.161286,36,14
2020-04-06 23:54:50,-119.861502,0.161286,39,14
2020-04-06 23:54:55,-119.861502,0.161286,40,14
2020-04-06 23:55:00,-119.861502,0.161286,42,14
2020-04-06 23:55:05,-119.861502,0.161286,43,14
2020-04-06 23:55:10,-119.861502,0.161286,46,14
2020-04-06 23:55:15,-119.861502,0.161286,45,14
2020-04-06 23:55:20,-119.861502,0.161286,44,14
2020-04-06 23:55:25,-119.861502,0.161286,38,14
2020-04-06 23:55:30,-119.861502,0.161286,37,14
2020-04-06 23:55:35,-119.861502,0.161286,46,14
2020-04-06 23:55:40,-119.861502,0.161286,35,14
2020-04-06 23:55:45,-119.861502,0.161286,36,14
2020-04-06 23:55:50,-119.861502,0.161286,45,14
2020-04-06 23:55:55,-119.861502,0.161286,41,14
2020-04-06 23:56:00,-119.861502,0.161286,37,14
2020-04-06 23:56:05,-119.861502,0.161286,42,14
2020-04-06 23:56:10,-119.861502,0.161286,40,14
2020-04-06 23:56:15,-119.861502,0.161286,43,14
2020-04-06 23:56:20,-119.861502,0.161286,40,14
2020-04-06 23:56:25,-119.861502,0.161286,42,14
2020-04-06 23:56:30,-119.861502,0.161286,40,14
2020-04-06 23:56:35,-119.861502,0.161286,39,14
2020-04-06 23:56:40,-119.861502,0.161286,44,14
2020-04-06 23:56:45,-119.861502,0.161286,42,14
2020-04-06 23:56:50,-119.861502,0.161286,42,14
2020-04-06 23:56:55,-119.861502,0.161286,33,14
2020-04-06 23:57:00,-119.861502,0.161286,41,14
2020-04-06 23:57:05,-119.861502,0.161286,40,14
2020-04-06 23:57:10,-119.861502,0.161286,37,14
2020-04-06 23:57:15,-119.861502,0.161286,38,14
2020-04-06 23:57:20,-119.861502,0.161286,43,14
2020-04-06 23:57:25,-119.861502,0.161286,46,14
2020-04-06 23:57:30,-119.861502,0.161286,45,14
2020-04-06 23:57:35,-119.861502,0.161286,44,14
2020-04-06 23:57:40,-119.861502,0.161286,38,14
2020-04-06 23:57:45,-119.861502,0.161286,43,14
2020-04-06 23:57:50,-119.861502,0.161286,36,14
2020-04-06 23:57:55,-119.861502,0.161286,42,14
2020-04-06 23:58:00,-119.861502,0.161286,36,14
2020-04-06 23:58:05,-119.861502,0.161286,39,14
2020-04-06 23:58:10,-119.861502,0.161286,44,14
2020-04-06 23:58:15,-119.861502,0.161286,40,14
2020-04-06 23:58:20,-119.861502,0.161286,38,14
2020-04-06 23:58:25,-119.861502,0.161286,42,14
2020-04-06 23:58:30,-119.861502,0.161286,42,14
2020-04-06 23:58:35,-119.861502,0.161286,47,14
2020-04-06 23:58:40,-119.861502,0.161286,44,14
2020-04-06 23:58:45,-119.861502,0.161286,42,14
2020-04-06 23:58:50,-119.861502,0.161286,37,14
2020-04-06 23:58:55,-119.861502,0.161286,39,14
2020-04-06 23:59:00,-119.861502,0.161286,43,14
2020-04-06 23:59:05,-119.861502,0.161286,45,14
2020-04-06 23:59:10,-119.861502,0.161286,39,14
2020-04-06 23:59:15,-119.861502,0.161286,37,14
2020-04-06 23:59:20,-119.861502,0.161286,42,14
2020-04-06 23:59:25,-119.861502,0.161286,39,14
2020-04-06 23:59:30,-119.861502,0.161286,42,14
2020-04-06 23:59:35,-119.861502,0.161286,42,14
2020-04-06 23:59:40,-119.861502,0.161286,46,14
2020-04-06 23:59:45,-119.861502,0.161286,40,14
2020-04-06 23:59:50,-119.861502,0.161286,42,14
2020-04-06 23:59:55,-119.861502,0.161286,38,14
2020-04-07 00:00:00,-119.861502,0.161286,36,14
2020-04-07 00:00:05,-119.861502,0.161286,42,14
2020-04-07 00:00:10,-119.861502,0.161286,44,14
2020-04-07 00:00:15,-119.861502,0.161286,38,14
2020-04-07 00:00:20,-119.861502,0.161286,44,14
2020-04-07 00:00:25,-119.861502,0.161286,38,14
2020-04-07 00:00:30,-119.861502,0.161286,40,14
2020-04-07 00:00:35,-119.861502,0.161286,37,14
2020-04-07 00:00:40,-119.861502,0.161286,39,14
2020-04-07 00:00:45,-119.861502,0.161286,37,14
2020-04-07 00:00:50,-119.861502,0.161286,40,14
2020-04-07 00:00:55,-119.861502,0.161286,40,14
2020-04-07 00:01:00,-119.861502,0.161286,40,14
2020-04-07 00:01:05,-119.861502,0.161286,39,14
2020-04-07 00:01:10,-119.861502,0.161286,44,14
2020-04-07 00:01:15,-119.861502,0.161286,50,14
2020-04-07 00:01:20,-119.861502,0.161286,37,14
2020-04-07 00:01:25,-119.861502,0.161286,43,14
2020-04-07 00:01:30,-119.861502,0.161286,40,14
2020-04-07 00:01:35,-119.861502,0.161286,42,14
2020-04-07 00:01:40,-119.861502,0.161286,44,14
2020-04-07 00:01:45,-119.861502,0.161286,44,14
2020-04-07 00:01:50,-119.861502,0.161286,44,14
2020-04-07 00:01:55,-119.861502,0.161286,44,14
2020-04-07 00:02:00,-119.861502,0.161286,42,14
2020-04-07 00:02:05,-119.861502,0.161286,38,14
2020-04-07 00:02:10,-119.861502,0.161286,42,14
2020-04-07 00:02:15,-119.861502,0.161286,44,14
2020-04-07 00:02:20,-119.861502,0.161286,42,14
2020-04-07 00:02:25,-119.861502,0.161286,39,14
2020-04-07 00:02:30,-119.861502,0.161286,39,14
2020-04-07 00:02:35,-119.861502,0.161286,41,14
2020-04-07 00:02:40,-119.861502,0.161286,45,14
2020-04-07 00:02:45,-119.861502,0.161286,40,14
2020-04-07 00:02:50,-119.861502,0.161286,42,14
2020-04-07 00:02:55,-119.861502,0.161286,44,14
2020-04-07 00:03:00,-119.861502,0.161286,43,14
2020-04-07 00:03:05,-119.861502,0.161286,44,14
2020-04-07 00:03:10,-119.861502,0.161286,42,14
2020-04-07 00:03:15,-119.861502,0.161286,45,14
2020-04-07 00:03:20,-119.861502,0.161286,45,14
2020-04-07 00:03:25,-119.861502,0.161286,36,14
2020-04-07 00:03:30,-119.861502,0.161286,37,14
2020-04-07 00:03:35,-119.861502,0.161286,45,14
2020-04-07 00:03:40,-119.861502,0.161286,39,14
2020-04-07 00:03:45,-119.861502,0.161286,42,14
2020-04-07 00:03:50,-119.861502,0.161286,43,14
2020-04-07 00:03:55,-119.861502,0.161286,38,14
2020-04-07 00:04:00,-119.861502,0.161286,39,14
2020-04-07 00:04:05,-119.861502,0.161286,42,14
2020-04-07 00:04:10,-119.861502,0.161286,40,14
2020-04-07 00:04:15,-119.861502,0.161286,44,14
2020-04-07 00:04:20,-119.861502,0.161286,38,14
2020-04-07 00:04:25,-119.861502,0.161286,38,14
2020-04-07 00:04:30,-119.861502,0.161286,38,14
2020-04-07 00:04:35,-119.861502,0.161286,45,14
2020-04-07 00:04:40,-119.861502,0.161286,42,14
2020-04-07 00:04:45,-119.861502,0.161286,41,14
2020-04-07 00:04:50,-119.861502,0.161286,42,14
2020-04-07 00:04:55,-119.861502,0.161286,40,14
2020-04-07 00:05:00,-119.861502,0.161286,46,14
2020-04-07 00:05:05,-119.861502,0.161286,44,14
2020-04-07 00:05:10,-119.861502,0.161286,40,14
2020-04-07 00:05:15,-119.861502,0.161286,40,14
2020-04-07 00:05:20,-119.861502,0.161286,40,14
2020-04-07 00:05:25,-119.861502,0.161286,40,14
2020-04-07 00:05:30,-119.861502,0.161286,44,14
2020-04-07 00:05:35,-119.861502,0.161286,45,14
2020-04-07 00:05:40,-119.861502,0.161286,41,14
2020-04-07 00:05:45,-119.861502,0.161286,44,14
2020-04-07 00:05:50,-119.861502,0.161286,35,14
2020-04-07 00:05:55,-119.861502,0.161286,39,14
2020-04-07 00:06:00,-119.861502,0.161286,37,14
2020-04-07 00:06:05,-119.861502,0.161286,38,14
2020-04-07 00:06:10,-119.861502,0.161286,40,14
2020-04-07 00:06:15,-119.861502,0.161286,43,14
2020-04-07 00:06:20,-119.861502,0.161286,40,14
2020-04-07 00:06:25,-119.861502,0.161286,42,14
2020-04-07 00:06:30,-119.861502,0.161286,42,14
2020-04-07 00:06:35,-119.861502,0.161286,41,14
2020-04-07 00:06:40,-119.861502,0.161286,37,14
2020-04-07 00:06:45,-119.861502,0.161286,41,14
2020-04-07 00:06:50,-119.861502,0.161286,46,14
2020-04-07 00:06:55,-119.861502,0.161286,38,14
2020-04-07 00:07:00,-119.861502,0.161286,37,14
2020-04-07 00:07:05,-119.861502,0.161286,37,14
2020-04-07 00:07:10,-119.861502,0.161286,41,14
2020-04-07 00:07:15,-119.861502,0.161286,38,14
2020-04-07 00:07:20,-119.861502,0.161286,41,14
2020-04-07 00:07:25,-119.861502,0.161286,43,14
2020-04-07 00:07:30,-119.861502,0.161286,35,14
2020-04-07 00:07:35,-119.861502,0.161286,46,14
2020-04-07 00:07:40,-119.861502,0.161286,39,14
2020-04-07 00:07:45,-119.861502,0.161286,43,14
2020-04-07 00:07:50,-119.861502,0.161286,43,14
2020-04-07 00:07:55,-119.861502,0.161286,37,14
2020-04-07 00:08:00,-119.861502,0.161286,46,14
2020-04-07 00:08:05,-119.861502,0.161286,35,14
2020-04-07 00:08:10,-119.861502,0.161286,44,14
2020-04-07 00:08:15,-119.861502,0.161286,43,14
2020-04-07 00:08:20,-119.861502,0.161286,42,14
2020-04-07 00:08:25,-119.861502,0.161286,41,14
2020-04-07 00:08:30,-119.861502,0.161286,41,14
2020-04-07 00:08:35,-119.861502,0.161286,39,14
2020-04-07 00:08:40,-119.861502,0.161286,43,14
2020-04-07 00:08:45,-119.861502,0.161286,40,14
2020-04-07 00:08:50,-119.861502,0.161286,40,14
2020-04-07 00:08:55,-119.861502,0.161286,48,14
2020-04-07 00:09:00,-119.861502,0.161286,46,14
2020-04-07 00:09:05,-119.861502,0.161286,39,14
2020-04-07 00:09:10,-119.861502,0.161286,38,14
2020-04-07 00:09:15,-119.861502,0.161286,40,14
2020-04-07 00:09:20,-119.861502,0.161286,45,14
2020-04-07 00:09:25,-119.861502,0.161286,39,14
2020-04-07 00:09:30,-119.861502,0.161286,38,14
2020-04-07 00:09:35,-119.861502,0.161286,40,14
2020-04-07 00:09:40,-119.861502,0.161286,42,14
2020-04-07 00:09:45,-119.861502,0.161286,43,14
2020-04-07 00:09:50,-119.861502,0.161286,40,14
2020-04-07 00:09:55,-119.861502,0.161286,43,14
2020-04-07 00:10:00,-119.861502,0.161286,41,14
2020-04-07 00:10:05,-119.861502,0.161286,47,14
2020-04-07 00:10:10,-119.861502,0.161286,35,14
2020-04-07 00:10:15,-119.861502,0.161286,39,14
2020-04-07 00:10:20,-119.861502,0.161286,34,14
2020-04-07 00:10:25,-119.861502,0.161286,43,14
2020-04-07 00:10:30,-119.861502,0.161286,41,14
2020-04-07 00:10:35,-119.861502,0.161286,41,14
2020-04-07 00:10:40,-119.861502,0.161286,41,14
2020-04-07 00:10:45,-119.861502,0.161286,45,14
2020-04-07 00:10:50,-119.861502,0.161286,41,14
2020-04-07 00:10:55,-119.861502,0.161286,43,14
2020-04-07 00:11:00,-119.861502,0.161286,39,14
2020-04-07 00:11:05,-119.861502,0.161286,41,14
2020-04-07 00:11:10,-119.861502,0.161286,46,14
2020-04-07 00:11:15,-119.861502,0.161286,33,14
2020-04-07 00:11:20,-119.861502,0.161286,39,14
2020-04-07 00:11:25,-119.861502,0.161286,38,14
2020-04-07 00:11:30,-119.861502,0.161286,46,14
2020-04-07 00:11:35,-119.861502,0.161286,48,14
2020-04-07 00:11:40,-119.861502,0.161286,45,14
2020-04-07 00:11:45,-119.861502,0.161286,41,14
2020-04-07 00:11:50,-119.861502,0.161286,42,14
2020-04-07 00:11:55,-119.861502,0.161286,44,14
2020-04-07 00:12:00,-119.861502,0.161286,42,14
2020-04-07 00:12:05,-119.861502,0.161286,41,14
2020-04-07 00:12:10,-119.861502,0.161286,43,14
2020-04-07 00:12:15,-119.861502,0.161286,41,14
2020-04-07 00:12:20,-119.861502,0.161286,42,14
2020-04-07 00:12:25,-119.861502,0.161286,39,14
2020-04-07 00:12:30,-119.861502,0.161286,38,14
2020-04-07 00:12:35,-119.861502,0.161286,45,14
2020-04-07 00:12:40,-119.861502,0.161286,38,14
2020-04-07 00:12:45,-119.861502,0.161286,43,14
2020-04-07 00:12:50,-119.861502,0.161286,42,14
2020-04-07 00:12:55,-119.861502,0.161286,40,14
2020-04-07 00:13:00,-119.861502,0.161286,47,14
2020-04-07 00:13:05,-119.861502,0.161286,39,14
2020-04-07 00:13:10,-119.861502,0.161286,44,14
2020-04-07 00:13:15,-119.861502,0.161286,43,14
2020-04-07 00:13:20,-119.861502,0.161286,44,14
2020-04-07 00:13:25,-119.861502,0.161286,41,14
2020-04-07 00:13:30,-119.861502,0.161286,39,14
2020-04-07 00:13:35,-119.861502,0.161286,38,14
2020-04-07 00:13:40,-119.861502,0.161286,41,14
2020-04-07 00:13:45,-119.861502,0.161286,41,14
2020-04-07 00:13:50,-119.861502,0.161286,40,14
2020-04-07 00:13:55,-119.861502,0.161286,37,14
2020-04-07 00:14:00,-119.861502,0.161286,42,14
2020-04-07 00:14:05,-119.861502,0.161286,38,14
2020-04-07 00:14:10,-119.861502,0.161286,38,14
2020-04-07 00:14:15,-119.861502,0.161286,39,14
2020-04-07 00:14:20,-119.861502,0.161286,40,14
2020-04-07 00:14:25,-119.861502,0.161286,43,14
2020-04-07 00:14:30,-119.861502,0.161286,35,14
2020-04-07 00:14:35,-119.861502,0.161286,41,14
2020-04-07 00:14:40,-119.861502,0.161286,38,14
2020-04-07 00:14:45,-119.861502,0.161286,45,14
2020-04-07 00:14:50,-119.861502,0.161286,44,14
2020-04-07 00:14:55,-119.861502,0.161286,46,14
2020-04-07 00:15:00,-119.861502,0.161286,36,14
2020-04-07 00:15:05,-119.861502,0.161286,45,14
2020-04-07 00:15:10,-119.861502,0.161286,40,14
2020-04-07 00:15:15,-119.861502,0.161286,41,14
2020-04-07 00:15:20,-119.861502,0.161286,41,14
2020-04-07 00:15:25,-119.861502,0.161286,40,14
2020-04-07 00:15:30,-119.861502,0.161286,46,14
2020-04-07 00:15:35,-119.861502,0.161286,41,14
2020-04-07 00:15:40,-119.861502,0.161286,36,14
2020-04-07 00:15:45,-119.861502,0.161286,44,14
2020-04-07 00:15:50,-119.861502,0.161286,42,14
2020-04-07 00:15:55,-119.861502,0.161286,41,14
2020-04-07 00:16:00,-119.861502,0.161286,38,14
2020-04-07 00:16:05,-119.861502,0.161286,43,14
2020-04-07 00:16:10,-119.861502,0.161286,40,14
2020-04-07 00:16:15,-119.861502,0.161286,49,14
2020-04-07 00:16:20,-119.861502,0.161286,44,14
2020-04-07 00:16:25,-119.861502,0.161286,43,14
2020-04-07 00:16:30,-119.861502,0.161286,42,14
2020-04-07 00:16:35,-119.861502,0.161286,44,14
2020-04-07 00:16:40,-119.861502,0.161286,34,14
2020-04-07 00:16:45,-119.861502,0.161286,38,14
2020-04-07 00:16:50,-119.861502,0.161286,45,14
2020-04-07 00:16:55,-119.861502,0.161286,41,14
2020-04-07 00:17:00,-119.861502,0.161286,44,14
2020-04-07 00:17:05,-119.861502,0.161286,38,14
2020-04-07 00:17:10,-119.861502,0.161286,43,14
2020-04-07 00:17:15,-119.861502,0.161286,34,14
2020-04-07 00:17:20,-119.861502,0.161286,39,14
2020-04-07 00:17:25,-119.861502,0.161286,38,14
2020-04-07 00:17:30,-119.861502,0.161286,38,14
2020-04-07 00:17:35,-119.861502,0.161286,41,14
2020-04-07 00:17:40,-119.861502,0.161286,46,14
2020-04-07 00:17:45,-119.861502,0.161286,38,14
2020-04-07 00:17:50,-119.861502,0.161286,42,14
2020-04-07 00:17:55,-119.861502,0.161286,42,14
2020-04-07 00:18:00,-119.861502,0.161286,48,14
2020-04-07 00:18:05,-119.861502,0.161286,42,14
2020-04-07 00:18:10,-119.861502,0.161286,41,14
2020-04-07 00:18:15,-119.861502,0.161286,43,14
2020-04-07 00:18:20,-119.861502,0.161286,41,14
2020-04-07 00:18:25,-119.861502,0.161286,44,14
2020-04-07 00:18:30,-119.861502,0.161286,37,14
2020-04-07 00:18:35,-119.861502,0.161286,41,14
2020-04-07 00:18:40,-119.861502,0.161286,42,14
2020-04-07 00:18:45,-119.861502,0.161286,42,14
2020-04-07 00:18:50,-119.861502,0.161286,45,14
2020-04-07 00:18:55,-119.861502,0.161286,40,14
2020-04-07 00:19:00,-119.861502,0.161286,46,14
2020-04-07 00:19:05,-119.861502,0.161286,42,14
2020-04-07 00:19:10,-119.861502,0.161286,45,14
2020-04-07 00:19:15,-119.861502,0.161286,37,14
2020-04-07 00:19:20,-119.861502,0.161286,37,14
2020-04-07 00:19:25,-119.861502,0.161286,42,14
2020-04-07 00:19:30,-119.861502,0.161286,41,14
2020-04-07 00:19:35,-119.861502,0.161286,41,14
2020-04-07 00:19:40,-119.861502,0.161286,45,14
2020-04-07 00:19:45,-119.861502,0.161286,38,14
2020-04-07 00:19:50,-119.861502,0.161286,38,14
2020-04-07 00:19:55,-119.861502,0.161286,39,14
2020-04-07 00:20:00,-119.861502,0.161286,38,14
2020-04-07 00:20:05,-119.861502,0.161286,40,14
2020-04-07 00:20:10,-119.861502,0.161286,41,14
2020-04-07 00:20:15,-119.861502,0.161286,42,14
2020-04-07 00:20:20,-119.861502,0.161286,43,14
2020-04-07 00:20:25,-119.861502,0.161286,41,14
2020-04-07 00:20:30,-119.861502,0.161286,37,14
2020-04-07 00:20:35,-119.861502,0.161286,38,14
2020-04-07 00:20:40,-119.861502,0.161286,45,14
2020-04-07 00:20:45,-119.861502,0.161286,43,14
2020-04-07 00:20:50,-119.861502,0.161286,39,14
2020-04-07 00:20:55,-119.861502,0.161286,43,14
2020-04-07 00:21:00,-119.861502,0.161286,38,14
2020-04-07 00:21:05,-119.861502,0.161286,39,14
2020-04-07 00:21:10,-119.861502,0.161286,42,14
2020-04-07 00:21:15,-119.861502,0.161286,44,14
2020-04-07 00:21:20,-119.861502,0.161286,39,14
2020-04-07 00:21:25,-119.861502,0.161286,40,14
2020-04-07 00:21:30,-119.861502,0.161286,43,14
2020-04-07 00:21:35,-119.861502,0.161286,45,14
2020-04-07 00:21:40,-119.861502,0.161286,42,14
2020-04-07 00:21:45,-119.861502,0.161286,43,14
2020-04-07 00:21:50,-119.861502,0.161286,38,14
2020-04-07 00:21:55,-119.861502,0.161286,37,14
2020-04-07 00:22:00,-119.861502,0.161286,38,14
2020-04-07 00:22:05,-119.861502,0.161286,42,14
2020-04-07 00:22:10,-119.861502,0.161286,44,14
2020-04-07 00:22:15,-119.861502,0.161286,41,14
2020-04-07 00:22:20,-119.861502,0.161286,36,14
2020-04-07 00:22:25,-119.861502,0.161286,45,14
2020-04-07 00:22:30,-119.861502,0.161286,39,14
2020-04-07 00:22:35,-119.861502,0.161286,37,14
2020-04-07 00:22:40,-119.861502,0.161286,41,14
2020-04-07 00:22:45,-119.861502,0.161286,42,14
2020-04-07 00:22:50,-119.861502,0.161286,44,14
2020-04-07 00:22:55,-119.861502,0.161286,43,14
2020-04-07 00:23:00,-119.861502,0.161286,39,14
2020-04-07 00:23:05,-119.861502,0.161286,40,14
2020-04-07 00:23:10,-119.861502,0.161286,46,14
2020-04-07 00:23:15,-119.861502,0.161286,45,14
2020-04-07 00:23:20,-119.861502,0.161286,41,14
2020-04-07 00:23:25,-119.861502,0.161286,43,14
2020-04-07 00:23:30,-119.861502,0.161286,46,14
2020-04-07 00:23:35,-119.861502,0.161286,45,14
2020-04-07 00:23:40,-119.861502,0.161286,39,14
2020-04-07 00:23:45,-119.861502,0.161286,43,14
2020-04-07 00:23:50,-119.861502,0.161286,40,14
2020-04-07 00:23:55,-119.861502,0.161286,45,14
2020-04-07 00:24:00,-119.861502,0.161286,42,14
2020-04-07 00:24:05,-119.861502,0.161286,39,14
2020-04-07 00:24:10,-119.861502,0.161286,41,14
2020-04-07 00:24:15,-119.861502,0.161286,40,14
2020-04-07 00:24:20,-119.861502,0.161286,42,14
2020-04-07 00:24:25,-119.861502,0.161286,40,14
2020-04-07 00:24:30,-119.861502,0.161286,41,14
2020-04-07 00:24:35,-119.861502,0.161286,43,14
2020-04-07 00:24:40,-119.861502,0.161286,40,14
2020-04-07 00:24:45,-119.861502,0.161286,41,14
2020-04-07 00:24:50,-119.861502,0.161286,42,14
2020-04-07 00:24:55,-119.861502,0.161286,41,14
2020-04-07 00:25:00,-119.861502,0.161286,40,14
2020-04-07 00:25:05,-119.861502,0.161286,44,14
2020-04-07 00:25:10,-119.861502,0.161286,39,14
2020-04-07 00:25:15,-119.861502,0.161286,39,14
2020-04-07 00:25:20,-119.861502,0.161286,36,14
2020-04-07 00:25:25,-119.861502,0.161286,40,14
2020-04-07 00:25:30,-119.861502,0.161286,52,14
2020-04-07 00:25:35,-119.861502,0.161286,39,14
2020-04-07 00:25:40,-119.861502,0.161286,44,14
2020-04-07 00:25:45,-119.861502,0.161286,40,14
2020-04-07 00:25:50,-119.861502,0.161286,39,14
2020-04-07 00:25:55,-119.861502,0.161286,36,14
2020-04-07 00:26:00,-119.861502,0.161286,37,14
2020-04-07 00:26:05,-119.861502,0.161286,45,14
2020-04-07 00:26:10,-119.861502,0.161286,41,14
2020-04-07 00:26:15,-119.861502,0.161286,41,14
2020-04-07 00:26:20,-119.861502,0.161286,43,14
2020-04-07 00:26:25,-119.861502,0.161286,44,14
2020-04-07 00:26:30,-119.861502,0.161286,41,14
2020-04-07 00:26:35,-119.861502,0.161286,36,14
2020-04-07 00:26:40,-119.861502,0.161286,42,14
2020-04-07 00:26:45,-119.861502,0.161286,37,14
2020-04-07 00:26:50,-119.861502,0.161286,35,14
2020-04-07 00:26:55,-119.861502,0.161286,45,14
2020-04-07 00:27:00,-119.861502,0.161286,33,14
2020-04-07 00:27:05,-119.861502,0.161286,38,14
2020-04-07 00:27:10,-119.861502,0.161286,38,14
2020-04-07 00:27:15,-119.861502,0.161286,41,14
2020-04-07 00:27:20,-119.861502,0.161286,43,14
2020-04-07 00:27:25,-119.861502,0.161286,46,14
2020-04-07 00:27:30,-119.861502,0.161286,40,14
2020-04-07 00:27:35,-119.861502,0.161286,39,14
2020-04-07 00:27:40,-119.861502,0.161286,39,14
2020-04-07 00:27:45,-119.861502,0.161286,37,14
2020-04-07 00:27:50,-119.861502,0.161286,41,14
2020-04-07 00:27:55,-119.861502,0.161286,40,14
2020-04-07 00:28:00,-119.861502,0.161286,38,14
2020-04-07 00:28:05,-119.861502,0.161286,42,14
2020-04-07 00:28:10,-119.861502,0.161286,44,14
2020-04-07 00:28:15,-119.861502,0.161286,42,14
2020-04-07 00:28:20,-119.861502,0.161286,43,14
2020-04-07 00:28:25,-119.861502,0.161286,38,14
2020-04-07 00:28:30,-119.861502,0.161286,37,14
2020-04-07 00:28:35,-119.861502,0.161286,44,14
2020-04-07 00:28:40,-119.861502,0.161286,42,14
2020-04-07 00:28:45,-119.861502,0.161286,45,14
2020-04-07 00:28:50,-119.861502,0.161286,45,14
2020-04-07 00:28:55,-119.861502,0.161286,38,14
2020-04-07 00:29:00,-119.861502,0.161286,43,14
2020-04-07 00:29:05,-119.861502,0.161286,42,14
2020-04-07 00:29:10,-119.861502,0.161286,41,14
2020-04-07 00:29:15,-119.861502,0.161286,43,14
2020-04-07 00:29:20,-119.861502,0.161286,49,14
2020-04-07 00:29:25,-119.861502,0.161286,41,14
2020-04-07 00:29:30,-119.861502,0.161286,42,14
2020-04-07 00:29:35,-119.861502,0.161286,47,14
2020-04-07 00:29:40,-119.861502,0.161286,40,14
2020-04-07 00:29:45,-119.861502,0.161286,44,14
2020-04-07 00:29:50,-119.861502,0.161286,42,14
2020-04-07 00:29:55,-119.861502,0.161286,41,14
2020-04-07 00:30:00,-119.861502,0.161286,45,14
2020-04-07 00:30:05,-119.861502,0.161286,48,14
2020-04-07 00:30:10,-119.861502,0.161286,38,14
2020-04-07 00:30:15,-119.861502,0.161286,47,14
2020-04-07 00:30:20,-119.861502,0.161286,40,14
2020-04-07 00:30:25,-119.861502,0.161286,39,14
2020-04-07 00:30:30,-119.861502,0.161286,49,14
2020-04-07 00:30:35,-119.861502,0.161286,40,14
2020-04-07 00:30:40,-119.861502,0.161286,40,14
2020-04-07 00:30:45,-119.861502,0.161286,36,14
2020-04-07 00:30:50,-119.861502,0.161286,41,14
2020-04-07 00:30:55,-119.861502,0.161286,42,14
2020-04-07 00:31:00,-119.861502,0.161286,40,14
2020-04-07 00:31:05,-119.861502,0.161286,41,14
2020-04-07 00:31:10,-119.861502,0.161286,43,14
2020-04-07 00:31:15,-119.861502,0.161286,41,14
2020-04-07 00:31:20,-119.861502,0.161286,39,14
2020-04-07 00:31:25,-119.861502,0.161286,41,14
2020-04-07 00:31:30,-119.861502,0.161286,41,14
2020-04-07 00:31:35,-119.861502,0.161286,34,14
2020-04-07 00:31:40,-119.861502,0.161286,45,14
2020-04-07 00:31:45,-119.861502,0.161286,38,14
2020-04-07 00:31:50,-119.861502,0.161286,39,14
2020-04-07 00:31:55,-119.861502,0.161286,36,14
2020-04-07 00:32:00,-119.861502,0.161286,47,14
2020-04-07 00:32:05,-119.861502,0.161286,43,14
2020-04-07 00:32:10,-119.861502,0.161286,42,14
2020-04-07 00:32:15,-119.861502,0.161286,39,14
2020-04-07 00:32:20,-119.861502,0.161286,43,14
2020-04-07 00:32:25,-119.861502,0.161286,49,14
2020-04-07 00:32:30,-119.861502,0.161286,43,14
2020-04-07 00:32:35,-119.861502,0.161286,39,14
2020-04-07 00:32:40,-119.861502,0.161286,45,14
2020-04-07 00:32:45,-119.861502,0.161286,35,14
2020-04-07 00:32:50,-119.861502,0.161286,37,14
2020-04-07 00:32:55,-119.861502,0.161286,37,14
2020-04-07 00:33:00,-119.861502,0.161286,41,14
2020-04-07 00:33:05,-119.861502,0.161286,37,14
2020-04-07 00:33:10,-119.861502,0.161286,42,14
2020-04-07 00:33:15,-119.861502,0.161286,43,14
2020-04-07 00:33:20,-119.861502,0.161286,42,14
2020-04-07 00:33:25,-119.861502,0.161286,44,14
2020-04-07 00:33:30,-119.861502,0.161286,38,14
2020-04-07 00:33:35,-119.861502,0.161286,41,14
2020-04-07 00:33:40,-119.861502,0.161286,41,14
2020-04-07 00:33:45,-119.861502,0.161286,43,14
2020-04-07 00:33:50,-119.861502,0.161286,38,14
2020-04-07 00:33:55,-119.861502,0.161286,39,14
2020-04-07 00:34:00,-119.861502,0.161286,46,14
2020-04-07 00:34:05,-119.861502,0.161286,46,14
2020-04-07 00:34:10,-119.861502,0.161286,39,14
2020-04-07 00:34:15,-119.861502,0.161286,43,14
2020-04-07 00:34:20,-119.861502,0.161286,41,14
2020-04-07 00:34:25,-119.861502,0.161286,37,14
2020-04-07 00:34:30,-119.861502,0.161286,48,14
2020-04-07 00:34:35,-119.861502,0.161286,41,14
2020-04-07 00:34:40,-119.861502,0.161286,36,14
2020-04-07 00:34:45,-119.861502,0.161286,44,14
2020-04-07 00:34:50,-119.861502,0.161286,43,14
2020-04-07 00:34:55,-119.861502,0.161286,41,14
2020-04-07 00:35:00,-119.861502,0.161286,42,14
2020-04-07 00:35:05,-119.861502,0.161286,40,14
2020-04-07 00:35:10,-119.861502,0.161286,43,14
2020-04-07 00:35:15,-119.861502,0.161286,45,14
2020-04-07 00:35:20,-119.861502,0.161286,42,14
2020-04-07 00:35:25,-119.861502,0.161286,42,14
2020-04-07 00:35:30,-119.861502,0.161286,35,14
2020-04-07 00:35:35,-119.861502,0.161286,39,14
2020-04-07 00:35:40,-119.861502,0.161286,45,14
2020-04-07 00:35:45,-119.861502,0.161286,40,14
2020-04-07 00:35:50,-119.861502,0.161286,41,14
2020-04-07 00:35:55,-119.861502,0.161286,40,14
2020-04-07 00:36:00,-119.861502,0.161286,45,14
2020-04-07 00:36:05,-119.861502,0.161286,41,14
2020-04-07 00:36:10,-119.861502,0.161286,38,14
2020-04-07 00:36:15,-119.861502,0.161286,40,14
2020-04-07 00:36:20,-119.861502,0.161286,42,14
2020-04-07 00:36:25,-119.861502,0.161286,43,14
2020-04-07 00:36:30,-119.861502,0.161286,41,14
2020-04-07 00:36:35,-119.861502,0.161286,43,14
2020-04-07 00:36:40,-119.861502,0.161286,45,14
2020-04-07 00:36:45,-119.861502,0.161286,42,14
2020-04-07 00:36:50,-119.861502,0.161286,47,14
2020-04-07 00:36:55,-119.861502,0.161286,42,14
2020-04-07 00:37:00,-119.861502,0.161286,42,14
2020-04-07 00:37:05,-119.861502,0.161286,43,14
2020-04-07 00:37:10,-119.861502,0.161286,43,14
2020-04-07 00:37:15,-119.861502,0.161286,40,14
2020-04-07 00:37:20,-119.861502,0.161286,40,14
2020-04-07 00:37:25,-119.861502,0.161286,45,14
2020-04-07 00:37:30,-119.861502,0.161286,45,14
2020-04-07 00:37:35,-119.861502,0.161286,46,14
2020-04-07 00:37:40,-119.861502,0.161286,43,14
2020-04-07 00:37:45,-119.861502,0.161286,47,14
2020-04-07 00:37:50,-119.861502,0.161286,47,14
2020-04-07 00:37:55,-119.861502,0.161286,42,14
2020-04-07 00:38:00,-119.861502,0.161286,42,14
2020-04-07 00:38:05,-119.861502,0.161286,42,14
2020-04-07 00:38:10,-119.861502,0.161286,45,14
2020-04-07 00:38:15,-119.861502,0.161286,44,14
2020-04-07 00:38:20,-119.861502,0.161286,47,14
2020-04-07 00:38:25,-119.861502,0.161286,42,14
2020-04-07 00:38:30,-119.861502,0.161286,41,14
2020-04-07 00:38:35,-119.861502,0.161286,41,14
2020-04-07 00:38:40,-119.861502,0.161286,43,14
2020-04-07 00:38:45,-119.861502,0.161286,44,14
2020-04-07 00:38:50,-119.861502,0.161286,40,14
2020-04-07 00:38:55,-119.861502,0.161286,44,14
2020-04-07 00:39:00,-119.861502,0.161286,50,14
2020-04-07 00:39:05,-119.861502,0.161286,42,14
2020-04-07 00:39:10,-119.861502,0.161286,42,14
2020-04-07 00:39:15,-119.861502,0.161286,41,14
2020-04-07 00:39:20,-119.861502,0.161286,48,14
2020-04-07 00:39:25,-119.861502,0.161286,42,14
2020-04-07 00:39:30,-119.861502,0.161286,42,14
2020-04-07 00:39:35,-119.861502,0.161286,45,14
2020-04-07 00:39:40,-119.861502,0.161286,45,14
2020-04-07 00:39:45,-119.861502,0.161286,43,14
2020-04-07 00:39:50,-119.861502,0.161286,42,14
2020-04-07 00:39:55,-119.861502,0.161286,36,14
2020-04-07 00:40:00,-119.861502,0.161286,40,14
2020-04-07 00:40:05,-119.861502,0.161286,38,14
2020-04-07 00:40:10,-119.861502,0.161286,41,14
2020-04-07 00:40:15,-119.861502,0.161286,42,14
2020-04-07 00:40:20,-119.861502,0.161286,36,14
2020-04-07 00:40:25,-119.861502,0.161286,38,14
2020-04-07 00:40:30,-119.861502,0.161286,43,14
2020-04-07 00:40:35,-119.861502,0.161286,40,14
2020-04-07 00:40:40,-119.861502,0.161286,40,14
2020-04-07 00:40:45,-119.861502,0.161286,43,14
2020-04-07 00:40:50,-119.861502,0.161286,46,14
2020-04-07 00:40:55,-119.861502,0.161286,44,14
2020-04-07 00:41:00,-119.861502,0.161286,47,14
2020-04-07 00:41:05,-119.861502,0.161286,39,14
2020-04-07 00:41:10,-119.861502,0.161286,43,14
2020-04-07 00:41:15,-119.861502,0.161286,42,14
2020-04-07 00:41:20,-119.861502,0.161286,47,14
2020-04-07 00:41:25,-119.861502,0.161286,45,14
2020-04-07 00:41:30,-119.861502,0.161286,48,14
2020-04-07 00:41:35,-119.861502,0.161286,44,14
2020-04-07 00:41:40,-119.861502,0.161286,48,14
2020-04-07 00:41:45,-119.861502,0.161286,49,14
2020-04-07 00:41:50,-119.861502,0.161286,44,14
2020-04-07 00:41:55,-119.861502,0.161286,47,14
2020-04-07 00:42:00,-119.861502,0.161286,48,14
2020-04-07 00:42:05,-119.861502,0.161286,43,14
2020-04-07 00:42:10,-119.861502,0.161286,49,14
2020-04-07 00:42:15,-119.861502,0.161286,45,14
2020-04-07 00:42:20,-119.861502,0.161286,42,14
2020-04-07 00:42:25,-119.861502,0.161286,49,14
2020-04-07 00:42:30,-119.861502,0.161286,45,14
2020-04-07 00:42:35,-119.861502,0.161286,44,14
2020-04-07 00:42:40,-119.861502,0.161286,42,14
2020-04-07 00:42:45,-119.861502,0.161286,46,14
2020-04-07 00:42:50,-119.861502,0.161286,51,14
2020-04-07 00:42:55,-119.861502,0.161286,47,14
2020-04-07 00:43:00,-119.861502,0.161286,46,14
2020-04-07 00:43:05,-119.861502,0.161286,38,14
2020-04-07 00:43:10,-119.861502,0.161286,43,14
2020-04-07 00:43:15,-119.861502,0.161286,43,14
2020-04-07 00:43:20,-119.861502,0.161286,41,14
2020-04-07 00:43:25,-119.861502,0.161286,40,14
2020-04-07 00:43:30,-119.861502,0.161286,41,14
2020-04-07 00:43:35,-119.861502,0.161286,42,14
2020-04-07 00:43:40,-119.861502,0.161286,43,14
2020-04-07 00:43:45,-119.861502,0.161286,48,14
2020-04-07 00:43:50,-119.861502,0.161286,42,14
2020-04-07 00:43:55,-119.861502,0.161286,43,14
2020-04-07 00:44:00,-119.861502,0.161286,47,14
2020-04-07 00:44:05,-119.861502,0.161286,42,14
2020-04-07 00:44:10,-119.861502,0.161286,43,14
2020-04-07 00:44:15,-119.861502,0.161286,49,14
2020-04-07 00:44:20,-119.861502,0.161286,46,14
2020-04-07 00:44:25,-119.861502,0.161286,45,14
2020-04-07 00:44:30,-119.861502,0.161286,50,14
2020-04-07 00:44:35,-119.861502,0.161286,42,14
2020-04-07 00:44:40,-119.861502,0.161286,49,14
2020-04-07 00:44:45,-119.861502,0.161286,46,14
2020-04-07 00:44:50,-119.861502,0.161286,42,14
2020-04-07 00:44:55,-119.861502,0.161286,49,14
2020-04-07 00:45:00,-119.861502,0.161286,43,14
2020-04-07 00:45:05,-119.861502,0.161286,45,14
2020-04-07 00:45:10,-119.861502,0.161286,45,14
2020-04-07 00:45:15,-119.861502,0.161286,48,14
2020-04-07 00:45:20,-119.861502,0.161286,42,14
2020-04-07 00:45:25,-119.861502,0.161286,45,14
2020-04-07 00:45:30,-119.861502,0.161286,42,14
2020-04-07 00:45:35,-119.861502,0.161286,42,14
2020-04-07 00:45:40,-119.861502,0.161286,42,14
2020-04-07 00:45:45,-119.861502,0.161286,41,14
2020-04-07 00:45:50,-119.861502,0.161286,44,14
2020-04-07 00:45:55,-119.861502,0.161286,38,14
2020-04-07 00:46:00,-119.861502,0.161286,45,14
2020-04-07 00:46:05,-119.861502,0.161286,45,14
2020-04-07 00:46:10,-119.861502,0.161286,41,14
2020-04-07 00:46:15,-119.861502,0.161286,44,14
2020-04-07 00:46:20,-119.861502,0.161286,40,14
2020-04-07 00:46:25,-119.861502,0.161286,39,14
2020-04-07 00:46:30,-119.861502,0.161286,43,14
2020-04-07 00:46:35,-119.861502,0.161286,41,14
2020-04-07 00:46:40,-119.861502,0.161286,39,14
2020-04-07 00:46:45,-119.861502,0.161286,41,14
2020-04-07 00:46:50,-119.861502,0.161286,43,14
2020-04-07 00:46:55,-119.861502,0.161286,41,14
2020-04-07 00:47:00,-119.861502,0.161286,40,14
2020-04-07 00:47:05,-119.861502,0.161286,42,14
2020-04-07 00:47:10,-119.861502,0.161286,46,14
2020-04-07 00:47:15,-119.861502,0.161286,44,14
2020-04-07 00:47:20,-119.861502,0.161286,41,14
2020-04-07 00:47:25,-119.861502,0.161286,41,14
2020-04-07 00:47:30,-119.861502,0.161286,38,14
2020-04-07 00:47:35,-119.861502,0.161286,45,14
2020-04-07 00:47:40,-119.861502,0.161286,39,14
2020-04-07 00:47:45,-119.861502,0.161286,43,14
2020-04-07 00:47:50,-119.861502,0.161286,43,14
2020-04-07 00:47:55,-119.861502,0.161286,37,14
2020-04-07 00:48:00,-119.861502,0.161286,40,14
2020-04-07 00:48:05,-119.861502,0.161286,35,14
2020-04-07 00:48:10,-119.861502,0.161286,44,14
2020-04-07 00:48:15,-119.861502,0.161286,40,14
2020-04-07 00:48:20,-119.861502,0.161286,41,14
2020-04-07 00:48:25,-119.861502,0.161286,41,14
2020-04-07 00:48:30,-119.861502,0.161286,47,14
2020-04-07 00:48:35,-119.861502,0.161286,37,14
2020-04-07 00:48:40,-119.861502,0.161286,42,14
2020-04-07 00:48:45,-119.861502,0.161286,41,14
2020-04-07 00:48:50,-119.861502,0.161286,39,14
2020-04-07 00:48:55,-119.861502,0.161286,40,14
2020-04-07 00:49:00,-119.861502,0.161286,44,14
2020-04-07 00:49:05,-119.861502,0.161286,35,14
2020-04-07 00:49:10,-119.861502,0.161286,46,14
2020-04-07 00:49:15,-119.861502,0.161286,41,14
2020-04-07 00:49:20,-119.861502,0.161286,42,14
2020-04-07 00:49:25,-119.861502,0.161286,40,14
2020-04-07 00:49:30,-119.861502,0.161286,42,14
2020-04-07 00:49:35,-119.861502,0.161286,40,14
2020-04-07 00:49:40,-119.861502,0.161286,42,14
2020-04-07 00:49:45,-119.861502,0.161286,40,14
2020-04-07 00:49:50,-119.861502,0.161286,47,14
2020-04-07 00:49:55,-119.861502,0.161286,45,14
2020-04-07 00:50:00,-119.861502,0.161286,39,14
2020-04-07 00:50:05,-119.861502,0.161286,43,14
2020-04-07 00:50:10,-119.861502,0.161286,41,14
2020-04-07 00:50:15,-119.861502,0.161286,44,14
2020-04-07 00:50:20,-119.861502,0.161286,41,14
2020-04-07 00:50:25,-119.861502,0.161286,42,14
2020-04-07 00:50:30,-119.861502,0.161286,42,14
2020-04-07 00:50:35,-119.861502,0.161286,42,14
2020-04-07 00:50:40,-119.861502,0.161286,38,14
2020-04-07 00:50:45,-119.861502,0.161286,40,14
2020-04-07 00:50:50,-119.861502,0.161286,42,14
2020-04-07 00:50:55,-119.861502,0.161286,47,14
2020-04-07 00:51:00,-119.861502,0.161286,49,14
2020-04-07 00:51:05,-119.861502,0.161286,41,14
2020-04-07 00:51:10,-119.861502,0.161286,40,14
2020-04-07 00:51:15,-119.861502,0.161286,41,14
2020-04-07 00:51:20,-119.861502,0.161286,40,14
2020-04-07 00:51:25,-119.861502,0.161286,45,14
2020-04-07 00:51:30,-119.861502,0.161286,42,14
2020-04-07 00:51:35,-119.861502,0.161286,46,14
2020-04-07 00:51:40,-119.861502,0.161286,39,14
2020-04-07 00:51:45,-119.861502,0.161286,41,14
2020-04-07 00:51:50,-119.861502,0.161286,43,14
2020-04-07 00:51:55,-119.861502,0.161286,42,14
2020-04-07 00:52:00,-119.861502,0.161286,37,14
2020-04-07 00:52:05,-119.861502,0.161286,40,14
2020-04-07 00:52:10,-119.861502,0.161286,39,14
2020-04-07 00:52:15,-119.861502,0.161286,44,14
2020-04-07 00:52:20,-119.861502,0.161286,39,14
2020-04-07 00:52:25,-119.861502,0.161286,44,14
2020-04-07 00:52:30,-119.861502,0.161286,42,14
2020-04-07 00:52:35,-119.861502,0.161286,36,14
2020-04-07 00:52:40,-119.861502,0.161286,46,14
2020-04-07 00:52:45,-119.861502,0.161286,39,14
2020-04-07 00:52:50,-119.861502,0.161286,47,14
2020-04-07 00:52:55,-119.861502,0.161286,39,14
2020-04-07 00:53:00,-119.861502,0.161286,43,14
2020-04-07 00:53:05,-119.861502,0.161286,41,14
2020-04-07 00:53:10,-119.861502,0.161286,39,14
2020-04-07 00:53:15,-119.861502,0.161286,39,14
2020-04-07 00:53:20,-119.861502,0.161286,41,14
2020-04-07 00:53:25,-119.861502,0.161286,41,14
2020-04-07 00:53:30,-119.861502,0.161286,43,14
2020-04-07 00:53:35,-119.861502,0.161286,36,14
2020-04-07 00:53:40,-119.861502,0.161286,42,14
2020-04-07 00:53:45,-119.861502,0.161286,41,14
2020-04-07 00:53:50,-119.861502,0.161286,40,14
2020-04-07 00:53:55,-119.861502,0.161286,44,14
2020-04-07 00:54:00,-119.861502,0.161286,44,14
2020-04-07 00:54:05,-119.861502,0.161286,42,14
2020-04-07 00:54:10,-119.861502,0.161286,46,14
2020-04-07 00:54:15,-119.861502,0.161286,42,14
2020-04-07 00:54:20,-119.861502,0.161286,38,14
2020-04-07 00:54:25,-119.861502,0.161286,39,14
2020-04-07 00:54:30,-119.861502,0.161286,36,14
2020-04-07 00:54:35,-119.861502,0.161286,45,14
2020-04-07 00:54:40,-119.861502,0.161286,39,14
2020-04-07 00:54:45,-119.861502,0.161286,39,14
2020-04-07 00:54:50,-119.861502,0.161286,38,14
2020-04-07 00:54:55,-119.861502,0.161286,40,14
2020-04-07 00:55:00,-119.861502,0.161286,45,14
2020-04-07 00:55:05,-119.861502,0.161286,44,14
2020-04-07 00:55:10,-119.861502,0.161286,47,14
2020-04-07 00:55:15,-119.861502,0.161286,40,14
2020-04-07 00:55:20,-119.861502,0.161286,39,14
2020-04-07 00:55:25,-119.861502,0.161286,35,14
2020-04-07 00:55:30,-119.861502,0.161286,37,14
2020-04-07 00:55:35,-119.861502,0.161286,42,14
2020-04-07 00:55:40,-119.861502,0.161286,44,14
2020-04-07 00:55:45,-119.861502,0.161286,42,14
2020-04-07 00:55:50,-119.861502,0.161286,40,14
2020-04-07 00:55:55,-119.861502,0.161286,39,14
2020-04-07 00:56:00,-119.861502,0.161286,39,14
2020-04-07 00:56:05,-119.861502,0.161286,46,14
2020-04-07 00:56:10,-119.861502,0.161286,44,14
2020-04-07 00:56:15,-119.861502,0.161286,41,14
2020-04-07 00:56:20,-119.861502,0.161286,40,14
2020-04-07 00:56:25,-119.861502,0.161286,42,14
2020-04-07 00:56:30,-119.861502,0.161286,32,14
2020-04-07 00:56:35,-119.861502,0.161286,44,14
2020-04-07 00:56:40,-119.861502,0.161286,40,14
2020-04-07 00:56:45,-119.861502,0.161286,42,14
2020-04-07 00:56:50,-119.861502,0.161286,39,14
2020-04-07 00:56:55,-119.861502,0.161286,35,14
2020-04-07 00:57:00,-119.861502,0.161286,38,14
2020-04-07 00:57:05,-119.861502,0.161286,41,14
2020-04-07 00:57:10,-119.861502,0.161286,45,14
2020-04-07 00:57:15,-119.861502,0.161286,38,14
2020-04-07 00:57:20,-119.861502,0.161286,42,14
2020-04-07 00:57:25,-119.861502,0.161286,41,14
2020-04-07 00:57:30,-119.861502,0.161286,43,14
2020-04-07 00:57:35,-119.861502,0.161286,40,14
2020-04-07 00:57:40,-119.861502,0.161286,46,14
2020-04-07 00:57:45,-119.861502,0.161286,43,14
2020-04-07 00:57:50,-119.861502,0.161286,43,14
2020-04-07 00:57:55,-119.861502,0.161286,39,14
2020-04-07 00:58:00,-119.861502,0.161286,38,14
2020-04-07 00:58:05,-119.861502,0.161286,41,14
2020-04-07 00:58:10,-119.861502,0.161286,39,14
2020-04-07 00:58:15,-119.861502,0.161286,44,14
2020-04-07 00:58:20,-119.861502,0.161286,41,14
2020-04-07 00:58:25,-119.861502,0.161286,47,14
2020-04-07 00:58:30,-119.861502,0.161286,43,14
2020-04-07 00:58:35,-119.861502,0.161286,44,14
2020-04-07 00:58:40,-119.861502,0.161286,36,14
2020-04-07 00:58:45,-119.861502,0.161286,45,14
2020-04-07 00:58:50,-119.861502,0.161286,42,14
2020-04-07 00:58:55,-119.861502,0.161286,45,14
2020-04-07 00:59:00,-119.861502,0.161286,52,14
2020-04-07 00:59:05,-119.861502,0.161286,43,14
2020-04-07 00:59:10,-119.861502,0.161286,38,14
2020-04-07 00:59:15,-119.861502,0.161286,43,14
2020-04-07 00:59:20,-119.861502,0.161286,39,14
2020-04-07 00:59:25,-119.861502,0.161286,38,14
2020-04-07 00:59:30,-119.861502,0.161286,44,14
2020-04-07 00:59:35,-119.861502,0.161286,42,14
2020-04-07 00:59:40,-119.861502,0.161286,37,14
2020-04-07 00:59:45,-119.861502,0.161286,43,14
2020-04-07 00:59:50,-119.861502,0.161286,41,14
2020-04-07 00:59:55,-119.861502,0.161286,43,14
2020-04-07 01:00:00,-119.861502,0.161286,41,14
2020-04-07 01:00:05,-119.861502,0.161286,41,14
2020-04-07 01:00:10,-119.861502,0.161286,36,14
2020-04-07 01:00:15,-119.861502,0.161286,37,14
2020-04-07 01:00:20,-119.861502,0.161286,37,14
2020-04-07 01:00:25,-119.861502,0.161286,38,14
2020-04-07 01:00:30,-119.861502,0.161286,38,14
2020-04-07 01:00:35,-119.861502,0.161286,40,14
2020-04-07 01:00:40,-119.861502,0.161286,41,14
2020-04-07 01:00:45,-119.861502,0.161286,42,14
2020-04-07 01:00:50,-119.861502,0.161286,36,14
2020-04-07 01:00:55,-119.861502,0.161286,45,14
2020-04-07 01:01:00,-119.861502,0.161286,42,14
2020-04-07 01:01:05,-119.861502,0.161286,42,14
2020-04-07 01:01:10,-119.861502,0.161286,49,14
2020-04-07 01:01:15,-119.861502,0.161286,41,14
2020-04-07 01:01:20,-119.861502,0.161286,41,14
2020-04-07 01:01:25,-119.861502,0.161286,40,14
2020-04-07 01:01:30,-119.861502,0.161286,44,14
2020-04-07 01:01:35,-119.861502,0.161286,41,14
2020-04-07 01:01:40,-119.861502,0.161286,38,14
2020-04-07 01:01:45,-119.861502,0.161286,38,14
2020-04-07 01:01:50,-119.861502,0.161286,40,14
2020-04-07 01:01:55,-119.861502,0.161286,41,14
2020-04-07 01:02:00,-119.861502,0.161286,37,14
2020-04-07 01:02:05,-119.861502,0.161286,44,14
2020-04-07 01:02:10,-119.861502,0.161286,43,14
2020-04-07 01:02:15,-119.861502,0.161286,39,14
2020-04-07 01:02:20,-119.861502,0.161286,42,14
2020-04-07 01:02:25,-119.861502,0.161286,47,14
2020-04-07 01:02:30,-119.861502,0.161286,41,14
2020-04-07 01:02:35,-119.861502,0.161286,43,14
2020-04-07 01:02:40,-119.861502,0.161286,40,14
2020-04-07 01:02:45,-119.861502,0.161286,40,14
2020-04-07 01:02:50,-119.861502,0.161286,41,14
2020-04-07 01:02:55,-119.861502,0.161286,41,14
2020-04-07 01:03:00,-119.861502,0.161286,39,14
2020-04-07 01:03:05,-119.861502,0.161286,47,14
2020-04-07 01:03:10,-119.861502,0.161286,41,14
2020-04-07 01:03:15,-119.861502,0.161286,41,14
2020-04-07 01:03:20,-119.861502,0.161286,42,14
2020-04-07 01:03:25,-119.861502,0.161286,44,14
2020-04-07 01:03:30,-119.861502,0.161286,42,14
2020-04-07 01:03:35,-119.861502,0.161286,37,14
2020-04-07 01:03:40,-119.861502,0.161286,40,14
2020-04-07 01:03:45,-119.861502,0.161286,46,14
2020-04-07 01:03:50,-119.861502,0.161286,46,14
2020-04-07 01:03:55,-119.861502,0.161286,43,14
2020-04-07 01:04:00,-119.861502,0.161286,47,14
2020-04-07 01:04:05,-119.861502,0.161286,41,14
2020-04-07 01:04:10,-119.861502,0.161286,46,14
2020-04-07 01:04:15,-119.861502,0.161286,46,14
2020-04-07 01:04:20,-119.861502,0.161286,39,14
2020-04-07 01:04:25,-119.861502,0.161286,47,14
2020-04-07 01:04:30,-119.861502,0.161286,46,14
2020-04-07 01:04:35,-119.861502,0.161286,46,14
2020-04-07 01:04:40,-119.861502,0.161286,43,14
2020-04-07 01:04:45,-119.861502,0.161286,39,14
2020-04-07 01:04:50,-119.861502,0.161286,40,14
2020-04-07 01:04:55,-119.861502,0.161286,46,14
2020-04-07 01:05:00,-119.861502,0.161286,43,14
2020-04-07 01:05:05,-119.861502,0.161286,47,14
2020-04-07 01:05:10,-119.861502,0.161286,40,14
2020-04-07 01:05:15,-119.861502,0.161286,42,14
2020-04-07 01:05:20,-119.861502,0.161286,47,14
2020-04-07 01:05:25,-119.861502,0.161286,41,14
2020-04-07 01:05:30,-119.861502,0.161286,40,14
2020-04-07 01:05:35,-119.861502,0.161286,44,14
2020-04-07 01:05:40,-119.861502,0.161286,38,14
2020-04-07 01:05:45,-119.861502,0.161286,41,14
2020-04-07 01:05:50,-119.861502,0.161286,45,14
2020-04-07 01:05:55,-119.861502,0.161286,42,14
2020-04-07 01:06:00,-119.861502,0.161286,46,14
2020-04-07 01:06:05,-119.861502,0.161286,41,14
2020-04-07 01:06:10,-119.861502,0.161286,45,14
2020-04-07 01:06:15,-119.861502,0.161286,42,14
2020-04-07 01:06:20,-119.861502,0.161286,41,14
2020-04-07 01:06:25,-119.861502,0.161286,49,14
2020-04-07 01:06:30,-119.861502,0.161286,41,14
2020-04-07 01:06:35,-119.861502,0.161286,42,14
2020-04-07 01:06:40,-119.861502,0.161286,46,14
2020-04-07 01:06:45,-119.861502,0.161286,44,14
2020-04-07 01:06:50,-119.861502,0.161286,48,14
2020-04-07 01:06:55,-119.861502,0.161286,48,14
2020-04-07 01:07:00,-119.861502,0.161286,45,14
2020-04-07 01:07:05,-119.861502,0.161286,46,14
2020-04-07 01:07:10,-119.861502,0.161286,46,14
2020-04-07 01:07:15,-119.861502,0.161286,46,14
2020-04-07 01:07:20,-119.861502,0.161286,44,14
2020-04-07 01:07:25,-119.861502,0.161286,43,14
2020-04-07 01:07:30,-119.861502,0.161286,45,14
2020-04-07 01:07:35,-119.861502,0.161286,42,14
2020-04-07 01:07:40,-119.861502,0.161286,35,14
2020-04-07 01:07:45,-119.861502,0.161286,43,14
2020-04-07 01:07:50,-119.861502,0.161286,38,14
2020-04-07 01:07:55,-119.861502,0.161286,40,14
2020-04-07 01:08:00,-119.861502,0.161286,45,14
2020-04-07 01:08:05,-119.861502,0.161286,44,14
2020-04-07 01:08:10,-119.861502,0.161286,39,14
2020-04-07 01:08:15,-119.861502,0.161286,47,14
2020-04-07 01:08:20,-119.861502,0.161286,44,14
2020-04-07 01:08:25,-119.861502,0.161286,42,14
2020-04-07 01:08:30,-119.861502,0.161286,44,14
2020-04-07 01:08:35,-119.861502,0.161286,40,14
2020-04-07 01:08:40,-119.861502,0.161286,40,14
2020-04-07 01:08:45,-119.861502,0.161286,43,14
2020-04-07 01:08:50,-119.861502,0.161286,44,14
2020-04-07 01:08:55,-119.861502,0.161286,39,14
2020-04-07 01:09:00,-119.861502,0.161286,42,14
2020-04-07 01:09:05,-119.861502,0.161286,42,14
2020-04-07 01:09:10,-119.861502,0.161286,39,14
2020-04-07 01:09:15,-119.861502,0.161286,45,14
2020-04-07 01:09:20,-119.861502,0.161286,42,14
2020-04-07 01:09:25,-119.861502,0.161286,45,14
2020-04-07 01:09:30,-119.861502,0.161286,39,14
2020-04-07 01:09:35,-119.861502,0.161286,42,14
2020-04-07 01:09:40,-119.861502,0.161286,40,14
2020-04-07 01:09:45,-119.861502,0.161286,43,14
2020-04-07 01:09:50,-119.861502,0.161286,44,14
2020-04-07 01:09:55,-119.861502,0.161286,46,14
2020-04-07 01:10:00,-119.861502,0.161286,42,14
2020-04-07 01:10:05,-119.861502,0.161286,42,14
2020-04-07 01:10:10,-119.861502,0.161286,38,14
2020-04-07 01:10:15,-119.861502,0.161286,42,14
2020-04-07 01:10:20,-119.861502,0.161286,42,14
2020-04-07 01:10:25,-119.861502,0.161286,41,14
2020-04-07 01:10:30,-119.861502,0.161286,39,14
2020-04-07 01:10:35,-119.861502,0.161286,44,14
2020-04-07 01:10:40,-119.861502,0.161286,41,14
2020-04-07 01:10:45,-119.861502,0.161286,42,14
2020-04-07 01:10:50,-119.861502,0.161286,38,14
2020-04-07 01:10:55,-119.861502,0.161286,36,14
2020-04-07 01:11:00,-119.861502,0.161286,48,14
2020-04-07 01:11:05,-119.861502,0.161286,47,14
2020-04-07 01:11:10,-119.861502,0.161286,45,14
2020-04-07 01:11:15,-119.861502,0.161286,42,14
2020-04-07 01:11:20,-119.861502,0.161286,51,14
2020-04-07 01:11:25,-119.861502,0.161286,42,14
2020-04-07 01:11:30,-119.861502,0.161286,43,14
2020-04-07 01:11:35,-119.861502,0.161286,40,14
2020-04-07 01:11:40,-119.861502,0.161286,43,14
2020-04-07 01:11:45,-119.861502,0.161286,43,14
2020-04-07 01:11:50,-119.861502,0.161286,42,14
2020-04-07 01:11:55,-119.861502,0.161286,36,14
2020-04-07 01:12:00,-119.861502,0.161286,41,14
2020-04-07 01:12:05,-119.861502,0.161286,34,14
2020-04-07 01:12:10,-119.861502,0.161286,42,14
2020-04-07 01:12:15,-119.861502,0.161286,44,14
2020-04-07 01:12:20,-119.861502,0.161286,38,14
2020-04-07 01:12:25,-119.861502,0.161286,41,14
2020-04-07 01:12:30,-119.861502,0.161286,40,14
2020-04-07 01:12:35,-119.861502,0.161286,42,14
2020-04-07 01:12:40,-119.861502,0.161286,43,14
2020-04-07 01:12:45,-119.861502,0.161286,45,14
2020-04-07 01:12:50,-119.861502,0.161286,36,14
2020-04-07 01:12:55,-119.861502,0.161286,44,14
2020-04-07 01:13:00,-119.861502,0.161286,38,14
2020-04-07 01:13:05,-119.861502,0.161286,40,14
2020-04-07 01:13:10,-119.861502,0.161286,42,14
2020-04-07 01:13:15,-119.861502,0.161286,44,14
2020-04-07 01:13:20,-119.861502,0.161286,38,14
2020-04-07 01:13:25,-119.861502,0.161286,44,14
2020-04-07 01:13:30,-119.861502,0.161286,48,14
2020-04-07 01:13:35,-119.861502,0.161286,43,14
2020-04-07 01:13:40,-119.861502,0.161286,40,14
2020-04-07 01:13:45,-119.861502,0.161286,42,14
2020-04-07 01:13:50,-119.861502,0.161286,42,14
2020-04-07 01:13:55,-119.861502,0.161286,38,14
2020-04-07 01:14:00,-119.861502,0.161286,39,14
2020-04-07 01:14:05,-119.861502,0.161286,37,14
2020-04-07 01:14:10,-119.861502,0.161286,45,14
2020-04-07 01:14:15,-119.861502,0.161286,43,14
2020-04-07 01:14:20,-119.861502,0.161286,44,14
2020-04-07 01:14:25,-119.861502,0.161286,44,14
2020-04-07 01:14:30,-119.861502,0.161286,38,14
2020-04-07 01:14:35,-119.861502,0.161286,44,14
2020-04-07 01:14:40,-119.861502,0.161286,48,14
2020-04-07 01:14:45,-119.861502,0.161286,40,14
2020-04-07 01:14:50,-119.861502,0.161286,36,14
2020-04-07 01:14:55,-119.861502,0.161286,38,14
2020-04-07 01:15:00,-119.861502,0.161286,37,14
2020-04-07 01:15:05,-119.861502,0.161286,47,14
2020-04-07 01:15:10,-119.861502,0.161286,41,14
2020-04-07 01:15:15,-119.861502,0.161286,41,14
2020-04-07 01:15:20,-119.861502,0.161286,44,14
2020-04-07 01:15:25,-119.861502,0.161286,41,14
2020-04-07 01:15:30,-119.861502,0.161286,46,14
2020-04-07 01:15:35,-119.861502,0.161286,39,14
2020-04-07 01:15:40,-119.861502,0.161286,45,14
2020-04-07 01:15:45,-119.861502,0.161286,43,14
2020-04-07 01:15:50,-119.861502,0.161286,42,14
2020-04-07 01:15:55,-119.861502,0.161286,41,14
2020-04-07 01:16:00,-119.861502,0.161286,42,14
2020-04-07 01:16:05,-119.861502,0.161286,45,14
2020-04-07 01:16:10,-119.861502,0.161286,45,14
2020-04-07 01:16:15,-119.861502,0.161286,39,14
2020-04-07 01:16:20,-119.861502,0.161286,43,14
2020-04-07 01:16:25,-119.861502,0.161286,44,14
2020-04-07 01:16:30,-119.861502,0.161286,42,14
2020-04-07 01:16:35,-119.861502,0.161286,42,14
2020-04-07 01:16:40,-119.861502,0.161286,38,14
2020-04-07 01:16:45,-119.861502,0.161286,42,14
2020-04-07 01:16:50,-119.861502,0.161286,42,14
2020-04-07 01:16:55,-119.861502,0.161286,44,14
2020-04-07 01:17:00,-119.861502,0.161286,41,14
2020-04-07 01:17:05,-119.861502,0.161286,44,14
2020-04-07 01:17:10,-119.861502,0.161286,50,14
2020-04-07 01:17:15,-119.861502,0.161286,46,14
2020-04-07 01:17:20,-119.861502,0.161286,37,14
2020-04-07 01:17:25,-119.861502,0.161286,37,14
2020-04-07 01:17:30,-119.861502,0.161286,46,14
2020-04-07 01:17:35,-119.861502,0.161286,41,14
2020-04-07 01:17:40,-119.861502,0.161286,41,14
2020-04-07 01:17:45,-119.861502,0.161286,41,14
2020-04-07 01:17:50,-119.861502,0.161286,44,14
2020-04-07 01:17:55,-119.861502,0.161286,43,14
2020-04-07 01:18:00,-119.861502,0.161286,40,14
2020-04-07 01:18:05,-119.861502,0.161286,44,14
2020-04-07 01:18:10,-119.861502,0.161286,40,14
2020-04-07 01:18:15,-119.861502,0.161286,45,14
2020-04-07 01:18:20,-119.861502,0.161286,40,14
2020-04-07 01:18:25,-119.861502,0.161286,40,14
2020-04-07 01:18:30,-119.861502,0.161286,41,14
2020-04-07 01:18:35,-119.861502,0.161286,45,14
2020-04-07 01:18:40,-119.861502,0.161286,39,14
2020-04-07 01:18:45,-119.861502,0.161286,41,14
2020-04-07 01:18:50,-119.861502,0.161286,45,14
2020-04-07 01:18:55,-119.861502,0.161286,45,14
2020-04-07 01:19:00,-119.861502,0.161286,43,14
2020-04-07 01:19:05,-119.861502,0.161286,46,14
2020-04-07 01:19:10,-119.861502,0.161286,39,14
2020-04-07 01:19:15,-119.861502,0.161286,45,14
2020-04-07 01:19:20,-119.861502,0.161286,45,14
2020-04-07 01:19:25,-119.861502,0.161286,42,14
2020-04-07 01:19:30,-119.861502,0.161286,40,14
2020-04-07 01:19:35,-119.861502,0.161286,42,14
2020-04-07 01:19:40,-119.861502,0.161286,45,14
2020-04-07 01:19:45,-119.861502,0.161286,42,14
2020-04-07 01:19:50,-119.861502,0.161286,41,14
2020-04-07 01:19:55,-119.861502,0.161286,43,14
2020-04-07 01:20:00,-119.861502,0.161286,46,14
2020-04-07 01:20:05,-119.861502,0.161286,43,14
2020-04-07 01:20:10,-119.861502,0.161286,50,14
2020-04-07 01:20:15,-119.861502,0.161286,44,14
2020-04-07 01:20:20,-119.861502,0.161286,43,14
2020-04-07 01:20:25,-119.861502,0.161286,47,14
2020-04-07 01:20:30,-119.861502,0.161286,44,14
2020-04-07 01:20:35,-119.861502,0.161286,50,14
2020-04-07 01:20:40,-119.861502,0.161286,41,14
2020-04-07 01:20:45,-119.861502,0.161286,41,14
2020-04-07 01:20:50,-119.861502,0.161286,47,14
2020-04-07 01:20:55,-119.861502,0.161286,45,14
2020-04-07 01:21:00,-119.861502,0.161286,44,14
2020-04-07 01:21:05,-119.861502,0.161286,49,14
2020-04-07 01:21:10,-119.861502,0.161286,48,14
2020-04-07 01:21:15,-119.861502,0.161286,45,14
2020-04-07 01:21:20,-119.861502,0.161286,43,14
2020-04-07 01:21:25,-119.861502,0.161286,47,14
2020-04-07 01:21:30,-119.861502,0.161286,44,14
2020-04-07 01:21:35,-119.861502,0.161286,41,14
2020-04-07 01:21:40,-119.861502,0.161286,46,14
2020-04-07 01:21:45,-119.861502,0.161286,47,14
2020-04-07 01:21:50,-119.861502,0.161286,48,14
2020-04-07 01:21:55,-119.861502,0.161286,46,14
2020-04-07 01:22:00,-119.861502,0.161286,44,14
2020-04-07 01:22:05,-119.861502,0.161286,47,14
2020-04-07 01:22:10,-119.861502,0.161286,50,14
2020-04-07 01:22:15,-119.861502,0.161286,48,14
2020-04-07 01:22:20,-119.861502,0.161286,48,14
2020-04-07 01:22:25,-119.861502,0.161286,44,14
2020-04-07 01:22:30,-119.861502,0.161286,43,14
2020-04-07 01:22:35,-119.861502,0.161286,50,14
2020-04-07 01:22:40,-119.861502,0.161286,47,14
2020-04-07 01:22:45,-119.861502,0.161286,50,14
2020-04-07 01:22:50,-119.861502,0.161286,44,14
2020-04-07 01:22:55,-119.861502,0.161286,47,14
2020-04-07 01:23:00,-119.861502,0.161286,50,14
2020-04-07 01:23:05,-119.861502,0.161286,50,14
2020-04-07 01:23:10,-119.861502,0.161286,44,14
2020-04-07 01:23:15,-119.861502,0.161286,50,14
2020-04-07 01:23:20,-119.861502,0.161286,48,14
2020-04-07 01:23:25,-119.861502,0.161286,45,14
2020-04-07 01:23:30,-119.861502,0.161286,43,14
2020-04-07 01:23:35,-119.861502,0.161286,47,14
2020-04-07 01:23:40,-119.861502,0.161286,43,14
2020-04-07 01:23:45,-119.861502,0.161286,43,14
2020-04-07 01:23:50,-119.861502,0.161286,47,14
2020-04-07 01:23:55,-119.861502,0.161286,47,14
2020-04-07 01:24:00,-119.861502,0.161286,48,14
2020-04-07 01:24:05,-119.861502,0.161286,46,14
2020-04-07 01:24:10,-119.861502,0.161286,40,14
2020-04-07 01:24:15,-119.861502,0.161286,45,14
2020-04-07 01:24:20,-119.861502,0.161286,49,14
2020-04-07 01:24:25,-119.861502,0.161286,40,14
2020-04-07 01:24:30,-119.861502,0.161286,41,14
2020-04-07 01:24:35,-119.861502,0.161286,43,14
2020-04-07 01:24:40,-119.861502,0.161286,42,14
2020-04-07 01:24:45,-119.861502,0.161286,40,14
2020-04-07 01:24:50,-119.861502,0.161286,44,14
2020-04-07 01:24:55,-119.861502,0.161286,40,14
2020-04-07 01:25:00,-119.861502,0.161286,46,14
2020-04-07 01:25:05,-119.861502,0.161286,43,14
2020-04-07 01:25:10,-119.861502,0.161286,44,14
2020-04-07 01:25:15,-119.861502,0.161286,46,14
2020-04-07 01:25:20,-119.861502,0.161286,44,14
2020-04-07 01:25:25,-119.861502,0.161286,45,14
2020-04-07 01:25:30,-119.861502,0.161286,46,14
2020-04-07 01:25:35,-119.861502,0.161286,46,14
2020-04-07 01:25:40,-119.861502,0.161286,47,14
2020-04-07 01:25:45,-119.861502,0.161286,45,14
2020-04-07 01:25:50,-119.861502,0.161286,44,14
2020-04-07 01:25:55,-119.861502,0.161286,43,14
2020-04-07 01:26:00,-119.861502,0.161286,44,14
2020-04-07 01:26:05,-119.861502,0.161286,42,14
2020-04-07 01:26:10,-119.861502,0.161286,44,14
2020-04-07 01:26:15,-119.861502,0.161286,48,14
2020-04-07 01:26:20,-119.861502,0.161286,42,14
2020-04-07 01:26:25,-119.861502,0.161286,41,14
2020-04-07 01:26:30,-119.861502,0.161286,40,14
2020-04-07 01:26:35,-119.861502,0.161286,49,14
2020-04-07 01:26:40,-119.861502,0.161286,45,14
2020-04-07 01:26:45,-119.861502,0.161286,44,14
2020-04-07 01:26:50,-119.861502,0.161286,43,14
2020-04-07 01:26:55,-119.861502,0.161286,44,14
2020-04-07 01:27:00,-119.861502,0.161286,43,14
2020-04-07 01:27:05,-119.861502,0.161286,47,14
2020-04-07 01:27:10,-119.861502,0.161286,40,14
2020-04-07 01:27:15,-119.861502,0.161286,42,14
2020-04-07 01:27:20,-119.861502,0.161286,42,14
2020-04-07 01:27:25,-119.861502,0.161286,37,14
2020-04-07 01:27:30,-119.861502,0.161286,48,14
2020-04-07 01:27:35,-119.861502,0.161286,45,14
2020-04-07 01:27:40,-119.861502,0.161286,41,14
2020-04-07 01:27:45,-119.861502,0.161286,44,14
2020-04-07 01:27:50,-119.861502,0.161286,44,14
2020-04-07 01:27:55,-119.861502,0.161286,41,14
2020-04-07 01:28:00,-119.861502,0.161286,39,14
2020-04-07 01:28:05,-119.861502,0.161286,44,14
2020-04-07 01:28:10,-119.861502,0.161286,42,14
2020-04-07 01:28:15,-119.861502,0.161286,40,14
2020-04-07 01:28:20,-119.861502,0.161286,46,14
2020-04-07 01:28:25,-119.861502,0.161286,39,14
2020-04-07 01:28:30,-119.861502,0.161286,45,14
2020-04-07 01:28:35,-119.861502,0.161286,42,14
2020-04-07 01:28:40,-119.861502,0.161286,39,14
2020-04-07 01:28:45,-119.861502,0.161286,41,14
2020-04-07 01:28:50,-119.861502,0.161286,44,14
2020-04-07 01:28:55,-119.861502,0.161286,45,14
2020-04-07 01:29:00,-119.861502,0.161286,46,14
2020-04-07 01:29:05,-119.861502,0.161286,54,14
2020-04-07 01:29:10,-119.861502,0.161286,45,14
2020-04-07 01:29:15,-119.861502,0.161286,48,14
2020-04-07 01:29:20,-119.861502,0.161286,46,14
2020-04-07 01:29:25,-119.861502,0.161286,47,14
2020-04-07 01:29:30,-119.861502,0.161286,46,14
2020-04-07 01:29:35,-119.861502,0.161286,50,14
2020-04-07 01:29:40,-119.861502,0.161286,46,14
2020-04-07 01:29:45,-119.861502,0.161286,47,14
2020-04-07 01:29:50,-119.861502,0.161286,45,14
2020-04-07 01:29:55,-119.861502,0.161286,48,14
2020-04-07 01:30:00,-119.861502,0.161286,41,14
2020-04-07 01:30:05,-119.861502,0.161286,45,14
2020-04-07 01:30:10,-119.861502,0.161286,39,14
2020-04-07 01:30:15,-119.861502,0.161286,46,14
2020-04-07 01:30:20,-119.861502,0.161286,47,14
2020-04-07 01:30:25,-119.861502,0.161286,49,14
2020-04-07 01:30:30,-119.861502,0.161286,45,14
2020-04-07 01:30:35,-119.861502,0.161286,48,14
2020-04-07 01:30:40,-119.861502,0.161286,50,14
2020-04-07 01:30:45,-119.861502,0.161286,46,14
2020-04-07 01:30:50,-119.861502,0.161286,46,14
2020-04-07 01:30:55,-119.861502,0.161286,42,14
2020-04-07 01:31:00,-119.861502,0.161286,46,14
2020-04-07 01:31:05,-119.861502,0.161286,41,14
2020-04-07 01:31:10,-119.861502,0.161286,44,14
2020-04-07 01:31:15,-119.861502,0.161286,43,14
2020-04-07 01:31:20,-119.861502,0.161286,42,14
2020-04-07 01:31:25,-119.861502,0.161286,49,14
2020-04-07 01:31:30,-119.861502,0.161286,42,14
2020-04-07 01:31:35,-119.861502,0.161286,46,14
2020-04-07 01:31:40,-119.861502,0.161286,45,14
2020-04-07 01:31:45,-119.861502,0.161286,50,14
2020-04-07 01:31:50,-119.861502,0.161286,46,14
2020-04-07 01:31:55,-119.861502,0.161286,40,14
2020-04-07 01:32:00,-119.861502,0.161286,44,14
2020-04-07 01:32:05,-119.861502,0.161286,48,14
2020-04-07 01:32:10,-119.861502,0.161286,47,14
2020-04-07 01:32:15,-119.861502,0.161286,40,14
2020-04-07 01:32:20,-119.861502,0.161286,39,14
2020-04-07 01:32:25,-119.861502,0.161286,48,14
2020-04-07 01:32:30,-119.861502,0.161286,44,14
2020-04-07 01:32:35,-119.861502,0.161286,46,14
2020-04-07 01:32:40,-119.861502,0.161286,38,14
2020-04-07 01:32:45,-119.861502,0.161286,43,14
2020-04-07 01:32:50,-119.861502,0.161286,44,14
2020-04-07 01:32:55,-119.861502,0.161286,46,14
2020-04-07 01:33:00,-119.861502,0.161286,48,14
2020-04-07 01:33:05,-119.861502,0.161286,44,14
2020-04-07 01:33:10,-119.861502,0.161286,50,14
2020-04-07 01:33:15,-119.861502,0.161286,50,14
2020-04-07 01:33:20,-119.861502,0.161286,39,14
2020-04-07 01:33:25,-119.861502,0.161286,44,14
2020-04-07 01:33:30,-119.861502,0.161286,41,14
2020-04-07 01:33:35,-119.861502,0.161286,43,14
2020-04-07 01:33:40,-119.861502,0.161286,44,14
2020-04-07 01:33:45,-119.861502,0.161286,43,14
2020-04-07 01:33:50,-119.861502,0.161286,46,14
2020-04-07 01:33:55,-119.861502,0.161286,47,14
2020-04-07 01:34:00,-119.861502,0.161286,46,14
2020-04-07 01:34:05,-119.861502,0.161286,44,14
2020-04-07 01:34:10,-119.861502,0.161286,41,14
2020-04-07 01:34:15,-119.861502,0.161286,40,14
2020-04-07 01:34:20,-119.861502,0.161286,43,14
2020-04-07 01:34:25,-119.861502,0.161286,47,14
2020-04-07 01:34:30,-119.861502,0.161286,45,14
2020-04-07 01:34:35,-119.861502,0.161286,39,14
2020-04-07 01:34:40,-119.861502,0.161286,41,14
2020-04-07 01:34:45,-119.861502,0.161286,44,14
2020-04-07 01:34:50,-119.861502,0.161286,42,14
2020-04-07 01:34:55,-119.861502,0.161286,47,14
2020-04-07 01:35:00,-119.861502,0.161286,45,14
2020-04-07 01:35:05,-119.861502,0.161286,41,14
2020-04-07 01:35:10,-119.861502,0.161286,48,14
2020-04-07 01:35:15,-119.861502,0.161286,41,14
2020-04-07 01:35:20,-119.861502,0.161286,46,14
2020-04-07 01:35:25,-119.861502,0.161286,53,14
2020-04-07 01:35:30,-119.861502,0.161286,43,14
2020-04-07 01:35:35,-119.861502,0.161286,46,14
2020-04-07 01:35:40,-119.861502,0.161286,44,14
2020-04-07 01:35:45,-119.861502,0.161286,44,14
2020-04-07 01:35:50,-119.861502,0.161286,41,14
2020-04-07 01:35:55,-119.861502,0.161286,44,14
2020-04-07 01:36:00,-119.861502,0.161286,37,14
2020-04-07 01:36:05,-119.861502,0.161286,40,14
2020-04-07 01:36:10,-119.861502,0.161286,36,14
2020-04-07 01:36:15,-119.861502,0.161286,42,14
2020-04-07 01:36:20,-119.861502,0.161286,37,14
2020-04-07 01:36:25,-119.861502,0.161286,40,14
2020-04-07 01:36:30,-119.861502,0.161286,43,14
2020-04-07 01:36:35,-119.861502,0.161286,44,14
2020-04-07 01:36:40,-119.861502,0.161286,37,14
2020-04-07 01:36:45,-119.861502,0.161286,40,14
2020-04-07 01:36:50,-119.861502,0.161286,43,14
2020-04-07 01:36:55,-119.861502,0.161286,43,14
2020-04-07 01:37:00,-119.861502,0.161286,46,14
2020-04-07 01:37:05,-119.861502,0.161286,43,14
2020-04-07 01:37:10,-119.861502,0.161286,36,14
2020-04-07 01:37:15,-119.861502,0.161286,43,14
2020-04-07 01:37:20,-119.861502,0.161286,44,14
2020-04-07 01:37:25,-119.861502,0.161286,45,14
2020-04-07 01:37:30,-119.861502,0.161286,45,14
2020-04-07 01:37:35,-119.861502,0.161286,42,14
2020-04-07 01:37:40,-119.861502,0.161286,43,14
2020-04-07 01:37:45,-119.861502,0.161286,38,14
2020-04-07 01:37:50,-119.861502,0.161286,39,14
2020-04-07 01:37:55,-119.861502,0.161286,44,14
2020-04-07 01:38:00,-119.861502,0.161286,46,14
2020-04-07 01:38:05,-119.861502,0.161286,48,14
2020-04-07 01:38:10,-119.861502,0.161286,44,14
2020-04-07 01:38:15,-119.861502,0.161286,40,14
2020-04-07 01:38:20,-119.861502,0.161286,52,14
2020-04-07 01:38:25,-119.861502,0.161286,38,14
2020-04-07 01:38:30,-119.861502,0.161286,47,14
2020-04-07 01:38:35,-119.861502,0.161286,46,14
2020-04-07 01:38:40,-119.861502,0.161286,43,14
2020-04-07 01:38:45,-119.861502,0.161286,49,14
2020-04-07 01:38:50,-119.861502,0.161286,47,14
2020-04-07 01:38:55,-119.861502,0.161286,46,14
2020-04-07 01:39:00,-119.861502,0.161286,46,14
2020-04-07 01:39:05,-119.861502,0.161286,38,14
2020-04-07 01:39:10,-119.861502,0.161286,41,14
2020-04-07 01:39:15,-119.861502,0.161286,44,14
2020-04-07 01:39:20,-119.861502,0.161286,43,14
2020-04-07 01:39:25,-119.861502,0.161286,48,14
2020-04-07 01:39:30,-119.861502,0.161286,40,14
2020-04-07 01:39:35,-119.861502,0.161286,45,14
2020-04-07 01:39:40,-119.861502,0.161286,44,14
2020-04-07 01:39:45,-119.861502,0.161286,46,14
2020-04-07 01:39:50,-119.861502,0.161286,41,14
2020-04-07 01:39:55,-119.861502,0.161286,50,14
2020-04-07 01:40:00,-119.861502,0.161286,41,14
2020-04-07 01:40:05,-119.861502,0.161286,49,14
2020-04-07 01:40:10,-119.861502,0.161286,48,14
2020-04-07 01:40:15,-119.861502,0.161286,46,14
2020-04-07 01:40:20,-119.861502,0.161286,46,14
2020-04-07 01:40:25,-119.861502,0.161286,42,14
2020-04-07 01:40:30,-119.861502,0.161286,42,14
2020-04-07 01:40:35,-119.861502,0.161286,37,14
2020-04-07 01:40:40,-119.861502,0.161286,43,14
2020-04-07 01:40:45,-119.861502,0.161286,48,14
2020-04-07 01:40:50,-119.861502,0.161286,47,14
2020-04-07 01:40:55,-119.861502,0.161286,44,14
2020-04-07 01:41:00,-119.861502,0.161286,40,14
2020-04-07 01:41:05,-119.861502,0.161286,43,14
2020-04-07 01:41:10,-119.861502,0.161286,49,14
2020-04-07 01:41:15,-119.861502,0.161286,45,14
2020-04-07 01:41:20,-119.861502,0.161286,39,14
2020-04-07 01:41:25,-119.861502,0.161286,45,14
2020-04-07 01:41:30,-119.861502,0.161286,42,14
2020-04-07 01:41:35,-119.861502,0.161286,44,14
2020-04-07 01:41:40,-119.861502,0.161286,44,14
2020-04-07 01:41:45,-119.861502,0.161286,49,14
2020-04-07 01:41:50,-119.861502,0.161286,39,14
2020-04-07 01:41:55,-119.861502,0.161286,49,14
2020-04-07 01:42:00,-119.861502,0.161286,43,14
2020-04-07 01:42:05,-119.861502,0.161286,45,14
2020-04-07 01:42:10,-119.861502,0.161286,40,14
2020-04-07 01:42:15,-119.861502,0.161286,43,14
2020-04-07 01:42:20,-119.861502,0.161286,41,14
2020-04-07 01:42:25,-119.861502,0.161286,37,14
2020-04-07 01:42:30,-119.861502,0.161286,47,14
2020-04-07 01:42:35,-119.861502,0.161286,42,14
2020-04-07 01:42:40,-119.861502,0.161286,45,14
2020-04-07 01:42:45,-119.861502,0.161286,39,14
2020-04-07 01:42:50,-119.861502,0.161286,43,14
2020-04-07 01:42:55,-119.861502,0.161286,44,14
2020-04-07 01:43:00,-119.861502,0.161286,39,14
2020-04-07 01:43:05,-119.861502,0.161286,39,14
2020-04-07 01:43:10,-119.861502,0.161286,44,14
2020-04-07 01:43:15,-119.861502,0.161286,39,14
2020-04-07 01:43:20,-119.861502,0.161286,50,14
2020-04-07 01:43:25,-119.861502,0.161286,43,14
2020-04-07 01:43:30,-119.861502,0.161286,41,14
2020-04-07 01:43:35,-119.861502,0.161286,39,14
2020-04-07 01:43:40,-119.861502,0.161286,45,14
2020-04-07 01:43:45,-119.861502,0.161286,45,14
2020-04-07 01:43:50,-119.861502,0.161286,40,14
2020-04-07 01:43:55,-119.861502,0.161286,42,14
2020-04-07 01:44:00,-119.861502,0.161286,42,14
2020-04-07 01:44:05,-119.861502,0.161286,41,14
2020-04-07 01:44:10,-119.861502,0.161286,39,14
2020-04-07 01:44:15,-119.861502,0.161286,39,14
2020-04-07 01:44:20,-119.861502,0.161286,42,14
2020-04-07 01:44:25,-119.861502,0.161286,35,14
2020-04-07 01:44:30,-119.861502,0.161286,36,14
2020-04-07 01:44:35,-119.861502,0.161286,42,14
2020-04-07 01:44:40,-119.861502,0.161286,48,14
2020-04-07 01:44:45,-119.861502,0.161286,39,14
2020-04-07 01:44:50,-119.861502,0.161286,41,14
2020-04-07 01:44:55,-119.861502,0.161286,40,14
2020-04-07 01:45:00,-119.861502,0.161286,39,14
2020-04-07 01:45:05,-119.861502,0.161286,42,14
2020-04-07 01:45:10,-119.861502,0.161286,40,14
2020-04-07 01:45:15,-119.861502,0.161286,42,14
2020-04-07 01:45:20,-119.861502,0.161286,42,14
2020-04-07 01:45:25,-119.861502,0.161286,45,14
2020-04-07 01:45:30,-119.861502,0.161286,43,14
2020-04-07 01:45:35,-119.861502,0.161286,48,14
2020-04-07 01:45:40,-119.861502,0.161286,40,14
2020-04-07 01:45:45,-119.861502,0.161286,36,14
2020-04-07 01:45:50,-119.861502,0.161286,47,14
2020-04-07 01:45:55,-119.861502,0.161286,44,14
2020-04-07 01:46:00,-119.861502,0.161286,42,14
2020-04-07 01:46:05,-119.861502,0.161286,41,14
2020-04-07 01:46:10,-119.861502,0.161286,43,14
2020-04-07 01:46:15,-119.861502,0.161286,41,14
2020-04-07 01:46:20,-119.861502,0.161286,40,14
2020-04-07 01:46:25,-119.861502,0.161286,35,14
2020-04-07 01:46:30,-119.861502,0.161286,46,14
2020-04-07 01:46:35,-119.861502,0.161286,48,14
2020-04-07 01:46:40,-119.861502,0.161286,43,14
2020-04-07 01:46:45,-119.861502,0.161286,39,14
2020-04-07 01:46:50,-119.861502,0.161286,45,14
2020-04-07 01:46:55,-119.861502,0.161286,47,14
2020-04-07 01:47:00,-119.861502,0.161286,40,14
2020-04-07 01:47:05,-119.861502,0.161286,46,14
2020-04-07 01:47:10,-119.861502,0.161286,41,14
2020-04-07 01:47:15,-119.861502,0.161286,39,14
2020-04-07 01:47:20,-119.861502,0.161286,41,14
2020-04-07 01:47:25,-119.861502,0.161286,38,14
2020-04-07 01:47:30,-119.861502,0.161286,39,14
2020-04-07 01:47:35,-119.861502,0.161286,41,14
2020-04-07 01:47:40,-119.861502,0.161286,43,14
2020-04-07 01:47:45,-119.861502,0.161286,40,14
2020-04-07 01:47:50,-119.861502,0.161286,43,14
2020-04-07 01:47:55,-119.861502,0.161286,42,14
2020-04-07 01:48:00,-119.861502,0.161286,43,14
2020-04-07 01:48:05,-119.861502,0.161286,38,14
2020-04-07 01:48:10,-119.861502,0.161286,43,14
2020-04-07 01:48:15,-119.861502,0.161286,43,14
2020-04-07 01:48:20,-119.861502,0.161286,42,14
2020-04-07 01:48:25,-119.861502,0.161286,45,14
2020-04-07 01:48:30,-119.861502,0.161286,37,14
2020-04-07 01:48:35,-119.861502,0.161286,42,14
2020-04-07 01:48:40,-119.861502,0.161286,42,14
2020-04-07 01:48:45,-119.861502,0.161286,40,14
2020-04-07 01:48:50,-119.861502,0.161286,39,14
2020-04-07 01:48:55,-119.861502,0.161286,45,14
2020-04-07 01:49:00,-119.861502,0.161286,38,14
2020-04-07 01:49:05,-119.861502,0.161286,41,14
2020-04-07 01:49:10,-119.861502,0.161286,46,14
2020-04-07 01:49:15,-119.861502,0.161286,45,14
2020-04-07 01:49:20,-119.861502,0.161286,41,14
2020-04-07 01:49:25,-119.861502,0.161286,44,14
2020-04-07 01:49:30,-119.861502,0.161286,44,14
2020-04-07 01:49:35,-119.861502,0.161286,41,14
2020-04-07 01:49:40,-119.861502,0.161286,44,14
2020-04-07 01:49:45,-119.861502,0.161286,39,14
2020-04-07 01:49:50,-119.861502,0.161286,41,14
2020-04-07 01:49:55,-119.861502,0.161286,43,14
2020-04-07 01:50:00,-119.861502,0.161286,42,14
2020-04-07 01:50:05,-119.861502,0.161286,47,14
2020-04-07 01:50:10,-119.861502,0.161286,42,14
2020-04-07 01:50:15,-119.861502,0.161286,38,14
2020-04-07 01:50:20,-119.861502,0.161286,37,14
2020-04-07 01:50:25,-119.861502,0.161286,41,14
2020-04-07 01:50:30,-119.861502,0.161286,41,14
2020-04-07 01:50:35,-119.861502,0.161286,39,14
2020-04-07 01:50:40,-119.861502,0.161286,40,14
2020-04-07 01:50:45,-119.861502,0.161286,38,14
2020-04-07 01:50:50,-119.861502,0.161286,42,14
2020-04-07 01:50:55,-119.861502,0.161286,44,14
2020-04-07 01:51:00,-119.861502,0.161286,40,14
2020-04-07 01:51:05,-119.861502,0.161286,45,14
2020-04-07 01:51:10,-119.861502,0.161286,41,14
2020-04-07 01:51:15,-119.861502,0.161286,37,14
2020-04-07 01:51:20,-119.861502,0.161286,45,14
2020-04-07 01:51:25,-119.861502,0.161286,43,14
2020-04-07 01:51:30,-119.861502,0.161286,41,14
2020-04-07 01:51:35,-119.861502,0.161286,40,14
2020-04-07 01:51:40,-119.861502,0.161286,37,14
2020-04-07 01:51:45,-119.861502,0.161286,37,14
2020-04-07 01:51:50,-119.861502,0.161286,39,14
2020-04-07 01:51:55,-119.861502,0.161286,44,14
2020-04-07 01:52:00,-119.861502,0.161286,40,14
2020-04-07 01:52:05,-119.861502,0.161286,38,14
2020-04-07 01:52:10,-119.861502,0.161286,37,14
2020-04-07 01:52:15,-119.861502,0.161286,42,14
2020-04-07 01:52:20,-119.861502,0.161286,40,14
2020-04-07 01:52:25,-119.861502,0.161286,40,14
2020-04-07 01:52:30,-119.861502,0.161286,44,14
2020-04-07 01:52:35,-119.861502,0.161286,48,14
2020-04-07 01:52:40,-119.861502,0.161286,38,14
2020-04-07 01:52:45,-119.861502,0.161286,42,14
2020-04-07 01:52:50,-119.861502,0.161286,43,14
2020-04-07 01:52:55,-119.861502,0.161286,45,14
2020-04-07 01:53:00,-119.861502,0.161286,41,14
2020-04-07 01:53:05,-119.861502,0.161286,41,14
2020-04-07 01:53:10,-119.861502,0.161286,39,14
2020-04-07 01:53:15,-119.861502,0.161286,43,14
2020-04-07 01:53:20,-119.861502,0.161286,41,14
2020-04-07 01:53:25,-119.861502,0.161286,42,14
2020-04-07 01:53:30,-119.861502,0.161286,41,14
2020-04-07 01:53:35,-119.861502,0.161286,39,14
2020-04-07 01:53:40,-119.861502,0.161286,41,14
2020-04-07 01:53:45,-119.861502,0.161286,40,14
2020-04-07 01:53:50,-119.861502,0.161286,33,14
2020-04-07 01:53:55,-119.861502,0.161286,41,14
2020-04-07 01:54:00,-119.861502,0.161286,43,14
2020-04-07 01:54:05,-119.861502,0.161286,44,14
2020-04-07 01:54:10,-119.861502,0.161286,45,14
2020-04-07 01:54:15,-119.861502,0.161286,37,14
2020-04-07 01:54:20,-119.861502,0.161286,46,14
2020-04-07 01:54:25,-119.861502,0.161286,35,14
2020-04-07 01:54:30,-119.861502,0.161286,42,14
2020-04-07 01:54:35,-119.861502,0.161286,41,14
2020-04-07 01:54:40,-119.861502,0.161286,40,14
2020-04-07 01:54:45,-119.861502,0.161286,41,14
2020-04-07 01:54:50,-119.861502,0.161286,36,14
2020-04-07 01:54:55,-119.861502,0.161286,42,14
2020-04-07 01:55:00,-119.861502,0.161286,35,14
2020-04-07 01:55:05,-119.861502,0.161286,45,14
2020-04-07 01:55:10,-119.861502,0.161286,46,14
2020-04-07 01:55:15,-119.861502,0.161286,41,14
2020-04-07 01:55:20,-119.861502,0.161286,41,14
2020-04-07 01:55:25,-119.861502,0.161286,35,14
2020-04-07 01:55:30,-119.861502,0.161286,38,14
2020-04-07 01:55:35,-119.861502,0.161286,43,14
2020-04-07 01:55:40,-119.861502,0.161286,41,14
2020-04-07 01:55:45,-119.861502,0.161286,42,14
2020-04-07 01:55:50,-119.861502,0.161286,39,14
2020-04-07 01:55:55,-119.861502,0.161286,37,14
2020-04-07 01:56:00,-119.861502,0.161286,37,14
2020-04-07 01:56:05,-119.861502,0.161286,41,14
2020-04-07 01:56:10,-119.861502,0.161286,42,14
2020-04-07 01:56:15,-119.861502,0.161286,45,14
2020-04-07 01:56:20,-119.861502,0.161286,42,14
2020-04-07 01:56:25,-119.861502,0.161286,40,14
2020-04-07 01:56:30,-119.861502,0.161286,38,14
2020-04-07 01:56:35,-119.861502,0.161286,36,14
2020-04-07 01:56:40,-119.861502,0.161286,41,14
2020-04-07 01:56:45,-119.861502,0.161286,41,14
2020-04-07 01:56:50,-119.861502,0.161286,39,14
2020-04-07 01:56:55,-119.861502,0.161286,44,14
2020-04-07 01:57:00,-119.861502,0.161286,40,14
2020-04-07 01:57:05,-119.861502,0.161286,44,14
2020-04-07 01:57:10,-119.861502,0.161286,46,14
2020-04-07 01:57:15,-119.861502,0.161286,43,14
2020-04-07 01:57:20,-119.861502,0.161286,47,14
2020-04-07 01:57:25,-119.861502,0.161286,38,14
2020-04-07 01:57:30,-119.861502,0.161286,41,14
2020-04-07 01:57:35,-119.861502,0.161286,40,14
2020-04-07 01:57:40,-119.861502,0.161286,42,14
2020-04-07 01:57:45,-119.861502,0.161286,48,14
2020-04-07 01:57:50,-119.861502,0.161286,44,14
2020-04-07 01:57:55,-119.861502,0.161286,43,14
2020-04-07 01:58:00,-119.861502,0.161286,38,14
2020-04-07 01:58:05,-119.861502,0.161286,42,14
2020-04-07 01:58:10,-119.861502,0.161286,36,14
2020-04-07 01:58:15,-119.861502,0.161286,42,14
2020-04-07 01:58:20,-119.861502,0.161286,43,14
2020-04-07 01:58:25,-119.861502,0.161286,38,14
2020-04-07 01:58:30,-119.861502,0.161286,38,14
2020-04-07 01:58:35,-119.861502,0.161286,40,14
2020-04-07 01:58:40,-119.861502,0.161286,44,14
2020-04-07 01:58:45,-119.861502,0.161286,42,14
2020-04-07 01:58:50,-119.861502,0.161286,43,14
2020-04-07 01:58:55,-119.861502,0.161286,45,14
2020-04-07 01:59:00,-119.861502,0.161286,33,14
2020-04-07 01:59:05,-119.861502,0.161286,40,14
2020-04-07 01:59:10,-119.861502,0.161286,44,14
2020-04-07 01:59:15,-119.861502,0.161286,43,14
2020-04-07 01:59:20,-119.861502,0.161286,42,14
2020-04-07 01:59:25,-119.861502,0.161286,42,14
2020-04-07 01:59:30,-119.861502,0.161286,44,14
2020-04-07 01:59:35,-119.861502,0.161286,42,14
2020-04-07 01:59:40,-119.861502,0.161286,43,14
2020-04-07 01:59:45,-119.861502,0.161286,37,14
2020-04-07 01:59:50,-119.861502,0.161286,45,14
2020-04-07 01:59:55,-119.861502,0.161286,38,14
2020-04-07 02:00:00,-119.861502,0.161286,40,14
2020-04-07 02:00:05,-119.861502,0.161286,42,14
2020-04-07 02:00:10,-119.861502,0.161286,39,14
2020-04-07 02:00:15,-119.861502,0.161286,42,14
2020-04-07 02:00:20,-119.861502,0.161286,40,14
2020-04-07 02:00:25,-119.861502,0.161286,40,14
2020-04-07 02:00:30,-119.861502,0.161286,39,14
2020-04-07 02:00:35,-119.861502,0.161286,40,14
2020-04-07 02:00:40,-119.861502,0.161286,36,14
2020-04-07 02:00:45,-119.861502,0.161286,48,14
2020-04-07 02:00:50,-119.861502,0.161286,40,14
2020-04-07 02:00:55,-119.861502,0.161286,44,14
2020-04-07 02:01:00,-119.861502,0.161286,36,14
2020-04-07 02:01:05,-119.861502,0.161286,44,14
2020-04-07 02:01:10,-119.861502,0.161286,41,14
2020-04-07 02:01:15,-119.861502,0.161286,47,14
2020-04-07 02:01:20,-119.861502,0.161286,43,14
2020-04-07 02:01:25,-119.861502,0.161286,44,14
2020-04-07 02:01:30,-119.861502,0.161286,41,14
2020-04-07 02:01:35,-119.861502,0.161286,46,14
2020-04-07 02:01:40,-119.861502,0.161286,38,14
2020-04-07 02:01:45,-119.861502,0.161286,40,14
2020-04-07 02:01:50,-119.861502,0.161286,42,14
2020-04-07 02:01:55,-119.861502,0.161286,37,14
2020-04-07 02:02:00,-119.861502,0.161286,43,14
2020-04-07 02:02:05,-119.861502,0.161286,41,14
2020-04-07 02:02:10,-119.861502,0.161286,44,14
2020-04-07 02:02:15,-119.861502,0.161286,42,14
2020-04-07 02:02:20,-119.861502,0.161286,48,14
2020-04-07 02:02:25,-119.861502,0.161286,40,14
2020-04-07 02:02:30,-119.861502,0.161286,43,14
2020-04-07 02:02:35,-119.861502,0.161286,43,14
2020-04-07 02:02:40,-119.861502,0.161286,41,14
2020-04-07 02:02:45,-119.861502,0.161286,40,14
2020-04-07 02:02:50,-119.861502,0.161286,43,14
2020-04-07 02:02:55,-119.861502,0.161286,40,14
2020-04-07 02:03:00,-119.861502,0.161286,37,14
2020-04-07 02:03:05,-119.861502,0.161286,43,14
2020-04-07 02:03:10,-119.861502,0.161286,44,14
2020-04-07 02:03:15,-119.861502,0.161286,40,14
2020-04-07 02:03:20,-119.861502,0.161286,41,14
2020-04-07 02:03:25,-119.861502,0.161286,36,14
2020-04-07 02:03:30,-119.861502,0.161286,36,14
2020-04-07 02:03:35,-119.861502,0.161286,35,14
2020-04-07 02:03:40,-119.861502,0.161286,34,14
2020-04-07 02:03:45,-119.861502,0.161286,43,14
2020-04-07 02:03:50,-119.861502,0.161286,40,14
2020-04-07 02:03:55,-119.861502,0.161286,42,14
2020-04-07 02:04:00,-119.861502,0.161286,41,14
2020-04-07 02:04:05,-119.861502,0.161286,41,14
2020-04-07 02:04:10,-119.861502,0.161286,39,14
2020-04-07 02:04:15,-119.861502,0.161286,39,14
2020-04-07 02:04:20,-119.861502,0.161286,39,14
2020-04-07 02:04:25,-119.861502,0.161286,40,14
2020-04-07 02:04:30,-119.861502,0.161286,40,14
2020-04-07 02:04:35,-119.861502,0.161286,45,14
2020-04-07 02:04:40,-119.861502,0.161286,39,14
2020-04-07 02:04:45,-119.861502,0.161286,42,14
2020-04-07 02:04:50,-119.861502,0.161286,42,14
2020-04-07 02:04:55,-119.861502,0.161286,45,14
2020-04-07 02:05:00,-119.861502,0.161286,42,14
2020-04-07 02:05:05,-119.861502,0.161286,44,14
2020-04-07 02:05:10,-119.861502,0.161286,39,14
2020-04-07 02:05:15,-119.861502,0.161286,47,14
2020-04-07 02:05:20,-119.861502,0.161286,44,14
2020-04-07 02:05:25,-119.861502,0.161286,37,14
2020-04-07 02:05:30,-119.861502,0.161286,42,14
2020-04-07 02:05:35,-119.861502,0.161286,38,14
2020-04-07 02:05:40,-119.861502,0.161286,36,14
2020-04-07 02:05:45,-119.861502,0.161286,40,14
2020-04-07 02:05:50,-119.861502,0.161286,41,14
2020-04-07 02:05:55,-119.861502,0.161286,46,14
2020-04-07 02:06:00,-119.861502,0.161286,40,14
2020-04-07 02:06:05,-119.861502,0.161286,38,14
2020-04-07 02:06:10,-119.861502,0.161286,43,14
2020-04-07 02:06:15,-119.861502,0.161286,44,14
2020-04-07 02:06:20,-119.861502,0.161286,41,14
2020-04-07 02:06:25,-119.861502,0.161286,44,14
2020-04-07 02:06:30,-119.861502,0.161286,36,14
2020-04-07 02:06:35,-119.861502,0.161286,45,14
2020-04-07 02:06:40,-119.861502,0.161286,40,14
2020-04-07 02:06:45,-119.861502,0.161286,43,14
2020-04-07 02:06:50,-119.861502,0.161286,45,14
2020-04-07 02:06:55,-119.861502,0.161286,42,14
2020-04-07 02:07:00,-119.861502,0.161286,47,14
2020-04-07 02:07:05,-119.861502,0.161286,41,14
2020-04-07 02:07:10,-119.861502,0.161286,39,14
2020-04-07 02:07:15,-119.861502,0.161286,45,14
2020-04-07 02:07:20,-119.861502,0.161286,41,14
2020-04-07 02:07:25,-119.861502,0.161286,44,14
2020-04-07 02:07:30,-119.861502,0.161286,48,14
2020-04-07 02:07:35,-119.861502,0.161286,40,14
2020-04-07 02:07:40,-119.861502,0.161286,44,14
2020-04-07 02:07:45,-119.861502,0.161286,41,14
2020-04-07 02:07:50,-119.861502,0.161286,39,14
2020-04-07 02:07:55,-119.861502,0.161286,44,14
2020-04-07 02:08:00,-119.861502,0.161286,46,14
2020-04-07 02:08:05,-119.861502,0.161286,39,14
2020-04-07 02:08:10,-119.861502,0.161286,43,14
2020-04-07 02:08:15,-119.861502,0.161286,45,14
2020-04-07 02:08:20,-119.861502,0.161286,42,14
2020-04-07 02:08:25,-119.861502,0.161286,52,14
2020-04-07 02:08:30,-119.861502,0.161286,49,14
2020-04-07 02:08:35,-119.861502,0.161286,42,14
2020-04-07 02:08:40,-119.861502,0.161286,42,14
2020-04-07 02:08:45,-119.861502,0.161286,41,14
2020-04-07 02:08:50,-119.861502,0.161286,38,14
2020-04-07 02:08:55,-119.861502,0.161286,43,14
2020-04-07 02:09:00,-119.861502,0.161286,40,14
2020-04-07 02:09:05,-119.861502,0.161286,42,14
2020-04-07 02:09:10,-119.861502,0.161286,41,14
2020-04-07 02:09:15,-119.861502,0.161286,44,14
2020-04-07 02:09:20,-119.861502,0.161286,41,14
2020-04-07 02:09:25,-119.861502,0.161286,43,14
2020-04-07 02:09:30,-119.861502,0.161286,40,14
2020-04-07 02:09:35,-119.861502,0.161286,46,14
2020-04-07 02:09:40,-119.861502,0.161286,40,14
2020-04-07 02:09:45,-119.861502,0.161286,40,14
2020-04-07 02:09:50,-119.861502,0.161286,39,14
2020-04-07 02:09:55,-119.861502,0.161286,41,14
2020-04-07 02:10:00,-119.861502,0.161286,41,14
2020-04-07 02:10:05,-119.861502,0.161286,42,14
2020-04-07 02:10:10,-119.861502,0.161286,40,14
2020-04-07 02:10:15,-119.861502,0.161286,43,14
2020-04-07 02:10:20,-119.861502,0.161286,41,14
2020-04-07 02:10:25,-119.861502,0.161286,43,14
2020-04-07 02:10:30,-119.861502,0.161286,43,14
2020-04-07 02:10:35,-119.861502,0.161286,42,14
2020-04-07 02:10:40,-119.861502,0.161286,42,14
2020-04-07 02:10:45,-119.861502,0.161286,41,14
2020-04-07 02:10:50,-119.861502,0.161286,41,14
2020-04-07 02:10:55,-119.861502,0.161286,36,14
2020-04-07 02:11:00,-119.861502,0.161286,40,14
2020-04-07 02:11:05,-119.861502,0.161286,39,14
2020-04-07 02:11:10,-119.861502,0.161286,43,14
2020-04-07 02:11:15,-119.861502,0.161286,42,14
2020-04-07 02:11:20,-119.861502,0.161286,42,14
2020-04-07 02:11:25,-119.861502,0.161286,43,14
2020-04-07 02:11:30,-119.861502,0.161286,42,14
2020-04-07 02:11:35,-119.861502,0.161286,37,14
2020-04-07 02:11:40,-119.861502,0.161286,46,14
2020-04-07 02:11:45,-119.861502,0.161286,40,14
2020-04-07 02:11:50,-119.861502,0.161286,45,14
2020-04-07 02:11:55,-119.861502,0.161286,32,14
2020-04-07 02:12:00,-119.861502,0.161286,42,14
2020-04-07 02:12:05,-119.861502,0.161286,47,14
2020-04-07 02:12:10,-119.861502,0.161286,38,14
2020-04-07 02:12:15,-119.861502,0.161286,40,14
2020-04-07 02:12:20,-119.861502,0.161286,39,14
2020-04-07 02:12:25,-119.861502,0.161286,40,14
2020-04-07 02:12:30,-119.861502,0.161286,43,14
2020-04-07 02:12:35,-119.861502,0.161286,40,14
2020-04-07 02:12:40,-119.861502,0.161286,43,14
2020-04-07 02:12:45,-119.861502,0.161286,43,14
2020-04-07 02:12:50,-119.861502,0.161286,38,14
2020-04-07 02:12:55,-119.861502,0.161286,36,14
2020-04-07 02:13:00,-119.861502,0.161286,36,14
2020-04-07 02:13:05,-119.861502,0.161286,41,14
2020-04-07 02:13:10,-119.861502,0.161286,41,14
2020-04-07 02:13:15,-119.861502,0.161286,39,14
2020-04-07 02:13:20,-119.861502,0.161286,46,14
2020-04-07 02:13:25,-119.861502,0.161286,42,14
2020-04-07 02:13:30,-119.861502,0.161286,42,14
2020-04-07 02:13:35,-119.861502,0.161286,41,14
2020-04-07 02:13:40,-119.861502,0.161286,37,14
2020-04-07 02:13:45,-119.861502,0.161286,47,14
2020-04-07 02:13:50,-119.861502,0.161286,38,14
2020-04-07 02:13:55,-119.861502,0.161286,41,14
2020-04-07 02:14:00,-119.861502,0.161286,43,14
2020-04-07 02:14:05,-119.861502,0.161286,41,14
2020-04-07 02:14:10,-119.861502,0.161286,44,14
2020-04-07 02:14:15,-119.861502,0.161286,42,14
2020-04-07 02:14:20,-119.861502,0.161286,46,14
2020-04-07 02:14:25,-119.861502,0.161286,41,14
2020-04-07 02:14:30,-119.861502,0.161286,39,14
2020-04-07 02:14:35,-119.861502,0.161286,39,14
2020-04-07 02:14:40,-119.861502,0.161286,42,14
2020-04-07 02:14:45,-119.861502,0.161286,42,14
2020-04-07 02:14:50,-119.861502,0.161286,41,14
2020-04-07 02:14:55,-119.861502,0.161286,42,14
2020-04-07 02:15:00,-119.861502,0.161286,39,14
2020-04-07 02:15:05,-119.861502,0.161286,37,14
2020-04-07 02:15:10,-119.861502,0.161286,38,14
2020-04-07 02:15:15,-119.861502,0.161286,40,14
2020-04-07 02:15:20,-119.861502,0.161286,47,14
2020-04-07 02:15:25,-119.861502,0.161286,43,14
2020-04-07 02:15:30,-119.861502,0.161286,38,14
2020-04-07 02:15:35,-119.861502,0.161286,44,14
2020-04-07 02:15:40,-119.861502,0.161286,43,14
2020-04-07 02:15:45,-119.861502,0.161286,43,14
2020-04-07 02:15:50,-119.861502,0.161286,41,14
2020-04-07 02:15:55,-119.861502,0.161286,40,14
2020-04-07 02:16:00,-119.861502,0.161286,40,14
2020-04-07 02:16:05,-119.861502,0.161286,40,14
2020-04-07 02:16:10,-119.861502,0.161286,39,14
2020-04-07 02:16:15,-119.861502,0.161286,39,14
2020-04-07 02:16:20,-119.861502,0.161286,40,14
2020-04-07 02:16:25,-119.861502,0.161286,47,14
2020-04-07 02:16:30,-119.861502,0.161286,38,14
2020-04-07 02:16:35,-119.861502,0.161286,40,14
2020-04-07 02:16:40,-119.861502,0.161286,45,14
2020-04-07 02:16:45,-119.861502,0.161286,43,14
2020-04-07 02:16:50,-119.861502,0.161286,39,14
2020-04-07 02:16:55,-119.861502,0.161286,42,14
2020-04-07 02:17:00,-119.861502,0.161286,42,14
2020-04-07 02:17:05,-119.861502,0.161286,41,14
2020-04-07 02:17:10,-119.861502,0.161286,46,14
2020-04-07 02:17:15,-119.861502,0.161286,41,14
2020-04-07 02:17:20,-119.861502,0.161286,36,14
2020-04-07 02:17:25,-119.861502,0.161286,42,14
2020-04-07 02:17:30,-119.861502,0.161286,40,14
2020-04-07 02:17:35,-119.861502,0.161286,42,14
2020-04-07 02:17:40,-119.861502,0.161286,41,14
2020-04-07 02:17:45,-119.861502,0.161286,38,14
2020-04-07 02:17:50,-119.861502,0.161286,39,14
2020-04-07 02:17:55,-119.861502,0.161286,42,14
2020-04-07 02:18:00,-119.861502,0.161286,42,14
2020-04-07 02:18:05,-119.861502,0.161286,41,14
2020-04-07 02:18:10,-119.861502,0.161286,45,14
2020-04-07 02:18:15,-119.861502,0.161286,43,14
2020-04-07 02:18:20,-119.861502,0.161286,39,14
2020-04-07 02:18:25,-119.861502,0.161286,45,14
2020-04-07 02:18:30,-119.861502,0.161286,44,14
2020-04-07 02:18:35,-119.861502,0.161286,41,14
2020-04-07 02:18:40,-119.861502,0.161286,45,14
2020-04-07 02:18:45,-119.861502,0.161286,41,14
2020-04-07 02:18:50,-119.861502,0.161286,39,14
2020-04-07 02:18:55,-119.861502,0.161286,42,14
2020-04-07 02:19:00,-119.861502,0.161286,46,14
2020-04-07 02:19:05,-119.861502,0.161286,40,14
2020-04-07 02:19:10,-119.861502,0.161286,43,14
2020-04-07 02:19:15,-119.861502,0.161286,42,14
2020-04-07 02:19:20,-119.861502,0.161286,38,14
2020-04-07 02:19:25,-119.861502,0.161286,37,14
2020-04-07 02:19:30,-119.861502,0.161286,38,14
2020-04-07 02:19:35,-119.861502,0.161286,41,14
2020-04-07 02:19:40,-119.861502,0.161286,42,14
2020-04-07 02:19:45,-119.861502,0.161286,45,14
2020-04-07 02:19:50,-119.861502,0.161286,39,14
2020-04-07 02:19:55,-119.861502,0.161286,45,14
2020-04-07 02:20:00,-119.861502,0.161286,44,14
2020-04-07 02:20:05,-119.861502,0.161286,42,14
2020-04-07 02:20:10,-119.861502,0.161286,41,14
2020-04-07 02:20:15,-119.861502,0.161286,35,14
2020-04-07 02:20:20,-119.861502,0.161286,44,14
2020-04-07 02:20:25,-119.861502,0.161286,41,14
2020-04-07 02:20:30,-119.861502,0.161286,43,14
2020-04-07 02:20:35,-119.861502,0.161286,42,14
2020-04-07 02:20:40,-119.861502,0.161286,40,14
2020-04-07 02:20:45,-119.861502,0.161286,41,14
2020-04-07 02:20:50,-119.861502,0.161286,37,14
2020-04-07 02:20:55,-119.861502,0.161286,38,14
2020-04-07 02:21:00,-119.861502,0.161286,44,14
2020-04-07 02:21:05,-119.861502,0.161286,48,14
2020-04-07 02:21:10,-119.861502,0.161286,39,14
2020-04-07 02:21:15,-119.861502,0.161286,41,14
2020-04-07 02:21:20,-119.861502,0.161286,40,14
2020-04-07 02:21:25,-119.861502,0.161286,45,14
2020-04-07 02:21:30,-119.861502,0.161286,40,14
2020-04-07 02:21:35,-119.861502,0.161286,43,14
2020-04-07 02:21:40,-119.861502,0.161286,40,14
2020-04-07 02:21:45,-119.861502,0.161286,46,14
2020-04-07 02:21:50,-119.861502,0.161286,44,14
2020-04-07 02:21:55,-119.861502,0.161286,44,14
2020-04-07 02:22:00,-119.861502,0.161286,38,14
2020-04-07 02:22:05,-119.861502,0.161286,37,14
2020-04-07 02:22:10,-119.861502,0.161286,39,14
2020-04-07 02:22:15,-119.861502,0.161286,49,14
2020-04-07 02:22:20,-119.861502,0.161286,40,14
2020-04-07 02:22:25,-119.861502,0.161286,41,14
2020-04-07 02:22:30,-119.861502,0.161286,45,14
2020-04-07 02:22:35,-119.861502,0.161286,41,14
2020-04-07 02:22:40,-119.861502,0.161286,41,14
2020-04-07 02:22:45,-119.861502,0.161286,39,14
2020-04-07 02:22:50,-119.861502,0.161286,40,14
2020-04-07 02:22:55,-119.861502,0.161286,44,14
2020-04-07 02:23:00,-119.861502,0.161286,40,14
2020-04-07 02:23:05,-119.861502,0.161286,41,14
2020-04-07 02:23:10,-119.861502,0.161286,45,14
2020-04-07 02:23:15,-119.861502,0.161286,39,14
2020-04-07 02:23:20,-119.861502,0.161286,43,14
2020-04-07 02:23:25,-119.861502,0.161286,45,14
2020-04-07 02:23:30,-119.861502,0.161286,42,14
2020-04-07 02:23:35,-119.861502,0.161286,38,14
2020-04-07 02:23:40,-119.861502,0.161286,42,14
2020-04-07 02:23:45,-119.861502,0.161286,47,14
2020-04-07 02:23:50,-119.861502,0.161286,37,14
2020-04-07 02:23:55,-119.861502,0.161286,43,14
2020-04-07 02:24:00,-119.861502,0.161286,38,14
2020-04-07 02:24:05,-119.861502,0.161286,44,14
2020-04-07 02:24:10,-119.861502,0.161286,36,14
2020-04-07 02:24:15,-119.861502,0.161286,36,14
2020-04-07 02:24:20,-119.861502,0.161286,43,14
2020-04-07 02:24:25,-119.861502,0.161286,39,14
2020-04-07 02:24:30,-119.861502,0.161286,39,14
2020-04-07 02:24:35,-119.861502,0.161286,40,14
2020-04-07 02:24:40,-119.861502,0.161286,37,14
2020-04-07 02:24:45,-119.861502,0.161286,37,14
2020-04-07 02:24:50,-119.861502,0.161286,42,14
2020-04-07 02:24:55,-119.861502,0.161286,43,14
2020-04-07 02:25:00,-119.861502,0.161286,43,14
2020-04-07 02:25:05,-119.861502,0.161286,43,14
2020-04-07 02:25:10,-119.861502,0.161286,43,14
2020-04-07 02:25:15,-119.861502,0.161286,47,14
2020-04-07 02:25:20,-119.861502,0.161286,44,14
2020-04-07 02:25:25,-119.861502,0.161286,41,14
2020-04-07 02:25:30,-119.861502,0.161286,40,14
2020-04-07 02:25:35,-119.861502,0.161286,45,14
2020-04-07 02:25:40,-119.861502,0.161286,43,14
2020-04-07 02:25:45,-119.861502,0.161286,43,14
2020-04-07 02:25:50,-119.861502,0.161286,43,14
2020-04-07 02:25:55,-119.861502,0.161286,41,14
2020-04-07 02:26:00,-119.861502,0.161286,42,14
2020-04-07 02:26:05,-119.861502,0.161286,38,14
2020-04-07 02:26:10,-119.861502,0.161286,41,14
2020-04-07 02:26:15,-119.861502,0.161286,38,14
2020-04-07 02:26:20,-119.861502,0.161286,46,14
2020-04-07 02:26:25,-119.861502,0.161286,37,14
2020-04-07 02:26:30,-119.861502,0.161286,40,14
2020-04-07 02:26:35,-119.861502,0.161286,42,14
2020-04-07 02:26:40,-119.861502,0.161286,48,14
2020-04-07 02:26:45,-119.861502,0.161286,42,14
2020-04-07 02:26:50,-119.861502,0.161286,42,14
2020-04-07 02:26:55,-119.861502,0.161286,44,14
2020-04-07 02:27:00,-119.861502,0.161286,37,14
2020-04-07 02:27:05,-119.861502,0.161286,46,14
2020-04-07 02:27:10,-119.861502,0.161286,44,14
2020-04-07 02:27:15,-119.861502,0.161286,41,14
2020-04-07 02:27:20,-119.861502,0.161286,50,14
2020-04-07 02:27:25,-119.861502,0.161286,47,14
2020-04-07 02:27:30,-119.861502,0.161286,43,14
2020-04-07 02:27:35,-119.861502,0.161286,45,14
2020-04-07 02:27:40,-119.861502,0.161286,42,14
2020-04-07 02:27:45,-119.861502,0.161286,43,14
2020-04-07 02:27:50,-119.861502,0.161286,38,14
2020-04-07 02:27:55,-119.861502,0.161286,46,14
2020-04-07 02:28:00,-119.861502,0.161286,46,14
2020-04-07 02:28:05,-119.861502,0.161286,49,14
2020-04-07 02:28:10,-119.861502,0.161286,40,14
2020-04-07 02:28:15,-119.861502,0.161286,42,14
2020-04-07 02:28:20,-119.861502,0.161286,37,14
2020-04-07 02:28:25,-119.861502,0.161286,45,14
2020-04-07 02:28:30,-119.861502,0.161286,39,14
2020-04-07 02:28:35,-119.861502,0.161286,43,14
2020-04-07 02:28:40,-119.861502,0.161286,45,14
2020-04-07 02:28:45,-119.861502,0.161286,42,14
2020-04-07 02:28:50,-119.861502,0.161286,46,14
2020-04-07 02:28:55,-119.861502,0.161286,47,14
2020-04-07 02:29:00,-119.861502,0.161286,41,14
2020-04-07 02:29:05,-119.861502,0.161286,46,14
2020-04-07 02:29:10,-119.861502,0.161286,42,14
2020-04-07 02:29:15,-119.861502,0.161286,38,14
2020-04-07 02:29:20,-119.861502,0.161286,44,14
2020-04-07 02:29:25,-119.861502,0.161286,41,14
2020-04-07 02:29:30,-119.861502,0.161286,38,14
2020-04-07 02:29:35,-119.861502,0.161286,43,14
2020-04-07 02:29:40,-119.861502,0.161286,41,14
2020-04-07 02:29:45,-119.861502,0.161286,41,14
2020-04-07 02:29:50,-119.861502,0.161286,36,14
2020-04-07 02:29:55,-119.861502,0.161286,40,14
2020-04-07 02:30:00,-119.861502,0.161286,45,14
2020-04-07 02:30:05,-119.861502,0.161286,42,14
2020-04-07 02:30:10,-119.861502,0.161286,35,14
2020-04-07 02:30:15,-119.861502,0.161286,42,14
2020-04-07 02:30:20,-119.861502,0.161286,42,14
2020-04-07 02:30:25,-119.861502,0.161286,40,14
2020-04-07 02:30:30,-119.861502,0.161286,39,14
2020-04-07 02:30:35,-119.861502,0.161286,42,14
2020-04-07 02:30:40,-119.861502,0.161286,39,14
2020-04-07 02:30:45,-119.861502,0.161286,44,14
2020-04-07 02:30:50,-119.861502,0.161286,41,14
2020-04-07 02:30:55,-119.861502,0.161286,42,14
2020-04-07 02:31:00,-119.861502,0.161286,47,14
2020-04-07 02:31:05,-119.861502,0.161286,37,14
2020-04-07 02:31:10,-119.861502,0.161286,44,14
2020-04-07 02:31:15,-119.861502,0.161286,38,14
2020-04-07 02:31:20,-119.861502,0.161286,44,14
2020-04-07 02:31:25,-119.861502,0.161286,43,14
2020-04-07 02:31:30,-119.861502,0.161286,41,14
2020-04-07 02:31:35,-119.861502,0.161286,40,14
2020-04-07 02:31:40,-119.861502,0.161286,37,14
2020-04-07 02:31:45,-119.861502,0.161286,42,14
2020-04-07 02:31:50,-119.861502,0.161286,40,14
2020-04-07 02:31:55,-119.861502,0.161286,45,14
2020-04-07 02:32:00,-119.861502,0.161286,45,14
2020-04-07 02:32:05,-119.861502,0.161286,36,14
2020-04-07 02:32:10,-119.861502,0.161286,46,14
2020-04-07 02:32:15,-119.861502,0.161286,42,14
2020-04-07 02:32:20,-119.861502,0.161286,41,14
2020-04-07 02:32:25,-119.861502,0.161286,41,14
2020-04-07 02:32:30,-119.861502,0.161286,37,14
2020-04-07 02:32:35,-119.861502,0.161286,40,14
2020-04-07 02:32:40,-119.861502,0.161286,40,14
2020-04-07 02:32:45,-119.861502,0.161286,39,14
2020-04-07 02:32:50,-119.861502,0.161286,39,14
2020-04-07 02:32:55,-119.861502,0.161286,42,14
2020-04-07 02:33:00,-119.861502,0.161286,41,14
2020-04-07 02:33:05,-119.861502,0.161286,44,14
2020-04-07 02:33:10,-119.861502,0.161286,40,14
2020-04-07 02:33:15,-119.861502,0.161286,38,14
2020-04-07 02:33:20,-119.861502,0.161286,39,14
2020-04-07 02:33:25,-119.861502,0.161286,42,14
2020-04-07 02:33:30,-119.861502,0.161286,39,14
2020-04-07 02:33:35,-119.861502,0.161286,40,14
2020-04-07 02:33:40,-119.861502,0.161286,41,14
2020-04-07 02:33:45,-119.861502,0.161286,42,14
2020-04-07 02:33:50,-119.861502,0.161286,38,14
2020-04-07 02:33:55,-119.861502,0.161286,48,14
2020-04-07 02:34:00,-119.861502,0.161286,43,14
2020-04-07 02:34:05,-119.861502,0.161286,43,14
2020-04-07 02:34:10,-119.861502,0.161286,44,14
2020-04-07 02:34:15,-119.861502,0.161286,47,14
2020-04-07 02:34:20,-119.861502,0.161286,41,14
2020-04-07 02:34:25,-119.861502,0.161286,42,14
2020-04-07 02:34:30,-119.861502,0.161286,49,14
2020-04-07 02:34:35,-119.861502,0.161286,43,14
2020-04-07 02:34:40,-119.861502,0.161286,41,14
2020-04-07 02:34:45,-119.861502,0.161286,40,14
2020-04-07 02:34:50,-119.861502,0.161286,37,14
2020-04-07 02:34:55,-119.861502,0.161286,38,14
2020-04-07 02:35:00,-119.861502,0.161286,42,14
2020-04-07 02:35:05,-119.861502,0.161286,37,14
2020-04-07 02:35:10,-119.861502,0.161286,42,14
2020-04-07 02:35:15,-119.861502,0.161286,40,14
2020-04-07 02:35:20,-119.861502,0.161286,45,14
2020-04-07 02:35:25,-119.861502,0.161286,40,14
2020-04-07 02:35:30,-119.861502,0.161286,40,14
2020-04-07 02:35:35,-119.861502,0.161286,39,14
2020-04-07 02:35:40,-119.861502,0.161286,40,14
2020-04-07 02:35:45,-119.861502,0.161286,41,14
2020-04-07 02:35:50,-119.861502,0.161286,42,14
2020-04-07 02:35:55,-119.861502,0.161286,43,14
2020-04-07 02:36:00,-119.861502,0.161286,46,14
2020-04-07 02:36:05,-119.861502,0.161286,41,14
2020-04-07 02:36:10,-119.861502,0.161286,45,14
2020-04-07 02:36:15,-119.861502,0.161286,37,14
2020-04-07 02:36:20,-119.861502,0.161286,47,14
2020-04-07 02:36:25,-119.861502,0.161286,43,14
2020-04-07 02:36:30,-119.861502,0.161286,43,14
2020-04-07 02:36:35,-119.861502,0.161286,41,14
2020-04-07 02:36:40,-119.861502,0.161286,44,14
2020-04-07 02:36:45,-119.861502,0.161286,39,14
2020-04-07 02:36:50,-119.861502,0.161286,43,14
2020-04-07 02:36:55,-119.861502,0.161286,44,14
2020-04-07 02:37:00,-119.861502,0.161286,38,14
2020-04-07 02:37:05,-119.861502,0.161286,44,14
2020-04-07 02:37:10,-119.861502,0.161286,43,14
2020-04-07 02:37:15,-119.861502,0.161286,46,14
2020-04-07 02:37:20,-119.861502,0.161286,37,14
2020-04-07 02:37:25,-119.861502,0.161286,38,14
2020-04-07 02:37:30,-119.861502,0.161286,44,14
2020-04-07 02:37:35,-119.861502,0.161286,38,14
2020-04-07 02:37:40,-119.861502,0.161286,42,14
2020-04-07 02:37:45,-119.861502,0.161286,35,14
2020-04-07 02:37:50,-119.861502,0.161286,42,14
2020-04-07 02:37:55,-119.861502,0.161286,42,14
2020-04-07 02:38:00,-119.861502,0.161286,41,14
2020-04-07 02:38:05,-119.861502,0.161286,39,14
2020-04-07 02:38:10,-119.861502,0.161286,39,14
2020-04-07 02:38:15,-119.861502,0.161286,46,14
2020-04-07 02:38:20,-119.861502,0.161286,39,14
2020-04-07 02:38:25,-119.861502,0.161286,45,14
2020-04-07 02:38:30,-119.861502,0.161286,38,14
2020-04-07 02:38:35,-119.861502,0.161286,47,14
2020-04-07 02:38:40,-119.861502,0.161286,41,14
2020-04-07 02:38:45,-119.861502,0.161286,40,14
2020-04-07 02:38:50,-119.861502,0.161286,38,14
2020-04-07 02:38:55,-119.861502,0.161286,43,14
2020-04-07 02:39:00,-119.861502,0.161286,39,14
2020-04-07 02:39:05,-119.861502,0.161286,43,14
2020-04-07 02:39:10,-119.861502,0.161286,46,14
2020-04-07 02:39:15,-119.861502,0.161286,40,14
2020-04-07 02:39:20,-119.861502,0.161286,37,14
2020-04-07 02:39:25,-119.861502,0.161286,43,14
2020-04-07 02:39:30,-119.861502,0.161286,43,14
2020-04-07 02:39:35,-119.861502,0.161286,40,14
2020-04-07 02:39:40,-119.861502,0.161286,40,14
2020-04-07 02:39:45,-119.861502,0.161286,42,14
2020-04-07 02:39:50,-119.861502,0.161286,40,14
2020-04-07 02:39:55,-119.861502,0.161286,43,14
2020-04-07 02:40:00,-119.861502,0.161286,35,14
2020-04-07 02:40:05,-119.861502,0.161286,36,14
2020-04-07 02:40:10,-119.861502,0.161286,43,14
2020-04-07 02:40:15,-119.861502,0.161286,44,14
2020-04-07 02:40:20,-119.861502,0.161286,42,14
2020-04-07 02:40:25,-119.861502,0.161286,40,14
2020-04-07 02:40:30,-119.861502,0.161286,43,14
2020-04-07 02:40:35,-119.861502,0.161286,45,14
2020-04-07 02:40:40,-119.861502,0.161286,39,14
2020-04-07 02:40:45,-119.861502,0.161286,42,14
2020-04-07 02:40:50,-119.861502,0.161286,39,14
2020-04-07 02:40:55,-119.861502,0.161286,47,14
2020-04-07 02:41:00,-119.861502,0.161286,47,14
2020-04-07 02:41:05,-119.861502,0.161286,42,14
2020-04-07 02:41:10,-119.861502,0.161286,38,14
2020-04-07 02:41:15,-119.861502,0.161286,43,14
2020-04-07 02:41:20,-119.861502,0.161286,40,14
2020-04-07 02:41:25,-119.861502,0.161286,39,14
2020-04-07 02:41:30,-119.861502,0.161286,42,14
2020-04-07 02:41:35,-119.861502,0.161286,44,14
2020-04-07 02:41:40,-119.861502,0.161286,42,14
2020-04-07 02:41:45,-119.861502,0.161286,39,14
2020-04-07 02:41:50,-119.861502,0.161286,44,14
2020-04-07 02:41:55,-119.861502,0.161286,43,14
2020-04-07 02:42:00,-119.861502,0.161286,41,14
2020-04-07 02:42:05,-119.861502,0.161286,39,14
2020-04-07 02:42:10,-119.861502,0.161286,44,14
2020-04-07 02:42:15,-119.861502,0.161286,40,14
2020-04-07 02:42:20,-119.861502,0.161286,36,14
2020-04-07 02:42:25,-119.861502,0.161286,39,14
2020-04-07 02:42:30,-119.861502,0.161286,42,14
2020-04-07 02:42:35,-119.861502,0.161286,44,14
2020-04-07 02:42:40,-119.861502,0.161286,41,14
2020-04-07 02:42:45,-119.861502,0.161286,43,14
2020-04-07 02:42:50,-119.861502,0.161286,46,14
2020-04-07 02:42:55,-119.861502,0.161286,47,14
2020-04-07 02:43:00,-119.861502,0.161286,43,14
2020-04-07 02:43:05,-119.861502,0.161286,43,14
2020-04-07 02:43:10,-119.861502,0.161286,37,14
2020-04-07 02:43:15,-119.861502,0.161286,42,14
2020-04-07 02:43:20,-119.861502,0.161286,46,14
2020-04-07 02:43:25,-119.861502,0.161286,44,14
2020-04-07 02:43:30,-119.861502,0.161286,42,14
2020-04-07 02:43:35,-119.861502,0.161286,44,14
2020-04-07 02:43:40,-119.861502,0.161286,39,14
2020-04-07 02:43:45,-119.861502,0.161286,37,14
2020-04-07 02:43:50,-119.861502,0.161286,36,14
2020-04-07 02:43:55,-119.861502,0.161286,44,14
2020-04-07 02:44:00,-119.861502,0.161286,43,14
2020-04-07 02:44:05,-119.861502,0.161286,39,14
2020-04-07 02:44:10,-119.861502,0.161286,39,14
2020-04-07 02:44:15,-119.861502,0.161286,41,14
2020-04-07 02:44:20,-119.861502,0.161286,41,14
2020-04-07 02:44:25,-119.861502,0.161286,44,14
2020-04-07 02:44:30,-119.861502,0.161286,40,14
2020-04-07 02:44:35,-119.861502,0.161286,44,14
2020-04-07 02:44:40,-119.861502,0.161286,49,14
2020-04-07 02:44:45,-119.861502,0.161286,40,14
2020-04-07 02:44:50,-119.861502,0.161286,44,14
2020-04-07 02:44:55,-119.861502,0.161286,43,14
2020-04-07 02:45:00,-119.861502,0.161286,39,14
2020-04-07 02:45:05,-119.861502,0.161286,40,14
2020-04-07 02:45:10,-119.861502,0.161286,43,14
2020-04-07 02:45:15,-119.861502,0.161286,49,14
2020-04-07 02:45:20,-119.861502,0.161286,45,14
2020-04-07 02:45:25,-119.861502,0.161286,44,14
2020-04-07 02:45:30,-119.861502,0.161286,44,14
2020-04-07 02:45:35,-119.861502,0.161286,40,14
2020-04-07 02:45:40,-119.861502,0.161286,45,14
2020-04-07 02:45:45,-119.861502,0.161286,42,14
2020-04-07 02:45:50,-119.861502,0.161286,45,14
2020-04-07 02:45:55,-119.861502,0.161286,37,14
2020-04-07 02:46:00,-119.861502,0.161286,47,14
2020-04-07 02:46:05,-119.861502,0.161286,38,14
2020-04-07 02:46:10,-119.861502,0.161286,41,14
2020-04-07 02:46:15,-119.861502,0.161286,46,14
2020-04-07 02:46:20,-119.861502,0.161286,48,14
2020-04-07 02:46:25,-119.861502,0.161286,43,14
2020-04-07 02:46:30,-119.861502,0.161286,43,14
2020-04-07 02:46:35,-119.861502,0.161286,41,14
2020-04-07 02:46:40,-119.861502,0.161286,43,14
2020-04-07 02:46:45,-119.861502,0.161286,44,14
2020-04-07 02:46:50,-119.861502,0.161286,43,14
2020-04-07 02:46:55,-119.861502,0.161286,45,14
2020-04-07 02:47:00,-119.861502,0.161286,43,14
2020-04-07 02:47:05,-119.861502,0.161286,43,14
2020-04-07 02:47:10,-119.861502,0.161286,41,14
2020-04-07 02:47:15,-119.861502,0.161286,45,14
2020-04-07 02:47:20,-119.861502,0.161286,39,14
2020-04-07 02:47:25,-119.861502,0.161286,47,14
2020-04-07 02:47:30,-119.861502,0.161286,37,14
2020-04-07 02:47:35,-119.861502,0.161286,39,14
2020-04-07 02:47:40,-119.861502,0.161286,47,14
2020-04-07 02:47:45,-119.861502,0.161286,41,14
2020-04-07 02:47:50,-119.861502,0.161286,41,14
2020-04-07 02:47:55,-119.861502,0.161286,41,14
2020-04-07 02:48:00,-119.861502,0.161286,44,14
2020-04-07 02:48:05,-119.861502,0.161286,43,14
2020-04-07 02:48:10,-119.861502,0.161286,43,14
2020-04-07 02:48:15,-119.861502,0.161286,43,14
2020-04-07 02:48:20,-119.861502,0.161286,41,14
2020-04-07 02:48:25,-119.861502,0.161286,38,14
2020-04-07 02:48:30,-119.861502,0.161286,39,14
2020-04-07 02:48:35,-119.861502,0.161286,45,14
2020-04-07 02:48:40,-119.861502,0.161286,36,14
2020-04-07 02:48:45,-119.861502,0.161286,37,14
2020-04-07 02:48:50,-119.861502,0.161286,45,14
2020-04-07 02:48:55,-119.861502,0.161286,44,14
2020-04-07 02:49:00,-119.861502,0.161286,46,14
2020-04-07 02:49:05,-119.861502,0.161286,45,14
2020-04-07 02:49:10,-119.861502,0.161286,42,14
2020-04-07 02:49:15,-119.861502,0.161286,41,14
2020-04-07 02:49:20,-119.861502,0.161286,43,14
2020-04-07 02:49:25,-119.861502,0.161286,45,14
2020-04-07 02:49:30,-119.861502,0.161286,46,14
2020-04-07 02:49:35,-119.861502,0.161286,42,14
2020-04-07 02:49:40,-119.861502,0.161286,47,14
2020-04-07 02:49:45,-119.861502,0.161286,47,14
2020-04-07 02:49:50,-119.861502,0.161286,42,14
2020-04-07 02:49:55,-119.861502,0.161286,45,14
2020-04-07 02:50:00,-119.861502,0.161286,40,14
2020-04-07 02:50:05,-119.861502,0.161286,37,14
2020-04-07 02:50:10,-119.861502,0.161286,43,14
2020-04-07 02:50:15,-119.861502,0.161286,45,14
2020-04-07 02:50:20,-119.861502,0.161286,35,14
2020-04-07 02:50:25,-119.861502,0.161286,44,14
2020-04-07 02:50:30,-119.861502,0.161286,40,14
2020-04-07 02:50:35,-119.861502,0.161286,38,14
2020-04-07 02:50:40,-119.861502,0.161286,44,14
2020-04-07 02:50:45,-119.861502,0.161286,44,14
2020-04-07 02:50:50,-119.861502,0.161286,48,14
2020-04-07 02:50:55,-119.861502,0.161286,42,14
2020-04-07 02:51:00,-119.861502,0.161286,42,14
2020-04-07 02:51:05,-119.861502,0.161286,37,14
2020-04-07 02:51:10,-119.861502,0.161286,46,14
2020-04-07 02:51:15,-119.861502,0.161286,40,14
2020-04-07 02:51:20,-119.861502,0.161286,47,14
2020-04-07 02:51:25,-119.861502,0.161286,40,14
2020-04-07 02:51:30,-119.861502,0.161286,40,14
2020-04-07 02:51:35,-119.861502,0.161286,45,14
2020-04-07 02:51:40,-119.861502,0.161286,46,14
2020-04-07 02:51:45,-119.861502,0.161286,39,14
2020-04-07 02:51:50,-119.861502,0.161286,40,14
2020-04-07 02:51:55,-119.861502,0.161286,49,14
2020-04-07 02:52:00,-119.861502,0.161286,39,14
2020-04-07 02:52:05,-119.861502,0.161286,51,14
2020-04-07 02:52:10,-119.861502,0.161286,42,14
2020-04-07 02:52:15,-119.861502,0.161286,44,14
2020-04-07 02:52:20,-119.861502,0.161286,40,14
2020-04-07 02:52:25,-119.861502,0.161286,46,14
2020-04-07 02:52:30,-119.861502,0.161286,43,14
2020-04-07 02:52:35,-119.861502,0.161286,42,14
2020-04-07 02:52:40,-119.861502,0.161286,44,14
2020-04-07 02:52:45,-119.861502,0.161286,38,14
2020-04-07 02:52:50,-119.861502,0.161286,42,14
2020-04-07 02:52:55,-119.861502,0.161286,40,14
2020-04-07 02:53:00,-119.861502,0.161286,40,14
2020-04-07 02:53:05,-119.861502,0.161286,41,14
2020-04-07 02:53:10,-119.861502,0.161286,42,14
2020-04-07 02:53:15,-119.861502,0.161286,39,14
2020-04-07 02:53:20,-119.861502,0.161286,41,14
2020-04-07 02:53:25,-119.861502,0.161286,40,14
2020-04-07 02:53:30,-119.861502,0.161286,43,14
2020-04-07 02:53:35,-119.861502,0.161286,43,14
2020-04-07 02:53:40,-119.861502,0.161286,43,14
2020-04-07 02:53:45,-119.861502,0.161286,43,14
2020-04-07 02:53:50,-119.861502,0.161286,39,14
2020-04-07 02:53:55,-119.861502,0.161286,39,14
2020-04-07 02:54:00,-119.861502,0.161286,40,14
2020-04-07 02:54:05,-119.861502,0.161286,40,14
2020-04-07 02:54:10,-119.861502,0.161286,45,14
2020-04-07 02:54:15,-119.861502,0.161286,48,14
2020-04-07 02:54:20,-119.861502,0.161286,43,14
2020-04-07 02:54:25,-119.861502,0.161286,41,14
2020-04-07 02:54:30,-119.861502,0.161286,43,14
2020-04-07 02:54:35,-119.861502,0.161286,41,14
2020-04-07 02:54:40,-119.861502,0.161286,43,14
2020-04-07 02:54:45,-119.861502,0.161286,34,14
2020-04-07 02:54:50,-119.861502,0.161286,42,14
2020-04-07 02:54:55,-119.861502,0.161286,44,14
2020-04-07 02:55:00,-119.861502,0.161286,42,14
2020-04-07 02:55:05,-119.861502,0.161286,48,14
2020-04-07 02:55:10,-119.861502,0.161286,43,14
2020-04-07 02:55:15,-119.861502,0.161286,42,14
2020-04-07 02:55:20,-119.861502,0.161286,44,14
2020-04-07 02:55:25,-119.861502,0.161286,45,14
2020-04-07 02:55:30,-119.861502,0.161286,45,14
2020-04-07 02:55:35,-119.861502,0.161286,41,14
2020-04-07 02:55:40,-119.861502,0.161286,41,14
2020-04-07 02:55:45,-119.861502,0.161286,42,14
2020-04-07 02:55:50,-119.861502,0.161286,43,14
2020-04-07 02:55:55,-119.861502,0.161286,39,14
2020-04-07 02:56:00,-119.861502,0.161286,40,14
2020-04-07 02:56:05,-119.861502,0.161286,44,14
2020-04-07 02:56:10,-119.861502,0.161286,41,14
2020-04-07 02:56:15,-119.861502,0.161286,39,14
2020-04-07 02:56:20,-119.861502,0.161286,38,14
2020-04-07 02:56:25,-119.861502,0.161286,43,14
2020-04-07 02:56:30,-119.861502,0.161286,41,14
2020-04-07 02:56:35,-119.861502,0.161286,38,14
2020-04-07 02:56:40,-119.861502,0.161286,43,14
2020-04-07 02:56:45,-119.861502,0.161286,47,14
2020-04-07 02:56:50,-119.861502,0.161286,40,14
2020-04-07 02:56:55,-119.861502,0.161286,39,14
2020-04-07 02:57:00,-119.861502,0.161286,39,14
2020-04-07 02:57:05,-119.861502,0.161286,42,14
2020-04-07 02:57:10,-119.861502,0.161286,42,14
2020-04-07 02:57:15,-119.861502,0.161286,38,14
2020-04-07 02:57:20,-119.861502,0.161286,39,14
2020-04-07 02:57:25,-119.861502,0.161286,39,14
2020-04-07 02:57:30,-119.861502,0.161286,43,14
2020-04-07 02:57:35,-119.861502,0.161286,36,14
2020-04-07 02:57:40,-119.861502,0.161286,38,14
2020-04-07 02:57:45,-119.861502,0.161286,38,14
2020-04-07 02:57:50,-119.861502,0.161286,42,14
2020-04-07 02:57:55,-119.861502,0.161286,38,14
2020-04-07 02:58:00,-119.861502,0.161286,42,14
2020-04-07 02:58:05,-119.861502,0.161286,42,14
2020-04-07 02:58:10,-119.861502,0.161286,38,14
2020-04-07 02:58:15,-119.861502,0.161286,39,14
2020-04-07 02:58:20,-119.861502,0.161286,39,14
2020-04-07 02:58:25,-119.861502,0.161286,47,14
2020-04-07 02:58:30,-119.861502,0.161286,41,14
2020-04-07 02:58:35,-119.861502,0.161286,47,14
2020-04-07 02:58:40,-119.861502,0.161286,45,14
2020-04-07 02:58:45,-119.861502,0.161286,46,14
2020-04-07 02:58:50,-119.861502,0.161286,40,14
2020-04-07 02:58:55,-119.861502,0.161286,41,14
2020-04-07 02:59:00,-119.861502,0.161286,37,14
2020-04-07 02:59:05,-119.861502,0.161286,43,14
2020-04-07 02:59:10,-119.861502,0.161286,40,14
2020-04-07 02:59:15,-119.861502,0.161286,41,14
2020-04-07 02:59:20,-119.861502,0.161286,43,14
2020-04-07 02:59:25,-119.861502,0.161286,36,14
2020-04-07 02:59:30,-119.861502,0.161286,41,14
2020-04-07 02:59:35,-119.861502,0.161286,41,14
2020-04-07 02:59:40,-119.861502,0.161286,44,14
2020-04-07 02:59:45,-119.861502,0.161286,38,14
2020-04-07 02:59:50,-119.861502,0.161286,43,14
2020-04-07 02:59:55,-119.861502,0.161286,43,14
2020-04-07 03:00:00,-119.861502,0.161286,38,14
2020-04-07 03:00:05,-119.861502,0.161286,43,14
2020-04-07 03:00:10,-119.861502,0.161286,40,14
2020-04-07 03:00:15,-119.861502,0.161286,43,14
2020-04-07 03:00:20,-119.861502,0.161286,43,14
2020-04-07 03:00:25,-119.861502,0.161286,43,14
2020-04-07 03:00:30,-119.861502,0.161286,42,14
2020-04-07 03:00:35,-119.861502,0.161286,37,14
2020-04-07 03:00:40,-119.861502,0.161286,41,14
2020-04-07 03:00:45,-119.861502,0.161286,42,14
2020-04-07 03:00:50,-119.861502,0.161286,42,14
2020-04-07 03:00:55,-119.861502,0.161286,45,14
2020-04-07 03:01:00,-119.861502,0.161286,41,14
2020-04-07 03:01:05,-119.861502,0.161286,41,14
2020-04-07 03:01:10,-119.861502,0.161286,40,14
2020-04-07 03:01:15,-119.861502,0.161286,40,14
2020-04-07 03:01:20,-119.861502,0.161286,41,14
2020-04-07 03:01:25,-119.861502,0.161286,42,14
2020-04-07 03:01:30,-119.861502,0.161286,41,14
2020-04-07 03:01:35,-119.861502,0.161286,34,14
2020-04-07 03:01:40,-119.861502,0.161286,41,14
2020-04-07 03:01:45,-119.861502,0.161286,43,14
2020-04-07 03:01:50,-119.861502,0.161286,43,14
2020-04-07 03:01:55,-119.861502,0.161286,41,14
2020-04-07 03:02:00,-119.861502,0.161286,47,14
2020-04-07 03:02:05,-119.861502,0.161286,41,14
2020-04-07 03:02:10,-119.861502,0.161286,38,14
2020-04-07 03:02:15,-119.861502,0.161286,40,14
2020-04-07 03:02:20,-119.861502,0.161286,37,14
2020-04-07 03:02:25,-119.861502,0.161286,44,14
2020-04-07 03:02:30,-119.861502,0.161286,41,14
2020-04-07 03:02:35,-119.861502,0.161286,34,14
2020-04-07 03:02:40,-119.861502,0.161286,41,14
2020-04-07 03:02:45,-119.861502,0.161286,43,14
2020-04-07 03:02:50,-119.861502,0.161286,40,14
2020-04-07 03:02:55,-119.861502,0.161286,44,14
2020-04-07 03:03:00,-119.861502,0.161286,39,14
2020-04-07 03:03:05,-119.861502,0.161286,45,14
2020-04-07 03:03:10,-119.861502,0.161286,46,14
2020-04-07 03:03:15,-119.861502,0.161286,39,14
2020-04-07 03:03:20,-119.861502,0.161286,37,14
2020-04-07 03:03:25,-119.861502,0.161286,42,14
2020-04-07 03:03:30,-119.861502,0.161286,42,14
2020-04-07 03:03:35,-119.861502,0.161286,42,14
2020-04-07 03:03:40,-119.861502,0.161286,46,14
2020-04-07 03:03:45,-119.861502,0.161286,39,14
2020-04-07 03:03:50,-119.861502,0.161286,38,14
2020-04-07 03:03:55,-119.861502,0.161286,41,14
2020-04-07 03:04:00,-119.861502,0.161286,45,14
2020-04-07 03:04:05,-119.861502,0.161286,41,14
2020-04-07 03:04:10,-119.861502,0.161286,45,14
2020-04-07 03:04:15,-119.861502,0.161286,45,14
2020-04-07 03:04:20,-119.861502,0.161286,46,14
2020-04-07 03:04:25,-119.861502,0.161286,46,14
2020-04-07 03:04:30,-119.861502,0.161286,46,14
2020-04-07 03:04:35,-119.861502,0.161286,39,14
2020-04-07 03:04:40,-119.861502,0.161286,47,14
2020-04-07 03:04:45,-119.861502,0.161286,46,14
2020-04-07 03:04:50,-119.861502,0.161286,45,14
2020-04-07 03:04:55,-119.861502,0.161286,42,14
2020-04-07 03:05:00,-119.861502,0.161286,48,14
2020-04-07 03:05:05,-119.861502,0.161286,47,14
2020-04-07 03:05:10,-119.861502,0.161286,46,14
2020-04-07 03:05:15,-119.861502,0.161286,46,14
2020-04-07 03:05:20,-119.861502,0.161286,45,14
2020-04-07 03:05:25,-119.861502,0.161286,37,14
2020-04-07 03:05:30,-119.861502,0.161286,40,14
2020-04-07 03:05:35,-119.861502,0.161286,41,14
2020-04-07 03:05:40,-119.861502,0.161286,38,14
2020-04-07 03:05:45,-119.861502,0.161286,42,14
2020-04-07 03:05:50,-119.861502,0.161286,41,14
2020-04-07 03:05:55,-119.861502,0.161286,42,14
2020-04-07 03:06:00,-119.861502,0.161286,47,14
2020-04-07 03:06:05,-119.861502,0.161286,43,14
2020-04-07 03:06:10,-119.861502,0.161286,46,14
2020-04-07 03:06:15,-119.861502,0.161286,37,14
2020-04-07 03:06:20,-119.861502,0.161286,46,14
2020-04-07 03:06:25,-119.861502,0.161286,44,14
2020-04-07 03:06:30,-119.861502,0.161286,41,14
2020-04-07 03:06:35,-119.861502,0.161286,44,14
2020-04-07 03:06:40,-119.861502,0.161286,44,14
2020-04-07 03:06:45,-119.861502,0.161286,36,14
2020-04-07 03:06:50,-119.861502,0.161286,35,14
2020-04-07 03:06:55,-119.861502,0.161286,39,14
2020-04-07 03:07:00,-119.861502,0.161286,44,14
2020-04-07 03:07:05,-119.861502,0.161286,42,14
2020-04-07 03:07:10,-119.861502,0.161286,39,14
2020-04-07 03:07:15,-119.861502,0.161286,35,14
2020-04-07 03:07:20,-119.861502,0.161286,44,14
2020-04-07 03:07:25,-119.861502,0.161286,43,14
2020-04-07 03:07:30,-119.861502,0.161286,41,14
2020-04-07 03:07:35,-119.861502,0.161286,44,14
2020-04-07 03:07:40,-119.861502,0.161286,40,14
2020-04-07 03:07:45,-119.861502,0.161286,44,14
2020-04-07 03:07:50,-119.861502,0.161286,41,14
2020-04-07 03:07:55,-119.861502,0.161286,45,14
2020-04-07 03:08:00,-119.861502,0.161286,41,14
2020-04-07 03:08:05,-119.861502,0.161286,42,14
2020-04-07 03:08:10,-119.861502,0.161286,41,14
2020-04-07 03:08:15,-119.861502,0.161286,39,14
2020-04-07 03:08:20,-119.861502,0.161286,42,14
2020-04-07 03:08:25,-119.861502,0.161286,45,14
2020-04-07 03:08:30,-119.861502,0.161286,39,14
2020-04-07 03:08:35,-119.861502,0.161286,45,14
2020-04-07 03:08:40,-119.861502,0.161286,41,14
2020-04-07 03:08:45,-119.861502,0.161286,39,14
2020-04-07 03:08:50,-119.861502,0.161286,38,14
2020-04-07 03:08:55,-119.861502,0.161286,40,14
2020-04-07 03:09:00,-119.861502,0.161286,45,14
2020-04-07 03:09:05,-119.861502,0.161286,37,14
2020-04-07 03:09:10,-119.861502,0.161286,41,14
2020-04-07 03:09:15,-119.861502,0.161286,39,14
2020-04-07 03:09:20,-119.861502,0.161286,39,14
2020-04-07 03:09:25,-119.861502,0.161286,43,14
2020-04-07 03:09:30,-119.861502,0.161286,38,14
2020-04-07 03:09:35,-119.861502,0.161286,41,14
2020-04-07 03:09:40,-119.861502,0.161286,42,14
2020-04-07 03:09:45,-119.861502,0.161286,42,14
2020-04-07 03:09:50,-119.861502,0.161286,41,14
2020-04-07 03:09:55,-119.861502,0.161286,41,14
2020-04-07 03:10:00,-119.861502,0.161286,43,14
2020-04-07 03:10:05,-119.861502,0.161286,39,14
2020-04-07 03:10:10,-119.861502,0.161286,43,14
2020-04-07 03:10:15,-119.861502,0.161286,44,14
2020-04-07 03:10:20,-119.861502,0.161286,42,14
2020-04-07 03:10:25,-119.861502,0.161286,38,14
2020-04-07 03:10:30,-119.861502,0.161286,45,14
2020-04-07 03:10:35,-119.861502,0.161286,37,14
2020-04-07 03:10:40,-119.861502,0.161286,38,14
2020-04-07 03:10:45,-119.861502,0.161286,40,14
2020-04-07 03:10:50,-119.861502,0.161286,43,14
2020-04-07 03:10:55,-119.861502,0.161286,43,14
2020-04-07 03:11:00,-119.861502,0.161286,40,14
2020-04-07 03:11:05,-119.861502,0.161286,38,14
2020-04-07 03:11:10,-119.861502,0.161286,40,14
2020-04-07 03:11:15,-119.861502,0.161286,44,14
2020-04-07 03:11:20,-119.861502,0.161286,38,14
2020-04-07 03:11:25,-119.861502,0.161286,42,14
2020-04-07 03:11:30,-119.861502,0.161286,43,14
2020-04-07 03:11:35,-119.861502,0.161286,41,14
2020-04-07 03:11:40,-119.861502,0.161286,40,14
2020-04-07 03:11:45,-119.861502,0.161286,40,14
2020-04-07 03:11:50,-119.861502,0.161286,35,14
2020-04-07 03:11:55,-119.861502,0.161286,40,14
2020-04-07 03:12:00,-119.861502,0.161286,37,14
2020-04-07 03:12:05,-119.861502,0.161286,45,14
2020-04-07 03:12:10,-119.861502,0.161286,45,14
2020-04-07 03:12:15,-119.861502,0.161286,44,14
2020-04-07 03:12:20,-119.861502,0.161286,39,14
2020-04-07 03:12:25,-119.861502,0.161286,46,14
2020-04-07 03:12:30,-119.861502,0.161286,38,14
2020-04-07 03:12:35,-119.861502,0.161286,45,14
2020-04-07 03:12:40,-119.861502,0.161286,40,14
2020-04-07 03:12:45,-119.861502,0.161286,36,14
2020-04-07 03:12:50,-119.861502,0.161286,42,14
2020-04-07 03:12:55,-119.861502,0.161286,40,14
2020-04-07 03:13:00,-119.861502,0.161286,44,14
2020-04-07 03:13:05,-119.861502,0.161286,40,14
2020-04-07 03:13:10,-119.861502,0.161286,38,14
2020-04-07 03:13:15,-119.861502,0.161286,43,14
2020-04-07 03:13:20,-119.861502,0.161286,40,14
2020-04-07 03:13:25,-119.861502,0.161286,39,14
2020-04-07 03:13:30,-119.861502,0.161286,44,14
2020-04-07 03:13:35,-119.861502,0.161286,41,14
2020-04-07 03:13:40,-119.861502,0.161286,43,14
2020-04-07 03:13:45,-119.861502,0.161286,38,14
2020-04-07 03:13:50,-119.861502,0.161286,37,14
2020-04-07 03:13:55,-119.861502,0.161286,45,14
2020-04-07 03:14:00,-119.861502,0.161286,39,14
2020-04-07 03:14:05,-119.861502,0.161286,39,14
2020-04-07 03:14:10,-119.861502,0.161286,49,14
2020-04-07 03:14:15,-119.861502,0.161286,40,14
2020-04-07 03:14:20,-119.861502,0.161286,42,14
2020-04-07 03:14:25,-119.861502,0.161286,43,14
2020-04-07 03:14:30,-119.861502,0.161286,47,14
2020-04-07 03:14:35,-119.861502,0.161286,45,14
2020-04-07 03:14:40,-119.861502,0.161286,42,14
2020-04-07 03:14:45,-119.861502,0.161286,40,14
2020-04-07 03:14:50,-119.861502,0.161286,39,14
2020-04-07 03:14:55,-119.861502,0.161286,38,14
2020-04-07 03:15:00,-119.861502,0.161286,36,14
2020-04-07 03:15:05,-119.861502,0.161286,46,14
2020-04-07 03:15:10,-119.861502,0.161286,42,14
2020-04-07 03:15:15,-119.861502,0.161286,43,14
2020-04-07 03:15:20,-119.861502,0.161286,44,14
2020-04-07 03:15:25,-119.861502,0.161286,45,14
2020-04-07 03:15:30,-119.861502,0.161286,46,14
2020-04-07 03:15:35,-119.861502,0.161286,44,14
2020-04-07 03:15:40,-119.861502,0.161286,47,14
2020-04-07 03:15:45,-119.861502,0.161286,42,14
2020-04-07 03:15:50,-119.861502,0.161286,41,14
2020-04-07 03:15:55,-119.861502,0.161286,41,14
2020-04-07 03:16:00,-119.861502,0.161286,39,14
2020-04-07 03:16:05,-119.861502,0.161286,42,14
2020-04-07 03:16:10,-119.861502,0.161286,42,14
2020-04-07 03:16:15,-119.861502,0.161286,40,14
2020-04-07 03:16:20,-119.861502,0.161286,37,14
2020-04-07 03:16:25,-119.861502,0.161286,39,14
2020-04-07 03:16:30,-119.861502,0.161286,44,14
2020-04-07 03:16:35,-119.861502,0.161286,40,14
2020-04-07 03:16:40,-119.861502,0.161286,35,14
2020-04-07 03:16:45,-119.861502,0.161286,40,14
2020-04-07 03:16:50,-119.861502,0.161286,42,14
2020-04-07 03:16:55,-119.861502,0.161286,40,14
2020-04-07 03:17:00,-119.861502,0.161286,41,14
2020-04-07 03:17:05,-119.861502,0.161286,37,14
2020-04-07 03:17:10,-119.861502,0.161286,41,14
2020-04-07 03:17:15,-119.861502,0.161286,42,14
2020-04-07 03:17:20,-119.861502,0.161286,41,14
2020-04-07 03:17:25,-119.861502,0.161286,42,14
2020-04-07 03:17:30,-119.861502,0.161286,45,14
2020-04-07 03:17:35,-119.861502,0.161286,42,14
2020-04-07 03:17:40,-119.861502,0.161286,39,14
2020-04-07 03:17:45,-119.861502,0.161286,40,14
2020-04-07 03:17:50,-119.861502,0.161286,42,14
2020-04-07 03:17:55,-119.861502,0.161286,42,14
2020-04-07 03:18:00,-119.861502,0.161286,39,14
2020-04-07 03:18:05,-119.861502,0.161286,40,14
2020-04-07 03:18:10,-119.861502,0.161286,38,14
2020-04-07 03:18:15,-119.861502,0.161286,42,14
2020-04-07 03:18:20,-119.861502,0.161286,44,14
2020-04-07 03:18:25,-119.861502,0.161286,36,14
2020-04-07 03:18:30,-119.861502,0.161286,39,14
2020-04-07 03:18:35,-119.861502,0.161286,45,14
2020-04-07 03:18:40,-119.861502,0.161286,39,14
2020-04-07 03:18:45,-119.861502,0.161286,45,14
2020-04-07 03:18:50,-119.861502,0.161286,43,14
2020-04-07 03:18:55,-119.861502,0.161286,37,14
2020-04-07 03:19:00,-119.861502,0.161286,42,14
2020-04-07 03:19:05,-119.861502,0.161286,39,14
2020-04-07 03:19:10,-119.861502,0.161286,48,14
2020-04-07 03:19:15,-119.861502,0.161286,42,14
2020-04-07 03:19:20,-119.861502,0.161286,38,14
2020-04-07 03:19:25,-119.861502,0.161286,40,14
2020-04-07 03:19:30,-119.861502,0.161286,42,14
2020-04-07 03:19:35,-119.861502,0.161286,41,14
2020-04-07 03:19:40,-119.861502,0.161286,41,14
2020-04-07 03:19:45,-119.861502,0.161286,40,14
2020-04-07 03:19:50,-119.861502,0.161286,42,14
2020-04-07 03:19:55,-119.861502,0.161286,42,14
2020-04-07 03:20:00,-119.861502,0.161286,45,14
2020-04-07 03:20:05,-119.861502,0.161286,41,14
2020-04-07 03:20:10,-119.861502,0.161286,42,14
2020-04-07 03:20:15,-119.861502,0.161286,39,14
2020-04-07 03:20:20,-119.861502,0.161286,40,14
2020-04-07 03:20:25,-119.861502,0.161286,43,14
2020-04-07 03:20:30,-119.861502,0.161286,43,14
2020-04-07 03:20:35,-119.861502,0.161286,39,14
2020-04-07 03:20:40,-119.861502,0.161286,41,14
2020-04-07 03:20:45,-119.861502,0.161286,42,14
2020-04-07 03:20:50,-119.861502,0.161286,40,14
2020-04-07 03:20:55,-119.861502,0.161286,37,14
2020-04-07 03:21:00,-119.861502,0.161286,48,14
2020-04-07 03:21:05,-119.861502,0.161286,42,14
2020-04-07 03:21:10,-119.861502,0.161286,40,14
2020-04-07 03:21:15,-119.861502,0.161286,37,14
2020-04-07 03:21:20,-119.861502,0.161286,42,14
2020-04-07 03:21:25,-119.861502,0.161286,43,14
2020-04-07 03:21:30,-119.861502,0.161286,38,14
2020-04-07 03:21:35,-119.861502,0.161286,39,14
2020-04-07 03:21:40,-119.861502,0.161286,36,14
2020-04-07 03:21:45,-119.861502,0.161286,42,14
2020-04-07 03:21:50,-119.861502,0.161286,46,14
2020-04-07 03:21:55,-119.861502,0.161286,43,14
2020-04-07 03:22:00,-119.861502,0.161286,45,14
2020-04-07 03:22:05,-119.861502,0.161286,42,14
2020-04-07 03:22:10,-119.861502,0.161286,44,14
2020-04-07 03:22:15,-119.861502,0.161286,43,14
2020-04-07 03:22:20,-119.861502,0.161286,37,14
2020-04-07 03:22:25,-119.861502,0.161286,45,14
2020-04-07 03:22:30,-119.861502,0.161286,42,14
2020-04-07 03:22:35,-119.861502,0.161286,38,14
2020-04-07 03:22:40,-119.861502,0.161286,45,14
2020-04-07 03:22:45,-119.861502,0.161286,39,14
2020-04-07 03:22:50,-119.861502,0.161286,40,14
2020-04-07 03:22:55,-119.861502,0.161286,45,14
2020-04-07 03:23:00,-119.861502,0.161286,42,14
2020-04-07 03:23:05,-119.861502,0.161286,35,14
2020-04-07 03:23:10,-119.861502,0.161286,42,14
2020-04-07 03:23:15,-119.861502,0.161286,39,14
2020-04-07 03:23:20,-119.861502,0.161286,35,14
2020-04-07 03:23:25,-119.861502,0.161286,40,14
2020-04-07 03:23:30,-119.861502,0.161286,43,14
2020-04-07 03:23:35,-119.861502,0.161286,41,14
2020-04-07 03:23:40,-119.861502,0.161286,45,14
2020-04-07 03:23:45,-119.861502,0.161286,39,14
2020-04-07 03:23:50,-119.861502,0.161286,45,14
2020-04-07 03:23:55,-119.861502,0.161286,38,14
2020-04-07 03:24:00,-119.861502,0.161286,40,14
2020-04-07 03:24:05,-119.861502,0.161286,41,14
2020-04-07 03:24:10,-119.861502,0.161286,34,14
2020-04-07 03:24:15,-119.861502,0.161286,47,14
2020-04-07 03:24:20,-119.861502,0.161286,41,14
2020-04-07 03:24:25,-119.861502,0.161286,45,14
2020-04-07 03:24:30,-119.861502,0.161286,43,14
2020-04-07 03:24:35,-119.861502,0.161286,44,14
2020-04-07 03:24:40,-119.861502,0.161286,42,14
2020-04-07 03:24:45,-119.861502,0.161286,40,14
2020-04-07 03:24:50,-119.861502,0.161286,44,14
2020-04-07 03:24:55,-119.861502,0.161286,40,14
2020-04-07 03:25:00,-119.861502,0.161286,43,14
2020-04-07 03:25:05,-119.861502,0.161286,38,14
2020-04-07 03:25:10,-119.861502,0.161286,42,14
2020-04-07 03:25:15,-119.861502,0.161286,42,14
2020-04-07 03:25:20,-119.861502,0.161286,43,14
2020-04-07 03:25:25,-119.861502,0.161286,43,14
2020-04-07 03:25:30,-119.861502,0.161286,41,14
2020-04-07 03:25:35,-119.861502,0.161286,47,14
2020-04-07 03:25:40,-119.861502,0.161286,42,14
2020-04-07 03:25:45,-119.861502,0.161286,42,14
2020-04-07 03:25:50,-119.861502,0.161286,42,14
2020-04-07 03:25:55,-119.861502,0.161286,44,14
2020-04-07 03:26:00,-119.861502,0.161286,41,14
2020-04-07 03:26:05,-119.861502,0.161286,45,14
2020-04-07 03:26:10,-119.861502,0.161286,48,14
2020-04-07 03:26:15,-119.861502,0.161286,41,14
2020-04-07 03:26:20,-119.861502,0.161286,42,14
2020-04-07 03:26:25,-119.861502,0.161286,41,14
2020-04-07 03:26:30,-119.861502,0.161286,38,14
2020-04-07 03:26:35,-119.861502,0.161286,44,14
2020-04-07 03:26:40,-119.861502,0.161286,43,14
2020-04-07 03:26:45,-119.861502,0.161286,47,14
2020-04-07 03:26:50,-119.861502,0.161286,44,14
2020-04-07 03:26:55,-119.861502,0.161286,43,14
2020-04-07 03:27:00,-119.861502,0.161286,44,14
2020-04-07 03:27:05,-119.861502,0.161286,43,14
2020-04-07 03:27:10,-119.861502,0.161286,41,14
2020-04-07 03:27:15,-119.861502,0.161286,45,14
2020-04-07 03:27:20,-119.861502,0.161286,45,14
2020-04-07 03:27:25,-119.861502,0.161286,38,14
2020-04-07 03:27:30,-119.861502,0.161286,39,14
2020-04-07 03:27:35,-119.861502,0.161286,46,14
2020-04-07 03:27:40,-119.861502,0.161286,41,14
2020-04-07 03:27:45,-119.861502,0.161286,42,14
2020-04-07 03:27:50,-119.861502,0.161286,48,14
2020-04-07 03:27:55,-119.861502,0.161286,41,14
2020-04-07 03:28:00,-119.861502,0.161286,45,14
2020-04-07 03:28:05,-119.861502,0.161286,44,14
2020-04-07 03:28:10,-119.861502,0.161286,41,14
2020-04-07 03:28:15,-119.861502,0.161286,42,14
2020-04-07 03:28:20,-119.861502,0.161286,37,14
2020-04-07 03:28:25,-119.861502,0.161286,43,14
2020-04-07 03:28:30,-119.861502,0.161286,42,14
2020-04-07 03:28:35,-119.861502,0.161286,41,14
2020-04-07 03:28:40,-119.861502,0.161286,44,14
2020-04-07 03:28:45,-119.861502,0.161286,43,14
2020-04-07 03:28:50,-119.861502,0.161286,46,14
2020-04-07 03:28:55,-119.861502,0.161286,42,14
2020-04-07 03:29:00,-119.861502,0.161286,44,14
2020-04-07 03:29:05,-119.861502,0.161286,45,14
2020-04-07 03:29:10,-119.861502,0.161286,37,14
2020-04-07 03:29:15,-119.861502,0.161286,41,14
2020-04-07 03:29:20,-119.861502,0.161286,42,14
2020-04-07 03:29:25,-119.861502,0.161286,46,14
2020-04-07 03:29:30,-119.861502,0.161286,42,14
2020-04-07 03:29:35,-119.861502,0.161286,44,14
2020-04-07 03:29:40,-119.861502,0.161286,46,14
2020-04-07 03:29:45,-119.861502,0.161286,45,14
2020-04-07 03:29:50,-119.861502,0.161286,43,14
2020-04-07 03:29:55,-119.861502,0.161286,42,14
2020-04-07 03:30:00,-119.861502,0.161286,46,14
2020-04-07 03:30:05,-119.861502,0.161286,46,14
2020-04-07 03:30:10,-119.861502,0.161286,43,14
2020-04-07 03:30:15,-119.861502,0.161286,44,14
2020-04-07 03:30:20,-119.861502,0.161286,43,14
2020-04-07 03:30:25,-119.861502,0.161286,47,14
2020-04-07 03:30:30,-119.861502,0.161286,44,14
2020-04-07 03:30:35,-119.861502,0.161286,45,14
2020-04-07 03:30:40,-119.861502,0.161286,43,14
2020-04-07 03:30:45,-119.861502,0.161286,42,14
2020-04-07 03:30:50,-119.861502,0.161286,40,14
2020-04-07 03:30:55,-119.861502,0.161286,42,14
2020-04-07 03:31:00,-119.861502,0.161286,46,14
2020-04-07 03:31:05,-119.861502,0.161286,48,14
2020-04-07 03:31:10,-119.861502,0.161286,43,14
2020-04-07 03:31:15,-119.861502,0.161286,47,14
2020-04-07 03:31:20,-119.861502,0.161286,45,14
2020-04-07 03:31:25,-119.861502,0.161286,50,14
2020-04-07 03:31:30,-119.861502,0.161286,38,14
2020-04-07 03:31:35,-119.861502,0.161286,45,14
2020-04-07 03:31:40,-119.861502,0.161286,45,14
2020-04-07 03:31:45,-119.861502,0.161286,45,14
2020-04-07 03:31:50,-119.861502,0.161286,42,14
2020-04-07 03:31:55,-119.861502,0.161286,38,14
2020-04-07 03:32:00,-119.861502,0.161286,47,14
2020-04-07 03:32:05,-119.861502,0.161286,44,14
2020-04-07 03:32:10,-119.861502,0.161286,39,14
2020-04-07 03:32:15,-119.861502,0.161286,43,14
2020-04-07 03:32:20,-119.861502,0.161286,40,14
2020-04-07 03:32:25,-119.861502,0.161286,44,14
2020-04-07 03:32:30,-119.861502,0.161286,46,14
2020-04-07 03:32:35,-119.861502,0.161286,40,14
2020-04-07 03:32:40,-119.861502,0.161286,40,14
2020-04-07 03:32:45,-119.861502,0.161286,42,14
2020-04-07 03:32:50,-119.861502,0.161286,41,14
2020-04-07 03:32:55,-119.861502,0.161286,42,14
2020-04-07 03:33:00,-119.861502,0.161286,43,14
2020-04-07 03:33:05,-119.861502,0.161286,43,14
2020-04-07 03:33:10,-119.861502,0.161286,38,14
2020-04-07 03:33:15,-119.861502,0.161286,43,14
2020-04-07 03:33:20,-119.861502,0.161286,40,14
2020-04-07 03:33:25,-119.861502,0.161286,39,14
2020-04-07 03:33:30,-119.861502,0.161286,43,14
2020-04-07 03:33:35,-119.861502,0.161286,47,14
2020-04-07 03:33:40,-119.861502,0.161286,42,14
2020-04-07 03:33:45,-119.861502,0.161286,42,14
2020-04-07 03:33:50,-119.861502,0.161286,44,14
2020-04-07 03:33:55,-119.861502,0.161286,44,14
2020-04-07 03:34:00,-119.861502,0.161286,38,14
2020-04-07 03:34:05,-119.861502,0.161286,39,14
2020-04-07 03:34:10,-119.861502,0.161286,43,14
2020-04-07 03:34:15,-119.861502,0.161286,42,14
2020-04-07 03:34:20,-119.861502,0.161286,38,14
2020-04-07 03:34:25,-119.861502,0.161286,48,14
2020-04-07 03:34:30,-119.861502,0.161286,39,14
2020-04-07 03:34:35,-119.861502,0.161286,43,14
2020-04-07 03:34:40,-119.861502,0.161286,39,14
2020-04-07 03:34:45,-119.861502,0.161286,42,14
2020-04-07 03:34:50,-119.861502,0.161286,41,14
2020-04-07 03:34:55,-119.861502,0.161286,47,14
2020-04-07 03:35:00,-119.861502,0.161286,40,14
2020-04-07 03:35:05,-119.861502,0.161286,42,14
2020-04-07 03:35:10,-119.861502,0.161286,41,14
2020-04-07 03:35:15,-119.861502,0.161286,43,14
2020-04-07 03:35:20,-119.861502,0.161286,43,14
2020-04-07 03:35:25,-119.861502,0.161286,39,14
2020-04-07 03:35:30,-119.861502,0.161286,43,14
2020-04-07 03:35:35,-119.861502,0.161286,46,14
2020-04-07 03:35:40,-119.861502,0.161286,42,14
2020-04-07 03:35:45,-119.861502,0.161286,39,14
2020-04-07 03:35:50,-119.861502,0.161286,42,14
2020-04-07 03:35:55,-119.861502,0.161286,42,14
2020-04-07 03:36:00,-119.861502,0.161286,46,14
2020-04-07 03:36:05,-119.861502,0.161286,46,14
2020-04-07 03:36:10,-119.861502,0.161286,38,14
2020-04-07 03:36:15,-119.861502,0.161286,43,14
2020-04-07 03:36:20,-119.861502,0.161286,44,14
2020-04-07 03:36:25,-119.861502,0.161286,40,14
2020-04-07 03:36:30,-119.861502,0.161286,42,14
2020-04-07 03:36:35,-119.861502,0.161286,45,14
2020-04-07 03:36:40,-119.861502,0.161286,45,14
2020-04-07 03:36:45,-119.861502,0.161286,40,14
2020-04-07 03:36:50,-119.861502,0.161286,41,14
2020-04-07 03:36:55,-119.861502,0.161286,41,14
2020-04-07 03:37:00,-119.861502,0.161286,41,14
2020-04-07 03:37:05,-119.861502,0.161286,42,14
2020-04-07 03:37:10,-119.861502,0.161286,45,14
2020-04-07 03:37:15,-119.861502,0.161286,44,14
2020-04-07 03:37:20,-119.861502,0.161286,45,14
2020-04-07 03:37:25,-119.861502,0.161286,42,14
2020-04-07 03:37:30,-119.861502,0.161286,41,14
2020-04-07 03:37:35,-119.861502,0.161286,42,14
2020-04-07 03:37:40,-119.861502,0.161286,36,14
2020-04-07 03:37:45,-119.861502,0.161286,39,14
2020-04-07 03:37:50,-119.861502,0.161286,45,14
2020-04-07 03:37:55,-119.861502,0.161286,36,14
2020-04-07 03:38:00,-119.861502,0.161286,48,14
2020-04-07 03:38:05,-119.861502,0.161286,43,14
2020-04-07 03:38:10,-119.861502,0.161286,43,14
2020-04-07 03:38:15,-119.861502,0.161286,44,14
2020-04-07 03:38:20,-119.861502,0.161286,42,14
2020-04-07 03:38:25,-119.861502,0.161286,40,14
2020-04-07 03:38:30,-119.861502,0.161286,49,14
2020-04-07 03:38:35,-119.861502,0.161286,44,14
2020-04-07 03:38:40,-119.861502,0.161286,52,14
2020-04-07 03:38:45,-119.861502,0.161286,44,14
2020-04-07 03:38:50,-119.861502,0.161286,42,14
2020-04-07 03:38:55,-119.861502,0.161286,44,14
2020-04-07 03:39:00,-119.861502,0.161286,43,14
2020-04-07 03:39:05,-119.861502,0.161286,43,14
2020-04-07 03:39:10,-119.861502,0.161286,44,14
2020-04-07 03:39:15,-119.861502,0.161286,41,14
2020-04-07 03:39:20,-119.861502,0.161286,53,14
2020-04-07 03:39:25,-119.861502,0.161286,47,14
2020-04-07 03:39:30,-119.861502,0.161286,49,14
2020-04-07 03:39:35,-119.861502,0.161286,47,14
2020-04-07 03:39:40,-119.861502,0.161286,43,14
2020-04-07 03:39:45,-119.861502,0.161286,49,14
2020-04-07 03:39:50,-119.861502,0.161286,40,14
2020-04-07 03:39:55,-119.861502,0.161286,39,14
2020-04-07 03:40:00,-119.861502,0.161286,43,14
2020-04-07 03:40:05,-119.861502,0.161286,42,14
2020-04-07 03:40:10,-119.861502,0.161286,49,14
2020-04-07 03:40:15,-119.861502,0.161286,42,14
2020-04-07 03:40:20,-119.861502,0.161286,43,14
2020-04-07 03:40:25,-119.861502,0.161286,40,14
2020-04-07 03:40:30,-119.861502,0.161286,45,14
2020-04-07 03:40:35,-119.861502,0.161286,45,14
2020-04-07 03:40:40,-119.861502,0.161286,43,14
2020-04-07 03:40:45,-119.861502,0.161286,40,14
2020-04-07 03:40:50,-119.861502,0.161286,42,14
2020-04-07 03:40:55,-119.861502,0.161286,47,14
2020-04-07 03:41:00,-119.861502,0.161286,41,14
2020-04-07 03:41:05,-119.861502,0.161286,40,14
2020-04-07 03:41:10,-119.861502,0.161286,40,14
2020-04-07 03:41:15,-119.861502,0.161286,40,14
2020-04-07 03:41:20,-119.861502,0.161286,39,14
2020-04-07 03:41:25,-119.861502,0.161286,44,14
2020-04-07 03:41:30,-119.861502,0.161286,38,14
2020-04-07 03:41:35,-119.861502,0.161286,41,14
2020-04-07 03:41:40,-119.861502,0.161286,42,14
2020-04-07 03:41:45,-119.861502,0.161286,44,14
2020-04-07 03:41:50,-119.861502,0.161286,38,14
2020-04-07 03:41:55,-119.861502,0.161286,45,14
2020-04-07 03:42:00,-119.861502,0.161286,44,14
2020-04-07 03:42:05,-119.861502,0.161286,39,14
2020-04-07 03:42:10,-119.861502,0.161286,44,14
2020-04-07 03:42:15,-119.861502,0.161286,38,14
2020-04-07 03:42:20,-119.861502,0.161286,39,14
2020-04-07 03:42:25,-119.861502,0.161286,41,14
2020-04-07 03:42:30,-119.861502,0.161286,37,14
2020-04-07 03:42:35,-119.861502,0.161286,38,14
2020-04-07 03:42:40,-119.861502,0.161286,45,14
2020-04-07 03:42:45,-119.861502,0.161286,46,14
2020-04-07 03:42:50,-119.861502,0.161286,43,14
2020-04-07 03:42:55,-119.861502,0.161286,41,14
2020-04-07 03:43:00,-119.861502,0.161286,44,14
2020-04-07 03:43:05,-119.861502,0.161286,40,14
2020-04-07 03:43:10,-119.861502,0.161286,43,14
2020-04-07 03:43:15,-119.861502,0.161286,47,14
2020-04-07 03:43:20,-119.861502,0.161286,38,14
2020-04-07 03:43:25,-119.861502,0.161286,46,14
2020-04-07 03:43:30,-119.861502,0.161286,41,14
2020-04-07 03:43:35,-119.861502,0.161286,42,14
2020-04-07 03:43:40,-119.861502,0.161286,40,14
2020-04-07 03:43:45,-119.861502,0.161286,44,14
2020-04-07 03:43:50,-119.861502,0.161286,45,14
2020-04-07 03:43:55,-119.861502,0.161286,42,14
2020-04-07 03:44:00,-119.861502,0.161286,41,14
2020-04-07 03:44:05,-119.861502,0.161286,40,14
2020-04-07 03:44:10,-119.861502,0.161286,37,14
2020-04-07 03:44:15,-119.861502,0.161286,40,14
2020-04-07 03:44:20,-119.861502,0.161286,35,14
2020-04-07 03:44:25,-119.861502,0.161286,40,14
2020-04-07 03:44:30,-119.861502,0.161286,42,14
2020-04-07 03:44:35,-119.861502,0.161286,41,14
2020-04-07 03:44:40,-119.861502,0.161286,39,14
2020-04-07 03:44:45,-119.861502,0.161286,41,14
2020-04-07 03:44:50,-119.861502,0.161286,41,14
2020-04-07 03:44:55,-119.861502,0.161286,38,14
2020-04-07 03:45:00,-119.861502,0.161286,46,14
2020-04-07 03:45:05,-119.861502,0.161286,42,14
2020-04-07 03:45:10,-119.861502,0.161286,42,14
2020-04-07 03:45:15,-119.861502,0.161286,42,14
2020-04-07 03:45:20,-119.861502,0.161286,45,14
2020-04-07 03:45:25,-119.861502,0.161286,37,14
2020-04-07 03:45:30,-119.861502,0.161286,40,14
2020-04-07 03:45:35,-119.861502,0.161286,46,14
2020-04-07 03:45:40,-119.861502,0.161286,36,14
2020-04-07 03:45:45,-119.861502,0.161286,41,14
2020-04-07 03:45:50,-119.861502,0.161286,47,14
2020-04-07 03:45:55,-119.861502,0.161286,41,14
2020-04-07 03:46:00,-119.861502,0.161286,46,14
2020-04-07 03:46:05,-119.861502,0.161286,42,14
2020-04-07 03:46:10,-119.861502,0.161286,37,14
2020-04-07 03:46:15,-119.861502,0.161286,41,14
2020-04-07 03:46:20,-119.861502,0.161286,37,14
2020-04-07 03:46:25,-119.861502,0.161286,41,14
2020-04-07 03:46:30,-119.861502,0.161286,40,14
2020-04-07 03:46:35,-119.861502,0.161286,44,14
2020-04-07 03:46:40,-119.861502,0.161286,39,14
2020-04-07 03:46:45,-119.861502,0.161286,43,14
2020-04-07 03:46:50,-119.861502,0.161286,35,14
2020-04-07 03:46:55,-119.861502,0.161286,40,14
2020-04-07 03:47:00,-119.861502,0.161286,40,14
2020-04-07 03:47:05,-119.861502,0.161286,38,14
2020-04-07 03:47:10,-119.861502,0.161286,40,14
2020-04-07 03:47:15,-119.861502,0.161286,35,14
2020-04-07 03:47:20,-119.861502,0.161286,45,14
2020-04-07 03:47:25,-119.861502,0.161286,39,14
2020-04-07 03:47:30,-119.861502,0.161286,45,14
2020-04-07 03:47:35,-119.861502,0.161286,38,14
2020-04-07 03:47:40,-119.861502,0.161286,40,14
2020-04-07 03:47:45,-119.861502,0.161286,37,14
2020-04-07 03:47:50,-119.861502,0.161286,40,14
2020-04-07 03:47:55,-119.861502,0.161286,44,14
2020-04-07 03:48:00,-119.861502,0.161286,43,14
2020-04-07 03:48:05,-119.861502,0.161286,43,14
2020-04-07 03:48:10,-119.861502,0.161286,39,14
2020-04-07 03:48:15,-119.861502,0.161286,42,14
2020-04-07 03:48:20,-119.861502,0.161286,45,14
2020-04-07 03:48:25,-119.861502,0.161286,37,14
2020-04-07 03:48:30,-119.861502,0.161286,37,14
2020-04-07 03:48:35,-119.861502,0.161286,39,14
2020-04-07 03:48:40,-119.861502,0.161286,43,14
2020-04-07 03:48:45,-119.861502,0.161286,44,14
2020-04-07 03:48:50,-119.861502,0.161286,40,14
2020-04-07 03:48:55,-119.861502,0.161286,42,14
2020-04-07 03:49:00,-119.861502,0.161286,42,14
2020-04-07 03:49:05,-119.861502,0.161286,42,14
2020-04-07 03:49:10,-119.861502,0.161286,46,14
2020-04-07 03:49:15,-119.861502,0.161286,42,14
2020-04-07 03:49:20,-119.861502,0.161286,38,14
2020-04-07 03:49:25,-119.861502,0.161286,43,14
2020-04-07 03:49:30,-119.861502,0.161286,41,14
2020-04-07 03:49:35,-119.861502,0.161286,38,14
2020-04-07 03:49:40,-119.861502,0.161286,41,14
2020-04-07 03:49:45,-119.861502,0.161286,46,14
2020-04-07 03:49:50,-119.861502,0.161286,48,14
2020-04-07 03:49:55,-119.861502,0.161286,41,14
2020-04-07 03:50:00,-119.861502,0.161286,45,14
2020-04-07 03:50:05,-119.861502,0.161286,40,14
2020-04-07 03:50:10,-119.861502,0.161286,41,14
2020-04-07 03:50:15,-119.861502,0.161286,40,14
2020-04-07 03:50:20,-119.861502,0.161286,38,14
2020-04-07 03:50:25,-119.861502,0.161286,40,14
2020-04-07 03:50:30,-119.861502,0.161286,41,14
2020-04-07 03:50:35,-119.861502,0.161286,47,14
2020-04-07 03:50:40,-119.861502,0.161286,42,14
2020-04-07 03:50:45,-119.861502,0.161286,37,14
2020-04-07 03:50:50,-119.861502,0.161286,41,14
2020-04-07 03:50:55,-119.861502,0.161286,39,14
2020-04-07 03:51:00,-119.861502,0.161286,41,14
2020-04-07 03:51:05,-119.861502,0.161286,42,14
2020-04-07 03:51:10,-119.861502,0.161286,41,14
2020-04-07 03:51:15,-119.861502,0.161286,37,14
2020-04-07 03:51:20,-119.861502,0.161286,43,14
2020-04-07 03:51:25,-119.861502,0.161286,42,14
2020-04-07 03:51:30,-119.861502,0.161286,41,14
2020-04-07 03:51:35,-119.861502,0.161286,38,14
2020-04-07 03:51:40,-119.861502,0.161286,44,14
2020-04-07 03:51:45,-119.861502,0.161286,44,14
2020-04-07 03:51:50,-119.861502,0.161286,40,14
2020-04-07 03:51:55,-119.861502,0.161286,41,14
2020-04-07 03:52:00,-119.861502,0.161286,39,14
2020-04-07 03:52:05,-119.861502,0.161286,39,14
2020-04-07 03:52:10,-119.861502,0.161286,43,14
2020-04-07 03:52:15,-119.861502,0.161286,44,14
2020-04-07 03:52:20,-119.861502,0.161286,43,14
2020-04-07 03:52:25,-119.861502,0.161286,45,14
2020-04-07 03:52:30,-119.861502,0.161286,39,14
2020-04-07 03:52:35,-119.861502,0.161286,42,14
2020-04-07 03:52:40,-119.861502,0.161286,34,14
2020-04-07 03:52:45,-119.861502,0.161286,41,14
2020-04-07 03:52:50,-119.861502,0.161286,42,14
2020-04-07 03:52:55,-119.861502,0.161286,36,14
2020-04-07 03:53:00,-119.861502,0.161286,45,14
2020-04-07 03:53:05,-119.861502,0.161286,44,14
2020-04-07 03:53:10,-119.861502,0.161286,41,14
2020-04-07 03:53:15,-119.861502,0.161286,34,14
2020-04-07 03:53:20,-119.861502,0.161286,51,14
2020-04-07 03:53:25,-119.861502,0.161286,41,14
2020-04-07 03:53:30,-119.861502,0.161286,42,14
2020-04-07 03:53:35,-119.861502,0.161286,43,14
2020-04-07 03:53:40,-119.861502,0.161286,49,14
2020-04-07 03:53:45,-119.861502,0.161286,41,14
2020-04-07 03:53:50,-119.861502,0.161286,44,14
2020-04-07 03:53:55,-119.861502,0.161286,45,14
2020-04-07 03:54:00,-119.861502,0.161286,44,14
2020-04-07 03:54:05,-119.861502,0.161286,35,14
2020-04-07 03:54:10,-119.861502,0.161286,42,14
2020-04-07 03:54:15,-119.861502,0.161286,42,14
2020-04-07 03:54:20,-119.861502,0.161286,41,14
2020-04-07 03:54:25,-119.861502,0.161286,40,14
2020-04-07 03:54:30,-119.861502,0.161286,35,14
2020-04-07 03:54:35,-119.861502,0.161286,44,14
2020-04-07 03:54:40,-119.861502,0.161286,44,14
2020-04-07 03:54:45,-119.861502,0.161286,35,14
2020-04-07 03:54:50,-119.861502,0.161286,45,14
2020-04-07 03:54:55,-119.861502,0.161286,39,14
2020-04-07 03:55:00,-119.861502,0.161286,45,14
2020-04-07 03:55:05,-119.861502,0.161286,40,14
2020-04-07 03:55:10,-119.861502,0.161286,43,14
2020-04-07 03:55:15,-119.861502,0.161286,41,14
2020-04-07 03:55:20,-119.861502,0.161286,39,14
2020-04-07 03:55:25,-119.861502,0.161286,42,14
2020-04-07 03:55:30,-119.861502,0.161286,45,14
2020-04-07 03:55:35,-119.861502,0.161286,40,14
2020-04-07 03:55:40,-119.861502,0.161286,40,14
2020-04-07 03:55:45,-119.861502,0.161286,36,14
2020-04-07 03:55:50,-119.861502,0.161286,44,14
2020-04-07 03:55:55,-119.861502,0.161286,38,14
2020-04-07 03:56:00,-119.861502,0.161286,41,14
2020-04-07 03:56:05,-119.861502,0.161286,42,14
2020-04-07 03:56:10,-119.861502,0.161286,41,14
2020-04-07 03:56:15,-119.861502,0.161286,39,14
2020-04-07 03:56:20,-119.861502,0.161286,47,14
2020-04-07 03:56:25,-119.861502,0.161286,43,14
2020-04-07 03:56:30,-119.861502,0.161286,36,14
2020-04-07 03:56:35,-119.861502,0.161286,38,14
2020-04-07 03:56:40,-119.861502,0.161286,40,14
2020-04-07 03:56:45,-119.861502,0.161286,42,14
2020-04-07 03:56:50,-119.861502,0.161286,41,14
2020-04-07 03:56:55,-119.861502,0.161286,42,14
2020-04-07 03:57:00,-119.861502,0.161286,41,14
2020-04-07 03:57:05,-119.861502,0.161286,42,14
2020-04-07 03:57:10,-119.861502,0.161286,39,14
2020-04-07 03:57:15,-119.861502,0.161286,37,14
2020-04-07 03:57:20,-119.861502,0.161286,45,14
2020-04-07 03:57:25,-119.861502,0.161286,44,14
2020-04-07 03:57:30,-119.861502,0.161286,39,14
2020-04-07 03:57:35,-119.861502,0.161286,40,14
2020-04-07 03:57:40,-119.861502,0.161286,45,14
2020-04-07 03:57:45,-119.861502,0.161286,40,14
2020-04-07 03:57:50,-119.861502,0.161286,40,14
2020-04-07 03:57:55,-119.861502,0.161286,44,14
2020-04-07 03:58:00,-119.861502,0.161286,40,14
2020-04-07 03:58:05,-119.861502,0.161286,44,14
2020-04-07 03:58:10,-119.861502,0.161286,39,14
2020-04-07 03:58:15,-119.861502,0.161286,42,14
2020-04-07 03:58:20,-119.861502,0.161286,38,14
2020-04-07 03:58:25,-119.861502,0.161286,38,14
2020-04-07 03:58:30,-119.861502,0.161286,43,14
2020-04-07 03:58:35,-119.861502,0.161286,41,14
2020-04-07 03:58:40,-119.861502,0.161286,44,14
2020-04-07 03:58:45,-119.861502,0.161286,39,14
2020-04-07 03:58:50,-119.861502,0.161286,48,14
2020-04-07 03:58:55,-119.861502,0.161286,43,14
2020-04-07 03:59:00,-119.861502,0.161286,43,14
2020-04-07 03:59:05,-119.861502,0.161286,41,14
2020-04-07 03:59:10,-119.861502,0.161286,48,14
2020-04-07 03:59:15,-119.861502,0.161286,39,14
2020-04-07 03:59:20,-119.861502,0.161286,43,14
2020-04-07 03:59:25,-119.861502,0.161286,38,14
2020-04-07 03:59:30,-119.861502,0.161286,42,14
2020-04-07 03:59:35,-119.861502,0.161286,43,14
2020-04-07 03:59:40,-119.861502,0.161286,42,14
2020-04-07 03:59:45,-119.861502,0.161286,45,14
2020-04-07 03:59:50,-119.861502,0.161286,43,14
2020-04-07 03:59:55,-119.861502,0.161286,48,14
2020-04-07 04:00:00,-119.861502,0.161286,43,14
2020-04-07 04:00:05,-119.861502,0.161286,44,14
2020-04-07 04:00:10,-119.861502,0.161286,47,14
2020-04-07 04:00:15,-119.861502,0.161286,45,14
2020-04-07 04:00:20,-119.861502,0.161286,37,14
2020-04-07 04:00:25,-119.861502,0.161286,40,14
2020-04-07 04:00:30,-119.861502,0.161286,38,14
2020-04-07 04:00:35,-119.861502,0.161286,43,14
2020-04-07 04:00:40,-119.861502,0.161286,47,14
2020-04-07 04:00:45,-119.861502,0.161286,44,14
2020-04-07 04:00:50,-119.861502,0.161286,43,14
2020-04-07 04:00:55,-119.861502,0.161286,40,14
2020-04-07 04:01:00,-119.861502,0.161286,39,14
2020-04-07 04:01:05,-119.861502,0.161286,41,14
2020-04-07 04:01:10,-119.861502,0.161286,42,14
2020-04-07 04:01:15,-119.861502,0.161286,44,14
2020-04-07 04:01:20,-119.861502,0.161286,44,14
2020-04-07 04:01:25,-119.861502,0.161286,38,14
2020-04-07 04:01:30,-119.861502,0.161286,40,14
2020-04-07 04:01:35,-119.861502,0.161286,40,14
2020-04-07 04:01:40,-119.861502,0.161286,40,14
2020-04-07 04:01:45,-119.861502,0.161286,35,14
2020-04-07 04:01:50,-119.861502,0.161286,46,14
2020-04-07 04:01:55,-119.861502,0.161286,41,14
2020-04-07 04:02:00,-119.861502,0.161286,46,14
2020-04-07 04:02:05,-119.861502,0.161286,41,14
2020-04-07 04:02:10,-119.861502,0.161286,43,14
2020-04-07 04:02:15,-119.861502,0.161286,39,14
2020-04-07 04:02:20,-119.861502,0.161286,41,14
2020-04-07 04:02:25,-119.861502,0.161286,47,14
2020-04-07 04:02:30,-119.861502,0.161286,39,14
2020-04-07 04:02:35,-119.861502,0.161286,39,14
2020-04-07 04:02:40,-119.861502,0.161286,45,14
2020-04-07 04:02:45,-119.861502,0.161286,41,14
2020-04-07 04:02:50,-119.861502,0.161286,41,14
2020-04-07 04:02:55,-119.861502,0.161286,45,14
2020-04-07 04:03:00,-119.861502,0.161286,52,14
2020-04-07 04:03:05,-119.861502,0.161286,41,14
2020-04-07 04:03:10,-119.861502,0.161286,42,14
2020-04-07 04:03:15,-119.861502,0.161286,37,14
2020-04-07 04:03:20,-119.861502,0.161286,40,14
2020-04-07 04:03:25,-119.861502,0.161286,41,14
2020-04-07 04:03:30,-119.861502,0.161286,40,14
2020-04-07 04:03:35,-119.861502,0.161286,38,14
2020-04-07 04:03:40,-119.861502,0.161286,40,14
2020-04-07 04:03:45,-119.861502,0.161286,39,14
2020-04-07 04:03:50,-119.861502,0.161286,41,14
2020-04-07 04:03:55,-119.861502,0.161286,37,14
2020-04-07 04:04:00,-119.861502,0.161286,43,14
2020-04-07 04:04:05,-119.861502,0.161286,43,14
2020-04-07 04:04:10,-119.861502,0.161286,46,14
2020-04-07 04:04:15,-119.861502,0.161286,40,14
2020-04-07 04:04:20,-119.861502,0.161286,40,14
2020-04-07 04:04:25,-119.861502,0.161286,39,14
2020-04-07 04:04:30,-119.861502,0.161286,41,14
2020-04-07 04:04:35,-119.861502,0.161286,43,14
2020-04-07 04:04:40,-119.861502,0.161286,43,14
2020-04-07 04:04:45,-119.861502,0.161286,35,14
2020-04-07 04:04:50,-119.861502,0.161286,42,14
2020-04-07 04:04:55,-119.861502,0.161286,39,14
2020-04-07 04:05:00,-119.861502,0.161286,42,14
2020-04-07 04:05:05,-119.861502,0.161286,41,14
2020-04-07 04:05:10,-119.861502,0.161286,44,14
2020-04-07 04:05:15,-119.861502,0.161286,40,14
2020-04-07 04:05:20,-119.861502,0.161286,43,14
2020-04-07 04:05:25,-119.861502,0.161286,38,14
2020-04-07 04:05:30,-119.861502,0.161286,44,14
2020-04-07 04:05:35,-119.861502,0.161286,45,14
2020-04-07 04:05:40,-119.861502,0.161286,41,14
2020-04-07 04:05:45,-119.861502,0.161286,37,14
2020-04-07 04:05:50,-119.861502,0.161286,41,14
2020-04-07 04:05:55,-119.861502,0.161286,42,14
2020-04-07 04:06:00,-119.861502,0.161286,43,14
2020-04-07 04:06:05,-119.861502,0.161286,38,14
2020-04-07 04:06:10,-119.861502,0.161286,42,14
2020-04-07 04:06:15,-119.861502,0.161286,44,14
2020-04-07 04:06:20,-119.861502,0.161286,43,14
2020-04-07 04:06:25,-119.861502,0.161286,42,14
2020-04-07 04:06:30,-119.861502,0.161286,37,14
2020-04-07 04:06:35,-119.861502,0.161286,41,14
2020-04-07 04:06:40,-119.861502,0.161286,42,14
2020-04-07 04:06:45,-119.861502,0.161286,41,14
2020-04-07 04:06:50,-119.861502,0.161286,41,14
2020-04-07 04:06:55,-119.861502,0.161286,43,14
2020-04-07 04:07:00,-119.861502,0.161286,44,14
2020-04-07 04:07:05,-119.861502,0.161286,48,14
2020-04-07 04:07:10,-119.861502,0.161286,49,14
2020-04-07 04:07:15,-119.861502,0.161286,41,14
2020-04-07 04:07:20,-119.861502,0.161286,39,14
2020-04-07 04:07:25,-119.861502,0.161286,42,14
2020-04-07 04:07:30,-119.861502,0.161286,46,14
2020-04-07 04:07:35,-119.861502,0.161286,39,14
2020-04-07 04:07:40,-119.861502,0.161286,41,14
2020-04-07 04:07:45,-119.861502,0.161286,37,14
2020-04-07 04:07:50,-119.861502,0.161286,44,14
2020-04-07 04:07:55,-119.861502,0.161286,40,14
2020-04-07 04:08:00,-119.861502,0.161286,37,14
2020-04-07 04:08:05,-119.861502,0.161286,42,14
2020-04-07 04:08:10,-119.861502,0.161286,43,14
2020-04-07 04:08:15,-119.861502,0.161286,48,14
2020-04-07 04:08:20,-119.861502,0.161286,44,14
2020-04-07 04:08:25,-119.861502,0.161286,38,14
2020-04-07 04:08:30,-119.861502,0.161286,40,14
2020-04-07 04:08:35,-119.861502,0.161286,48,14
2020-04-07 04:08:40,-119.861502,0.161286,43,14
2020-04-07 04:08:45,-119.861502,0.161286,40,14
2020-04-07 04:08:50,-119.861502,0.161286,39,14
2020-04-07 04:08:55,-119.861502,0.161286,39,14
2020-04-07 04:09:00,-119.861502,0.161286,38,14
2020-04-07 04:09:05,-119.861502,0.161286,39,14
2020-04-07 04:09:10,-119.861502,0.161286,36,14
2020-04-07 04:09:15,-119.861502,0.161286,41,14
2020-04-07 04:09:20,-119.861502,0.161286,43,14
2020-04-07 04:09:25,-119.861502,0.161286,43,14
2020-04-07 04:09:30,-119.861502,0.161286,40,14
2020-04-07 04:09:35,-119.861502,0.161286,41,14
2020-04-07 04:09:40,-119.861502,0.161286,37,14
2020-04-07 04:09:45,-119.861502,0.161286,42,14
2020-04-07 04:09:50,-119.861502,0.161286,40,14
2020-04-07 04:09:55,-119.861502,0.161286,42,14
2020-04-07 04:10:00,-119.861502,0.161286,42,14
2020-04-07 04:10:05,-119.861502,0.161286,44,14
2020-04-07 04:10:10,-119.861502,0.161286,40,14
2020-04-07 04:10:15,-119.861502,0.161286,38,14
2020-04-07 04:10:20,-119.861502,0.161286,43,14
2020-04-07 04:10:25,-119.861502,0.161286,44,14
2020-04-07 04:10:30,-119.861502,0.161286,43,14
2020-04-07 04:10:35,-119.861502,0.161286,44,14
2020-04-07 04:10:40,-119.861502,0.161286,39,14
2020-04-07 04:10:45,-119.861502,0.161286,41,14
2020-04-07 04:10:50,-119.861502,0.161286,44,14
2020-04-07 04:10:55,-119.861502,0.161286,42,14
2020-04-07 04:11:00,-119.861502,0.161286,47,14
2020-04-07 04:11:05,-119.861502,0.161286,43,14
2020-04-07 04:11:10,-119.861502,0.161286,42,14
2020-04-07 04:11:15,-119.861502,0.161286,37,14
2020-04-07 04:11:20,-119.861502,0.161286,43,14
2020-04-07 04:11:25,-119.861502,0.161286,42,14
2020-04-07 04:11:30,-119.861502,0.161286,41,14
2020-04-07 04:11:35,-119.861502,0.161286,47,14
2020-04-07 04:11:40,-119.861502,0.161286,41,14
2020-04-07 04:11:45,-119.861502,0.161286,37,14
2020-04-07 04:11:50,-119.861502,0.161286,44,14
2020-04-07 04:11:55,-119.861502,0.161286,41,14
2020-04-07 04:12:00,-119.861502,0.161286,46,14
2020-04-07 04:12:05,-119.861502,0.161286,42,14
2020-04-07 04:12:10,-119.861502,0.161286,42,14
2020-04-07 04:12:15,-119.861502,0.161286,38,14
2020-04-07 04:12:20,-119.861502,0.161286,45,14
2020-04-07 04:12:25,-119.861502,0.161286,47,14
2020-04-07 04:12:30,-119.861502,0.161286,42,14
2020-04-07 04:12:35,-119.861502,0.161286,39,14
2020-04-07 04:12:40,-119.861502,0.161286,39,14
2020-04-07 04:12:45,-119.861502,0.161286,42,14
2020-04-07 04:12:50,-119.861502,0.161286,42,14
2020-04-07 04:12:55,-119.861502,0.161286,36,14
2020-04-07 04:13:00,-119.861502,0.161286,41,14
2020-04-07 04:13:05,-119.861502,0.161286,36,14
2020-04-07 04:13:10,-119.861502,0.161286,37,14
2020-04-07 04:13:15,-119.861502,0.161286,46,14
2020-04-07 04:13:20,-119.861502,0.161286,39,14
2020-04-07 04:13:25,-119.861502,0.161286,43,14
2020-04-07 04:13:30,-119.861502,0.161286,42,14
2020-04-07 04:13:35,-119.861502,0.161286,38,14
2020-04-07 04:13:40,-119.861502,0.161286,44,14
2020-04-07 04:13:45,-119.861502,0.161286,38,14
2020-04-07 04:13:50,-119.861502,0.161286,41,14
2020-04-07 04:13:55,-119.861502,0.161286,37,14
2020-04-07 04:14:00,-119.861502,0.161286,41,14
2020-04-07 04:14:05,-119.861502,0.161286,38,14
2020-04-07 04:14:10,-119.861502,0.161286,40,14
2020-04-07 04:14:15,-119.861502,0.161286,44,14
2020-04-07 04:14:20,-119.861502,0.161286,45,14
2020-04-07 04:14:25,-119.861502,0.161286,42,14
2020-04-07 04:14:30,-119.861502,0.161286,41,14
2020-04-07 04:14:35,-119.861502,0.161286,39,14
2020-04-07 04:14:40,-119.861502,0.161286,48,14
2020-04-07 04:14:45,-119.861502,0.161286,39,14
2020-04-07 04:14:50,-119.861502,0.161286,45,14
2020-04-07 04:14:55,-119.861502,0.161286,44,14
2020-04-07 04:15:00,-119.861502,0.161286,43,14
2020-04-07 04:15:05,-119.861502,0.161286,38,14
2020-04-07 04:15:10,-119.861502,0.161286,36,14
2020-04-07 04:15:15,-119.861502,0.161286,42,14
2020-04-07 04:15:20,-119.861502,0.161286,39,14
2020-04-07 04:15:25,-119.861502,0.161286,43,14
2020-04-07 04:15:30,-119.861502,0.161286,42,14
2020-04-07 04:15:35,-119.861502,0.161286,36,14
2020-04-07 04:15:40,-119.861502,0.161286,41,14
2020-04-07 04:15:45,-119.861502,0.161286,38,14
2020-04-07 04:15:50,-119.861502,0.161286,39,14
2020-04-07 04:15:55,-119.861502,0.161286,45,14
2020-04-07 04:16:00,-119.861502,0.161286,39,14
2020-04-07 04:16:05,-119.861502,0.161286,43,14
2020-04-07 04:16:10,-119.861502,0.161286,39,14
2020-04-07 04:16:15,-119.861502,0.161286,37,14
2020-04-07 04:16:20,-119.861502,0.161286,39,14
2020-04-07 04:16:25,-119.861502,0.161286,43,14
2020-04-07 04:16:30,-119.861502,0.161286,42,14
2020-04-07 04:16:35,-119.861502,0.161286,41,14
2020-04-07 04:16:40,-119.861502,0.161286,44,14
2020-04-07 04:16:45,-119.861502,0.161286,39,14
2020-04-07 04:16:50,-119.861502,0.161286,43,14
2020-04-07 04:16:55,-119.861502,0.161286,44,14
2020-04-07 04:17:00,-119.861502,0.161286,43,14
2020-04-07 04:17:05,-119.861502,0.161286,37,14
2020-04-07 04:17:10,-119.861502,0.161286,41,14
2020-04-07 04:17:15,-119.861502,0.161286,41,14
2020-04-07 04:17:20,-119.861502,0.161286,44,14
2020-04-07 04:17:25,-119.861502,0.161286,41,14
2020-04-07 04:17:30,-119.861502,0.161286,41,14
2020-04-07 04:17:35,-119.861502,0.161286,38,14
2020-04-07 04:17:40,-119.861502,0.161286,40,14
2020-04-07 04:17:45,-119.861502,0.161286,42,14
2020-04-07 04:17:50,-119.861502,0.161286,40,14
2020-04-07 04:17:55,-119.861502,0.161286,38,14
2020-04-07 04:18:00,-119.861502,0.161286,39,14
2020-04-07 04:18:05,-119.861502,0.161286,41,14
2020-04-07 04:18:10,-119.861502,0.161286,42,14
2020-04-07 04:18:15,-119.861502,0.161286,41,14
2020-04-07 04:18:20,-119.861502,0.161286,44,14
2020-04-07 04:18:25,-119.861502,0.161286,42,14
2020-04-07 04:18:30,-119.861502,0.161286,39,14
2020-04-07 04:18:35,-119.861502,0.161286,43,14
2020-04-07 04:18:40,-119.861502,0.161286,39,14
2020-04-07 04:18:45,-119.861502,0.161286,46,14
2020-04-07 04:18:50,-119.861502,0.161286,45,14
2020-04-07 04:18:55,-119.861502,0.161286,39,14
2020-04-07 04:19:00,-119.861502,0.161286,40,14
2020-04-07 04:19:05,-119.861502,0.161286,38,14
2020-04-07 04:19:10,-119.861502,0.161286,36,14
2020-04-07 04:19:15,-119.861502,0.161286,40,14
2020-04-07 04:19:20,-119.861502,0.161286,40,14
2020-04-07 04:19:25,-119.861502,0.161286,41,14
2020-04-07 04:19:30,-119.861502,0.161286,43,14
2020-04-07 04:19:35,-119.861502,0.161286,44,14
2020-04-07 04:19:40,-119.861502,0.161286,44,14
2020-04-07 04:19:45,-119.861502,0.161286,41,14
2020-04-07 04:19:50,-119.861502,0.161286,45,14
2020-04-07 04:19:55,-119.861502,0.161286,45,14
2020-04-07 04:20:00,-119.861502,0.161286,44,14
2020-04-07 04:20:05,-119.861502,0.161286,42,14
2020-04-07 04:20:10,-119.861502,0.161286,39,14
2020-04-07 04:20:15,-119.861502,0.161286,44,14
2020-04-07 04:20:20,-119.861502,0.161286,40,14
2020-04-07 04:20:25,-119.861502,0.161286,35,14
2020-04-07 04:20:30,-119.861502,0.161286,43,14
2020-04-07 04:20:35,-119.861502,0.161286,47,14
2020-04-07 04:20:40,-119.861502,0.161286,40,14
2020-04-07 04:20:45,-119.861502,0.161286,40,14
2020-04-07 04:20:50,-119.861502,0.161286,45,14
2020-04-07 04:20:55,-119.861502,0.161286,38,14
2020-04-07 04:21:00,-119.861502,0.161286,43,14
2020-04-07 04:21:05,-119.861502,0.161286,40,14
2020-04-07 04:21:10,-119.861502,0.161286,42,14
2020-04-07 04:21:15,-119.861502,0.161286,43,14
2020-04-07 04:21:20,-119.861502,0.161286,42,14
2020-04-07 04:21:25,-119.861502,0.161286,35,14
2020-04-07 04:21:30,-119.861502,0.161286,44,14
2020-04-07 04:21:35,-119.861502,0.161286,42,14
2020-04-07 04:21:40,-119.861502,0.161286,44,14
2020-04-07 04:21:45,-119.861502,0.161286,42,14
2020-04-07 04:21:50,-119.861502,0.161286,46,14
2020-04-07 04:21:55,-119.861502,0.161286,44,14
2020-04-07 04:22:00,-119.861502,0.161286,44,14
2020-04-07 04:22:05,-119.861502,0.161286,42,14
2020-04-07 04:22:10,-119.861502,0.161286,38,14
2020-04-07 04:22:15,-119.861502,0.161286,46,14
2020-04-07 04:22:20,-119.861502,0.161286,40,14
2020-04-07 04:22:25,-119.861502,0.161286,43,14
2020-04-07 04:22:30,-119.861502,0.161286,40,14
2020-04-07 04:22:35,-119.861502,0.161286,44,14
2020-04-07 04:22:40,-119.861502,0.161286,45,14
2020-04-07 04:22:45,-119.861502,0.161286,43,14
2020-04-07 04:22:50,-119.861502,0.161286,44,14
2020-04-07 04:22:55,-119.861502,0.161286,43,14
2020-04-07 04:23:00,-119.861502,0.161286,47,14
2020-04-07 04:23:05,-119.861502,0.161286,41,14
2020-04-07 04:23:10,-119.861502,0.161286,40,14
2020-04-07 04:23:15,-119.861502,0.161286,40,14
2020-04-07 04:23:20,-119.861502,0.161286,37,14
2020-04-07 04:23:25,-119.861502,0.161286,44,14
2020-04-07 04:23:30,-119.861502,0.161286,39,14
2020-04-07 04:23:35,-119.861502,0.161286,41,14
2020-04-07 04:23:40,-119.861502,0.161286,43,14
2020-04-07 04:23:45,-119.861502,0.161286,43,14
2020-04-07 04:23:50,-119.861502,0.161286,42,14
2020-04-07 04:23:55,-119.861502,0.161286,43,14
2020-04-07 04:24:00,-119.861502,0.161286,33,14
2020-04-07 04:24:05,-119.861502,0.161286,45,14
2020-04-07 04:24:10,-119.861502,0.161286,40,14
2020-04-07 04:24:15,-119.861502,0.161286,45,14
2020-04-07 04:24:20,-119.861502,0.161286,43,14
2020-04-07 04:24:25,-119.861502,0.161286,40,14
2020-04-07 04:24:30,-119.861502,0.161286,46,14
2020-04-07 04:24:35,-119.861502,0.161286,39,14
2020-04-07 04:24:40,-119.861502,0.161286,41,14
2020-04-07 04:24:45,-119.861502,0.161286,35,14
2020-04-07 04:24:50,-119.861502,0.161286,38,14
2020-04-07 04:24:55,-119.861502,0.161286,40,14
2020-04-07 04:25:00,-119.861502,0.161286,39,14
2020-04-07 04:25:05,-119.861502,0.161286,41,14
2020-04-07 04:25:10,-119.861502,0.161286,44,14
2020-04-07 04:25:15,-119.861502,0.161286,41,14
2020-04-07 04:25:20,-119.861502,0.161286,41,14
2020-04-07 04:25:25,-119.861502,0.161286,40,14
2020-04-07 04:25:30,-119.861502,0.161286,44,14
2020-04-07 04:25:35,-119.861502,0.161286,44,14
2020-04-07 04:25:40,-119.861502,0.161286,42,14
2020-04-07 04:25:45,-119.861502,0.161286,31,14
2020-04-07 04:25:50,-119.861502,0.161286,41,14
2020-04-07 04:25:55,-119.861502,0.161286,41,14
2020-04-07 04:26:00,-119.861502,0.161286,45,14
2020-04-07 04:26:05,-119.861502,0.161286,35,14
2020-04-07 04:26:10,-119.861502,0.161286,42,14
2020-04-07 04:26:15,-119.861502,0.161286,44,14
2020-04-07 04:26:20,-119.861502,0.161286,44,14
2020-04-07 04:26:25,-119.861502,0.161286,49,14
2020-04-07 04:26:30,-119.861502,0.161286,46,14
2020-04-07 04:26:35,-119.861502,0.161286,39,14
2020-04-07 04:26:40,-119.861502,0.161286,43,14
2020-04-07 04:26:45,-119.861502,0.161286,44,14
2020-04-07 04:26:50,-119.861502,0.161286,42,14
2020-04-07 04:26:55,-119.861502,0.161286,44,14
2020-04-07 04:27:00,-119.861502,0.161286,40,14
2020-04-07 04:27:05,-119.861502,0.161286,43,14
2020-04-07 04:27:10,-119.861502,0.161286,42,14
2020-04-07 04:27:15,-119.861502,0.161286,41,14
2020-04-07 04:27:20,-119.861502,0.161286,44,14
2020-04-07 04:27:25,-119.861502,0.161286,39,14
2020-04-07 04:27:30,-119.861502,0.161286,41,14
2020-04-07 04:27:35,-119.861502,0.161286,34,14
2020-04-07 04:27:40,-119.861502,0.161286,42,14
2020-04-07 04:27:45,-119.861502,0.161286,44,14
2020-04-07 04:27:50,-119.861502,0.161286,45,14
2020-04-07 04:27:55,-119.861502,0.161286,42,14
2020-04-07 04:28:00,-119.861502,0.161286,39,14
2020-04-07 04:28:05,-119.861502,0.161286,43,14
2020-04-07 04:28:10,-119.861502,0.161286,38,14
2020-04-07 04:28:15,-119.861502,0.161286,41,14
2020-04-07 04:28:20,-119.861502,0.161286,43,14
2020-04-07 04:28:25,-119.861502,0.161286,39,14
2020-04-07 04:28:30,-119.861502,0.161286,41,14
2020-04-07 04:28:35,-119.861502,0.161286,37,14
2020-04-07 04:28:40,-119.861502,0.161286,44,14
2020-04-07 04:28:45,-119.861502,0.161286,36,14
2020-04-07 04:28:50,-119.861502,0.161286,48,14
2020-04-07 04:28:55,-119.861502,0.161286,42,14
2020-04-07 04:29:00,-119.861502,0.161286,42,14
2020-04-07 04:29:05,-119.861502,0.161286,51,14
2020-04-07 04:29:10,-119.861502,0.161286,44,14
2020-04-07 04:29:15,-119.861502,0.161286,43,14
2020-04-07 04:29:20,-119.861502,0.161286,40,14
2020-04-07 04:29:25,-119.861502,0.161286,41,14
2020-04-07 04:29:30,-119.861502,0.161286,42,14
2020-04-07 04:29:35,-119.861502,0.161286,42,14
2020-04-07 04:29:40,-119.861502,0.161286,39,14
2020-04-07 04:29:45,-119.861502,0.161286,42,14
2020-04-07 04:29:50,-119.861502,0.161286,43,14
2020-04-07 04:29:55,-119.861502,0.161286,44,14
2020-04-07 04:30:00,-119.861502,0.161286,43,14
2020-04-07 04:30:05,-119.861502,0.161286,39,14
2020-04-07 04:30:10,-119.861502,0.161286,42,14
2020-04-07 04:30:15,-119.861502,0.161286,38,14
2020-04-07 04:30:20,-119.861502,0.161286,43,14
2020-04-07 04:30:25,-119.861502,0.161286,41,14
2020-04-07 04:30:30,-119.861502,0.161286,39,14
2020-04-07 04:30:35,-119.861502,0.161286,40,14
2020-04-07 04:30:40,-119.861502,0.161286,38,14
2020-04-07 04:30:45,-119.861502,0.161286,42,14
2020-04-07 04:30:50,-119.861502,0.161286,41,14
2020-04-07 04:30:55,-119.861502,0.161286,46,14
2020-04-07 04:31:00,-119.861502,0.161286,40,14
2020-04-07 04:31:05,-119.861502,0.161286,38,14
2020-04-07 04:31:10,-119.861502,0.161286,35,14
2020-04-07 04:31:15,-119.861502,0.161286,42,14
2020-04-07 04:31:20,-119.861502,0.161286,38,14
2020-04-07 04:31:25,-119.861502,0.161286,41,14
2020-04-07 04:31:30,-119.861502,0.161286,47,14
2020-04-07 04:31:35,-119.861502,0.161286,45,14
2020-04-07 04:31:40,-119.861502,0.161286,39,14
2020-04-07 04:31:45,-119.861502,0.161286,38,14
2020-04-07 04:31:50,-119.861502,0.161286,37,14
2020-04-07 04:31:55,-119.861502,0.161286,43,14
2020-04-07 04:32:00,-119.861502,0.161286,43,14
2020-04-07 04:32:05,-119.861502,0.161286,38,14
2020-04-07 04:32:10,-119.861502,0.161286,36,14
2020-04-07 04:32:15,-119.861502,0.161286,40,14
2020-04-07 04:32:20,-119.861502,0.161286,39,14
2020-04-07 04:32:25,-119.861502,0.161286,42,14
2020-04-07 04:32:30,-119.861502,0.161286,45,14
2020-04-07 04:32:35,-119.861502,0.161286,42,14
2020-04-07 04:32:40,-119.861502,0.161286,44,14
2020-04-07 04:32:45,-119.861502,0.161286,37,14
2020-04-07 04:32:50,-119.861502,0.161286,45,14
2020-04-07 04:32:55,-119.861502,0.161286,36,14
2020-04-07 04:33:00,-119.861502,0.161286,37,14
2020-04-07 04:33:05,-119.861502,0.161286,41,14
2020-04-07 04:33:10,-119.861502,0.161286,40,14
2020-04-07 04:33:15,-119.861502,0.161286,39,14
2020-04-07 04:33:20,-119.861502,0.161286,41,14
2020-04-07 04:33:25,-119.861502,0.161286,44,14
2020-04-07 04:33:30,-119.861502,0.161286,38,14
2020-04-07 04:33:35,-119.861502,0.161286,37,14
2020-04-07 04:33:40,-119.861502,0.161286,42,14
2020-04-07 04:33:45,-119.861502,0.161286,42,14
2020-04-07 04:33:50,-119.861502,0.161286,38,14
2020-04-07 04:33:55,-119.861502,0.161286,42,14
2020-04-07 04:34:00,-119.861502,0.161286,40,14
2020-04-07 04:34:05,-119.861502,0.161286,46,14
2020-04-07 04:34:10,-119.861502,0.161286,43,14
2020-04-07 04:34:15,-119.861502,0.161286,40,14
2020-04-07 04:34:20,-119.861502,0.161286,41,14
2020-04-07 04:34:25,-119.861502,0.161286,40,14
2020-04-07 04:34:30,-119.861502,0.161286,42,14
2020-04-07 04:34:35,-119.861502,0.161286,49,14
2020-04-07 04:34:40,-119.861502,0.161286,43,14
2020-04-07 04:34:45,-119.861502,0.161286,37,14
2020-04-07 04:34:50,-119.861502,0.161286,42,14
2020-04-07 04:34:55,-119.861502,0.161286,39,14
2020-04-07 04:35:00,-119.861502,0.161286,42,14
2020-04-07 04:35:05,-119.861502,0.161286,43,14
2020-04-07 04:35:10,-119.861502,0.161286,45,14
2020-04-07 04:35:15,-119.861502,0.161286,45,14
2020-04-07 04:35:20,-119.861502,0.161286,40,14
2020-04-07 04:35:25,-119.861502,0.161286,37,14
2020-04-07 04:35:30,-119.861502,0.161286,41,14
2020-04-07 04:35:35,-119.861502,0.161286,37,14
2020-04-07 04:35:40,-119.861502,0.161286,42,14
2020-04-07 04:35:45,-119.861502,0.161286,43,14
2020-04-07 04:35:50,-119.861502,0.161286,42,14
2020-04-07 04:35:55,-119.861502,0.161286,41,14
2020-04-07 04:36:00,-119.861502,0.161286,40,14
2020-04-07 04:36:05,-119.861502,0.161286,46,14
2020-04-07 04:36:10,-119.861502,0.161286,42,14
2020-04-07 04:36:15,-119.861502,0.161286,39,14
2020-04-07 04:36:20,-119.861502,0.161286,41,14
2020-04-07 04:36:25,-119.861502,0.161286,42,14
2020-04-07 04:36:30,-119.861502,0.161286,37,14
2020-04-07 04:36:35,-119.861502,0.161286,44,14
2020-04-07 04:36:40,-119.861502,0.161286,43,14
2020-04-07 04:36:45,-119.861502,0.161286,45,14
2020-04-07 04:36:50,-119.861502,0.161286,42,14
2020-04-07 04:36:55,-119.861502,0.161286,46,14
2020-04-07 04:37:00,-119.861502,0.161286,39,14
2020-04-07 04:37:05,-119.861502,0.161286,44,14
2020-04-07 04:37:10,-119.861502,0.161286,43,14
2020-04-07 04:37:15,-119.861502,0.161286,42,14
2020-04-07 04:37:20,-119.861502,0.161286,41,14
2020-04-07 04:37:25,-119.861502,0.161286,39,14
2020-04-07 04:37:30,-119.861502,0.161286,40,14
2020-04-07 04:37:35,-119.861502,0.161286,45,14
2020-04-07 04:37:40,-119.861502,0.161286,38,14
2020-04-07 04:37:45,-119.861502,0.161286,43,14
2020-04-07 04:37:50,-119.861502,0.161286,42,14
2020-04-07 04:37:55,-119.861502,0.161286,43,14
2020-04-07 04:38:00,-119.861502,0.161286,44,14
2020-04-07 04:38:05,-119.861502,0.161286,38,14
2020-04-07 04:38:10,-119.861502,0.161286,37,14
2020-04-07 04:38:15,-119.861502,0.161286,46,14
2020-04-07 04:38:20,-119.861502,0.161286,42,14
2020-04-07 04:38:25,-119.861502,0.161286,39,14
2020-04-07 04:38:30,-119.861502,0.161286,41,14
2020-04-07 04:38:35,-119.861502,0.161286,42,14
2020-04-07 04:38:40,-119.861502,0.161286,42,14
2020-04-07 04:38:45,-119.861502,0.161286,42,14
2020-04-07 04:38:50,-119.861502,0.161286,41,14
2020-04-07 04:38:55,-119.861502,0.161286,42,14
2020-04-07 04:39:00,-119.861502,0.161286,38,14
2020-04-07 04:39:05,-119.861502,0.161286,44,14
2020-04-07 04:39:10,-119.861502,0.161286,41,14
2020-04-07 04:39:15,-119.861502,0.161286,43,14
2020-04-07 04:39:20,-119.861502,0.161286,43,14
2020-04-07 04:39:25,-119.861502,0.161286,42,14
2020-04-07 04:39:30,-119.861502,0.161286,40,14
2020-04-07 04:39:35,-119.861502,0.161286,42,14
2020-04-07 04:39:40,-119.861502,0.161286,42,14
2020-04-07 04:39:45,-119.861502,0.161286,41,14
2020-04-07 04:39:50,-119.861502,0.161286,45,14
2020-04-07 04:39:55,-119.861502,0.161286,44,14
2020-04-07 04:40:00,-119.861502,0.161286,43,14
2020-04-07 04:40:05,-119.861502,0.161286,48,14
2020-04-07 04:40:10,-119.861502,0.161286,40,14
2020-04-07 04:40:15,-119.861502,0.161286,41,14
2020-04-07 04:40:20,-119.861502,0.161286,41,14
2020-04-07 04:40:25,-119.861502,0.161286,36,14
2020-04-07 04:40:30,-119.861502,0.161286,40,14
2020-04-07 04:40:35,-119.861502,0.161286,43,14
2020-04-07 04:40:40,-119.861502,0.161286,42,14
2020-04-07 04:40:45,-119.861502,0.161286,46,14
2020-04-07 04:40:50,-119.861502,0.161286,44,14
2020-04-07 04:40:55,-119.861502,0.161286,44,14
2020-04-07 04:41:00,-119.861502,0.161286,43,14
2020-04-07 04:41:05,-119.861502,0.161286,37,14
2020-04-07 04:41:10,-119.861502,0.161286,39,14
2020-04-07 04:41:15,-119.861502,0.161286,44,14
2020-04-07 04:41:20,-119.861502,0.161286,43,14
2020-04-07 04:41:25,-119.861502,0.161286,34,14
2020-04-07 04:41:30,-119.861502,0.161286,41,14
2020-04-07 04:41:35,-119.861502,0.161286,39,14
2020-04-07 04:41:40,-119.861502,0.161286,44,14
2020-04-07 04:41:45,-119.861502,0.161286,39,14
2020-04-07 04:41:50,-119.861502,0.161286,45,14
2020-04-07 04:41:55,-119.861502,0.161286,41,14
2020-04-07 04:42:00,-119.861502,0.161286,42,14
2020-04-07 04:42:05,-119.861502,0.161286,46,14
2020-04-07 04:42:10,-119.861502,0.161286,41,14
2020-04-07 04:42:15,-119.861502,0.161286,37,14
2020-04-07 04:42:20,-119.861502,0.161286,39,14
2020-04-07 04:42:25,-119.861502,0.161286,41,14
2020-04-07 04:42:30,-119.861502,0.161286,41,14
2020-04-07 04:42:35,-119.861502,0.161286,43,14
2020-04-07 04:42:40,-119.861502,0.161286,41,14
2020-04-07 04:42:45,-119.861502,0.161286,41,14
2020-04-07 04:42:50,-119.861502,0.161286,40,14
2020-04-07 04:42:55,-119.861502,0.161286,43,14
2020-04-07 04:43:00,-119.861502,0.161286,39,14
2020-04-07 04:43:05,-119.861502,0.161286,41,14
2020-04-07 04:43:10,-119.861502,0.161286,44,14
2020-04-07 04:43:15,-119.861502,0.161286,43,14
2020-04-07 04:43:20,-119.861502,0.161286,39,14
2020-04-07 04:43:25,-119.861502,0.161286,43,14
2020-04-07 04:43:30,-119.861502,0.161286,40,14
2020-04-07 04:43:35,-119.861502,0.161286,44,14
2020-04-07 04:43:40,-119.861502,0.161286,47,14
2020-04-07 04:43:45,-119.861502,0.161286,45,14
2020-04-07 04:43:50,-119.861502,0.161286,38,14
2020-04-07 04:43:55,-119.861502,0.161286,39,14
2020-04-07 04:44:00,-119.861502,0.161286,41,14
2020-04-07 04:44:05,-119.861502,0.161286,39,14
2020-04-07 04:44:10,-119.861502,0.161286,42,14
2020-04-07 04:44:15,-119.861502,0.161286,44,14
2020-04-07 04:44:20,-119.861502,0.161286,43,14
2020-04-07 04:44:25,-119.861502,0.161286,45,14
2020-04-07 04:44:30,-119.861502,0.161286,40,14
2020-04-07 04:44:35,-119.861502,0.161286,45,14
2020-04-07 04:44:40,-119.861502,0.161286,36,14
2020-04-07 04:44:45,-119.861502,0.161286,42,14
2020-04-07 04:44:50,-119.861502,0.161286,42,14
2020-04-07 04:44:55,-119.861502,0.161286,39,14
2020-04-07 04:45:00,-119.861502,0.161286,39,14
2020-04-07 04:45:05,-119.861502,0.161286,38,14
2020-04-07 04:45:10,-119.861502,0.161286,44,14
2020-04-07 04:45:15,-119.861502,0.161286,42,14
2020-04-07 04:45:20,-119.861502,0.161286,38,14
2020-04-07 04:45:25,-119.861502,0.161286,43,14
2020-04-07 04:45:30,-119.861502,0.161286,42,14
2020-04-07 04:45:35,-119.861502,0.161286,43,14
2020-04-07 04:45:40,-119.861502,0.161286,41,14
2020-04-07 04:45:45,-119.861502,0.161286,41,14
2020-04-07 04:45:50,-119.861502,0.161286,43,14
2020-04-07 04:45:55,-119.861502,0.161286,39,14
2020-04-07 04:46:00,-119.861502,0.161286,38,14
2020-04-07 04:46:05,-119.861502,0.161286,36,14
2020-04-07 04:46:10,-119.861502,0.161286,42,14
2020-04-07 04:46:15,-119.861502,0.161286,39,14
2020-04-07 04:46:20,-119.861502,0.161286,38,14
2020-04-07 04:46:25,-119.861502,0.161286,43,14
2020-04-07 04:46:30,-119.861502,0.161286,45,14
2020-04-07 04:46:35,-119.861502,0.161286,39,14
2020-04-07 04:46:40,-119.861502,0.161286,40,14
2020-04-07 04:46:45,-119.861502,0.161286,43,14
2020-04-07 04:46:50,-119.861502,0.161286,36,14
2020-04-07 04:46:55,-119.861502,0.161286,41,14
2020-04-07 04:47:00,-119.861502,0.161286,44,14
2020-04-07 04:47:05,-119.861502,0.161286,39,14
2020-04-07 04:47:10,-119.861502,0.161286,44,14
2020-04-07 04:47:15,-119.861502,0.161286,38,14
2020-04-07 04:47:20,-119.861502,0.161286,44,14
2020-04-07 04:47:25,-119.861502,0.161286,44,14
2020-04-07 04:47:30,-119.861502,0.161286,43,14
2020-04-07 04:47:35,-119.861502,0.161286,36,14
2020-04-07 04:47:40,-119.861502,0.161286,42,14
2020-04-07 04:47:45,-119.861502,0.161286,44,14
2020-04-07 04:47:50,-119.861502,0.161286,40,14
2020-04-07 04:47:55,-119.861502,0.161286,45,14
2020-04-07 04:48:00,-119.861502,0.161286,40,14
2020-04-07 04:48:05,-119.861502,0.161286,40,14
2020-04-07 04:48:10,-119.861502,0.161286,41,14
2020-04-07 04:48:15,-119.861502,0.161286,38,14
2020-04-07 04:48:20,-119.861502,0.161286,42,14
2020-04-07 04:48:25,-119.861502,0.161286,39,14
2020-04-07 04:48:30,-119.861502,0.161286,41,14
2020-04-07 04:48:35,-119.861502,0.161286,41,14
2020-04-07 04:48:40,-119.861502,0.161286,41,14
2020-04-07 04:48:45,-119.861502,0.161286,37,14
2020-04-07 04:48:50,-119.861502,0.161286,39,14
2020-04-07 04:48:55,-119.861502,0.161286,47,14
2020-04-07 04:49:00,-119.861502,0.161286,41,14
2020-04-07 04:49:05,-119.861502,0.161286,41,14
2020-04-07 04:49:10,-119.861502,0.161286,40,14
2020-04-07 04:49:15,-119.861502,0.161286,43,14
2020-04-07 04:49:20,-119.861502,0.161286,40,14
2020-04-07 04:49:25,-119.861502,0.161286,45,14
2020-04-07 04:49:30,-119.861502,0.161286,40,14
2020-04-07 04:49:35,-119.861502,0.161286,42,14
2020-04-07 04:49:40,-119.861502,0.161286,37,14
2020-04-07 04:49:45,-119.861502,0.161286,38,14
2020-04-07 04:49:50,-119.861502,0.161286,39,14
2020-04-07 04:49:55,-119.861502,0.161286,45,14
2020-04-07 04:50:00,-119.861502,0.161286,40,14
2020-04-07 04:50:05,-119.861502,0.161286,40,14
2020-04-07 04:50:10,-119.861502,0.161286,42,14
2020-04-07 04:50:15,-119.861502,0.161286,40,14
2020-04-07 04:50:20,-119.861502,0.161286,39,14
2020-04-07 04:50:25,-119.861502,0.161286,40,14
2020-04-07 04:50:30,-119.861502,0.161286,43,14
2020-04-07 04:50:35,-119.861502,0.161286,37,14
2020-04-07 04:50:40,-119.861502,0.161286,41,14
2020-04-07 04:50:45,-119.861502,0.161286,43,14
2020-04-07 04:50:50,-119.861502,0.161286,42,14
2020-04-07 04:50:55,-119.861502,0.161286,44,14
2020-04-07 04:51:00,-119.861502,0.161286,44,14
2020-04-07 04:51:05,-119.861502,0.161286,41,14
2020-04-07 04:51:10,-119.861502,0.161286,44,14
2020-04-07 04:51:15,-119.861502,0.161286,40,14
2020-04-07 04:51:20,-119.861502,0.161286,39,14
2020-04-07 04:51:25,-119.861502,0.161286,40,14
2020-04-07 04:51:30,-119.861502,0.161286,44,14
2020-04-07 04:51:35,-119.861502,0.161286,39,14
2020-04-07 04:51:40,-119.861502,0.161286,40,14
2020-04-07 04:51:45,-119.861502,0.161286,38,14
2020-04-07 04:51:50,-119.861502,0.161286,39,14
2020-04-07 04:51:55,-119.861502,0.161286,39,14
2020-04-07 04:52:00,-119.861502,0.161286,41,14
2020-04-07 04:52:05,-119.861502,0.161286,39,14
2020-04-07 04:52:10,-119.861502,0.161286,41,14
2020-04-07 04:52:15,-119.861502,0.161286,43,14
2020-04-07 04:52:20,-119.861502,0.161286,47,14
2020-04-07 04:52:25,-119.861502,0.161286,42,14
2020-04-07 04:52:30,-119.861502,0.161286,41,14
2020-04-07 04:52:35,-119.861502,0.161286,39,14
2020-04-07 04:52:40,-119.861502,0.161286,44,14
2020-04-07 04:52:45,-119.861502,0.161286,44,14
2020-04-07 04:52:50,-119.861502,0.161286,40,14
2020-04-07 04:52:55,-119.861502,0.161286,40,14
2020-04-07 04:53:00,-119.861502,0.161286,34,14
2020-04-07 04:53:05,-119.861502,0.161286,40,14
2020-04-07 04:53:10,-119.861502,0.161286,45,14
2020-04-07 04:53:15,-119.861502,0.161286,43,14
2020-04-07 04:53:20,-119.861502,0.161286,39,14
2020-04-07 04:53:25,-119.861502,0.161286,40,14
2020-04-07 04:53:30,-119.861502,0.161286,36,14
2020-04-07 04:53:35,-119.861502,0.161286,43,14
2020-04-07 04:53:40,-119.861502,0.161286,43,14
2020-04-07 04:53:45,-119.861502,0.161286,36,14
2020-04-07 04:53:50,-119.861502,0.161286,43,14
2020-04-07 04:53:55,-119.861502,0.161286,42,14
2020-04-07 04:54:00,-119.861502,0.161286,43,14
2020-04-07 04:54:05,-119.861502,0.161286,44,14
2020-04-07 04:54:10,-119.861502,0.161286,42,14
2020-04-07 04:54:15,-119.861502,0.161286,37,14
2020-04-07 04:54:20,-119.861502,0.161286,36,14
2020-04-07 04:54:25,-119.861502,0.161286,40,14
2020-04-07 04:54:30,-119.861502,0.161286,41,14
2020-04-07 04:54:35,-119.861502,0.161286,38,14
2020-04-07 04:54:40,-119.861502,0.161286,40,14
2020-04-07 04:54:45,-119.861502,0.161286,39,14
2020-04-07 04:54:50,-119.861502,0.161286,35,14
2020-04-07 04:54:55,-119.861502,0.161286,38,14
2020-04-07 04:55:00,-119.861502,0.161286,37,14
2020-04-07 04:55:05,-119.861502,0.161286,39,14
2020-04-07 04:55:10,-119.861502,0.161286,43,14
2020-04-07 04:55:15,-119.861502,0.161286,40,14
2020-04-07 04:55:20,-119.861502,0.161286,45,14
2020-04-07 04:55:25,-119.861502,0.161286,37,14
2020-04-07 04:55:30,-119.861502,0.161286,38,14
2020-04-07 04:55:35,-119.861502,0.161286,40,14
2020-04-07 04:55:40,-119.861502,0.161286,41,14
2020-04-07 04:55:45,-119.861502,0.161286,40,14
2020-04-07 04:55:50,-119.861502,0.161286,42,14
2020-04-07 04:55:55,-119.861502,0.161286,45,14
2020-04-07 04:56:00,-119.861502,0.161286,45,14
2020-04-07 04:56:05,-119.861502,0.161286,35,14
2020-04-07 04:56:10,-119.861502,0.161286,40,14
2020-04-07 04:56:15,-119.861502,0.161286,43,14
2020-04-07 04:56:20,-119.861502,0.161286,41,14
2020-04-07 04:56:25,-119.861502,0.161286,41,14
2020-04-07 04:56:30,-119.861502,0.161286,40,14
2020-04-07 04:56:35,-119.861502,0.161286,43,14
2020-04-07 04:56:40,-119.861502,0.161286,39,14
2020-04-07 04:56:45,-119.861502,0.161286,46,14
2020-04-07 04:56:50,-119.861502,0.161286,46,14
2020-04-07 04:56:55,-119.861502,0.161286,43,14
2020-04-07 04:57:00,-119.861502,0.161286,34,14
2020-04-07 04:57:05,-119.861502,0.161286,44,14
2020-04-07 04:57:10,-119.861502,0.161286,42,14
2020-04-07 04:57:15,-119.861502,0.161286,43,14
2020-04-07 04:57:20,-119.861502,0.161286,41,14
2020-04-07 04:57:25,-119.861502,0.161286,37,14
2020-04-07 04:57:30,-119.861502,0.161286,44,14
2020-04-07 04:57:35,-119.861502,0.161286,42,14
2020-04-07 04:57:40,-119.861502,0.161286,44,14
2020-04-07 04:57:45,-119.861502,0.161286,42,14
2020-04-07 04:57:50,-119.861502,0.161286,38,14
2020-04-07 04:57:55,-119.861502,0.161286,40,14
2020-04-07 04:58:00,-119.861502,0.161286,46,14
2020-04-07 04:58:05,-119.861502,0.161286,39,14
2020-04-07 04:58:10,-119.861502,0.161286,40,14
2020-04-07 04:58:15,-119.861502,0.161286,43,14
2020-04-07 04:58:20,-119.861502,0.161286,37,14
2020-04-07 04:58:25,-119.861502,0.161286,45,14
2020-04-07 04:58:30,-119.861502,0.161286,42,14
2020-04-07 04:58:35,-119.861502,0.161286,42,14
2020-04-07 04:58:40,-119.861502,0.161286,38,14
2020-04-07 04:58:45,-119.861502,0.161286,38,14
2020-04-07 04:58:50,-119.861502,0.161286,39,14
2020-04-07 04:58:55,-119.861502,0.161286,40,14
2020-04-07 04:59:00,-119.861502,0.161286,42,14
2020-04-07 04:59:05,-119.861502,0.161286,42,14
2020-04-07 04:59:10,-119.861502,0.161286,44,14
2020-04-07 04:59:15,-119.861502,0.161286,37,14
2020-04-07 04:59:20,-119.861502,0.161286,37,14
2020-04-07 04:59:25,-119.861502,0.161286,42,14
2020-04-07 04:59:30,-119.861502,0.161286,40,14
2020-04-07 04:59:35,-119.861502,0.161286,47,14
2020-04-07 04:59:40,-119.861502,0.161286,41,14
2020-04-07 04:59:45,-119.861502,0.161286,39,14
2020-04-07 04:59:50,-119.861502,0.161286,37,14
2020-04-07 04:59:55,-119.861502,0.161286,41,14
2020-04-07 05:00:00,-119.861502,0.161286,41,14
2020-04-07 05:00:05,-119.861502,0.161286,40,14
2020-04-07 05:00:10,-119.861502,0.161286,41,14
2020-04-07 05:00:15,-119.861502,0.161286,41,14
2020-04-07 05:00:20,-119.861502,0.161286,43,14
2020-04-07 05:00:25,-119.861502,0.161286,39,14
2020-04-07 05:00:30,-119.861502,0.161286,45,14
2020-04-07 05:00:35,-119.861502,0.161286,36,14
2020-04-07 05:00:40,-119.861502,0.161286,40,14
2020-04-07 05:00:45,-119.861502,0.161286,39,14
2020-04-07 05:00:50,-119.861502,0.161286,40,14
2020-04-07 05:00:55,-119.861502,0.161286,40,14
2020-04-07 05:01:00,-119.861502,0.161286,42,14
2020-04-07 05:01:05,-119.861502,0.161286,38,14
2020-04-07 05:01:10,-119.861502,0.161286,48,14
2020-04-07 05:01:15,-119.861502,0.161286,41,14
2020-04-07 05:01:20,-119.861502,0.161286,38,14
2020-04-07 05:01:25,-119.861502,0.161286,39,14
2020-04-07 05:01:30,-119.861502,0.161286,41,14
2020-04-07 05:01:35,-119.861502,0.161286,39,14
2020-04-07 05:01:40,-119.861502,0.161286,42,14
2020-04-07 05:01:45,-119.861502,0.161286,44,14
2020-04-07 05:01:50,-119.861502,0.161286,42,14
2020-04-07 05:01:55,-119.861502,0.161286,43,14
2020-04-07 05:02:00,-119.861502,0.161286,39,14
2020-04-07 05:02:05,-119.861502,0.161286,42,14
2020-04-07 05:02:10,-119.861502,0.161286,42,14
2020-04-07 05:02:15,-119.861502,0.161286,43,14
2020-04-07 05:02:20,-119.861502,0.161286,44,14
2020-04-07 05:02:25,-119.861502,0.161286,41,14
2020-04-07 05:02:30,-119.861502,0.161286,41,14
2020-04-07 05:02:35,-119.861502,0.161286,38,14
2020-04-07 05:02:40,-119.861502,0.161286,42,14
2020-04-07 05:02:45,-119.861502,0.161286,41,14
2020-04-07 05:02:50,-119.861502,0.161286,37,14
2020-04-07 05:02:55,-119.861502,0.161286,41,14
2020-04-07 05:03:00,-119.861502,0.161286,39,14
2020-04-07 05:03:05,-119.861502,0.161286,42,14
2020-04-07 05:03:10,-119.861502,0.161286,42,14
2020-04-07 05:03:15,-119.861502,0.161286,45,14
2020-04-07 05:03:20,-119.861502,0.161286,38,14
2020-04-07 05:03:25,-119.861502,0.161286,45,14
2020-04-07 05:03:30,-119.861502,0.161286,38,14
2020-04-07 05:03:35,-119.861502,0.161286,40,14
2020-04-07 05:03:40,-119.861502,0.161286,42,14
2020-04-07 05:03:45,-119.861502,0.161286,39,14
2020-04-07 05:03:50,-119.861502,0.161286,41,14
2020-04-07 05:03:55,-119.861502,0.161286,44,14
2020-04-07 05:04:00,-119.861502,0.161286,46,14
2020-04-07 05:04:05,-119.861502,0.161286,34,14
2020-04-07 05:04:10,-119.861502,0.161286,42,14
2020-04-07 05:04:15,-119.861502,0.161286,41,14
2020-04-07 05:04:20,-119.861502,0.161286,42,14
2020-04-07 05:04:25,-119.861502,0.161286,39,14
2020-04-07 05:04:30,-119.861502,0.161286,42,14
2020-04-07 05:04:35,-119.861502,0.161286,42,14
2020-04-07 05:04:40,-119.861502,0.161286,48,14
2020-04-07 05:04:45,-119.861502,0.161286,45,14
2020-04-07 05:04:50,-119.861502,0.161286,42,14
2020-04-07 05:04:55,-119.861502,0.161286,43,14
2020-04-07 05:05:00,-119.861502,0.161286,39,14
2020-04-07 05:05:05,-119.861502,0.161286,44,14
2020-04-07 05:05:10,-119.861502,0.161286,43,14
2020-04-07 05:05:15,-119.861502,0.161286,37,14
2020-04-07 05:05:20,-119.861502,0.161286,40,14
2020-04-07 05:05:25,-119.861502,0.161286,43,14
2020-04-07 05:05:30,-119.861502,0.161286,40,14
2020-04-07 05:05:35,-119.861502,0.161286,41,14
2020-04-07 05:05:40,-119.861502,0.161286,41,14
2020-04-07 05:05:45,-119.861502,0.161286,41,14
2020-04-07 05:05:50,-119.861502,0.161286,42,14
2020-04-07 05:05:55,-119.861502,0.161286,39,14
2020-04-07 05:06:00,-119.861502,0.161286,41,14
2020-04-07 05:06:05,-119.861502,0.161286,41,14
2020-04-07 05:06:10,-119.861502,0.161286,37,14
2020-04-07 05:06:15,-119.861502,0.161286,43,14
2020-04-07 05:06:20,-119.861502,0.161286,36,14
2020-04-07 05:06:25,-119.861502,0.161286,40,14
2020-04-07 05:06:30,-119.861502,0.161286,47,14
2020-04-07 05:06:35,-119.861502,0.161286,41,14
2020-04-07 05:06:40,-119.861502,0.161286,43,14
2020-04-07 05:06:45,-119.861502,0.161286,45,14
2020-04-07 05:06:50,-119.861502,0.161286,39,14
2020-04-07 05:06:55,-119.861502,0.161286,39,14
2020-04-07 05:07:00,-119.861502,0.161286,40,14
2020-04-07 05:07:05,-119.861502,0.161286,38,14
2020-04-07 05:07:10,-119.861502,0.161286,40,14
2020-04-07 05:07:15,-119.861502,0.161286,41,14
2020-04-07 05:07:20,-119.861502,0.161286,41,14
2020-04-07 05:07:25,-119.861502,0.161286,42,14
2020-04-07 05:07:30,-119.861502,0.161286,44,14
2020-04-07 05:07:35,-119.861502,0.161286,40,14
2020-04-07 05:07:40,-119.861502,0.161286,42,14
2020-04-07 05:07:45,-119.861502,0.161286,41,14
2020-04-07 05:07:50,-119.861502,0.161286,43,14
2020-04-07 05:07:55,-119.861502,0.161286,37,14
2020-04-07 05:08:00,-119.861502,0.161286,40,14
2020-04-07 05:08:05,-119.861502,0.161286,38,14
2020-04-07 05:08:10,-119.861502,0.161286,40,14
2020-04-07 05:08:15,-119.861502,0.161286,40,14
2020-04-07 05:08:20,-119.861502,0.161286,46,14
2020-04-07 05:08:25,-119.861502,0.161286,38,14
2020-04-07 05:08:30,-119.861502,0.161286,46,14
2020-04-07 05:08:35,-119.861502,0.161286,39,14
2020-04-07 05:08:40,-119.861502,0.161286,47,14
2020-04-07 05:08:45,-119.861502,0.161286,43,14
2020-04-07 05:08:50,-119.861502,0.161286,40,14
2020-04-07 05:08:55,-119.861502,0.161286,43,14
2020-04-07 05:09:00,-119.861502,0.161286,44,14
2020-04-07 05:09:05,-119.861502,0.161286,36,14
2020-04-07 05:09:10,-119.861502,0.161286,46,14
2020-04-07 05:09:15,-119.861502,0.161286,41,14
2020-04-07 05:09:20,-119.861502,0.161286,40,14
2020-04-07 05:09:25,-119.861502,0.161286,39,14
2020-04-07 05:09:30,-119.861502,0.161286,41,14
2020-04-07 05:09:35,-119.861502,0.161286,44,14
2020-04-07 05:09:40,-119.861502,0.161286,42,14
2020-04-07 05:09:45,-119.861502,0.161286,44,14
2020-04-07 05:09:50,-119.861502,0.161286,46,14
2020-04-07 05:09:55,-119.861502,0.161286,39,14
2020-04-07 05:10:00,-119.861502,0.161286,45,14
2020-04-07 05:10:05,-119.861502,0.161286,43,14
2020-04-07 05:10:10,-119.861502,0.161286,42,14
2020-04-07 05:10:15,-119.861502,0.161286,39,14
2020-04-07 05:10:20,-119.861502,0.161286,39,14
2020-04-07 05:10:25,-119.861502,0.161286,44,14
2020-04-07 05:10:30,-119.861502,0.161286,38,14
2020-04-07 05:10:35,-119.861502,0.161286,44,14
2020-04-07 05:10:40,-119.861502,0.161286,42,14
2020-04-07 05:10:45,-119.861502,0.161286,43,14
2020-04-07 05:10:50,-119.861502,0.161286,40,14
2020-04-07 05:10:55,-119.861502,0.161286,34,14
2020-04-07 05:11:00,-119.861502,0.161286,41,14
2020-04-07 05:11:05,-119.861502,0.161286,41,14
2020-04-07 05:11:10,-119.861502,0.161286,37,14
2020-04-07 05:11:15,-119.861502,0.161286,42,14
2020-04-07 05:11:20,-119.861502,0.161286,42,14
2020-04-07 05:11:25,-119.861502,0.161286,37,14
2020-04-07 05:11:30,-119.861502,0.161286,47,14
2020-04-07 05:11:35,-119.861502,0.161286,40,14
2020-04-07 05:11:40,-119.861502,0.161286,44,14
2020-04-07 05:11:45,-119.861502,0.161286,41,14
2020-04-07 05:11:50,-119.861502,0.161286,43,14
2020-04-07 05:11:55,-119.861502,0.161286,35,14
2020-04-07 05:12:00,-119.861502,0.161286,45,14
2020-04-07 05:12:05,-119.861502,0.161286,38,14
2020-04-07 05:12:10,-119.861502,0.161286,38,14
2020-04-07 05:12:15,-119.861502,0.161286,36,14
2020-04-07 05:12:20,-119.861502,0.161286,38,14
2020-04-07 05:12:25,-119.861502,0.161286,40,14
2020-04-07 05:12:30,-119.861502,0.161286,41,14
2020-04-07 05:12:35,-119.861502,0.161286,43,14
2020-04-07 05:12:40,-119.861502,0.161286,35,14
2020-04-07 05:12:45,-119.861502,0.161286,44,14
2020-04-07 05:12:50,-119.861502,0.161286,42,14
2020-04-07 05:12:55,-119.861502,0.161286,44,14
2020-04-07 05:13:00,-119.861502,0.161286,40,14
2020-04-07 05:13:05,-119.861502,0.161286,37,14
2020-04-07 05:13:10,-119.861502,0.161286,42,14
2020-04-07 05:13:15,-119.861502,0.161286,39,14
2020-04-07 05:13:20,-119.861502,0.161286,41,14
2020-04-07 05:13:25,-119.861502,0.161286,43,14
2020-04-07 05:13:30,-119.861502,0.161286,46,14
2020-04-07 05:13:35,-119.861502,0.161286,45,14
2020-04-07 05:13:40,-119.861502,0.161286,36,14
2020-04-07 05:13:45,-119.861502,0.161286,42,14
2020-04-07 05:13:50,-119.861502,0.161286,43,14
2020-04-07 05:13:55,-119.861502,0.161286,44,14
2020-04-07 05:14:00,-119.861502,0.161286,41,14
2020-04-07 05:14:05,-119.861502,0.161286,39,14
2020-04-07 05:14:10,-119.861502,0.161286,42,14
2020-04-07 05:14:15,-119.861502,0.161286,40,14
2020-04-07 05:14:20,-119.861502,0.161286,41,14
2020-04-07 05:14:25,-119.861502,0.161286,42,14
2020-04-07 05:14:30,-119.861502,0.161286,43,14
2020-04-07 05:14:35,-119.861502,0.161286,40,14
2020-04-07 05:14:40,-119.861502,0.161286,38,14
2020-04-07 05:14:45,-119.861502,0.161286,38,14
2020-04-07 05:14:50,-119.861502,0.161286,44,14
2020-04-07 05:14:55,-119.861502,0.161286,39,14
2020-04-07 05:15:00,-119.861502,0.161286,35,14
2020-04-07 05:15:05,-119.861502,0.161286,38,14
2020-04-07 05:15:10,-119.861502,0.161286,38,14
2020-04-07 05:15:15,-119.861502,0.161286,43,14
2020-04-07 05:15:20,-119.861502,0.161286,42,14
2020-04-07 05:15:25,-119.861502,0.161286,39,14
2020-04-07 05:15:30,-119.861502,0.161286,41,14
2020-04-07 05:15:35,-119.861502,0.161286,36,14
2020-04-07 05:15:40,-119.861502,0.161286,44,14
2020-04-07 05:15:45,-119.861502,0.161286,43,14
2020-04-07 05:15:50,-119.861502,0.161286,41,14
2020-04-07 05:15:55,-119.861502,0.161286,41,14
2020-04-07 05:16:00,-119.861502,0.161286,42,14
2020-04-07 05:16:05,-119.861502,0.161286,41,14
2020-04-07 05:16:10,-119.861502,0.161286,43,14
2020-04-07 05:16:15,-119.861502,0.161286,42,14
2020-04-07 05:16:20,-119.861502,0.161286,42,14
2020-04-07 05:16:25,-119.861502,0.161286,39,14
2020-04-07 05:16:30,-119.861502,0.161286,40,14
2020-04-07 05:16:35,-119.861502,0.161286,39,14
2020-04-07 05:16:40,-119.861502,0.161286,40,14
2020-04-07 05:16:45,-119.861502,0.161286,41,14
2020-04-07 05:16:50,-119.861502,0.161286,44,14
2020-04-07 05:16:55,-119.861502,0.161286,38,14
2020-04-07 05:17:00,-119.861502,0.161286,46,14
2020-04-07 05:17:05,-119.861502,0.161286,40,14
2020-04-07 05:17:10,-119.861502,0.161286,38,14
2020-04-07 05:17:15,-119.861502,0.161286,41,14
2020-04-07 05:17:20,-119.861502,0.161286,41,14
2020-04-07 05:17:25,-119.861502,0.161286,39,14
2020-04-07 05:17:30,-119.861502,0.161286,42,14
2020-04-07 05:17:35,-119.861502,0.161286,36,14
2020-04-07 05:17:40,-119.861502,0.161286,44,14
2020-04-07 05:17:45,-119.861502,0.161286,40,14
2020-04-07 05:17:50,-119.861502,0.161286,41,14
2020-04-07 05:17:55,-119.861502,0.161286,38,14
2020-04-07 05:18:00,-119.861502,0.161286,40,14
2020-04-07 05:18:05,-119.861502,0.161286,39,14
2020-04-07 05:18:10,-119.861502,0.161286,41,14
2020-04-07 05:18:15,-119.861502,0.161286,40,14
2020-04-07 05:18:20,-119.861502,0.161286,42,14
2020-04-07 05:18:25,-119.861502,0.161286,44,14
2020-04-07 05:18:30,-119.861502,0.161286,39,14
2020-04-07 05:18:35,-119.861502,0.161286,40,14
2020-04-07 05:18:40,-119.861502,0.161286,35,14
2020-04-07 05:18:45,-119.861502,0.161286,40,14
2020-04-07 05:18:50,-119.861502,0.161286,38,14
2020-04-07 05:18:55,-119.861502,0.161286,43,14
2020-04-07 05:19:00,-119.861502,0.161286,40,14
2020-04-07 05:19:05,-119.861502,0.161286,37,14
2020-04-07 05:19:10,-119.861502,0.161286,41,14
2020-04-07 05:19:15,-119.861502,0.161286,43,14
2020-04-07 05:19:20,-119.861502,0.161286,36,14
2020-04-07 05:19:25,-119.861502,0.161286,40,14
2020-04-07 05:19:30,-119.861502,0.161286,46,14
2020-04-07 05:19:35,-119.861502,0.161286,42,14
2020-04-07 05:19:40,-119.861502,0.161286,42,14
2020-04-07 05:19:45,-119.861502,0.161286,40,14
2020-04-07 05:19:50,-119.861502,0.161286,43,14
2020-04-07 05:19:55,-119.861502,0.161286,42,14
2020-04-07 05:20:00,-119.861502,0.161286,41,14
2020-04-07 05:20:05,-119.861502,0.161286,42,14
2020-04-07 05:20:10,-119.861502,0.161286,41,14
2020-04-07 05:20:15,-119.861502,0.161286,43,14
2020-04-07 05:20:20,-119.861502,0.161286,43,14
2020-04-07 05:20:25,-119.861502,0.161286,37,14
2020-04-07 05:20:30,-119.861502,0.161286,39,14
2020-04-07 05:20:35,-119.861502,0.161286,42,14
2020-04-07 05:20:40,-119.861502,0.161286,46,14
2020-04-07 05:20:45,-119.861502,0.161286,39,14
2020-04-07 05:20:50,-119.861502,0.161286,44,14
2020-04-07 05:20:55,-119.861502,0.161286,41,14
2020-04-07 05:21:00,-119.861502,0.161286,42,14
2020-04-07 05:21:05,-119.861502,0.161286,39,14
2020-04-07 05:21:10,-119.861502,0.161286,44,14
2020-04-07 05:21:15,-119.861502,0.161286,40,14
2020-04-07 05:21:20,-119.861502,0.161286,43,14
2020-04-07 05:21:25,-119.861502,0.161286,42,14
2020-04-07 05:21:30,-119.861502,0.161286,42,14
2020-04-07 05:21:35,-119.861502,0.161286,43,14
2020-04-07 05:21:40,-119.861502,0.161286,44,14
2020-04-07 05:21:45,-119.861502,0.161286,40,14
2020-04-07 05:21:50,-119.861502,0.161286,42,14
2020-04-07 05:21:55,-119.861502,0.161286,50,14
2020-04-07 05:22:00,-119.861502,0.161286,43,14
2020-04-07 05:22:05,-119.861502,0.161286,41,14
2020-04-07 05:22:10,-119.861502,0.161286,48,14
2020-04-07 05:22:15,-119.861502,0.161286,39,14
2020-04-07 05:22:20,-119.861502,0.161286,39,14
2020-04-07 05:22:25,-119.861502,0.161286,45,14
2020-04-07 05:22:30,-119.861502,0.161286,37,14
2020-04-07 05:22:35,-119.861502,0.161286,40,14
2020-04-07 05:22:40,-119.861502,0.161286,42,14
2020-04-07 05:22:45,-119.861502,0.161286,42,14
2020-04-07 05:22:50,-119.861502,0.161286,42,14
2020-04-07 05:22:55,-119.861502,0.161286,39,14
2020-04-07 05:23:00,-119.861502,0.161286,39,14
2020-04-07 05:23:05,-119.861502,0.161286,36,14
2020-04-07 05:23:10,-119.861502,0.161286,42,14
2020-04-07 05:23:15,-119.861502,0.161286,42,14
2020-04-07 05:23:20,-119.861502,0.161286,40,14
2020-04-07 05:23:25,-119.861502,0.161286,43,14
2020-04-07 05:23:30,-119.861502,0.161286,43,14
2020-04-07 05:23:35,-119.861502,0.161286,39,14
2020-04-07 05:23:40,-119.861502,0.161286,45,14
2020-04-07 05:23:45,-119.861502,0.161286,44,14
2020-04-07 05:23:50,-119.861502,0.161286,42,14
2020-04-07 05:23:55,-119.861502,0.161286,43,14
2020-04-07 05:24:00,-119.861502,0.161286,45,14
2020-04-07 05:24:05,-119.861502,0.161286,39,14
2020-04-07 05:24:10,-119.861502,0.161286,46,14
2020-04-07 05:24:15,-119.861502,0.161286,37,14
2020-04-07 05:24:20,-119.861502,0.161286,40,14
2020-04-07 05:24:25,-119.861502,0.161286,43,14
2020-04-07 05:24:30,-119.861502,0.161286,43,14
2020-04-07 05:24:35,-119.861502,0.161286,43,14
2020-04-07 05:24:40,-119.861502,0.161286,47,14
2020-04-07 05:24:45,-119.861502,0.161286,43,14
2020-04-07 05:24:50,-119.861502,0.161286,47,14
2020-04-07 05:24:55,-119.861502,0.161286,40,14
2020-04-07 05:25:00,-119.861502,0.161286,42,14
2020-04-07 05:25:05,-119.861502,0.161286,45,14
2020-04-07 05:25:10,-119.861502,0.161286,39,14
2020-04-07 05:25:15,-119.861502,0.161286,40,14
2020-04-07 05:25:20,-119.861502,0.161286,42,14
2020-04-07 05:25:25,-119.861502,0.161286,42,14
2020-04-07 05:25:30,-119.861502,0.161286,36,14
2020-04-07 05:25:35,-119.861502,0.161286,37,14
2020-04-07 05:25:40,-119.861502,0.161286,47,14
2020-04-07 05:25:45,-119.861502,0.161286,35,14
2020-04-07 05:25:50,-119.861502,0.161286,41,14
2020-04-07 05:25:55,-119.861502,0.161286,43,14
2020-04-07 05:26:00,-119.861502,0.161286,36,14
2020-04-07 05:26:05,-119.861502,0.161286,44,14
2020-04-07 05:26:10,-119.861502,0.161286,35,14
2020-04-07 05:26:15,-119.861502,0.161286,41,14
2020-04-07 05:26:20,-119.861502,0.161286,40,14
2020-04-07 05:26:25,-119.861502,0.161286,41,14
2020-04-07 05:26:30,-119.861502,0.161286,38,14
2020-04-07 05:26:35,-119.861502,0.161286,37,14
2020-04-07 05:26:40,-119.861502,0.161286,42,14
2020-04-07 05:26:45,-119.861502,0.161286,39,14
2020-04-07 05:26:50,-119.861502,0.161286,38,14
2020-04-07 05:26:55,-119.861502,0.161286,40,14
2020-04-07 05:27:00,-119.861502,0.161286,44,14
2020-04-07 05:27:05,-119.861502,0.161286,45,14
2020-04-07 05:27:10,-119.861502,0.161286,37,14
2020-04-07 05:27:15,-119.861502,0.161286,39,14
2020-04-07 05:27:20,-119.861502,0.161286,43,14
2020-04-07 05:27:25,-119.861502,0.161286,45,14
2020-04-07 05:27:30,-119.861502,0.161286,37,14
2020-04-07 05:27:35,-119.861502,0.161286,42,14
2020-04-07 05:27:40,-119.861502,0.161286,36,14
2020-04-07 05:27:45,-119.861502,0.161286,45,14
2020-04-07 05:27:50,-119.861502,0.161286,46,14
2020-04-07 05:27:55,-119.861502,0.161286,39,14
2020-04-07 05:28:00,-119.861502,0.161286,40,14
2020-04-07 05:28:05,-119.861502,0.161286,38,14
2020-04-07 05:28:10,-119.861502,0.161286,40,14
2020-04-07 05:28:15,-119.861502,0.161286,39,14
2020-04-07 05:28:20,-119.861502,0.161286,49,14
2020-04-07 05:28:25,-119.861502,0.161286,47,14
2020-04-07 05:28:30,-119.861502,0.161286,42,14
2020-04-07 05:28:35,-119.861502,0.161286,45,14
2020-04-07 05:28:40,-119.861502,0.161286,41,14
2020-04-07 05:28:45,-119.861502,0.161286,43,14
2020-04-07 05:28:50,-119.861502,0.161286,43,14
2020-04-07 05:28:55,-119.861502,0.161286,41,14
2020-04-07 05:29:00,-119.861502,0.161286,42,14
2020-04-07 05:29:05,-119.861502,0.161286,40,14
2020-04-07 05:29:10,-119.861502,0.161286,40,14
2020-04-07 05:29:15,-119.861502,0.161286,42,14
2020-04-07 05:29:20,-119.861502,0.161286,36,14
2020-04-07 05:29:25,-119.861502,0.161286,40,14
2020-04-07 05:29:30,-119.861502,0.161286,39,14
2020-04-07 05:29:35,-119.861502,0.161286,38,14
2020-04-07 05:29:40,-119.861502,0.161286,38,14
2020-04-07 05:29:45,-119.861502,0.161286,40,14
2020-04-07 05:29:50,-119.861502,0.161286,39,14
2020-04-07 05:29:55,-119.861502,0.161286,41,14
2020-04-07 05:30:00,-119.861502,0.161286,45,14
2020-04-07 05:30:05,-119.861502,0.161286,43,14
2020-04-07 05:30:10,-119.861502,0.161286,36,14
2020-04-07 05:30:15,-119.861502,0.161286,41,14
2020-04-07 05:30:20,-119.861502,0.161286,43,14
2020-04-07 05:30:25,-119.861502,0.161286,40,14
2020-04-07 05:30:30,-119.861502,0.161286,41,14
2020-04-07 05:30:35,-119.861502,0.161286,43,14
2020-04-07 05:30:40,-119.861502,0.161286,46,14
2020-04-07 05:30:45,-119.861502,0.161286,41,14
2020-04-07 05:30:50,-119.861502,0.161286,39,14
2020-04-07 05:30:55,-119.861502,0.161286,39,14
2020-04-07 05:31:00,-119.861502,0.161286,43,14
2020-04-07 05:31:05,-119.861502,0.161286,42,14
2020-04-07 05:31:10,-119.861502,0.161286,39,14
2020-04-07 05:31:15,-119.861502,0.161286,40,14
2020-04-07 05:31:20,-119.861502,0.161286,43,14
2020-04-07 05:31:25,-119.861502,0.161286,43,14
2020-04-07 05:31:30,-119.861502,0.161286,44,14
2020-04-07 05:31:35,-119.861502,0.161286,41,14
2020-04-07 05:31:40,-119.861502,0.161286,37,14
2020-04-07 05:31:45,-119.861502,0.161286,41,14
2020-04-07 05:31:50,-119.861502,0.161286,43,14
2020-04-07 05:31:55,-119.861502,0.161286,40,14
2020-04-07 05:32:00,-119.861502,0.161286,45,14
2020-04-07 05:32:05,-119.861502,0.161286,40,14
2020-04-07 05:32:10,-119.861502,0.161286,46,14
2020-04-07 05:32:15,-119.861502,0.161286,40,14
2020-04-07 05:32:20,-119.861502,0.161286,39,14
2020-04-07 05:32:25,-119.861502,0.161286,45,14
2020-04-07 05:32:30,-119.861502,0.161286,41,14
2020-04-07 05:32:35,-119.861502,0.161286,43,14
2020-04-07 05:32:40,-119.861502,0.161286,42,14
2020-04-07 05:32:45,-119.861502,0.161286,45,14
2020-04-07 05:32:50,-119.861502,0.161286,42,14
2020-04-07 05:32:55,-119.861502,0.161286,38,14
2020-04-07 05:33:00,-119.861502,0.161286,39,14
2020-04-07 05:33:05,-119.861502,0.161286,39,14
2020-04-07 05:33:10,-119.861502,0.161286,41,14
2020-04-07 05:33:15,-119.861502,0.161286,49,14
2020-04-07 05:33:20,-119.861502,0.161286,43,14
2020-04-07 05:33:25,-119.861502,0.161286,42,14
2020-04-07 05:33:30,-119.861502,0.161286,43,14
2020-04-07 05:33:35,-119.861502,0.161286,37,14
2020-04-07 05:33:40,-119.861502,0.161286,41,14
2020-04-07 05:33:45,-119.861502,0.161286,40,14
2020-04-07 05:33:50,-119.861502,0.161286,38,14
2020-04-07 05:33:55,-119.861502,0.161286,41,14
2020-04-07 05:34:00,-119.861502,0.161286,41,14
2020-04-07 05:34:05,-119.861502,0.161286,41,14
2020-04-07 05:34:10,-119.861502,0.161286,37,14
2020-04-07 05:34:15,-119.861502,0.161286,44,14
2020-04-07 05:34:20,-119.861502,0.161286,43,14
2020-04-07 05:34:25,-119.861502,0.161286,40,14
2020-04-07 05:34:30,-119.861502,0.161286,41,14
2020-04-07 05:34:35,-119.861502,0.161286,42,14
2020-04-07 05:34:40,-119.861502,0.161286,38,14
2020-04-07 05:34:45,-119.861502,0.161286,42,14
2020-04-07 05:34:50,-119.861502,0.161286,44,14
2020-04-07 05:34:55,-119.861502,0.161286,44,14
2020-04-07 05:35:00,-119.861502,0.161286,39,14
2020-04-07 05:35:05,-119.861502,0.161286,47,14
2020-04-07 05:35:10,-119.861502,0.161286,40,14
2020-04-07 05:35:15,-119.861502,0.161286,38,14
2020-04-07 05:35:20,-119.861502,0.161286,45,14
2020-04-07 05:35:25,-119.861502,0.161286,40,14
2020-04-07 05:35:30,-119.861502,0.161286,42,14
2020-04-07 05:35:35,-119.861502,0.161286,40,14
2020-04-07 05:35:40,-119.861502,0.161286,39,14
2020-04-07 05:35:45,-119.861502,0.161286,42,14
2020-04-07 05:35:50,-119.861502,0.161286,44,14
2020-04-07 05:35:55,-119.861502,0.161286,39,14
2020-04-07 05:36:00,-119.861502,0.161286,36,14
2020-04-07 05:36:05,-119.861502,0.161286,43,14
2020-04-07 05:36:10,-119.861502,0.161286,36,14
2020-04-07 05:36:15,-119.861502,0.161286,46,14
2020-04-07 05:36:20,-119.861502,0.161286,41,14
2020-04-07 05:36:25,-119.861502,0.161286,39,14
2020-04-07 05:36:30,-119.861502,0.161286,43,14
2020-04-07 05:36:35,-119.861502,0.161286,37,14
2020-04-07 05:36:40,-119.861502,0.161286,38,14
2020-04-07 05:36:45,-119.861502,0.161286,41,14
2020-04-07 05:36:50,-119.861502,0.161286,36,14
2020-04-07 05:36:55,-119.861502,0.161286,46,14
2020-04-07 05:37:00,-119.861502,0.161286,32,14
2020-04-07 05:37:05,-119.861502,0.161286,41,14
2020-04-07 05:37:10,-119.861502,0.161286,44,14
2020-04-07 05:37:15,-119.861502,0.161286,44,14
2020-04-07 05:37:20,-119.861502,0.161286,42,14
2020-04-07 05:37:25,-119.861502,0.161286,37,14
2020-04-07 05:37:30,-119.861502,0.161286,39,14
2020-04-07 05:37:35,-119.861502,0.161286,44,14
2020-04-07 05:37:40,-119.861502,0.161286,45,14
2020-04-07 05:37:45,-119.861502,0.161286,39,14
2020-04-07 05:37:50,-119.861502,0.161286,40,14
2020-04-07 05:37:55,-119.861502,0.161286,43,14
2020-04-07 05:38:00,-119.861502,0.161286,39,14
2020-04-07 05:38:05,-119.861502,0.161286,46,14
2020-04-07 05:38:10,-119.861502,0.161286,42,14
2020-04-07 05:38:15,-119.861502,0.161286,41,14
2020-04-07 05:38:20,-119.861502,0.161286,37,14
2020-04-07 05:38:25,-119.861502,0.161286,40,14
2020-04-07 05:38:30,-119.861502,0.161286,48,14
2020-04-07 05:38:35,-119.861502,0.161286,43,14
2020-04-07 05:38:40,-119.861502,0.161286,40,14
2020-04-07 05:38:45,-119.861502,0.161286,39,14
2020-04-07 05:38:50,-119.861502,0.161286,43,14
2020-04-07 05:38:55,-119.861502,0.161286,40,14
2020-04-07 05:39:00,-119.861502,0.161286,43,14
2020-04-07 05:39:05,-119.861502,0.161286,43,14
2020-04-07 05:39:10,-119.861502,0.161286,37,14
2020-04-07 05:39:15,-119.861502,0.161286,45,14
2020-04-07 05:39:20,-119.861502,0.161286,43,14
2020-04-07 05:39:25,-119.861502,0.161286,41,14
2020-04-07 05:39:30,-119.861502,0.161286,42,14
2020-04-07 05:39:35,-119.861502,0.161286,45,14
2020-04-07 05:39:40,-119.861502,0.161286,40,14
2020-04-07 05:39:45,-119.861502,0.161286,44,14
2020-04-07 05:39:50,-119.861502,0.161286,43,14
2020-04-07 05:39:55,-119.861502,0.161286,43,14
2020-04-07 05:40:00,-119.861502,0.161286,43,14
2020-04-07 05:40:05,-119.861502,0.161286,40,14
2020-04-07 05:40:10,-119.861502,0.161286,42,14
2020-04-07 05:40:15,-119.861502,0.161286,39,14
2020-04-07 05:40:20,-119.861502,0.161286,42,14
2020-04-07 05:40:25,-119.861502,0.161286,39,14
2020-04-07 05:40:30,-119.861502,0.161286,40,14
2020-04-07 05:40:35,-119.861502,0.161286,44,14
2020-04-07 05:40:40,-119.861502,0.161286,38,14
2020-04-07 05:40:45,-119.861502,0.161286,42,14
2020-04-07 05:40:50,-119.861502,0.161286,43,14
2020-04-07 05:40:55,-119.861502,0.161286,43,14
2020-04-07 05:41:00,-119.861502,0.161286,39,14
2020-04-07 05:41:05,-119.861502,0.161286,41,14
2020-04-07 05:41:10,-119.861502,0.161286,37,14
2020-04-07 05:41:15,-119.861502,0.161286,39,14
2020-04-07 05:41:20,-119.861502,0.161286,43,14
2020-04-07 05:41:25,-119.861502,0.161286,39,14
2020-04-07 05:41:30,-119.861502,0.161286,46,14
2020-04-07 05:41:35,-119.861502,0.161286,42,14
2020-04-07 05:41:40,-119.861502,0.161286,38,14
2020-04-07 05:41:45,-119.861502,0.161286,43,14
2020-04-07 05:41:50,-119.861502,0.161286,41,14
2020-04-07 05:41:55,-119.861502,0.161286,44,14
2020-04-07 05:42:00,-119.861502,0.161286,35,14
2020-04-07 05:42:05,-119.861502,0.161286,43,14
2020-04-07 05:42:10,-119.861502,0.161286,42,14
2020-04-07 05:42:15,-119.861502,0.161286,50,14
2020-04-07 05:42:20,-119.861502,0.161286,46,14
2020-04-07 05:42:25,-119.861502,0.161286,40,14
2020-04-07 05:42:30,-119.861502,0.161286,46,14
2020-04-07 05:42:35,-119.861502,0.161286,41,14
2020-04-07 05:42:40,-119.861502,0.161286,41,14
2020-04-07 05:42:45,-119.861502,0.161286,41,14
2020-04-07 05:42:50,-119.861502,0.161286,43,14
2020-04-07 05:42:55,-119.861502,0.161286,39,14
2020-04-07 05:43:00,-119.861502,0.161286,39,14
2020-04-07 05:43:05,-119.861502,0.161286,40,14
2020-04-07 05:43:10,-119.861502,0.161286,41,14
2020-04-07 05:43:15,-119.861502,0.161286,36,14
2020-04-07 05:43:20,-119.861502,0.161286,41,14
2020-04-07 05:43:25,-119.861502,0.161286,42,14
2020-04-07 05:43:30,-119.861502,0.161286,43,14
2020-04-07 05:43:35,-119.861502,0.161286,38,14
2020-04-07 05:43:40,-119.861502,0.161286,42,14
2020-04-07 05:43:45,-119.861502,0.161286,43,14
2020-04-07 05:43:50,-119.861502,0.161286,42,14
2020-04-07 05:43:55,-119.861502,0.161286,39,14
2020-04-07 05:44:00,-119.861502,0.161286,38,14
2020-04-07 05:44:05,-119.861502,0.161286,47,14
2020-04-07 05:44:10,-119.861502,0.161286,36,14
2020-04-07 05:44:15,-119.861502,0.161286,36,14
2020-04-07 05:44:20,-119.861502,0.161286,41,14
2020-04-07 05:44:25,-119.861502,0.161286,42,14
2020-04-07 05:44:30,-119.861502,0.161286,46,14
2020-04-07 05:44:35,-119.861502,0.161286,43,14
2020-04-07 05:44:40,-119.861502,0.161286,43,14
2020-04-07 05:44:45,-119.861502,0.161286,41,14
2020-04-07 05:44:50,-119.861502,0.161286,41,14
2020-04-07 05:44:55,-119.861502,0.161286,41,14
2020-04-07 05:45:00,-119.861502,0.161286,37,14
2020-04-07 05:45:05,-119.861502,0.161286,37,14
2020-04-07 05:45:10,-119.861502,0.161286,40,14
2020-04-07 05:45:15,-119.861502,0.161286,45,14
2020-04-07 05:45:20,-119.861502,0.161286,42,14
2020-04-07 05:45:25,-119.861502,0.161286,42,14
2020-04-07 05:45:30,-119.861502,0.161286,39,14
2020-04-07 05:45:35,-119.861502,0.161286,44,14
2020-04-07 05:45:40,-119.861502,0.161286,42,14
2020-04-07 05:45:45,-119.861502,0.161286,42,14
2020-04-07 05:45:50,-119.861502,0.161286,42,14
2020-04-07 05:45:55,-119.861502,0.161286,44,14
2020-04-07 05:46:00,-119.861502,0.161286,40,14
2020-04-07 05:46:05,-119.861502,0.161286,42,14
2020-04-07 05:46:10,-119.861502,0.161286,40,14
2020-04-07 05:46:15,-119.861502,0.161286,41,14
2020-04-07 05:46:20,-119.861502,0.161286,43,14
2020-04-07 05:46:25,-119.861502,0.161286,37,14
2020-04-07 05:46:30,-119.861502,0.161286,38,14
2020-04-07 05:46:35,-119.861502,0.161286,46,14
2020-04-07 05:46:40,-119.861502,0.161286,38,14
2020-04-07 05:46:45,-119.861502,0.161286,47,14
2020-04-07 05:46:50,-119.861502,0.161286,39,14
2020-04-07 05:46:55,-119.861502,0.161286,39,14
2020-04-07 05:47:00,-119.861502,0.161286,38,14
2020-04-07 05:47:05,-119.861502,0.161286,39,14
2020-04-07 05:47:10,-119.861502,0.161286,40,14
2020-04-07 05:47:15,-119.861502,0.161286,38,14
2020-04-07 05:47:20,-119.861502,0.161286,43,14
2020-04-07 05:47:25,-119.861502,0.161286,36,14
2020-04-07 05:47:30,-119.861502,0.161286,42,14
2020-04-07 05:47:35,-119.861502,0.161286,43,14
2020-04-07 05:47:40,-119.861502,0.161286,42,14
2020-04-07 05:47:45,-119.861502,0.161286,43,14
2020-04-07 05:47:50,-119.861502,0.161286,40,14
2020-04-07 05:47:55,-119.861502,0.161286,42,14
2020-04-07 05:48:00,-119.861502,0.161286,42,14
2020-04-07 05:48:05,-119.861502,0.161286,39,14
2020-04-07 05:48:10,-119.861502,0.161286,41,14
2020-04-07 05:48:15,-119.861502,0.161286,37,14
2020-04-07 05:48:20,-119.861502,0.161286,40,14
2020-04-07 05:48:25,-119.861502,0.161286,43,14
2020-04-07 05:48:30,-119.861502,0.161286,42,14
2020-04-07 05:48:35,-119.861502,0.161286,47,14
2020-04-07 05:48:40,-119.861502,0.161286,48,14
2020-04-07 05:48:45,-119.861502,0.161286,40,14
2020-04-07 05:48:50,-119.861502,0.161286,44,14
2020-04-07 05:48:55,-119.861502,0.161286,37,14
2020-04-07 05:49:00,-119.861502,0.161286,42,14
2020-04-07 05:49:05,-119.861502,0.161286,43,14
2020-04-07 05:49:10,-119.861502,0.161286,37,14
2020-04-07 05:49:15,-119.861502,0.161286,44,14
2020-04-07 05:49:20,-119.861502,0.161286,43,14
2020-04-07 05:49:25,-119.861502,0.161286,39,14
2020-04-07 05:49:30,-119.861502,0.161286,39,14
2020-04-07 05:49:35,-119.861502,0.161286,42,14
2020-04-07 05:49:40,-119.861502,0.161286,38,14
2020-04-07 05:49:45,-119.861502,0.161286,46,14
2020-04-07 05:49:50,-119.861502,0.161286,40,14
2020-04-07 05:49:55,-119.861502,0.161286,39,14
2020-04-07 05:50:00,-119.861502,0.161286,37,14
2020-04-07 05:50:05,-119.861502,0.161286,40,14
2020-04-07 05:50:10,-119.861502,0.161286,42,14
2020-04-07 05:50:15,-119.861502,0.161286,43,14
2020-04-07 05:50:20,-119.861502,0.161286,37,14
2020-04-07 05:50:25,-119.861502,0.161286,37,14
2020-04-07 05:50:30,-119.861502,0.161286,45,14
2020-04-07 05:50:35,-119.861502,0.161286,37,14
2020-04-07 05:50:40,-119.861502,0.161286,34,14
2020-04-07 05:50:45,-119.861502,0.161286,47,14
2020-04-07 05:50:50,-119.861502,0.161286,46,14
2020-04-07 05:50:55,-119.861502,0.161286,41,14
2020-04-07 05:51:00,-119.861502,0.161286,40,14
2020-04-07 05:51:05,-119.861502,0.161286,36,14
2020-04-07 05:51:10,-119.861502,0.161286,42,14
2020-04-07 05:51:15,-119.861502,0.161286,45,14
2020-04-07 05:51:20,-119.861502,0.161286,39,14
2020-04-07 05:51:25,-119.861502,0.161286,42,14
2020-04-07 05:51:30,-119.861502,0.161286,43,14
2020-04-07 05:51:35,-119.861502,0.161286,42,14
2020-04-07 05:51:40,-119.861502,0.161286,43,14
2020-04-07 05:51:45,-119.861502,0.161286,33,14
2020-04-07 05:51:50,-119.861502,0.161286,42,14
2020-04-07 05:51:55,-119.861502,0.161286,41,14
2020-04-07 05:52:00,-119.861502,0.161286,42,14
2020-04-07 05:52:05,-119.861502,0.161286,46,14
2020-04-07 05:52:10,-119.861502,0.161286,40,14
2020-04-07 05:52:15,-119.861502,0.161286,40,14
2020-04-07 05:52:20,-119.861502,0.161286,43,14
2020-04-07 05:52:25,-119.861502,0.161286,41,14
2020-04-07 05:52:30,-119.861502,0.161286,42,14
2020-04-07 05:52:35,-119.861502,0.161286,46,14
2020-04-07 05:52:40,-119.861502,0.161286,46,14
2020-04-07 05:52:45,-119.861502,0.161286,38,14
2020-04-07 05:52:50,-119.861502,0.161286,40,14
2020-04-07 05:52:55,-119.861502,0.161286,44,14
2020-04-07 05:53:00,-119.861502,0.161286,40,14
2020-04-07 05:53:05,-119.861502,0.161286,45,14
2020-04-07 05:53:10,-119.861502,0.161286,40,14
2020-04-07 05:53:15,-119.861502,0.161286,41,14
2020-04-07 05:53:20,-119.861502,0.161286,39,14
2020-04-07 05:53:25,-119.861502,0.161286,39,14
2020-04-07 05:53:30,-119.861502,0.161286,41,14
2020-04-07 05:53:35,-119.861502,0.161286,41,14
2020-04-07 05:53:40,-119.861502,0.161286,44,14
2020-04-07 05:53:45,-119.861502,0.161286,39,14
2020-04-07 05:53:50,-119.861502,0.161286,42,14
2020-04-07 05:53:55,-119.861502,0.161286,44,14
2020-04-07 05:54:00,-119.861502,0.161286,45,14
2020-04-07 05:54:05,-119.861502,0.161286,43,14
2020-04-07 05:54:10,-119.861502,0.161286,41,14
2020-04-07 05:54:15,-119.861502,0.161286,38,14
2020-04-07 05:54:20,-119.861502,0.161286,42,14
2020-04-07 05:54:25,-119.861502,0.161286,44,14
2020-04-07 05:54:30,-119.861502,0.161286,42,14
2020-04-07 05:54:35,-119.861502,0.161286,44,14
2020-04-07 05:54:40,-119.861502,0.161286,46,14
2020-04-07 05:54:45,-119.861502,0.161286,38,14
2020-04-07 05:54:50,-119.861502,0.161286,40,14
2020-04-07 05:54:55,-119.861502,0.161286,42,14
2020-04-07 05:55:00,-119.861502,0.161286,38,14
2020-04-07 05:55:05,-119.861502,0.161286,42,14
2020-04-07 05:55:10,-119.861502,0.161286,45,14
2020-04-07 05:55:15,-119.861502,0.161286,45,14
2020-04-07 05:55:20,-119.861502,0.161286,38,14
2020-04-07 05:55:25,-119.861502,0.161286,44,14
2020-04-07 05:55:30,-119.861502,0.161286,34,14
2020-04-07 05:55:35,-119.861502,0.161286,37,14
2020-04-07 05:55:40,-119.861502,0.161286,47,14
2020-04-07 05:55:45,-119.861502,0.161286,43,14
2020-04-07 05:55:50,-119.861502,0.161286,37,14
2020-04-07 05:55:55,-119.861502,0.161286,36,14
2020-04-07 05:56:00,-119.861502,0.161286,40,14
2020-04-07 05:56:05,-119.861502,0.161286,37,14
2020-04-07 05:56:10,-119.861502,0.161286,44,14
2020-04-07 05:56:15,-119.861502,0.161286,39,14
2020-04-07 05:56:20,-119.861502,0.161286,39,14
2020-04-07 05:56:25,-119.861502,0.161286,43,14
2020-04-07 05:56:30,-119.861502,0.161286,37,14
2020-04-07 05:56:35,-119.861502,0.161286,35,14
2020-04-07 05:56:40,-119.861502,0.161286,39,14
2020-04-07 05:56:45,-119.861502,0.161286,38,14
2020-04-07 05:56:50,-119.861502,0.161286,45,14
2020-04-07 05:56:55,-119.861502,0.161286,40,14
2020-04-07 05:57:00,-119.861502,0.161286,42,14
2020-04-07 05:57:05,-119.861502,0.161286,41,14
2020-04-07 05:57:10,-119.861502,0.161286,50,14
2020-04-07 05:57:15,-119.861502,0.161286,48,14
2020-04-07 05:57:20,-119.861502,0.161286,39,14
2020-04-07 05:57:25,-119.861502,0.161286,41,14
2020-04-07 05:57:30,-119.861502,0.161286,40,14
2020-04-07 05:57:35,-119.861502,0.161286,41,14
2020-04-07 05:57:40,-119.861502,0.161286,35,14
2020-04-07 05:57:45,-119.861502,0.161286,40,14
2020-04-07 05:57:50,-119.861502,0.161286,37,14
2020-04-07 05:57:55,-119.861502,0.161286,42,14
2020-04-07 05:58:00,-119.861502,0.161286,39,14
2020-04-07 05:58:05,-119.861502,0.161286,44,14
2020-04-07 05:58:10,-119.861502,0.161286,40,14
2020-04-07 05:58:15,-119.861502,0.161286,48,14
2020-04-07 05:58:20,-119.861502,0.161286,43,14
2020-04-07 05:58:25,-119.861502,0.161286,39,14
2020-04-07 05:58:30,-119.861502,0.161286,42,14
2020-04-07 05:58:35,-119.861502,0.161286,42,14
2020-04-07 05:58:40,-119.861502,0.161286,48,14
2020-04-07 05:58:45,-119.861502,0.161286,41,14
2020-04-07 05:58:50,-119.861502,0.161286,39,14
2020-04-07 05:58:55,-119.861502,0.161286,46,14
2020-04-07 05:59:00,-119.861502,0.161286,40,14
2020-04-07 05:59:05,-119.861502,0.161286,37,14
2020-04-07 05:59:10,-119.861502,0.161286,42,14
2020-04-07 05:59:15,-119.861502,0.161286,41,14
2020-04-07 05:59:20,-119.861502,0.161286,37,14
2020-04-07 05:59:25,-119.861502,0.161286,42,14
2020-04-07 05:59:30,-119.861502,0.161286,37,14
2020-04-07 05:59:35,-119.861502,0.161286,42,14
2020-04-07 05:59:40,-119.861502,0.161286,39,14
2020-04-07 05:59:45,-119.861502,0.161286,44,14
2020-04-07 05:59:50,-119.861502,0.161286,43,14
2020-04-07 05:59:55,-119.861502,0.161286,43,14
2020-04-07 06:00:00,-119.861502,0.161286,42,14
2020-04-07 06:00:05,-119.861502,0.161286,41,14
2020-04-07 06:00:10,-119.861502,0.161286,35,14
2020-04-07 06:00:15,-119.861502,0.161286,44,14
2020-04-07 06:00:20,-119.861502,0.161286,40,14
2020-04-07 06:00:25,-119.861502,0.161286,45,14
2020-04-07 06:00:30,-119.861502,0.161286,41,14
2020-04-07 06:00:35,-119.861502,0.161286,37,14
2020-04-07 06:00:40,-119.861502,0.161286,48,14
2020-04-07 06:00:45,-119.861502,0.161286,38,14
2020-04-07 06:00:50,-119.861502,0.161286,44,14
2020-04-07 06:00:55,-119.861502,0.161286,42,14
2020-04-07 06:01:00,-119.861502,0.161286,40,14
2020-04-07 06:01:05,-119.861502,0.161286,43,14
2020-04-07 06:01:10,-119.861502,0.161286,44,14
2020-04-07 06:01:15,-119.861502,0.161286,40,14
2020-04-07 06:01:20,-119.861502,0.161286,39,14
2020-04-07 06:01:25,-119.861502,0.161286,40,14
2020-04-07 06:01:30,-119.861502,0.161286,41,14
2020-04-07 06:01:35,-119.861502,0.161286,41,14
2020-04-07 06:01:40,-119.861502,0.161286,36,14
2020-04-07 06:01:45,-119.861502,0.161286,43,14
2020-04-07 06:01:50,-119.861502,0.161286,37,14
2020-04-07 06:01:55,-119.861502,0.161286,44,14
2020-04-07 06:02:00,-119.861502,0.161286,41,14
2020-04-07 06:02:05,-119.861502,0.161286,39,14
2020-04-07 06:02:10,-119.861502,0.161286,40,14
2020-04-07 06:02:15,-119.861502,0.161286,35,14
2020-04-07 06:02:20,-119.861502,0.161286,44,14
2020-04-07 06:02:25,-119.861502,0.161286,41,14
2020-04-07 06:02:30,-119.861502,0.161286,48,14
2020-04-07 06:02:35,-119.861502,0.161286,37,14
2020-04-07 06:02:40,-119.861502,0.161286,46,14
2020-04-07 06:02:45,-119.861502,0.161286,41,14
2020-04-07 06:02:50,-119.861502,0.161286,43,14
2020-04-07 06:02:55,-119.861502,0.161286,44,14
2020-04-07 06:03:00,-119.861502,0.161286,43,14
2020-04-07 06:03:05,-119.861502,0.161286,41,14
2020-04-07 06:03:10,-119.861502,0.161286,42,14
2020-04-07 06:03:15,-119.861502,0.161286,41,14
2020-04-07 06:03:20,-119.861502,0.161286,41,14
2020-04-07 06:03:25,-119.861502,0.161286,47,14
2020-04-07 06:03:30,-119.861502,0.161286,43,14
2020-04-07 06:03:35,-119.861502,0.161286,42,14
2020-04-07 06:03:40,-119.861502,0.161286,39,14
2020-04-07 06:03:45,-119.861502,0.161286,42,14
2020-04-07 06:03:50,-119.861502,0.161286,41,14
2020-04-07 06:03:55,-119.861502,0.161286,38,14
2020-04-07 06:04:00,-119.861502,0.161286,43,14
2020-04-07 06:04:05,-119.861502,0.161286,44,14
2020-04-07 06:04:10,-119.861502,0.161286,46,14
2020-04-07 06:04:15,-119.861502,0.161286,42,14
2020-04-07 06:04:20,-119.861502,0.161286,47,14
2020-04-07 06:04:25,-119.861502,0.161286,43,14
2020-04-07 06:04:30,-119.861502,0.161286,45,14
2020-04-07 06:04:35,-119.861502,0.161286,44,14
2020-04-07 06:04:40,-119.861502,0.161286,40,14
2020-04-07 06:04:45,-119.861502,0.161286,40,14
2020-04-07 06:04:50,-119.861502,0.161286,38,14
2020-04-07 06:04:55,-119.861502,0.161286,40,14
2020-04-07 06:05:00,-119.861502,0.161286,50,14
2020-04-07 06:05:05,-119.861502,0.161286,37,14
2020-04-07 06:05:10,-119.861502,0.161286,45,14
2020-04-07 06:05:15,-119.861502,0.161286,42,14
2020-04-07 06:05:20,-119.861502,0.161286,38,14
2020-04-07 06:05:25,-119.861502,0.161286,41,14
2020-04-07 06:05:30,-119.861502,0.161286,45,14
2020-04-07 06:05:35,-119.861502,0.161286,48,14
2020-04-07 06:05:40,-119.861502,0.161286,42,14
2020-04-07 06:05:45,-119.861502,0.161286,39,14
2020-04-07 06:05:50,-119.861502,0.161286,40,14
2020-04-07 06:05:55,-119.861502,0.161286,38,14
2020-04-07 06:06:00,-119.861502,0.161286,44,14
2020-04-07 06:06:05,-119.861502,0.161286,41,14
2020-04-07 06:06:10,-119.861502,0.161286,43,14
2020-04-07 06:06:15,-119.861502,0.161286,41,14
2020-04-07 06:06:20,-119.861502,0.161286,41,14
2020-04-07 06:06:25,-119.861502,0.161286,42,14
2020-04-07 06:06:30,-119.861502,0.161286,41,14
2020-04-07 06:06:35,-119.861502,0.161286,42,14
2020-04-07 06:06:40,-119.861502,0.161286,42,14
2020-04-07 06:06:45,-119.861502,0.161286,42,14
2020-04-07 06:06:50,-119.861502,0.161286,45,14
2020-04-07 06:06:55,-119.861502,0.161286,46,14
2020-04-07 06:07:00,-119.861502,0.161286,37,14
2020-04-07 06:07:05,-119.861502,0.161286,47,14
2020-04-07 06:07:10,-119.861502,0.161286,42,14
2020-04-07 06:07:15,-119.861502,0.161286,45,14
2020-04-07 06:07:20,-119.861502,0.161286,43,14
2020-04-07 06:07:25,-119.861502,0.161286,40,14
2020-04-07 06:07:30,-119.861502,0.161286,41,14
2020-04-07 06:07:35,-119.861502,0.161286,44,14
2020-04-07 06:07:40,-119.861502,0.161286,44,14
2020-04-07 06:07:45,-119.861502,0.161286,39,14
2020-04-07 06:07:50,-119.861502,0.161286,40,14
2020-04-07 06:07:55,-119.861502,0.161286,41,14
2020-04-07 06:08:00,-119.861502,0.161286,40,14
2020-04-07 06:08:05,-119.861502,0.161286,39,14
2020-04-07 06:08:10,-119.861502,0.161286,45,14
2020-04-07 06:08:15,-119.861502,0.161286,46,14
2020-04-07 06:08:20,-119.861502,0.161286,40,14
2020-04-07 06:08:25,-119.861502,0.161286,41,14
2020-04-07 06:08:30,-119.861502,0.161286,40,14
2020-04-07 06:08:35,-119.861502,0.161286,42,14
2020-04-07 06:08:40,-119.861502,0.161286,39,14
2020-04-07 06:08:45,-119.861502,0.161286,43,14
2020-04-07 06:08:50,-119.861502,0.161286,40,14
2020-04-07 06:08:55,-119.861502,0.161286,46,14
2020-04-07 06:09:00,-119.861502,0.161286,42,14
2020-04-07 06:09:05,-119.861502,0.161286,43,14
2020-04-07 06:09:10,-119.861502,0.161286,42,14
2020-04-07 06:09:15,-119.861502,0.161286,41,14
2020-04-07 06:09:20,-119.861502,0.161286,43,14
2020-04-07 06:09:25,-119.861502,0.161286,42,14
2020-04-07 06:09:30,-119.861502,0.161286,46,14
2020-04-07 06:09:35,-119.861502,0.161286,42,14
2020-04-07 06:09:40,-119.861502,0.161286,48,14
2020-04-07 06:09:45,-119.861502,0.161286,40,14
2020-04-07 06:09:50,-119.861502,0.161286,39,14
2020-04-07 06:09:55,-119.861502,0.161286,45,14
2020-04-07 06:10:00,-119.861502,0.161286,41,14
2020-04-07 06:10:05,-119.861502,0.161286,41,14
2020-04-07 06:10:10,-119.861502,0.161286,40,14
2020-04-07 06:10:15,-119.861502,0.161286,45,14
2020-04-07 06:10:20,-119.861502,0.161286,43,14
2020-04-07 06:10:25,-119.861502,0.161286,47,14
2020-04-07 06:10:30,-119.861502,0.161286,42,14
2020-04-07 06:10:35,-119.861502,0.161286,44,14
2020-04-07 06:10:40,-119.861502,0.161286,42,14
2020-04-07 06:10:45,-119.861502,0.161286,40,14
2020-04-07 06:10:50,-119.861502,0.161286,43,14
2020-04-07 06:10:55,-119.861502,0.161286,45,14
2020-04-07 06:11:00,-119.861502,0.161286,40,14
2020-04-07 06:11:05,-119.861502,0.161286,44,14
2020-04-07 06:11:10,-119.861502,0.161286,44,14
2020-04-07 06:11:15,-119.861502,0.161286,45,14
2020-04-07 06:11:20,-119.861502,0.161286,39,14
2020-04-07 06:11:25,-119.861502,0.161286,40,14
2020-04-07 06:11:30,-119.861502,0.161286,40,14
2020-04-07 06:11:35,-119.861502,0.161286,48,14
2020-04-07 06:11:40,-119.861502,0.161286,40,14
2020-04-07 06:11:45,-119.861502,0.161286,41,14
2020-04-07 06:11:50,-119.861502,0.161286,37,14
2020-04-07 06:11:55,-119.861502,0.161286,38,14
2020-04-07 06:12:00,-119.861502,0.161286,44,14
2020-04-07 06:12:05,-119.861502,0.161286,44,14
2020-04-07 06:12:10,-119.861502,0.161286,41,14
2020-04-07 06:12:15,-119.861502,0.161286,39,14
2020-04-07 06:12:20,-119.861502,0.161286,40,14
2020-04-07 06:12:25,-119.861502,0.161286,43,14
2020-04-07 06:12:30,-119.861502,0.161286,36,14
2020-04-07 06:12:35,-119.861502,0.161286,38,14
2020-04-07 06:12:40,-119.861502,0.161286,42,14
2020-04-07 06:12:45,-119.861502,0.161286,38,14
2020-04-07 06:12:50,-119.861502,0.161286,41,14
2020-04-07 06:12:55,-119.861502,0.161286,39,14
2020-04-07 06:13:00,-119.861502,0.161286,38,14
2020-04-07 06:13:05,-119.861502,0.161286,38,14
2020-04-07 06:13:10,-119.861502,0.161286,44,14
2020-04-07 06:13:15,-119.861502,0.161286,39,14
2020-04-07 06:13:20,-119.861502,0.161286,39,14
2020-04-07 06:13:25,-119.861502,0.161286,42,14
2020-04-07 06:13:30,-119.861502,0.161286,38,14
2020-04-07 06:13:35,-119.861502,0.161286,42,14
2020-04-07 06:13:40,-119.861502,0.161286,40,14
2020-04-07 06:13:45,-119.861502,0.161286,44,14
2020-04-07 06:13:50,-119.861502,0.161286,34,14
2020-04-07 06:13:55,-119.861502,0.161286,44,14
2020-04-07 06:14:00,-119.861502,0.161286,47,14
2020-04-07 06:14:05,-119.861502,0.161286,43,14
2020-04-07 06:14:10,-119.861502,0.161286,42,14
2020-04-07 06:14:15,-119.861502,0.161286,43,14
2020-04-07 06:14:20,-119.861502,0.161286,42,14
2020-04-07 06:14:25,-119.861502,0.161286,37,14
2020-04-07 06:14:30,-119.861502,0.161286,40,14
2020-04-07 06:14:35,-119.861502,0.161286,43,14
2020-04-07 06:14:40,-119.861502,0.161286,41,14
2020-04-07 06:14:45,-119.861502,0.161286,43,14
2020-04-07 06:14:50,-119.861502,0.161286,43,14
2020-04-07 06:14:55,-119.861502,0.161286,41,14
2020-04-07 06:15:00,-119.861502,0.161286,42,14
2020-04-07 06:15:05,-119.861502,0.161286,44,14
2020-04-07 06:15:10,-119.861502,0.161286,34,14
2020-04-07 06:15:15,-119.861502,0.161286,46,14
2020-04-07 06:15:20,-119.861502,0.161286,43,14
2020-04-07 06:15:25,-119.861502,0.161286,44,14
2020-04-07 06:15:30,-119.861502,0.161286,33,14
2020-04-07 06:15:35,-119.861502,0.161286,46,14
2020-04-07 06:15:40,-119.861502,0.161286,41,14
2020-04-07 06:15:45,-119.861502,0.161286,39,14
2020-04-07 06:15:50,-119.861502,0.161286,41,14
2020-04-07 06:15:55,-119.861502,0.161286,44,14
2020-04-07 06:16:00,-119.861502,0.161286,37,14
2020-04-07 06:16:05,-119.861502,0.161286,37,14
2020-04-07 06:16:10,-119.861502,0.161286,44,14
2020-04-07 06:16:15,-119.861502,0.161286,41,14
2020-04-07 06:16:20,-119.861502,0.161286,39,14
2020-04-07 06:16:25,-119.861502,0.161286,41,14
2020-04-07 06:16:30,-119.861502,0.161286,42,14
2020-04-07 06:16:35,-119.861502,0.161286,40,14
2020-04-07 06:16:40,-119.861502,0.161286,41,14
2020-04-07 06:16:45,-119.861502,0.161286,46,14
2020-04-07 06:16:50,-119.861502,0.161286,38,14
2020-04-07 06:16:55,-119.861502,0.161286,41,14
2020-04-07 06:17:00,-119.861502,0.161286,40,14
2020-04-07 06:17:05,-119.861502,0.161286,41,14
2020-04-07 06:17:10,-119.861502,0.161286,41,14
2020-04-07 06:17:15,-119.861502,0.161286,41,14
2020-04-07 06:17:20,-119.861502,0.161286,42,14
2020-04-07 06:17:25,-119.861502,0.161286,46,14
2020-04-07 06:17:30,-119.861502,0.161286,43,14
2020-04-07 06:17:35,-119.861502,0.161286,46,14
2020-04-07 06:17:40,-119.861502,0.161286,46,14
2020-04-07 06:17:45,-119.861502,0.161286,38,14
2020-04-07 06:17:50,-119.861502,0.161286,43,14
2020-04-07 06:17:55,-119.861502,0.161286,35,14
2020-04-07 06:18:00,-119.861502,0.161286,42,14
2020-04-07 06:18:05,-119.861502,0.161286,40,14
2020-04-07 06:18:10,-119.861502,0.161286,40,14
2020-04-07 06:18:15,-119.861502,0.161286,46,14
2020-04-07 06:18:20,-119.861502,0.161286,40,14
2020-04-07 06:18:25,-119.861502,0.161286,46,14
2020-04-07 06:18:30,-119.861502,0.161286,47,14
2020-04-07 06:18:35,-119.861502,0.161286,45,14
2020-04-07 06:18:40,-119.861502,0.161286,48,14
2020-04-07 06:18:45,-119.861502,0.161286,46,14
2020-04-07 06:18:50,-119.861502,0.161286,43,14
2020-04-07 06:18:55,-119.861502,0.161286,43,14
2020-04-07 06:19:00,-119.861502,0.161286,46,14
2020-04-07 06:19:05,-119.861502,0.161286,52,14
2020-04-07 06:19:10,-119.861502,0.161286,40,14
2020-04-07 06:19:15,-119.861502,0.161286,46,14
2020-04-07 06:19:20,-119.861502,0.161286,44,14
2020-04-07 06:19:25,-119.861502,0.161286,41,14
2020-04-07 06:19:30,-119.861502,0.161286,35,14
2020-04-07 06:19:35,-119.861502,0.161286,47,14
2020-04-07 06:19:40,-119.861502,0.161286,42,14
2020-04-07 06:19:45,-119.861502,0.161286,44,14
2020-04-07 06:19:50,-119.861502,0.161286,37,14
2020-04-07 06:19:55,-119.861502,0.161286,42,14
2020-04-07 06:20:00,-119.861502,0.161286,42,14
2020-04-07 06:20:05,-119.861502,0.161286,44,14
2020-04-07 06:20:10,-119.861502,0.161286,41,14
2020-04-07 06:20:15,-119.861502,0.161286,41,14
2020-04-07 06:20:20,-119.861502,0.161286,45,14
2020-04-07 06:20:25,-119.861502,0.161286,39,14
2020-04-07 06:20:30,-119.861502,0.161286,39,14
2020-04-07 06:20:35,-119.861502,0.161286,35,14
2020-04-07 06:20:40,-119.861502,0.161286,47,14
2020-04-07 06:20:45,-119.861502,0.161286,41,14
2020-04-07 06:20:50,-119.861502,0.161286,40,14
2020-04-07 06:20:55,-119.861502,0.161286,42,14
2020-04-07 06:21:00,-119.861502,0.161286,42,14
2020-04-07 06:21:05,-119.861502,0.161286,41,14
2020-04-07 06:21:10,-119.861502,0.161286,39,14
2020-04-07 06:21:15,-119.861502,0.161286,41,14
2020-04-07 06:21:20,-119.861502,0.161286,40,14
2020-04-07 06:21:25,-119.861502,0.161286,40,14
2020-04-07 06:21:30,-119.861502,0.161286,42,14
2020-04-07 06:21:35,-119.861502,0.161286,43,14
2020-04-07 06:21:40,-119.861502,0.161286,46,14
2020-04-07 06:21:45,-119.861502,0.161286,43,14
2020-04-07 06:21:50,-119.861502,0.161286,40,14
2020-04-07 06:21:55,-119.861502,0.161286,40,14
2020-04-07 06:22:00,-119.861502,0.161286,41,14
2020-04-07 06:22:05,-119.861502,0.161286,35,14
2020-04-07 06:22:10,-119.861502,0.161286,37,14
2020-04-07 06:22:15,-119.861502,0.161286,42,14
2020-04-07 06:22:20,-119.861502,0.161286,46,14
2020-04-07 06:22:25,-119.861502,0.161286,42,14
2020-04-07 06:22:30,-119.861502,0.161286,42,14
2020-04-07 06:22:35,-119.861502,0.161286,43,14
2020-04-07 06:22:40,-119.861502,0.161286,40,14
2020-04-07 06:22:45,-119.861502,0.161286,37,14
2020-04-07 06:22:50,-119.861502,0.161286,42,14
2020-04-07 06:22:55,-119.861502,0.161286,46,14
2020-04-07 06:23:00,-119.861502,0.161286,45,14
2020-04-07 06:23:05,-119.861502,0.161286,42,14
2020-04-07 06:23:10,-119.861502,0.161286,43,14
2020-04-07 06:23:15,-119.861502,0.161286,39,14
2020-04-07 06:23:20,-119.861502,0.161286,42,14
2020-04-07 06:23:25,-119.861502,0.161286,43,14
2020-04-07 06:23:30,-119.861502,0.161286,36,14
2020-04-07 06:23:35,-119.861502,0.161286,38,14
2020-04-07 06:23:40,-119.861502,0.161286,42,14
2020-04-07 06:23:45,-119.861502,0.161286,44,14
2020-04-07 06:23:50,-119.861502,0.161286,39,14
2020-04-07 06:23:55,-119.861502,0.161286,40,14
2020-04-07 06:24:00,-119.861502,0.161286,40,14
2020-04-07 06:24:05,-119.861502,0.161286,45,14
2020-04-07 06:24:10,-119.861502,0.161286,39,14
2020-04-07 06:24:15,-119.861502,0.161286,40,14
2020-04-07 06:24:20,-119.861502,0.161286,39,14
2020-04-07 06:24:25,-119.861502,0.161286,38,14
2020-04-07 06:24:30,-119.861502,0.161286,43,14
2020-04-07 06:24:35,-119.861502,0.161286,38,14
2020-04-07 06:24:40,-119.861502,0.161286,42,14
2020-04-07 06:24:45,-119.861502,0.161286,43,14
2020-04-07 06:24:50,-119.861502,0.161286,45,14
2020-04-07 06:24:55,-119.861502,0.161286,39,14
2020-04-07 06:25:00,-119.861502,0.161286,45,14
2020-04-07 06:25:05,-119.861502,0.161286,39,14
2020-04-07 06:25:10,-119.861502,0.161286,40,14
2020-04-07 06:25:15,-119.861502,0.161286,46,14
2020-04-07 06:25:20,-119.861502,0.161286,42,14
2020-04-07 06:25:25,-119.861502,0.161286,44,14
2020-04-07 06:25:30,-119.861502,0.161286,36,14
2020-04-07 06:25:35,-119.861502,0.161286,38,14
2020-04-07 06:25:40,-119.861502,0.161286,42,14
2020-04-07 06:25:45,-119.861502,0.161286,37,14
2020-04-07 06:25:50,-119.861502,0.161286,41,14
2020-04-07 06:25:55,-119.861502,0.161286,43,14
2020-04-07 06:26:00,-119.861502,0.161286,43,14
2020-04-07 06:26:05,-119.861502,0.161286,46,14
2020-04-07 06:26:10,-119.861502,0.161286,39,14
2020-04-07 06:26:15,-119.861502,0.161286,46,14
2020-04-07 06:26:20,-119.861502,0.161286,39,14
2020-04-07 06:26:25,-119.861502,0.161286,43,14
2020-04-07 06:26:30,-119.861502,0.161286,44,14
2020-04-07 06:26:35,-119.861502,0.161286,32,14
2020-04-07 06:26:40,-119.861502,0.161286,40,14
2020-04-07 06:26:45,-119.861502,0.161286,37,14
2020-04-07 06:26:50,-119.861502,0.161286,45,14
2020-04-07 06:26:55,-119.861502,0.161286,43,14
2020-04-07 06:27:00,-119.861502,0.161286,42,14
2020-04-07 06:27:05,-119.861502,0.161286,44,14
2020-04-07 06:27:10,-119.861502,0.161286,41,14
2020-04-07 06:27:15,-119.861502,0.161286,43,14
2020-04-07 06:27:20,-119.861502,0.161286,43,14
2020-04-07 06:27:25,-119.861502,0.161286,44,14
2020-04-07 06:27:30,-119.861502,0.161286,43,14
2020-04-07 06:27:35,-119.861502,0.161286,43,14
2020-04-07 06:27:40,-119.861502,0.161286,41,14
2020-04-07 06:27:45,-119.861502,0.161286,41,14
2020-04-07 06:27:50,-119.861502,0.161286,40,14
2020-04-07 06:27:55,-119.861502,0.161286,42,14
2020-04-07 06:28:00,-119.861502,0.161286,40,14
2020-04-07 06:28:05,-119.861502,0.161286,45,14
2020-04-07 06:28:10,-119.861502,0.161286,37,14
2020-04-07 06:28:15,-119.861502,0.161286,42,14
2020-04-07 06:28:20,-119.861502,0.161286,38,14
2020-04-07 06:28:25,-119.861502,0.161286,36,14
2020-04-07 06:28:30,-119.861502,0.161286,38,14
2020-04-07 06:28:35,-119.861502,0.161286,38,14
2020-04-07 06:28:40,-119.861502,0.161286,40,14
2020-04-07 06:28:45,-119.861502,0.161286,40,14
2020-04-07 06:28:50,-119.861502,0.161286,39,14
2020-04-07 06:28:55,-119.861502,0.161286,41,14
2020-04-07 06:29:00,-119.861502,0.161286,43,14
2020-04-07 06:29:05,-119.861502,0.161286,46,14
2020-04-07 06:29:10,-119.861502,0.161286,38,14
2020-04-07 06:29:15,-119.861502,0.161286,40,14
2020-04-07 06:29:20,-119.861502,0.161286,45,14
2020-04-07 06:29:25,-119.861502,0.161286,38,14
2020-04-07 06:29:30,-119.861502,0.161286,38,14
2020-04-07 06:29:35,-119.861502,0.161286,41,14
2020-04-07 06:29:40,-119.861502,0.161286,39,14
2020-04-07 06:29:45,-119.861502,0.161286,40,14
2020-04-07 06:29:50,-119.861502,0.161286,41,14
2020-04-07 06:29:55,-119.861502,0.161286,37,14
2020-04-07 06:30:00,-119.861502,0.161286,39,14
2020-04-07 06:30:05,-119.861502,0.161286,41,14
2020-04-07 06:30:10,-119.861502,0.161286,43,14
2020-04-07 06:30:15,-119.861502,0.161286,40,14
2020-04-07 06:30:20,-119.861502,0.161286,47,14
2020-04-07 06:30:25,-119.861502,0.161286,40,14
2020-04-07 06:30:30,-119.861502,0.161286,40,14
2020-04-07 06:30:35,-119.861502,0.161286,40,14
2020-04-07 06:30:40,-119.861502,0.161286,38,14
2020-04-07 06:30:45,-119.861502,0.161286,46,14
2020-04-07 06:30:50,-119.861502,0.161286,46,14
2020-04-07 06:30:55,-119.861502,0.161286,46,14
2020-04-07 06:31:00,-119.861502,0.161286,43,14
2020-04-07 06:31:05,-119.861502,0.161286,48,14
2020-04-07 06:31:10,-119.861502,0.161286,41,14
2020-04-07 06:31:15,-119.861502,0.161286,42,14
2020-04-07 06:31:20,-119.861502,0.161286,38,14
2020-04-07 06:31:25,-119.861502,0.161286,40,14
2020-04-07 06:31:30,-119.861502,0.161286,42,14
2020-04-07 06:31:35,-119.861502,0.161286,45,14
2020-04-07 06:31:40,-119.861502,0.161286,41,14
2020-04-07 06:31:45,-119.861502,0.161286,39,14
2020-04-07 06:31:50,-119.861502,0.161286,44,14
2020-04-07 06:31:55,-119.861502,0.161286,42,14
2020-04-07 06:32:00,-119.861502,0.161286,39,14
2020-04-07 06:32:05,-119.861502,0.161286,46,14
2020-04-07 06:32:10,-119.861502,0.161286,41,14
2020-04-07 06:32:15,-119.861502,0.161286,45,14
2020-04-07 06:32:20,-119.861502,0.161286,45,14
2020-04-07 06:32:25,-119.861502,0.161286,45,14
2020-04-07 06:32:30,-119.861502,0.161286,39,14
2020-04-07 06:32:35,-119.861502,0.161286,43,14
2020-04-07 06:32:40,-119.861502,0.161286,46,14
2020-04-07 06:32:45,-119.861502,0.161286,43,14
2020-04-07 06:32:50,-119.861502,0.161286,39,14
2020-04-07 06:32:55,-119.861502,0.161286,41,14
2020-04-07 06:33:00,-119.861502,0.161286,38,14
2020-04-07 06:33:05,-119.861502,0.161286,40,14
2020-04-07 06:33:10,-119.861502,0.161286,46,14
2020-04-07 06:33:15,-119.861502,0.161286,39,14
2020-04-07 06:33:20,-119.861502,0.161286,42,14
2020-04-07 06:33:25,-119.861502,0.161286,45,14
2020-04-07 06:33:30,-119.861502,0.161286,40,14
2020-04-07 06:33:35,-119.861502,0.161286,42,14
2020-04-07 06:33:40,-119.861502,0.161286,40,14
2020-04-07 06:33:45,-119.861502,0.161286,42,14
2020-04-07 06:33:50,-119.861502,0.161286,39,14
2020-04-07 06:33:55,-119.861502,0.161286,39,14
2020-04-07 06:34:00,-119.861502,0.161286,45,14
2020-04-07 06:34:05,-119.861502,0.161286,44,14
2020-04-07 06:34:10,-119.861502,0.161286,45,14
2020-04-07 06:34:15,-119.861502,0.161286,42,14
2020-04-07 06:34:20,-119.861502,0.161286,46,14
2020-04-07 06:34:25,-119.861502,0.161286,39,14
2020-04-07 06:34:30,-119.861502,0.161286,39,14
2020-04-07 06:34:35,-119.861502,0.161286,44,14
2020-04-07 06:34:40,-119.861502,0.161286,43,14
2020-04-07 06:34:45,-119.861502,0.161286,43,14
2020-04-07 06:34:50,-119.861502,0.161286,40,14
2020-04-07 06:34:55,-119.861502,0.161286,46,14
2020-04-07 06:35:00,-119.861502,0.161286,41,14
2020-04-07 06:35:05,-119.861502,0.161286,42,14
2020-04-07 06:35:10,-119.861502,0.161286,40,14
2020-04-07 06:35:15,-119.861502,0.161286,36,14
2020-04-07 06:35:20,-119.861502,0.161286,42,14
2020-04-07 06:35:25,-119.861502,0.161286,45,14
2020-04-07 06:35:30,-119.861502,0.161286,46,14
2020-04-07 06:35:35,-119.861502,0.161286,41,14
2020-04-07 06:35:40,-119.861502,0.161286,43,14
2020-04-07 06:35:45,-119.861502,0.161286,46,14
2020-04-07 06:35:50,-119.861502,0.161286,43,14
2020-04-07 06:35:55,-119.861502,0.161286,43,14
2020-04-07 06:36:00,-119.861502,0.161286,42,14
2020-04-07 06:36:05,-119.861502,0.161286,42,14
2020-04-07 06:36:10,-119.861502,0.161286,45,14
2020-04-07 06:36:15,-119.861502,0.161286,38,14
2020-04-07 06:36:20,-119.861502,0.161286,44,14
2020-04-07 06:36:25,-119.861502,0.161286,38,14
2020-04-07 06:36:30,-119.861502,0.161286,40,14
2020-04-07 06:36:35,-119.861502,0.161286,39,14
2020-04-07 06:36:40,-119.861502,0.161286,36,14
2020-04-07 06:36:45,-119.861502,0.161286,45,14
2020-04-07 06:36:50,-119.861502,0.161286,38,14
2020-04-07 06:36:55,-119.861502,0.161286,42,14
2020-04-07 06:37:00,-119.861502,0.161286,44,14
2020-04-07 06:37:05,-119.861502,0.161286,47,14
2020-04-07 06:37:10,-119.861502,0.161286,47,14
2020-04-07 06:37:15,-119.861502,0.161286,45,14
2020-04-07 06:37:20,-119.861502,0.161286,38,14
2020-04-07 06:37:25,-119.861502,0.161286,45,14
2020-04-07 06:37:30,-119.861502,0.161286,40,14
2020-04-07 06:37:35,-119.861502,0.161286,43,14
2020-04-07 06:37:40,-119.861502,0.161286,42,14
2020-04-07 06:37:45,-119.861502,0.161286,36,14
2020-04-07 06:37:50,-119.861502,0.161286,43,14
2020-04-07 06:37:55,-119.861502,0.161286,42,14
2020-04-07 06:38:00,-119.861502,0.161286,43,14
2020-04-07 06:38:05,-119.861502,0.161286,38,14
2020-04-07 06:38:10,-119.861502,0.161286,40,14
2020-04-07 06:38:15,-119.861502,0.161286,42,14
2020-04-07 06:38:20,-119.861502,0.161286,48,14
2020-04-07 06:38:25,-119.861502,0.161286,43,14
2020-04-07 06:38:30,-119.861502,0.161286,45,14
2020-04-07 06:38:35,-119.861502,0.161286,43,14
2020-04-07 06:38:40,-119.861502,0.161286,40,14
2020-04-07 06:38:45,-119.861502,0.161286,40,14
2020-04-07 06:38:50,-119.861502,0.161286,42,14
2020-04-07 06:38:55,-119.861502,0.161286,43,14
2020-04-07 06:39:00,-119.861502,0.161286,48,14
2020-04-07 06:39:05,-119.861502,0.161286,41,14
2020-04-07 06:39:10,-119.861502,0.161286,46,14
2020-04-07 06:39:15,-119.861502,0.161286,35,14
2020-04-07 06:39:20,-119.861502,0.161286,47,14
2020-04-07 06:39:25,-119.861502,0.161286,39,14
2020-04-07 06:39:30,-119.861502,0.161286,46,14
2020-04-07 06:39:35,-119.861502,0.161286,42,14
2020-04-07 06:39:40,-119.861502,0.161286,45,14
2020-04-07 06:39:45,-119.861502,0.161286,46,14
2020-04-07 06:39:50,-119.861502,0.161286,42,14
2020-04-07 06:39:55,-119.861502,0.161286,41,14
2020-04-07 06:40:00,-119.861502,0.161286,41,14
2020-04-07 06:40:05,-119.861502,0.161286,45,14
2020-04-07 06:40:10,-119.861502,0.161286,40,14
2020-04-07 06:40:15,-119.861502,0.161286,47,14
2020-04-07 06:40:20,-119.861502,0.161286,40,14
2020-04-07 06:40:25,-119.861502,0.161286,43,14
2020-04-07 06:40:30,-119.861502,0.161286,41,14
2020-04-07 06:40:35,-119.861502,0.161286,43,14
2020-04-07 06:40:40,-119.861502,0.161286,44,14
2020-04-07 06:40:45,-119.861502,0.161286,42,14
2020-04-07 06:40:50,-119.861502,0.161286,40,14
2020-04-07 06:40:55,-119.861502,0.161286,39,14
2020-04-07 06:41:00,-119.861502,0.161286,44,14
2020-04-07 06:41:05,-119.861502,0.161286,38,14
2020-04-07 06:41:10,-119.861502,0.161286,44,14
2020-04-07 06:41:15,-119.861502,0.161286,42,14
2020-04-07 06:41:20,-119.861502,0.161286,38,14
2020-04-07 06:41:25,-119.861502,0.161286,46,14
2020-04-07 06:41:30,-119.861502,0.161286,38,14
2020-04-07 06:41:35,-119.861502,0.161286,38,14
2020-04-07 06:41:40,-119.861502,0.161286,47,14
2020-04-07 06:41:45,-119.861502,0.161286,46,14
2020-04-07 06:41:50,-119.861502,0.161286,42,14
2020-04-07 06:41:55,-119.861502,0.161286,44,14
2020-04-07 06:42:00,-119.861502,0.161286,47,14
2020-04-07 06:42:05,-119.861502,0.161286,41,14
2020-04-07 06:42:10,-119.861502,0.161286,40,14
2020-04-07 06:42:15,-119.861502,0.161286,39,14
2020-04-07 06:42:20,-119.861502,0.161286,40,14
2020-04-07 06:42:25,-119.861502,0.161286,41,14
2020-04-07 06:42:30,-119.861502,0.161286,39,14
2020-04-07 06:42:35,-119.861502,0.161286,45,14
2020-04-07 06:42:40,-119.861502,0.161286,42,14
2020-04-07 06:42:45,-119.861502,0.161286,41,14
2020-04-07 06:42:50,-119.861502,0.161286,43,14
2020-04-07 06:42:55,-119.861502,0.161286,41,14
2020-04-07 06:43:00,-119.861502,0.161286,44,14
2020-04-07 06:43:05,-119.861502,0.161286,35,14
2020-04-07 06:43:10,-119.861502,0.161286,42,14
2020-04-07 06:43:15,-119.861502,0.161286,38,14
2020-04-07 06:43:20,-119.861502,0.161286,43,14
2020-04-07 06:43:25,-119.861502,0.161286,44,14
2020-04-07 06:43:30,-119.861502,0.161286,48,14
2020-04-07 06:43:35,-119.861502,0.161286,43,14
2020-04-07 06:43:40,-119.861502,0.161286,45,14
2020-04-07 06:43:45,-119.861502,0.161286,43,14
2020-04-07 06:43:50,-119.861502,0.161286,44,14
2020-04-07 06:43:55,-119.861502,0.161286,42,14
2020-04-07 06:44:00,-119.861502,0.161286,39,14
2020-04-07 06:44:05,-119.861502,0.161286,43,14
2020-04-07 06:44:10,-119.861502,0.161286,43,14
2020-04-07 06:44:15,-119.861502,0.161286,43,14
2020-04-07 06:44:20,-119.861502,0.161286,42,14
2020-04-07 06:44:25,-119.861502,0.161286,44,14
2020-04-07 06:44:30,-119.861502,0.161286,43,14
2020-04-07 06:44:35,-119.861502,0.161286,41,14
2020-04-07 06:44:40,-119.861502,0.161286,44,14
2020-04-07 06:44:45,-119.861502,0.161286,41,14
2020-04-07 06:44:50,-119.861502,0.161286,44,14
2020-04-07 06:44:55,-119.861502,0.161286,41,14
2020-04-07 06:45:00,-119.861502,0.161286,43,14
2020-04-07 06:45:05,-119.861502,0.161286,45,14
2020-04-07 06:45:10,-119.861502,0.161286,45,14
2020-04-07 06:45:15,-119.861502,0.161286,44,14
2020-04-07 06:45:20,-119.861502,0.161286,41,14
2020-04-07 06:45:25,-119.861502,0.161286,39,14
2020-04-07 06:45:30,-119.861502,0.161286,41,14
2020-04-07 06:45:35,-119.861502,0.161286,44,14
2020-04-07 06:45:40,-119.861502,0.161286,44,14
2020-04-07 06:45:45,-119.861502,0.161286,44,14
2020-04-07 06:45:50,-119.861502,0.161286,43,14
2020-04-07 06:45:55,-119.861502,0.161286,42,14
2020-04-07 06:46:00,-119.861502,0.161286,41,14
2020-04-07 06:46:05,-119.861502,0.161286,39,14
2020-04-07 06:46:10,-119.861502,0.161286,43,14
2020-04-07 06:46:15,-119.861502,0.161286,34,14
2020-04-07 06:46:20,-119.861502,0.161286,40,14
2020-04-07 06:46:25,-119.861502,0.161286,42,14
2020-04-07 06:46:30,-119.861502,0.161286,37,14
2020-04-07 06:46:35,-119.861502,0.161286,42,14
2020-04-07 06:46:40,-119.861502,0.161286,40,14
2020-04-07 06:46:45,-119.861502,0.161286,42,14
2020-04-07 06:46:50,-119.861502,0.161286,41,14
2020-04-07 06:46:55,-119.861502,0.161286,46,14
2020-04-07 06:47:00,-119.861502,0.161286,41,14
2020-04-07 06:47:05,-119.861502,0.161286,43,14
2020-04-07 06:47:10,-119.861502,0.161286,41,14
2020-04-07 06:47:15,-119.861502,0.161286,39,14
2020-04-07 06:47:20,-119.861502,0.161286,39,14
2020-04-07 06:47:25,-119.861502,0.161286,43,14
2020-04-07 06:47:30,-119.861502,0.161286,41,14
2020-04-07 06:47:35,-119.861502,0.161286,37,14
2020-04-07 06:47:40,-119.861502,0.161286,41,14
2020-04-07 06:47:45,-119.861502,0.161286,42,14
2020-04-07 06:47:50,-119.861502,0.161286,39,14
2020-04-07 06:47:55,-119.861502,0.161286,39,14
2020-04-07 06:48:00,-119.861502,0.161286,44,14
2020-04-07 06:48:05,-119.861502,0.161286,45,14
2020-04-07 06:48:10,-119.861502,0.161286,44,14
2020-04-07 06:48:15,-119.861502,0.161286,44,14
2020-04-07 06:48:20,-119.861502,0.161286,43,14
2020-04-07 06:48:25,-119.861502,0.161286,44,14
2020-04-07 06:48:30,-119.861502,0.161286,49,14
2020-04-07 06:48:35,-119.861502,0.161286,41,14
2020-04-07 06:48:40,-119.861502,0.161286,45,14
2020-04-07 06:48:45,-119.861502,0.161286,47,14
2020-04-07 06:48:50,-119.861502,0.161286,41,14
2020-04-07 06:48:55,-119.861502,0.161286,44,14
2020-04-07 06:49:00,-119.861502,0.161286,43,14
2020-04-07 06:49:05,-119.861502,0.161286,41,14
2020-04-07 06:49:10,-119.861502,0.161286,36,14
2020-04-07 06:49:15,-119.861502,0.161286,40,14
2020-04-07 06:49:20,-119.861502,0.161286,43,14
2020-04-07 06:49:25,-119.861502,0.161286,43,14
2020-04-07 06:49:30,-119.861502,0.161286,46,14
2020-04-07 06:49:35,-119.861502,0.161286,46,14
2020-04-07 06:49:40,-119.861502,0.161286,40,14
2020-04-07 06:49:45,-119.861502,0.161286,45,14
2020-04-07 06:49:50,-119.861502,0.161286,47,14
2020-04-07 06:49:55,-119.861502,0.161286,39,14
2020-04-07 06:50:00,-119.861502,0.161286,40,14
2020-04-07 06:50:05,-119.861502,0.161286,52,14
2020-04-07 06:50:10,-119.861502,0.161286,44,14
2020-04-07 06:50:15,-119.861502,0.161286,44,14
2020-04-07 06:50:20,-119.861502,0.161286,41,14
2020-04-07 06:50:25,-119.861502,0.161286,45,14
2020-04-07 06:50:30,-119.861502,0.161286,46,14
2020-04-07 06:50:35,-119.861502,0.161286,43,14
2020-04-07 06:50:40,-119.861502,0.161286,44,14
2020-04-07 06:50:45,-119.861502,0.161286,39,14
2020-04-07 06:50:50,-119.861502,0.161286,38,14
2020-04-07 06:50:55,-119.861502,0.161286,48,14
2020-04-07 06:51:00,-119.861502,0.161286,41,14
2020-04-07 06:51:05,-119.861502,0.161286,45,14
2020-04-07 06:51:10,-119.861502,0.161286,43,14
2020-04-07 06:51:15,-119.861502,0.161286,38,14
2020-04-07 06:51:20,-119.861502,0.161286,44,14
2020-04-07 06:51:25,-119.861502,0.161286,39,14
2020-04-07 06:51:30,-119.861502,0.161286,39,14
2020-04-07 06:51:35,-119.861502,0.161286,44,14
2020-04-07 06:51:40,-119.861502,0.161286,47,14
2020-04-07 06:51:45,-119.861502,0.161286,36,14
2020-04-07 06:51:50,-119.861502,0.161286,35,14
2020-04-07 06:51:55,-119.861502,0.161286,39,14
2020-04-07 06:52:00,-119.861502,0.161286,48,14
2020-04-07 06:52:05,-119.861502,0.161286,44,14
2020-04-07 06:52:10,-119.861502,0.161286,45,14
2020-04-07 06:52:15,-119.861502,0.161286,46,14
2020-04-07 06:52:20,-119.861502,0.161286,42,14
2020-04-07 06:52:25,-119.861502,0.161286,38,14
2020-04-07 06:52:30,-119.861502,0.161286,38,14
2020-04-07 06:52:35,-119.861502,0.161286,37,14
2020-04-07 06:52:40,-119.861502,0.161286,40,14
2020-04-07 06:52:45,-119.861502,0.161286,37,14
2020-04-07 06:52:50,-119.861502,0.161286,39,14
2020-04-07 06:52:55,-119.861502,0.161286,40,14
2020-04-07 06:53:00,-119.861502,0.161286,43,14
2020-04-07 06:53:05,-119.861502,0.161286,45,14
2020-04-07 06:53:10,-119.861502,0.161286,39,14
2020-04-07 06:53:15,-119.861502,0.161286,45,14
2020-04-07 06:53:20,-119.861502,0.161286,41,14
2020-04-07 06:53:25,-119.861502,0.161286,41,14
2020-04-07 06:53:30,-119.861502,0.161286,43,14
2020-04-07 06:53:35,-119.861502,0.161286,40,14
2020-04-07 06:53:40,-119.861502,0.161286,37,14
2020-04-07 06:53:45,-119.861502,0.161286,43,14
2020-04-07 06:53:50,-119.861502,0.161286,47,14
2020-04-07 06:53:55,-119.861502,0.161286,44,14
2020-04-07 06:54:00,-119.861502,0.161286,45,14
2020-04-07 06:54:05,-119.861502,0.161286,41,14
2020-04-07 06:54:10,-119.861502,0.161286,42,14
2020-04-07 06:54:15,-119.861502,0.161286,37,14
2020-04-07 06:54:20,-119.861502,0.161286,46,14
2020-04-07 06:54:25,-119.861502,0.161286,42,14
2020-04-07 06:54:30,-119.861502,0.161286,41,14
2020-04-07 06:54:35,-119.861502,0.161286,47,14
2020-04-07 06:54:40,-119.861502,0.161286,42,14
2020-04-07 06:54:45,-119.861502,0.161286,40,14
2020-04-07 06:54:50,-119.861502,0.161286,45,14
2020-04-07 06:54:55,-119.861502,0.161286,45,14
2020-04-07 06:55:00,-119.861502,0.161286,44,14
2020-04-07 06:55:05,-119.861502,0.161286,41,14
2020-04-07 06:55:10,-119.861502,0.161286,41,14
2020-04-07 06:55:15,-119.861502,0.161286,41,14
2020-04-07 06:55:20,-119.861502,0.161286,43,14
2020-04-07 06:55:25,-119.861502,0.161286,48,14
2020-04-07 06:55:30,-119.861502,0.161286,43,14
2020-04-07 06:55:35,-119.861502,0.161286,39,14
2020-04-07 06:55:40,-119.861502,0.161286,40,14
2020-04-07 06:55:45,-119.861502,0.161286,43,14
2020-04-07 06:55:50,-119.861502,0.161286,43,14
2020-04-07 06:55:55,-119.861502,0.161286,46,14
2020-04-07 06:56:00,-119.861502,0.161286,43,14
2020-04-07 06:56:05,-119.861502,0.161286,40,14
2020-04-07 06:56:10,-119.861502,0.161286,44,14
2020-04-07 06:56:15,-119.861502,0.161286,48,14
2020-04-07 06:56:20,-119.861502,0.161286,42,14
2020-04-07 06:56:25,-119.861502,0.161286,47,14
2020-04-07 06:56:30,-119.861502,0.161286,39,14
2020-04-07 06:56:35,-119.861502,0.161286,43,14
2020-04-07 06:56:40,-119.861502,0.161286,37,14
2020-04-07 06:56:45,-119.861502,0.161286,48,14
2020-04-07 06:56:50,-119.861502,0.161286,36,14
2020-04-07 06:56:55,-119.861502,0.161286,41,14
2020-04-07 06:57:00,-119.861502,0.161286,45,14
2020-04-07 06:57:05,-119.861502,0.161286,45,14
2020-04-07 06:57:10,-119.861502,0.161286,36,14
2020-04-07 06:57:15,-119.861502,0.161286,39,14
2020-04-07 06:57:20,-119.861502,0.161286,43,14
2020-04-07 06:57:25,-119.861502,0.161286,42,14
2020-04-07 06:57:30,-119.861502,0.161286,37,14
2020-04-07 06:57:35,-119.861502,0.161286,43,14
2020-04-07 06:57:40,-119.861502,0.161286,44,14
2020-04-07 06:57:45,-119.861502,0.161286,42,14
2020-04-07 06:57:50,-119.861502,0.161286,38,14
2020-04-07 06:57:55,-119.861502,0.161286,45,14
2020-04-07 06:58:00,-119.861502,0.161286,38,14
2020-04-07 06:58:05,-119.861502,0.161286,42,14
2020-04-07 06:58:10,-119.861502,0.161286,48,14
2020-04-07 06:58:15,-119.861502,0.161286,40,14
2020-04-07 06:58:20,-119.861502,0.161286,45,14
2020-04-07 06:58:25,-119.861502,0.161286,41,14
2020-04-07 06:58:30,-119.861502,0.161286,47,14
2020-04-07 06:58:35,-119.861502,0.161286,47,14
2020-04-07 06:58:40,-119.861502,0.161286,44,14
2020-04-07 06:58:45,-119.861502,0.161286,43,14
2020-04-07 06:58:50,-119.861502,0.161286,45,14
2020-04-07 06:58:55,-119.861502,0.161286,46,14
2020-04-07 06:59:00,-119.861502,0.161286,48,14
2020-04-07 06:59:05,-119.861502,0.161286,45,14
2020-04-07 06:59:10,-119.861502,0.161286,49,14
2020-04-07 06:59:15,-119.861502,0.161286,46,14
2020-04-07 06:59:20,-119.861502,0.161286,45,14
2020-04-07 06:59:25,-119.861502,0.161286,44,14
2020-04-07 06:59:30,-119.861502,0.161286,47,14
2020-04-07 06:59:35,-119.861502,0.161286,43,14
2020-04-07 06:59:40,-119.861502,0.161286,45,14
2020-04-07 06:59:45,-119.861502,0.161286,44,14
2020-04-07 06:59:50,-119.861502,0.161286,49,14
2020-04-07 06:59:55,-119.861502,0.161286,44,14
2020-04-07 07:00:00,-119.861502,0.161286,43,14
2020-04-07 07:00:05,-119.861502,0.161286,43,14
2020-04-07 07:00:10,-119.861502,0.161286,44,14
2020-04-07 07:00:15,-119.861502,0.161286,42,14
2020-04-07 07:00:20,-119.861502,0.161286,47,14
2020-04-07 07:00:25,-119.861502,0.161286,46,14
2020-04-07 07:00:30,-119.861502,0.161286,47,14
2020-04-07 07:00:35,-119.861502,0.161286,42,14
2020-04-07 07:00:40,-119.861502,0.161286,45,14
2020-04-07 07:00:45,-119.861502,0.161286,44,14
2020-04-07 07:00:50,-119.861502,0.161286,40,14
2020-04-07 07:00:55,-119.861502,0.161286,41,14
2020-04-07 07:01:00,-119.861502,0.161286,41,14
2020-04-07 07:01:05,-119.861502,0.161286,46,14
2020-04-07 07:01:10,-119.861502,0.161286,47,14
2020-04-07 07:01:15,-119.861502,0.161286,45,14
2020-04-07 07:01:20,-119.861502,0.161286,48,14
2020-04-07 07:01:25,-119.861502,0.161286,44,14
2020-04-07 07:01:30,-119.861502,0.161286,43,14
2020-04-07 07:01:35,-119.861502,0.161286,43,14
2020-04-07 07:01:40,-119.861502,0.161286,45,14
2020-04-07 07:01:45,-119.861502,0.161286,49,14
2020-04-07 07:01:50,-119.861502,0.161286,40,14
2020-04-07 07:01:55,-119.861502,0.161286,47,14
2020-04-07 07:02:00,-119.861502,0.161286,48,14
2020-04-07 07:02:05,-119.861502,0.161286,45,14
2020-04-07 07:02:10,-119.861502,0.161286,43,14
2020-04-07 07:02:15,-119.861502,0.161286,46,14
2020-04-07 07:02:20,-119.861502,0.161286,41,14
2020-04-07 07:02:25,-119.861502,0.161286,47,14
2020-04-07 07:02:30,-119.861502,0.161286,43,14
2020-04-07 07:02:35,-119.861502,0.161286,44,14
2020-04-07 07:02:40,-119.861502,0.161286,41,14
2020-04-07 07:02:45,-119.861502,0.161286,40,14
2020-04-07 07:02:50,-119.861502,0.161286,40,14
2020-04-07 07:02:55,-119.861502,0.161286,42,14
2020-04-07 07:03:00,-119.861502,0.161286,42,14
2020-04-07 07:03:05,-119.861502,0.161286,40,14
2020-04-07 07:03:10,-119.861502,0.161286,46,14
2020-04-07 07:03:15,-119.861502,0.161286,43,14
2020-04-07 07:03:20,-119.861502,0.161286,47,14
2020-04-07 07:03:25,-119.861502,0.161286,44,14
2020-04-07 07:03:30,-119.861502,0.161286,43,14
2020-04-07 07:03:35,-119.861502,0.161286,52,14
2020-04-07 07:03:40,-119.861502,0.161286,47,14
2020-04-07 07:03:45,-119.861502,0.161286,40,14
2020-04-07 07:03:50,-119.861502,0.161286,39,14
2020-04-07 07:03:55,-119.861502,0.161286,45,14
2020-04-07 07:04:00,-119.861502,0.161286,45,14
2020-04-07 07:04:05,-119.861502,0.161286,39,14
2020-04-07 07:04:10,-119.861502,0.161286,40,14
2020-04-07 07:04:15,-119.861502,0.161286,48,14
2020-04-07 07:04:20,-119.861502,0.161286,47,14
2020-04-07 07:04:25,-119.861502,0.161286,39,14
2020-04-07 07:04:30,-119.861502,0.161286,41,14
2020-04-07 07:04:35,-119.861502,0.161286,42,14
2020-04-07 07:04:40,-119.861502,0.161286,41,14
2020-04-07 07:04:45,-119.861502,0.161286,42,14
2020-04-07 07:04:50,-119.861502,0.161286,38,14
2020-04-07 07:04:55,-119.861502,0.161286,43,14
2020-04-07 07:05:00,-119.861502,0.161286,43,14
2020-04-07 07:05:05,-119.861502,0.161286,40,14
2020-04-07 07:05:10,-119.861502,0.161286,42,14
2020-04-07 07:05:15,-119.861502,0.161286,40,14
2020-04-07 07:05:20,-119.861502,0.161286,42,14
2020-04-07 07:05:25,-119.861502,0.161286,38,14
2020-04-07 07:05:30,-119.861502,0.161286,36,14
2020-04-07 07:05:35,-119.861502,0.161286,40,14
2020-04-07 07:05:40,-119.861502,0.161286,44,14
2020-04-07 07:05:45,-119.861502,0.161286,38,14
2020-04-07 07:05:50,-119.861502,0.161286,38,14
2020-04-07 07:05:55,-119.861502,0.161286,38,14
2020-04-07 07:06:00,-119.861502,0.161286,46,14
2020-04-07 07:06:05,-119.861502,0.161286,42,14
2020-04-07 07:06:10,-119.861502,0.161286,37,14
2020-04-07 07:06:15,-119.861502,0.161286,41,14
2020-04-07 07:06:20,-119.861502,0.161286,36,14
2020-04-07 07:06:25,-119.861502,0.161286,43,14
2020-04-07 07:06:30,-119.861502,0.161286,39,14
2020-04-07 07:06:35,-119.861502,0.161286,46,14
2020-04-07 07:06:40,-119.861502,0.161286,39,14
2020-04-07 07:06:45,-119.861502,0.161286,40,14
2020-04-07 07:06:50,-119.861502,0.161286,43,14
2020-04-07 07:06:55,-119.861502,0.161286,38,14
2020-04-07 07:07:00,-119.861502,0.161286,49,14
2020-04-07 07:07:05,-119.861502,0.161286,40,14
2020-04-07 07:07:10,-119.861502,0.161286,37,14
2020-04-07 07:07:15,-119.861502,0.161286,42,14
2020-04-07 07:07:20,-119.861502,0.161286,41,14
2020-04-07 07:07:25,-119.861502,0.161286,40,14
2020-04-07 07:07:30,-119.861502,0.161286,41,14
2020-04-07 07:07:35,-119.861502,0.161286,42,14
2020-04-07 07:07:40,-119.861502,0.161286,46,14
2020-04-07 07:07:45,-119.861502,0.161286,39,14
2020-04-07 07:07:50,-119.861502,0.161286,42,14
2020-04-07 07:07:55,-119.861502,0.161286,42,14
2020-04-07 07:08:00,-119.861502,0.161286,44,14
2020-04-07 07:08:05,-119.861502,0.161286,46,14
2020-04-07 07:08:10,-119.861502,0.161286,41,14
2020-04-07 07:08:15,-119.861502,0.161286,37,14
2020-04-07 07:08:20,-119.861502,0.161286,38,14
2020-04-07 07:08:25,-119.861502,0.161286,39,14
2020-04-07 07:08:30,-119.861502,0.161286,45,14
2020-04-07 07:08:35,-119.861502,0.161286,44,14
2020-04-07 07:08:40,-119.861502,0.161286,42,14
2020-04-07 07:08:45,-119.861502,0.161286,41,14
2020-04-07 07:08:50,-119.861502,0.161286,42,14
2020-04-07 07:08:55,-119.861502,0.161286,45,14
2020-04-07 07:09:00,-119.861502,0.161286,41,14
2020-04-07 07:09:05,-119.861502,0.161286,39,14
2020-04-07 07:09:10,-119.861502,0.161286,41,14
2020-04-07 07:09:15,-119.861502,0.161286,42,14
2020-04-07 07:09:20,-119.861502,0.161286,40,14
2020-04-07 07:09:25,-119.861502,0.161286,44,14
2020-04-07 07:09:30,-119.861502,0.161286,41,14
2020-04-07 07:09:35,-119.861502,0.161286,46,14
2020-04-07 07:09:40,-119.861502,0.161286,44,14
2020-04-07 07:09:45,-119.861502,0.161286,46,14
2020-04-07 07:09:50,-119.861502,0.161286,42,14
2020-04-07 07:09:55,-119.861502,0.161286,46,14
2020-04-07 07:10:00,-119.861502,0.161286,41,14
2020-04-07 07:10:05,-119.861502,0.161286,44,14
2020-04-07 07:10:10,-119.861502,0.161286,42,14
2020-04-07 07:10:15,-119.861502,0.161286,40,14
2020-04-07 07:10:20,-119.861502,0.161286,40,14
2020-04-07 07:10:25,-119.861502,0.161286,44,14
2020-04-07 07:10:30,-119.861502,0.161286,46,14
2020-04-07 07:10:35,-119.861502,0.161286,43,14
2020-04-07 07:10:40,-119.861502,0.161286,43,14
2020-04-07 07:10:45,-119.861502,0.161286,46,14
2020-04-07 07:10:50,-119.861502,0.161286,39,14
2020-04-07 07:10:55,-119.861502,0.161286,43,14
2020-04-07 07:11:00,-119.861502,0.161286,37,14
2020-04-07 07:11:05,-119.861502,0.161286,41,14
2020-04-07 07:11:10,-119.861502,0.161286,44,14
2020-04-07 07:11:15,-119.861502,0.161286,42,14
2020-04-07 07:11:20,-119.861502,0.161286,37,14
2020-04-07 07:11:25,-119.861502,0.161286,34,14
2020-04-07 07:11:30,-119.861502,0.161286,42,14
2020-04-07 07:11:35,-119.861502,0.161286,39,14
2020-04-07 07:11:40,-119.861502,0.161286,47,14
2020-04-07 07:11:45,-119.861502,0.161286,37,14
2020-04-07 07:11:50,-119.861502,0.161286,42,14
2020-04-07 07:11:55,-119.861502,0.161286,42,14
2020-04-07 07:12:00,-119.861502,0.161286,38,14
2020-04-07 07:12:05,-119.861502,0.161286,43,14
2020-04-07 07:12:10,-119.861502,0.161286,44,14
2020-04-07 07:12:15,-119.861502,0.161286,43,14
2020-04-07 07:12:20,-119.861502,0.161286,37,14
2020-04-07 07:12:25,-119.861502,0.161286,44,14
2020-04-07 07:12:30,-119.861502,0.161286,35,14
2020-04-07 07:12:35,-119.861502,0.161286,39,14
2020-04-07 07:12:40,-119.861502,0.161286,42,14
2020-04-07 07:12:45,-119.861502,0.161286,42,14
2020-04-07 07:12:50,-119.861502,0.161286,38,14
2020-04-07 07:12:55,-119.861502,0.161286,45,14
2020-04-07 07:13:00,-119.861502,0.161286,45,14
2020-04-07 07:13:05,-119.861502,0.161286,46,14
2020-04-07 07:13:10,-119.861502,0.161286,41,14
2020-04-07 07:13:15,-119.861502,0.161286,40,14
2020-04-07 07:13:20,-119.861502,0.161286,39,14
2020-04-07 07:13:25,-119.861502,0.161286,36,14
2020-04-07 07:13:30,-119.861502,0.161286,43,14
2020-04-07 07:13:35,-119.861502,0.161286,42,14
2020-04-07 07:13:40,-119.861502,0.161286,42,14
2020-04-07 07:13:45,-119.861502,0.161286,39,14
2020-04-07 07:13:50,-119.861502,0.161286,44,14
2020-04-07 07:13:55,-119.861502,0.161286,39,14
2020-04-07 07:14:00,-119.861502,0.161286,44,14
2020-04-07 07:14:05,-119.861502,0.161286,43,14
2020-04-07 07:14:10,-119.861502,0.161286,44,14
2020-04-07 07:14:15,-119.861502,0.161286,45,14
2020-04-07 07:14:20,-119.861502,0.161286,42,14
2020-04-07 07:14:25,-119.861502,0.161286,45,14
2020-04-07 07:14:30,-119.861502,0.161286,46,14
2020-04-07 07:14:35,-119.861502,0.161286,41,14
2020-04-07 07:14:40,-119.861502,0.161286,45,14
2020-04-07 07:14:45,-119.861502,0.161286,45,14
2020-04-07 07:14:50,-119.861502,0.161286,39,14
2020-04-07 07:14:55,-119.861502,0.161286,43,14
2020-04-07 07:15:00,-119.861502,0.161286,42,14
2020-04-07 07:15:05,-119.861502,0.161286,43,14
2020-04-07 07:15:10,-119.861502,0.161286,44,14
2020-04-07 07:15:15,-119.861502,0.161286,45,14
2020-04-07 07:15:20,-119.861502,0.161286,41,14
2020-04-07 07:15:25,-119.861502,0.161286,39,14
2020-04-07 07:15:30,-119.861502,0.161286,44,14
2020-04-07 07:15:35,-119.861502,0.161286,43,14
2020-04-07 07:15:40,-119.861502,0.161286,38,14
2020-04-07 07:15:45,-119.861502,0.161286,42,14
2020-04-07 07:15:50,-119.861502,0.161286,40,14
2020-04-07 07:15:55,-119.861502,0.161286,43,14
2020-04-07 07:16:00,-119.861502,0.161286,36,14
2020-04-07 07:16:05,-119.861502,0.161286,43,14
2020-04-07 07:16:10,-119.861502,0.161286,40,14
2020-04-07 07:16:15,-119.861502,0.161286,45,14
2020-04-07 07:16:20,-119.861502,0.161286,43,14
2020-04-07 07:16:25,-119.861502,0.161286,44,14
2020-04-07 07:16:30,-119.861502,0.161286,40,14
2020-04-07 07:16:35,-119.861502,0.161286,38,14
2020-04-07 07:16:40,-119.861502,0.161286,41,14
2020-04-07 07:16:45,-119.861502,0.161286,41,14
2020-04-07 07:16:50,-119.861502,0.161286,43,14
2020-04-07 07:16:55,-119.861502,0.161286,44,14
2020-04-07 07:17:00,-119.861502,0.161286,41,14
2020-04-07 07:17:05,-119.861502,0.161286,45,14
2020-04-07 07:17:10,-119.861502,0.161286,40,14
2020-04-07 07:17:15,-119.861502,0.161286,43,14
2020-04-07 07:17:20,-119.861502,0.161286,45,14
2020-04-07 07:17:25,-119.861502,0.161286,35,14
2020-04-07 07:17:30,-119.861502,0.161286,44,14
2020-04-07 07:17:35,-119.861502,0.161286,38,14
2020-04-07 07:17:40,-119.861502,0.161286,38,14
2020-04-07 07:17:45,-119.861502,0.161286,49,14
2020-04-07 07:17:50,-119.861502,0.161286,41,14
2020-04-07 07:17:55,-119.861502,0.161286,40,14
2020-04-07 07:18:00,-119.861502,0.161286,40,14
2020-04-07 07:18:05,-119.861502,0.161286,39,14
2020-04-07 07:18:10,-119.861502,0.161286,41,14
2020-04-07 07:18:15,-119.861502,0.161286,46,14
2020-04-07 07:18:20,-119.861502,0.161286,44,14
2020-04-07 07:18:25,-119.861502,0.161286,41,14
2020-04-07 07:18:30,-119.861502,0.161286,45,14
2020-04-07 07:18:35,-119.861502,0.161286,47,14
2020-04-07 07:18:40,-119.861502,0.161286,41,14
2020-04-07 07:18:45,-119.861502,0.161286,44,14
2020-04-07 07:18:50,-119.861502,0.161286,40,14
2020-04-07 07:18:55,-119.861502,0.161286,39,14
2020-04-07 07:19:00,-119.861502,0.161286,37,14
2020-04-07 07:19:05,-119.861502,0.161286,43,14
2020-04-07 07:19:10,-119.861502,0.161286,45,14
2020-04-07 07:19:15,-119.861502,0.161286,41,14
2020-04-07 07:19:20,-119.861502,0.161286,41,14
2020-04-07 07:19:25,-119.861502,0.161286,48,14
2020-04-07 07:19:30,-119.861502,0.161286,41,14
2020-04-07 07:19:35,-119.861502,0.161286,40,14
2020-04-07 07:19:40,-119.861502,0.161286,42,14
2020-04-07 07:19:45,-119.861502,0.161286,43,14
2020-04-07 07:19:50,-119.861502,0.161286,46,14
2020-04-07 07:19:55,-119.861502,0.161286,46,14
2020-04-07 07:20:00,-119.861502,0.161286,40,14
2020-04-07 07:20:05,-119.861502,0.161286,41,14
2020-04-07 07:20:10,-119.861502,0.161286,50,14
2020-04-07 07:20:15,-119.861502,0.161286,38,14
2020-04-07 07:20:20,-119.861502,0.161286,40,14
2020-04-07 07:20:25,-119.861502,0.161286,39,14
2020-04-07 07:20:30,-119.861502,0.161286,41,14
2020-04-07 07:20:35,-119.861502,0.161286,34,14
2020-04-07 07:20:40,-119.861502,0.161286,40,14
2020-04-07 07:20:45,-119.861502,0.161286,42,14
2020-04-07 07:20:50,-119.861502,0.161286,38,14
2020-04-07 07:20:55,-119.861502,0.161286,40,14
2020-04-07 07:21:00,-119.861502,0.161286,35,14
2020-04-07 07:21:05,-119.861502,0.161286,39,14
2020-04-07 07:21:10,-119.861502,0.161286,40,14
2020-04-07 07:21:15,-119.861502,0.161286,40,14
2020-04-07 07:21:20,-119.861502,0.161286,40,14
2020-04-07 07:21:25,-119.861502,0.161286,42,14
2020-04-07 07:21:30,-119.861502,0.161286,40,14
2020-04-07 07:21:35,-119.861502,0.161286,43,14
2020-04-07 07:21:40,-119.861502,0.161286,43,14
2020-04-07 07:21:45,-119.861502,0.161286,40,14
2020-04-07 07:21:50,-119.861502,0.161286,39,14
2020-04-07 07:21:55,-119.861502,0.161286,43,14
2020-04-07 07:22:00,-119.861502,0.161286,44,14
2020-04-07 07:22:05,-119.861502,0.161286,42,14
2020-04-07 07:22:10,-119.861502,0.161286,39,14
2020-04-07 07:22:15,-119.861502,0.161286,39,14
2020-04-07 07:22:20,-119.861502,0.161286,40,14
2020-04-07 07:22:25,-119.861502,0.161286,40,14
2020-04-07 07:22:30,-119.861502,0.161286,41,14
2020-04-07 07:22:35,-119.861502,0.161286,46,14
2020-04-07 07:22:40,-119.861502,0.161286,44,14
2020-04-07 07:22:45,-119.861502,0.161286,46,14
2020-04-07 07:22:50,-119.861502,0.161286,43,14
2020-04-07 07:22:55,-119.861502,0.161286,41,14
2020-04-07 07:23:00,-119.861502,0.161286,47,14
2020-04-07 07:23:05,-119.861502,0.161286,44,14
2020-04-07 07:23:10,-119.861502,0.161286,44,14
2020-04-07 07:23:15,-119.861502,0.161286,37,14
2020-04-07 07:23:20,-119.861502,0.161286,39,14
2020-04-07 07:23:25,-119.861502,0.161286,42,14
2020-04-07 07:23:30,-119.861502,0.161286,41,14
2020-04-07 07:23:35,-119.861502,0.161286,48,14
2020-04-07 07:23:40,-119.861502,0.161286,38,14
2020-04-07 07:23:45,-119.861502,0.161286,40,14
2020-04-07 07:23:50,-119.861502,0.161286,41,14
2020-04-07 07:23:55,-119.861502,0.161286,47,14
2020-04-07 07:24:00,-119.861502,0.161286,42,14
2020-04-07 07:24:05,-119.861502,0.161286,37,14
2020-04-07 07:24:10,-119.861502,0.161286,46,14
2020-04-07 07:24:15,-119.861502,0.161286,42,14
2020-04-07 07:24:20,-119.861502,0.161286,41,14
2020-04-07 07:24:25,-119.861502,0.161286,35,14
2020-04-07 07:24:30,-119.861502,0.161286,45,14
2020-04-07 07:24:35,-119.861502,0.161286,42,14
2020-04-07 07:24:40,-119.861502,0.161286,40,14
2020-04-07 07:24:45,-119.861502,0.161286,36,14
2020-04-07 07:24:50,-119.861502,0.161286,39,14
2020-04-07 07:24:55,-119.861502,0.161286,39,14
2020-04-07 07:25:00,-119.861502,0.161286,42,14
2020-04-07 07:25:05,-119.861502,0.161286,38,14
2020-04-07 07:25:10,-119.861502,0.161286,40,14
2020-04-07 07:25:15,-119.861502,0.161286,41,14
2020-04-07 07:25:20,-119.861502,0.161286,43,14
2020-04-07 07:25:25,-119.861502,0.161286,47,14
2020-04-07 07:25:30,-119.861502,0.161286,39,14
2020-04-07 07:25:35,-119.861502,0.161286,39,14
2020-04-07 07:25:40,-119.861502,0.161286,37,14
2020-04-07 07:25:45,-119.861502,0.161286,38,14
2020-04-07 07:25:50,-119.861502,0.161286,38,14
2020-04-07 07:25:55,-119.861502,0.161286,42,14
2020-04-07 07:26:00,-119.861502,0.161286,45,14
2020-04-07 07:26:05,-119.861502,0.161286,36,14
2020-04-07 07:26:10,-119.861502,0.161286,40,14
2020-04-07 07:26:15,-119.861502,0.161286,46,14
2020-04-07 07:26:20,-119.861502,0.161286,38,14
2020-04-07 07:26:25,-119.861502,0.161286,41,14
2020-04-07 07:26:30,-119.861502,0.161286,35,14
2020-04-07 07:26:35,-119.861502,0.161286,43,14
2020-04-07 07:26:40,-119.861502,0.161286,42,14
2020-04-07 07:26:45,-119.861502,0.161286,38,14
2020-04-07 07:26:50,-119.861502,0.161286,40,14
2020-04-07 07:26:55,-119.861502,0.161286,38,14
2020-04-07 07:27:00,-119.861502,0.161286,44,14
2020-04-07 07:27:05,-119.861502,0.161286,44,14
2020-04-07 07:27:10,-119.861502,0.161286,42,14
2020-04-07 07:27:15,-119.861502,0.161286,37,14
2020-04-07 07:27:20,-119.861502,0.161286,42,14
2020-04-07 07:27:25,-119.861502,0.161286,44,14
2020-04-07 07:27:30,-119.861502,0.161286,41,14
2020-04-07 07:27:35,-119.861502,0.161286,40,14
2020-04-07 07:27:40,-119.861502,0.161286,43,14
2020-04-07 07:27:45,-119.861502,0.161286,41,14
2020-04-07 07:27:50,-119.861502,0.161286,40,14
2020-04-07 07:27:55,-119.861502,0.161286,39,14
2020-04-07 07:28:00,-119.861502,0.161286,37,14
2020-04-07 07:28:05,-119.861502,0.161286,44,14
2020-04-07 07:28:10,-119.861502,0.161286,40,14
2020-04-07 07:28:15,-119.861502,0.161286,44,14
2020-04-07 07:28:20,-119.861502,0.161286,41,14
2020-04-07 07:28:25,-119.861502,0.161286,45,14
2020-04-07 07:28:30,-119.861502,0.161286,42,14
2020-04-07 07:28:35,-119.861502,0.161286,36,14
2020-04-07 07:28:40,-119.861502,0.161286,41,14
2020-04-07 07:28:45,-119.861502,0.161286,37,14
2020-04-07 07:28:50,-119.861502,0.161286,43,14
2020-04-07 07:28:55,-119.861502,0.161286,42,14
2020-04-07 07:29:00,-119.861502,0.161286,38,14
2020-04-07 07:29:05,-119.861502,0.161286,36,14
2020-04-07 07:29:10,-119.861502,0.161286,39,14
2020-04-07 07:29:15,-119.861502,0.161286,42,14
2020-04-07 07:29:20,-119.861502,0.161286,41,14
2020-04-07 07:29:25,-119.861502,0.161286,42,14
2020-04-07 07:29:30,-119.861502,0.161286,41,14
2020-04-07 07:29:35,-119.861502,0.161286,41,14
2020-04-07 07:29:40,-119.861502,0.161286,41,14
2020-04-07 07:29:45,-119.861502,0.161286,42,14
2020-04-07 07:29:50,-119.861502,0.161286,44,14
2020-04-07 07:29:55,-119.861502,0.161286,39,14
2020-04-07 07:30:00,-119.861502,0.161286,39,14
2020-04-07 07:30:05,-119.861502,0.161286,39,14
2020-04-07 07:30:10,-119.861502,0.161286,40,14
2020-04-07 07:30:15,-119.861502,0.161286,42,14
2020-04-07 07:30:20,-119.861502,0.161286,39,14
2020-04-07 07:30:25,-119.861502,0.161286,40,14
2020-04-07 07:30:30,-119.861502,0.161286,45,14
2020-04-07 07:30:35,-119.861502,0.161286,40,14
2020-04-07 07:30:40,-119.861502,0.161286,40,14
2020-04-07 07:30:45,-119.861502,0.161286,41,14
2020-04-07 07:30:50,-119.861502,0.161286,40,14
2020-04-07 07:30:55,-119.861502,0.161286,44,14
2020-04-07 07:31:00,-119.861502,0.161286,38,14
2020-04-07 07:31:05,-119.861502,0.161286,39,14
2020-04-07 07:31:10,-119.861502,0.161286,40,14
2020-04-07 07:31:15,-119.861502,0.161286,40,14
2020-04-07 07:31:20,-119.861502,0.161286,38,14
2020-04-07 07:31:25,-119.861502,0.161286,41,14
2020-04-07 07:31:30,-119.861502,0.161286,38,14
2020-04-07 07:31:35,-119.861502,0.161286,36,14
2020-04-07 07:31:40,-119.861502,0.161286,40,14
2020-04-07 07:31:45,-119.861502,0.161286,40,14
2020-04-07 07:31:50,-119.861502,0.161286,38,14
2020-04-07 07:31:55,-119.861502,0.161286,39,14
2020-04-07 07:32:00,-119.861502,0.161286,40,14
2020-04-07 07:32:05,-119.861502,0.161286,41,14
2020-04-07 07:32:10,-119.861502,0.161286,45,14
2020-04-07 07:32:15,-119.861502,0.161286,40,14
2020-04-07 07:32:20,-119.861502,0.161286,47,14
2020-04-07 07:32:25,-119.861502,0.161286,45,14
2020-04-07 07:32:30,-119.861502,0.161286,43,14
2020-04-07 07:32:35,-119.861502,0.161286,46,14
2020-04-07 07:32:40,-119.861502,0.161286,42,14
2020-04-07 07:32:45,-119.861502,0.161286,40,14
2020-04-07 07:32:50,-119.861502,0.161286,44,14
2020-04-07 07:32:55,-119.861502,0.161286,42,14
2020-04-07 07:33:00,-119.861502,0.161286,40,14
2020-04-07 07:33:05,-119.861502,0.161286,39,14
2020-04-07 07:33:10,-119.861502,0.161286,48,14
2020-04-07 07:33:15,-119.861502,0.161286,43,14
2020-04-07 07:33:20,-119.861502,0.161286,43,14
2020-04-07 07:33:25,-119.861502,0.161286,41,14
2020-04-07 07:33:30,-119.861502,0.161286,46,14
2020-04-07 07:33:35,-119.861502,0.161286,42,14
2020-04-07 07:33:40,-119.861502,0.161286,40,14
2020-04-07 07:33:45,-119.861502,0.161286,40,14
2020-04-07 07:33:50,-119.861502,0.161286,39,14
2020-04-07 07:33:55,-119.861502,0.161286,39,14
2020-04-07 07:34:00,-119.861502,0.161286,40,14
2020-04-07 07:34:05,-119.861502,0.161286,39,14
2020-04-07 07:34:10,-119.861502,0.161286,40,14
2020-04-07 07:34:15,-119.861502,0.161286,38,14
2020-04-07 07:34:20,-119.861502,0.161286,42,14
2020-04-07 07:34:25,-119.861502,0.161286,39,14
2020-04-07 07:34:30,-119.861502,0.161286,39,14
2020-04-07 07:34:35,-119.861502,0.161286,42,14
2020-04-07 07:34:40,-119.861502,0.161286,40,14
2020-04-07 07:34:45,-119.861502,0.161286,42,14
2020-04-07 07:34:50,-119.861502,0.161286,38,14
2020-04-07 07:34:55,-119.861502,0.161286,41,14
2020-04-07 07:35:00,-119.861502,0.161286,39,14
2020-04-07 07:35:05,-119.861502,0.161286,40,14
2020-04-07 07:35:10,-119.861502,0.161286,46,14
2020-04-07 07:35:15,-119.861502,0.161286,45,14
2020-04-07 07:35:20,-119.861502,0.161286,36,14
2020-04-07 07:35:25,-119.861502,0.161286,38,14
2020-04-07 07:35:30,-119.861502,0.161286,44,14
2020-04-07 07:35:35,-119.861502,0.161286,40,14
2020-04-07 07:35:40,-119.861502,0.161286,40,14
2020-04-07 07:35:45,-119.861502,0.161286,42,14
2020-04-07 07:35:50,-119.861502,0.161286,40,14
2020-04-07 07:35:55,-119.861502,0.161286,46,14
2020-04-07 07:36:00,-119.861502,0.161286,46,14
2020-04-07 07:36:05,-119.861502,0.161286,47,14
2020-04-07 07:36:10,-119.861502,0.161286,44,14
2020-04-07 07:36:15,-119.861502,0.161286,38,14
2020-04-07 07:36:20,-119.861502,0.161286,44,14
2020-04-07 07:36:25,-119.861502,0.161286,42,14
2020-04-07 07:36:30,-119.861502,0.161286,48,14
2020-04-07 07:36:35,-119.861502,0.161286,47,14
2020-04-07 07:36:40,-119.861502,0.161286,40,14
2020-04-07 07:36:45,-119.861502,0.161286,42,14
2020-04-07 07:36:50,-119.861502,0.161286,44,14
2020-04-07 07:36:55,-119.861502,0.161286,40,14
2020-04-07 07:37:00,-119.861502,0.161286,41,14
2020-04-07 07:37:05,-119.861502,0.161286,39,14
2020-04-07 07:37:10,-119.861502,0.161286,44,14
2020-04-07 07:37:15,-119.861502,0.161286,40,14
2020-04-07 07:37:20,-119.861502,0.161286,43,14
2020-04-07 07:37:25,-119.861502,0.161286,42,14
2020-04-07 07:37:30,-119.861502,0.161286,38,14
2020-04-07 07:37:35,-119.861502,0.161286,47,14
2020-04-07 07:37:40,-119.861502,0.161286,40,14
2020-04-07 07:37:45,-119.861502,0.161286,47,14
2020-04-07 07:37:50,-119.861502,0.161286,41,14
2020-04-07 07:37:55,-119.861502,0.161286,44,14
2020-04-07 07:38:00,-119.861502,0.161286,46,14
2020-04-07 07:38:05,-119.861502,0.161286,46,14
2020-04-07 07:38:10,-119.861502,0.161286,40,14
2020-04-07 07:38:15,-119.861502,0.161286,43,14
2020-04-07 07:38:20,-119.861502,0.161286,42,14
2020-04-07 07:38:25,-119.861502,0.161286,42,14
2020-04-07 07:38:30,-119.861502,0.161286,46,14
2020-04-07 07:38:35,-119.861502,0.161286,36,14
2020-04-07 07:38:40,-119.861502,0.161286,42,14
2020-04-07 07:38:45,-119.861502,0.161286,47,14
2020-04-07 07:38:50,-119.861502,0.161286,47,14
2020-04-07 07:38:55,-119.861502,0.161286,36,14
2020-04-07 07:39:00,-119.861502,0.161286,47,14
2020-04-07 07:39:05,-119.861502,0.161286,39,14
2020-04-07 07:39:10,-119.861502,0.161286,46,14
2020-04-07 07:39:15,-119.861502,0.161286,34,14
2020-04-07 07:39:20,-119.861502,0.161286,47,14
2020-04-07 07:39:25,-119.861502,0.161286,42,14
2020-04-07 07:39:30,-119.861502,0.161286,44,14
2020-04-07 07:39:35,-119.861502,0.161286,39,14
2020-04-07 07:39:40,-119.861502,0.161286,37,14
2020-04-07 07:39:45,-119.861502,0.161286,37,14
2020-04-07 07:39:50,-119.861502,0.161286,44,14
2020-04-07 07:39:55,-119.861502,0.161286,40,14
2020-04-07 07:40:00,-119.861502,0.161286,42,14
2020-04-07 07:40:05,-119.861502,0.161286,39,14
2020-04-07 07:40:10,-119.861502,0.161286,44,14
2020-04-07 07:40:15,-119.861502,0.161286,41,14
2020-04-07 07:40:20,-119.861502,0.161286,39,14
2020-04-07 07:40:25,-119.861502,0.161286,45,14
2020-04-07 07:40:30,-119.861502,0.161286,41,14
2020-04-07 07:40:35,-119.861502,0.161286,45,14
2020-04-07 07:40:40,-119.861502,0.161286,39,14
2020-04-07 07:40:45,-119.861502,0.161286,44,14
2020-04-07 07:40:50,-119.861502,0.161286,40,14
2020-04-07 07:40:55,-119.861502,0.161286,44,14
2020-04-07 07:41:00,-119.861502,0.161286,45,14
2020-04-07 07:41:05,-119.861502,0.161286,43,14
2020-04-07 07:41:10,-119.861502,0.161286,43,14
2020-04-07 07:41:15,-119.861502,0.161286,45,14
2020-04-07 07:41:20,-119.861502,0.161286,43,14
2020-04-07 07:41:25,-119.861502,0.161286,39,14
2020-04-07 07:41:30,-119.861502,0.161286,43,14
2020-04-07 07:41:35,-119.861502,0.161286,42,14
2020-04-07 07:41:40,-119.861502,0.161286,41,14
2020-04-07 07:41:45,-119.861502,0.161286,42,14
2020-04-07 07:41:50,-119.861502,0.161286,41,14
2020-04-07 07:41:55,-119.861502,0.161286,43,14
2020-04-07 07:42:00,-119.861502,0.161286,38,14
2020-04-07 07:42:05,-119.861502,0.161286,38,14
2020-04-07 07:42:10,-119.861502,0.161286,44,14
2020-04-07 07:42:15,-119.861502,0.161286,41,14
2020-04-07 07:42:20,-119.861502,0.161286,40,14
2020-04-07 07:42:25,-119.861502,0.161286,43,14
2020-04-07 07:42:30,-119.861502,0.161286,44,14
2020-04-07 07:42:35,-119.861502,0.161286,37,14
2020-04-07 07:42:40,-119.861502,0.161286,50,14
2020-04-07 07:42:45,-119.861502,0.161286,41,14
2020-04-07 07:42:50,-119.861502,0.161286,41,14
2020-04-07 07:42:55,-119.861502,0.161286,38,14
2020-04-07 07:43:00,-119.861502,0.161286,43,14
2020-04-07 07:43:05,-119.861502,0.161286,38,14
2020-04-07 07:43:10,-119.861502,0.161286,39,14
2020-04-07 07:43:15,-119.861502,0.161286,41,14
2020-04-07 07:43:20,-119.861502,0.161286,45,14
2020-04-07 07:43:25,-119.861502,0.161286,37,14
2020-04-07 07:43:30,-119.861502,0.161286,42,14
2020-04-07 07:43:35,-119.861502,0.161286,41,14
2020-04-07 07:43:40,-119.861502,0.161286,41,14
2020-04-07 07:43:45,-119.861502,0.161286,41,14
2020-04-07 07:43:50,-119.861502,0.161286,42,14
2020-04-07 07:43:55,-119.861502,0.161286,44,14
2020-04-07 07:44:00,-119.861502,0.161286,42,14
2020-04-07 07:44:05,-119.861502,0.161286,43,14
2020-04-07 07:44:10,-119.861502,0.161286,35,14
2020-04-07 07:44:15,-119.861502,0.161286,45,14
2020-04-07 07:44:20,-119.861502,0.161286,39,14
2020-04-07 07:44:25,-119.861502,0.161286,42,14
2020-04-07 07:44:30,-119.861502,0.161286,40,14
2020-04-07 07:44:35,-119.861502,0.161286,47,14
2020-04-07 07:44:40,-119.861502,0.161286,42,14
2020-04-07 07:44:45,-119.861502,0.161286,40,14
2020-04-07 07:44:50,-119.861502,0.161286,43,14
2020-04-07 07:44:55,-119.861502,0.161286,47,14
2020-04-07 07:45:00,-119.861502,0.161286,46,14
2020-04-07 07:45:05,-119.861502,0.161286,40,14
2020-04-07 07:45:10,-119.861502,0.161286,40,14
2020-04-07 07:45:15,-119.861502,0.161286,40,14
2020-04-07 07:45:20,-119.861502,0.161286,47,14
2020-04-07 07:45:25,-119.861502,0.161286,43,14
2020-04-07 07:45:30,-119.861502,0.161286,44,14
2020-04-07 07:45:35,-119.861502,0.161286,44,14
2020-04-07 07:45:40,-119.861502,0.161286,43,14
2020-04-07 07:45:45,-119.861502,0.161286,46,14
2020-04-07 07:45:50,-119.861502,0.161286,44,14
2020-04-07 07:45:55,-119.861502,0.161286,39,14
2020-04-07 07:46:00,-119.861502,0.161286,39,14
2020-04-07 07:46:05,-119.861502,0.161286,40,14
2020-04-07 07:46:10,-119.861502,0.161286,40,14
2020-04-07 07:46:15,-119.861502,0.161286,43,14
2020-04-07 07:46:20,-119.861502,0.161286,45,14
2020-04-07 07:46:25,-119.861502,0.161286,37,14
2020-04-07 07:46:30,-119.861502,0.161286,46,14
2020-04-07 07:46:35,-119.861502,0.161286,40,14
2020-04-07 07:46:40,-119.861502,0.161286,36,14
2020-04-07 07:46:45,-119.861502,0.161286,40,14
2020-04-07 07:46:50,-119.861502,0.161286,43,14
2020-04-07 07:46:55,-119.861502,0.161286,47,14
2020-04-07 07:47:00,-119.861502,0.161286,39,14
2020-04-07 07:47:05,-119.861502,0.161286,38,14
2020-04-07 07:47:10,-119.861502,0.161286,45,14
2020-04-07 07:47:15,-119.861502,0.161286,44,14
2020-04-07 07:47:20,-119.861502,0.161286,44,14
2020-04-07 07:47:25,-119.861502,0.161286,40,14
2020-04-07 07:47:30,-119.861502,0.161286,41,14
2020-04-07 07:47:35,-119.861502,0.161286,39,14
2020-04-07 07:47:40,-119.861502,0.161286,38,14
2020-04-07 07:47:45,-119.861502,0.161286,40,14
2020-04-07 07:47:50,-119.861502,0.161286,43,14
2020-04-07 07:47:55,-119.861502,0.161286,40,14
2020-04-07 07:48:00,-119.861502,0.161286,44,14
2020-04-07 07:48:05,-119.861502,0.161286,42,14
2020-04-07 07:48:10,-119.861502,0.161286,45,14
2020-04-07 07:48:15,-119.861502,0.161286,39,14
2020-04-07 07:48:20,-119.861502,0.161286,42,14
2020-04-07 07:48:25,-119.861502,0.161286,41,14
2020-04-07 07:48:30,-119.861502,0.161286,37,14
2020-04-07 07:48:35,-119.861502,0.161286,41,14
2020-04-07 07:48:40,-119.861502,0.161286,38,14
2020-04-07 07:48:45,-119.861502,0.161286,44,14
2020-04-07 07:48:50,-119.861502,0.161286,40,14
2020-04-07 07:48:55,-119.861502,0.161286,41,14
2020-04-07 07:49:00,-119.861502,0.161286,40,14
2020-04-07 07:49:05,-119.861502,0.161286,37,14
2020-04-07 07:49:10,-119.861502,0.161286,47,14
2020-04-07 07:49:15,-119.861502,0.161286,38,14
2020-04-07 07:49:20,-119.861502,0.161286,40,14
2020-04-07 07:49:25,-119.861502,0.161286,44,14
2020-04-07 07:49:30,-119.861502,0.161286,41,14
2020-04-07 07:49:35,-119.861502,0.161286,42,14
2020-04-07 07:49:40,-119.861502,0.161286,45,14
2020-04-07 07:49:45,-119.861502,0.161286,43,14
2020-04-07 07:49:50,-119.861502,0.161286,41,14
2020-04-07 07:49:55,-119.861502,0.161286,46,14
2020-04-07 07:50:00,-119.861502,0.161286,41,14
2020-04-07 07:50:05,-119.861502,0.161286,36,14
2020-04-07 07:50:10,-119.861502,0.161286,42,14
2020-04-07 07:50:15,-119.861502,0.161286,42,14
2020-04-07 07:50:20,-119.861502,0.161286,42,14
2020-04-07 07:50:25,-119.861502,0.161286,42,14
2020-04-07 07:50:30,-119.861502,0.161286,40,14
2020-04-07 07:50:35,-119.861502,0.161286,40,14
2020-04-07 07:50:40,-119.861502,0.161286,40,14
2020-04-07 07:50:45,-119.861502,0.161286,41,14
2020-04-07 07:50:50,-119.861502,0.161286,38,14
2020-04-07 07:50:55,-119.861502,0.161286,43,14
2020-04-07 07:51:00,-119.861502,0.161286,44,14
2020-04-07 07:51:05,-119.861502,0.161286,44,14
2020-04-07 07:51:10,-119.861502,0.161286,41,14
2020-04-07 07:51:15,-119.861502,0.161286,42,14
2020-04-07 07:51:20,-119.861502,0.161286,40,14
2020-04-07 07:51:25,-119.861502,0.161286,39,14
2020-04-07 07:51:30,-119.861502,0.161286,34,14
2020-04-07 07:51:35,-119.861502,0.161286,44,14
2020-04-07 07:51:40,-119.861502,0.161286,43,14
2020-04-07 07:51:45,-119.861502,0.161286,39,14
2020-04-07 07:51:50,-119.861502,0.161286,40,14
2020-04-07 07:51:55,-119.861502,0.161286,39,14
2020-04-07 07:52:00,-119.861502,0.161286,41,14
2020-04-07 07:52:05,-119.861502,0.161286,39,14
2020-04-07 07:52:10,-119.861502,0.161286,43,14
2020-04-07 07:52:15,-119.861502,0.161286,45,14
2020-04-07 07:52:20,-119.861502,0.161286,40,14
2020-04-07 07:52:25,-119.861502,0.161286,45,14
2020-04-07 07:52:30,-119.861502,0.161286,40,14
2020-04-07 07:52:35,-119.861502,0.161286,48,14
2020-04-07 07:52:40,-119.861502,0.161286,47,14
2020-04-07 07:52:45,-119.861502,0.161286,39,14
2020-04-07 07:52:50,-119.861502,0.161286,44,14
2020-04-07 07:52:55,-119.861502,0.161286,48,14
2020-04-07 07:53:00,-119.861502,0.161286,40,14
2020-04-07 07:53:05,-119.861502,0.161286,43,14
2020-04-07 07:53:10,-119.861502,0.161286,41,14
2020-04-07 07:53:15,-119.861502,0.161286,42,14
2020-04-07 07:53:20,-119.861502,0.161286,34,14
2020-04-07 07:53:25,-119.861502,0.161286,45,14
2020-04-07 07:53:30,-119.861502,0.161286,39,14
2020-04-07 07:53:35,-119.861502,0.161286,40,14
2020-04-07 07:53:40,-119.861502,0.161286,42,14
2020-04-07 07:53:45,-119.861502,0.161286,40,14
2020-04-07 07:53:50,-119.861502,0.161286,36,14
2020-04-07 07:53:55,-119.861502,0.161286,41,14
2020-04-07 07:54:00,-119.861502,0.161286,38,14
2020-04-07 07:54:05,-119.861502,0.161286,45,14
2020-04-07 07:54:10,-119.861502,0.161286,41,14
2020-04-07 07:54:15,-119.861502,0.161286,41,14
2020-04-07 07:54:20,-119.861502,0.161286,39,14
2020-04-07 07:54:25,-119.861502,0.161286,40,14
2020-04-07 07:54:30,-119.861502,0.161286,39,14
2020-04-07 07:54:35,-119.861502,0.161286,41,14
2020-04-07 07:54:40,-119.861502,0.161286,39,14
2020-04-07 07:54:45,-119.861502,0.161286,36,14
2020-04-07 07:54:50,-119.861502,0.161286,46,14
2020-04-07 07:54:55,-119.861502,0.161286,46,14
2020-04-07 07:55:00,-119.861502,0.161286,40,14
2020-04-07 07:55:05,-119.861502,0.161286,44,14
2020-04-07 07:55:10,-119.861502,0.161286,44,14
2020-04-07 07:55:15,-119.861502,0.161286,40,14
2020-04-07 07:55:20,-119.861502,0.161286,40,14
2020-04-07 07:55:25,-119.861502,0.161286,42,14
2020-04-07 07:55:30,-119.861502,0.161286,41,14
2020-04-07 07:55:35,-119.861502,0.161286,41,14
2020-04-07 07:55:40,-119.861502,0.161286,45,14
2020-04-07 07:55:45,-119.861502,0.161286,41,14
2020-04-07 07:55:50,-119.861502,0.161286,41,14
2020-04-07 07:55:55,-119.861502,0.161286,40,14
2020-04-07 07:56:00,-119.861502,0.161286,41,14
2020-04-07 07:56:05,-119.861502,0.161286,41,14
2020-04-07 07:56:10,-119.861502,0.161286,37,14
2020-04-07 07:56:15,-119.861502,0.161286,44,14
2020-04-07 07:56:20,-119.861502,0.161286,38,14
2020-04-07 07:56:25,-119.861502,0.161286,43,14
2020-04-07 07:56:30,-119.861502,0.161286,43,14
2020-04-07 07:56:35,-119.861502,0.161286,38,14
2020-04-07 07:56:40,-119.861502,0.161286,38,14
2020-04-07 07:56:45,-119.861502,0.161286,44,14
2020-04-07 07:56:50,-119.861502,0.161286,41,14
2020-04-07 07:56:55,-119.861502,0.161286,41,14
2020-04-07 07:57:00,-119.861502,0.161286,39,14
2020-04-07 07:57:05,-119.861502,0.161286,39,14
2020-04-07 07:57:10,-119.861502,0.161286,40,14
2020-04-07 07:57:15,-119.861502,0.161286,43,14
2020-04-07 07:57:20,-119.861502,0.161286,38,14
2020-04-07 07:57:25,-119.861502,0.161286,43,14
2020-04-07 07:57:30,-119.861502,0.161286,40,14
2020-04-07 07:57:35,-119.861502,0.161286,38,14
2020-04-07 07:57:40,-119.861502,0.161286,45,14
2020-04-07 07:57:45,-119.861502,0.161286,42,14
2020-04-07 07:57:50,-119.861502,0.161286,39,14
2020-04-07 07:57:55,-119.861502,0.161286,39,14
2020-04-07 07:58:00,-119.861502,0.161286,35,14
2020-04-07 07:58:05,-119.861502,0.161286,41,14
2020-04-07 07:58:10,-119.861502,0.161286,46,14
2020-04-07 07:58:15,-119.861502,0.161286,40,14
2020-04-07 07:58:20,-119.861502,0.161286,46,14
2020-04-07 07:58:25,-119.861502,0.161286,38,14
2020-04-07 07:58:30,-119.861502,0.161286,44,14
2020-04-07 07:58:35,-119.861502,0.161286,39,14
2020-04-07 07:58:40,-119.861502,0.161286,40,14
2020-04-07 07:58:45,-119.861502,0.161286,41,14
2020-04-07 07:58:50,-119.861502,0.161286,43,14
2020-04-07 07:58:55,-119.861502,0.161286,44,14
2020-04-07 07:59:00,-119.861502,0.161286,41,14
2020-04-07 07:59:05,-119.861502,0.161286,40,14
2020-04-07 07:59:10,-119.861502,0.161286,39,14
2020-04-07 07:59:15,-119.861502,0.161286,38,14
2020-04-07 07:59:20,-119.861502,0.161286,39,14
2020-04-07 07:59:25,-119.861502,0.161286,41,14
2020-04-07 07:59:30,-119.861502,0.161286,41,14
2020-04-07 07:59:35,-119.861502,0.161286,43,14
2020-04-07 07:59:40,-119.861502,0.161286,41,14
2020-04-07 07:59:45,-119.861502,0.161286,41,14
2020-04-07 07:59:50,-119.861502,0.161286,39,14
2020-04-07 07:59:55,-119.861502,0.161286,42,14
2020-04-07 08:00:00,-119.861502,0.161286,41,14
2020-04-07 08:00:05,-119.861502,0.161286,41,14
2020-04-07 08:00:10,-119.861502,0.161286,42,14
2020-04-07 08:00:15,-119.861502,0.161286,41,14
2020-04-07 08:00:20,-119.861502,0.161286,41,14
2020-04-07 08:00:25,-119.861502,0.161286,42,14
2020-04-07 08:00:30,-119.861502,0.161286,42,14
2020-04-07 08:00:35,-119.861502,0.161286,44,14
2020-04-07 08:00:40,-119.861502,0.161286,38,14
2020-04-07 08:00:45,-119.861502,0.161286,46,14
2020-04-07 08:00:50,-119.861502,0.161286,39,14
2020-04-07 08:00:55,-119.861502,0.161286,41,14
2020-04-07 08:01:00,-119.861502,0.161286,37,14
2020-04-07 08:01:05,-119.861502,0.161286,42,14
2020-04-07 08:01:10,-119.861502,0.161286,45,14
2020-04-07 08:01:15,-119.861502,0.161286,40,14
2020-04-07 08:01:20,-119.861502,0.161286,40,14
2020-04-07 08:01:25,-119.861502,0.161286,42,14
2020-04-07 08:01:30,-119.861502,0.161286,47,14
2020-04-07 08:01:35,-119.861502,0.161286,39,14
2020-04-07 08:01:40,-119.861502,0.161286,40,14
2020-04-07 08:01:45,-119.861502,0.161286,42,14
2020-04-07 08:01:50,-119.861502,0.161286,39,14
2020-04-07 08:01:55,-119.861502,0.161286,36,14
2020-04-07 08:02:00,-119.861502,0.161286,41,14
2020-04-07 08:02:05,-119.861502,0.161286,39,14
2020-04-07 08:02:10,-119.861502,0.161286,42,14
2020-04-07 08:02:15,-119.861502,0.161286,41,14
2020-04-07 08:02:20,-119.861502,0.161286,40,14
2020-04-07 08:02:25,-119.861502,0.161286,46,14
2020-04-07 08:02:30,-119.861502,0.161286,41,14
2020-04-07 08:02:35,-119.861502,0.161286,44,14
2020-04-07 08:02:40,-119.861502,0.161286,42,14
2020-04-07 08:02:45,-119.861502,0.161286,41,14
2020-04-07 08:02:50,-119.861502,0.161286,41,14
2020-04-07 08:02:55,-119.861502,0.161286,37,14
2020-04-07 08:03:00,-119.861502,0.161286,40,14
2020-04-07 08:03:05,-119.861502,0.161286,45,14
2020-04-07 08:03:10,-119.861502,0.161286,40,14
2020-04-07 08:03:15,-119.861502,0.161286,38,14
2020-04-07 08:03:20,-119.861502,0.161286,42,14
2020-04-07 08:03:25,-119.861502,0.161286,39,14
2020-04-07 08:03:30,-119.861502,0.161286,41,14
2020-04-07 08:03:35,-119.861502,0.161286,42,14
2020-04-07 08:03:40,-119.861502,0.161286,41,14
2020-04-07 08:03:45,-119.861502,0.161286,49,14
2020-04-07 08:03:50,-119.861502,0.161286,44,14
2020-04-07 08:03:55,-119.861502,0.161286,37,14
2020-04-07 08:04:00,-119.861502,0.161286,41,14
2020-04-07 08:04:05,-119.861502,0.161286,41,14
2020-04-07 08:04:10,-119.861502,0.161286,42,14
2020-04-07 08:04:15,-119.861502,0.161286,46,14
2020-04-07 08:04:20,-119.861502,0.161286,43,14
2020-04-07 08:04:25,-119.861502,0.161286,42,14
2020-04-07 08:04:30,-119.861502,0.161286,40,14
2020-04-07 08:04:35,-119.861502,0.161286,41,14
2020-04-07 08:04:40,-119.861502,0.161286,45,14
2020-04-07 08:04:45,-119.861502,0.161286,38,14
2020-04-07 08:04:50,-119.861502,0.161286,40,14
2020-04-07 08:04:55,-119.861502,0.161286,41,14
2020-04-07 08:05:00,-119.861502,0.161286,41,14
2020-04-07 08:05:05,-119.861502,0.161286,37,14
2020-04-07 08:05:10,-119.861502,0.161286,38,14
2020-04-07 08:05:15,-119.861502,0.161286,36,14
2020-04-07 08:05:20,-119.861502,0.161286,41,14
2020-04-07 08:05:25,-119.861502,0.161286,43,14
2020-04-07 08:05:30,-119.861502,0.161286,40,14
2020-04-07 08:05:35,-119.861502,0.161286,40,14
2020-04-07 08:05:40,-119.861502,0.161286,41,14
2020-04-07 08:05:45,-119.861502,0.161286,45,14
2020-04-07 08:05:50,-119.861502,0.161286,45,14
2020-04-07 08:05:55,-119.861502,0.161286,40,14
2020-04-07 08:06:00,-119.861502,0.161286,39,14
2020-04-07 08:06:05,-119.861502,0.161286,41,14
2020-04-07 08:06:10,-119.861502,0.161286,38,14
2020-04-07 08:06:15,-119.861502,0.161286,44,14
2020-04-07 08:06:20,-119.861502,0.161286,42,14
2020-04-07 08:06:25,-119.861502,0.161286,39,14
2020-04-07 08:06:30,-119.861502,0.161286,40,14
2020-04-07 08:06:35,-119.861502,0.161286,38,14
2020-04-07 08:06:40,-119.861502,0.161286,45,14
2020-04-07 08:06:45,-119.861502,0.161286,42,14
2020-04-07 08:06:50,-119.861502,0.161286,39,14
2020-04-07 08:06:55,-119.861502,0.161286,46,14
2020-04-07 08:07:00,-119.861502,0.161286,43,14
2020-04-07 08:07:05,-119.861502,0.161286,39,14
2020-04-07 08:07:10,-119.861502,0.161286,44,14
2020-04-07 08:07:15,-119.861502,0.161286,44,14
2020-04-07 08:07:20,-119.861502,0.161286,40,14
2020-04-07 08:07:25,-119.861502,0.161286,41,14
2020-04-07 08:07:30,-119.861502,0.161286,45,14
2020-04-07 08:07:35,-119.861502,0.161286,46,14
2020-04-07 08:07:40,-119.861502,0.161286,40,14
2020-04-07 08:07:45,-119.861502,0.161286,36,14
2020-04-07 08:07:50,-119.861502,0.161286,44,14
2020-04-07 08:07:55,-119.861502,0.161286,39,14
2020-04-07 08:08:00,-119.861502,0.161286,43,14
2020-04-07 08:08:05,-119.861502,0.161286,42,14
2020-04-07 08:08:10,-119.861502,0.161286,38,14
2020-04-07 08:08:15,-119.861502,0.161286,47,14
2020-04-07 08:08:20,-119.861502,0.161286,42,14
2020-04-07 08:08:25,-119.861502,0.161286,44,14
2020-04-07 08:08:30,-119.861502,0.161286,39,14
2020-04-07 08:08:35,-119.861502,0.161286,44,14
2020-04-07 08:08:40,-119.861502,0.161286,39,14
2020-04-07 08:08:45,-119.861502,0.161286,37,14
2020-04-07 08:08:50,-119.861502,0.161286,42,14
2020-04-07 08:08:55,-119.861502,0.161286,43,14
2020-04-07 08:09:00,-119.861502,0.161286,44,14
2020-04-07 08:09:05,-119.861502,0.161286,41,14
2020-04-07 08:09:10,-119.861502,0.161286,38,14
2020-04-07 08:09:15,-119.861502,0.161286,41,14
2020-04-07 08:09:20,-119.861502,0.161286,34,14
2020-04-07 08:09:25,-119.861502,0.161286,39,14
2020-04-07 08:09:30,-119.861502,0.161286,39,14
2020-04-07 08:09:35,-119.861502,0.161286,38,14
2020-04-07 08:09:40,-119.861502,0.161286,43,14
2020-04-07 08:09:45,-119.861502,0.161286,41,14
2020-04-07 08:09:50,-119.861502,0.161286,39,14
2020-04-07 08:09:55,-119.861502,0.161286,45,14
2020-04-07 08:10:00,-119.861502,0.161286,45,14
2020-04-07 08:10:05,-119.861502,0.161286,42,14
2020-04-07 08:10:10,-119.861502,0.161286,41,14
2020-04-07 08:10:15,-119.861502,0.161286,44,14
2020-04-07 08:10:20,-119.861502,0.161286,40,14
2020-04-07 08:10:25,-119.861502,0.161286,39,14
2020-04-07 08:10:30,-119.861502,0.161286,44,14
2020-04-07 08:10:35,-119.861502,0.161286,40,14
2020-04-07 08:10:40,-119.861502,0.161286,42,14
2020-04-07 08:10:45,-119.861502,0.161286,41,14
2020-04-07 08:10:50,-119.861502,0.161286,36,14
2020-04-07 08:10:55,-119.861502,0.161286,45,14
2020-04-07 08:11:00,-119.861502,0.161286,42,14
2020-04-07 08:11:05,-119.861502,0.161286,40,14
2020-04-07 08:11:10,-119.861502,0.161286,45,14
2020-04-07 08:11:15,-119.861502,0.161286,39,14
2020-04-07 08:11:20,-119.861502,0.161286,38,14
2020-04-07 08:11:25,-119.861502,0.161286,45,14
2020-04-07 08:11:30,-119.861502,0.161286,45,14
2020-04-07 08:11:35,-119.861502,0.161286,43,14
2020-04-07 08:11:40,-119.861502,0.161286,45,14
2020-04-07 08:11:45,-119.861502,0.161286,40,14
2020-04-07 08:11:50,-119.861502,0.161286,50,14
2020-04-07 08:11:55,-119.861502,0.161286,48,14
2020-04-07 08:12:00,-119.861502,0.161286,40,14
2020-04-07 08:12:05,-119.861502,0.161286,45,14
2020-04-07 08:12:10,-119.861502,0.161286,45,14
2020-04-07 08:12:15,-119.861502,0.161286,44,14
2020-04-07 08:12:20,-119.861502,0.161286,37,14
2020-04-07 08:12:25,-119.861502,0.161286,39,14
2020-04-07 08:12:30,-119.861502,0.161286,46,14
2020-04-07 08:12:35,-119.861502,0.161286,43,14
2020-04-07 08:12:40,-119.861502,0.161286,43,14
2020-04-07 08:12:45,-119.861502,0.161286,43,14
2020-04-07 08:12:50,-119.861502,0.161286,45,14
2020-04-07 08:12:55,-119.861502,0.161286,40,14
2020-04-07 08:13:00,-119.861502,0.161286,37,14
2020-04-07 08:13:05,-119.861502,0.161286,38,14
2020-04-07 08:13:10,-119.861502,0.161286,37,14
2020-04-07 08:13:15,-119.861502,0.161286,44,14
2020-04-07 08:13:20,-119.861502,0.161286,44,14
2020-04-07 08:13:25,-119.861502,0.161286,45,14
2020-04-07 08:13:30,-119.861502,0.161286,43,14
2020-04-07 08:13:35,-119.861502,0.161286,42,14
2020-04-07 08:13:40,-119.861502,0.161286,38,14
2020-04-07 08:13:45,-119.861502,0.161286,43,14
2020-04-07 08:13:50,-119.861502,0.161286,41,14
2020-04-07 08:13:55,-119.861502,0.161286,46,14
2020-04-07 08:14:00,-119.861502,0.161286,39,14
2020-04-07 08:14:05,-119.861502,0.161286,38,14
2020-04-07 08:14:10,-119.861502,0.161286,36,14
2020-04-07 08:14:15,-119.861502,0.161286,38,14
2020-04-07 08:14:20,-119.861502,0.161286,45,14
2020-04-07 08:14:25,-119.861502,0.161286,41,14
2020-04-07 08:14:30,-119.861502,0.161286,43,14
2020-04-07 08:14:35,-119.861502,0.161286,43,14
2020-04-07 08:14:40,-119.861502,0.161286,33,14
2020-04-07 08:14:45,-119.861502,0.161286,43,14
2020-04-07 08:14:50,-119.861502,0.161286,37,14
2020-04-07 08:14:55,-119.861502,0.161286,44,14
2020-04-07 08:15:00,-119.861502,0.161286,40,14
2020-04-07 08:15:05,-119.861502,0.161286,36,14
2020-04-07 08:15:10,-119.861502,0.161286,41,14
2020-04-07 08:15:15,-119.861502,0.161286,36,14
2020-04-07 08:15:20,-119.861502,0.161286,38,14
2020-04-07 08:15:25,-119.861502,0.161286,38,14
2020-04-07 08:15:30,-119.861502,0.161286,43,14
2020-04-07 08:15:35,-119.861502,0.161286,38,14
2020-04-07 08:15:40,-119.861502,0.161286,37,14
2020-04-07 08:15:45,-119.861502,0.161286,42,14
2020-04-07 08:15:50,-119.861502,0.161286,39,14
2020-04-07 08:15:55,-119.861502,0.161286,39,14
2020-04-07 08:16:00,-119.861502,0.161286,47,14
2020-04-07 08:16:05,-119.861502,0.161286,41,14
2020-04-07 08:16:10,-119.861502,0.161286,41,14
2020-04-07 08:16:15,-119.861502,0.161286,41,14
2020-04-07 08:16:20,-119.861502,0.161286,37,14
2020-04-07 08:16:25,-119.861502,0.161286,42,14
2020-04-07 08:16:30,-119.861502,0.161286,41,14
2020-04-07 08:16:35,-119.861502,0.161286,39,14
2020-04-07 08:16:40,-119.861502,0.161286,43,14
2020-04-07 08:16:45,-119.861502,0.161286,37,14
2020-04-07 08:16:50,-119.861502,0.161286,38,14
2020-04-07 08:16:55,-119.861502,0.161286,39,14
2020-04-07 08:17:00,-119.861502,0.161286,42,14
2020-04-07 08:17:05,-119.861502,0.161286,43,14
2020-04-07 08:17:10,-119.861502,0.161286,39,14
2020-04-07 08:17:15,-119.861502,0.161286,43,14
2020-04-07 08:17:20,-119.861502,0.161286,36,14
2020-04-07 08:17:25,-119.861502,0.161286,36,14
2020-04-07 08:17:30,-119.861502,0.161286,42,14
2020-04-07 08:17:35,-119.861502,0.161286,41,14
2020-04-07 08:17:40,-119.861502,0.161286,37,14
2020-04-07 08:17:45,-119.861502,0.161286,35,14
2020-04-07 08:17:50,-119.861502,0.161286,38,14
2020-04-07 08:17:55,-119.861502,0.161286,41,14
2020-04-07 08:18:00,-119.861502,0.161286,36,14
2020-04-07 08:18:05,-119.861502,0.161286,39,14
2020-04-07 08:18:10,-119.861502,0.161286,42,14
2020-04-07 08:18:15,-119.861502,0.161286,44,14
2020-04-07 08:18:20,-119.861502,0.161286,43,14
2020-04-07 08:18:25,-119.861502,0.161286,43,14
2020-04-07 08:18:30,-119.861502,0.161286,40,14
2020-04-07 08:18:35,-119.861502,0.161286,35,14
2020-04-07 08:18:40,-119.861502,0.161286,39,14
2020-04-07 08:18:45,-119.861502,0.161286,44,14
2020-04-07 08:18:50,-119.861502,0.161286,43,14
2020-04-07 08:18:55,-119.861502,0.161286,38,14
2020-04-07 08:19:00,-119.861502,0.161286,42,14
2020-04-07 08:19:05,-119.861502,0.161286,44,14
2020-04-07 08:19:10,-119.861502,0.161286,44,14
2020-04-07 08:19:15,-119.861502,0.161286,41,14
2020-04-07 08:19:20,-119.861502,0.161286,41,14
2020-04-07 08:19:25,-119.861502,0.161286,38,14
2020-04-07 08:19:30,-119.861502,0.161286,43,14
2020-04-07 08:19:35,-119.861502,0.161286,43,14
2020-04-07 08:19:40,-119.861502,0.161286,45,14
2020-04-07 08:19:45,-119.861502,0.161286,45,14
2020-04-07 08:19:50,-119.861502,0.161286,49,14
2020-04-07 08:19:55,-119.861502,0.161286,43,14
2020-04-07 08:20:00,-119.861502,0.161286,43,14
2020-04-07 08:20:05,-119.861502,0.161286,37,14
2020-04-07 08:20:10,-119.861502,0.161286,46,14
2020-04-07 08:20:15,-119.861502,0.161286,45,14
2020-04-07 08:20:20,-119.861502,0.161286,42,14
2020-04-07 08:20:25,-119.861502,0.161286,40,14
2020-04-07 08:20:30,-119.861502,0.161286,43,14
2020-04-07 08:20:35,-119.861502,0.161286,39,14
2020-04-07 08:20:40,-119.861502,0.161286,47,14
2020-04-07 08:20:45,-119.861502,0.161286,40,14
2020-04-07 08:20:50,-119.861502,0.161286,45,14
2020-04-07 08:20:55,-119.861502,0.161286,38,14
2020-04-07 08:21:00,-119.861502,0.161286,41,14
2020-04-07 08:21:05,-119.861502,0.161286,40,14
2020-04-07 08:21:10,-119.861502,0.161286,39,14
2020-04-07 08:21:15,-119.861502,0.161286,42,14
2020-04-07 08:21:20,-119.861502,0.161286,42,14
2020-04-07 08:21:25,-119.861502,0.161286,42,14
2020-04-07 08:21:30,-119.861502,0.161286,44,14
2020-04-07 08:21:35,-119.861502,0.161286,38,14
2020-04-07 08:21:40,-119.861502,0.161286,37,14
2020-04-07 08:21:45,-119.861502,0.161286,37,14
2020-04-07 08:21:50,-119.861502,0.161286,45,14
2020-04-07 08:21:55,-119.861502,0.161286,38,14
2020-04-07 08:22:00,-119.861502,0.161286,41,14
2020-04-07 08:22:05,-119.861502,0.161286,40,14
2020-04-07 08:22:10,-119.861502,0.161286,39,14
2020-04-07 08:22:15,-119.861502,0.161286,42,14
2020-04-07 08:22:20,-119.861502,0.161286,42,14
2020-04-07 08:22:25,-119.861502,0.161286,39,14
2020-04-07 08:22:30,-119.861502,0.161286,38,14
2020-04-07 08:22:35,-119.861502,0.161286,42,14
2020-04-07 08:22:40,-119.861502,0.161286,41,14
2020-04-07 08:22:45,-119.861502,0.161286,42,14
2020-04-07 08:22:50,-119.861502,0.161286,40,14
2020-04-07 08:22:55,-119.861502,0.161286,44,14
2020-04-07 08:23:00,-119.861502,0.161286,38,14
2020-04-07 08:23:05,-119.861502,0.161286,44,14
2020-04-07 08:23:10,-119.861502,0.161286,39,14
2020-04-07 08:23:15,-119.861502,0.161286,44,14
2020-04-07 08:23:20,-119.861502,0.161286,41,14
2020-04-07 08:23:25,-119.861502,0.161286,39,14
2020-04-07 08:23:30,-119.861502,0.161286,38,14
2020-04-07 08:23:35,-119.861502,0.161286,41,14
2020-04-07 08:23:40,-119.861502,0.161286,49,14
2020-04-07 08:23:45,-119.861502,0.161286,39,14
2020-04-07 08:23:50,-119.861502,0.161286,44,14
2020-04-07 08:23:55,-119.861502,0.161286,42,14
2020-04-07 08:24:00,-119.861502,0.161286,36,14
2020-04-07 08:24:05,-119.861502,0.161286,40,14
2020-04-07 08:24:10,-119.861502,0.161286,38,14
2020-04-07 08:24:15,-119.861502,0.161286,42,14
2020-04-07 08:24:20,-119.861502,0.161286,35,14
2020-04-07 08:24:25,-119.861502,0.161286,38,14
2020-04-07 08:24:30,-119.861502,0.161286,45,14
2020-04-07 08:24:35,-119.861502,0.161286,43,14
2020-04-07 08:24:40,-119.861502,0.161286,40,14
2020-04-07 08:24:45,-119.861502,0.161286,41,14
2020-04-07 08:24:50,-119.861502,0.161286,46,14
2020-04-07 08:24:55,-119.861502,0.161286,43,14
2020-04-07 08:25:00,-119.861502,0.161286,41,14
2020-04-07 08:25:05,-119.861502,0.161286,43,14
2020-04-07 08:25:10,-119.861502,0.161286,39,14
2020-04-07 08:25:15,-119.861502,0.161286,42,14
2020-04-07 08:25:20,-119.861502,0.161286,38,14
2020-04-07 08:25:25,-119.861502,0.161286,38,14
2020-04-07 08:25:30,-119.861502,0.161286,39,14
2020-04-07 08:25:35,-119.861502,0.161286,42,14
2020-04-07 08:25:40,-119.861502,0.161286,43,14
2020-04-07 08:25:45,-119.861502,0.161286,43,14
2020-04-07 08:25:50,-119.861502,0.161286,43,14
2020-04-07 08:25:55,-119.861502,0.161286,38,14
2020-04-07 08:26:00,-119.861502,0.161286,46,14
2020-04-07 08:26:05,-119.861502,0.161286,48,14
2020-04-07 08:26:10,-119.861502,0.161286,45,14
2020-04-07 08:26:15,-119.861502,0.161286,46,14
2020-04-07 08:26:20,-119.861502,0.161286,47,14
2020-04-07 08:26:25,-119.861502,0.161286,44,14
2020-04-07 08:26:30,-119.861502,0.161286,43,14
2020-04-07 08:26:35,-119.861502,0.161286,43,14
2020-04-07 08:26:40,-119.861502,0.161286,45,14
2020-04-07 08:26:45,-119.861502,0.161286,42,14
2020-04-07 08:26:50,-119.861502,0.161286,45,14
2020-04-07 08:26:55,-119.861502,0.161286,42,14
2020-04-07 08:27:00,-119.861502,0.161286,47,14
2020-04-07 08:27:05,-119.861502,0.161286,45,14
2020-04-07 08:27:10,-119.861502,0.161286,40,14
2020-04-07 08:27:15,-119.861502,0.161286,38,14
2020-04-07 08:27:20,-119.861502,0.161286,42,14
2020-04-07 08:27:25,-119.861502,0.161286,43,14
2020-04-07 08:27:30,-119.861502,0.161286,38,14
2020-04-07 08:27:35,-119.861502,0.161286,47,14
2020-04-07 08:27:40,-119.861502,0.161286,43,14
2020-04-07 08:27:45,-119.861502,0.161286,42,14
2020-04-07 08:27:50,-119.861502,0.161286,42,14
2020-04-07 08:27:55,-119.861502,0.161286,39,14
2020-04-07 08:28:00,-119.861502,0.161286,48,14
2020-04-07 08:28:05,-119.861502,0.161286,44,14
2020-04-07 08:28:10,-119.861502,0.161286,42,14
2020-04-07 08:28:15,-119.861502,0.161286,42,14
2020-04-07 08:28:20,-119.861502,0.161286,37,14
2020-04-07 08:28:25,-119.861502,0.161286,43,14
2020-04-07 08:28:30,-119.861502,0.161286,41,14
2020-04-07 08:28:35,-119.861502,0.161286,40,14
2020-04-07 08:28:40,-119.861502,0.161286,47,14
2020-04-07 08:28:45,-119.861502,0.161286,41,14
2020-04-07 08:28:50,-119.861502,0.161286,39,14
2020-04-07 08:28:55,-119.861502,0.161286,45,14
2020-04-07 08:29:00,-119.861502,0.161286,40,14
2020-04-07 08:29:05,-119.861502,0.161286,40,14
2020-04-07 08:29:10,-119.861502,0.161286,46,14
2020-04-07 08:29:15,-119.861502,0.161286,40,14
2020-04-07 08:29:20,-119.861502,0.161286,45,14
2020-04-07 08:29:25,-119.861502,0.161286,41,14
2020-04-07 08:29:30,-119.861502,0.161286,40,14
2020-04-07 08:29:35,-119.861502,0.161286,42,14
2020-04-07 08:29:40,-119.861502,0.161286,42,14
2020-04-07 08:29:45,-119.861502,0.161286,45,14
2020-04-07 08:29:50,-119.861502,0.161286,39,14
2020-04-07 08:29:55,-119.861502,0.161286,41,14
2020-04-07 08:30:00,-119.861502,0.161286,48,14
2020-04-07 08:30:05,-119.861502,0.161286,41,14
2020-04-07 08:30:10,-119.861502,0.161286,45,14
2020-04-07 08:30:15,-119.861502,0.161286,44,14
2020-04-07 08:30:20,-119.861502,0.161286,37,14
2020-04-07 08:30:25,-119.861502,0.161286,40,14
2020-04-07 08:30:30,-119.861502,0.161286,41,14
2020-04-07 08:30:35,-119.861502,0.161286,41,14
2020-04-07 08:30:40,-119.861502,0.161286,40,14
2020-04-07 08:30:45,-119.861502,0.161286,42,14
2020-04-07 08:30:50,-119.861502,0.161286,43,14
2020-04-07 08:30:55,-119.861502,0.161286,42,14
2020-04-07 08:31:00,-119.861502,0.161286,43,14
2020-04-07 08:31:05,-119.861502,0.161286,43,14
2020-04-07 08:31:10,-119.861502,0.161286,44,14
2020-04-07 08:31:15,-119.861502,0.161286,44,14
2020-04-07 08:31:20,-119.861502,0.161286,41,14
2020-04-07 08:31:25,-119.861502,0.161286,41,14
2020-04-07 08:31:30,-119.861502,0.161286,37,14
2020-04-07 08:31:35,-119.861502,0.161286,40,14
2020-04-07 08:31:40,-119.861502,0.161286,41,14
2020-04-07 08:31:45,-119.861502,0.161286,46,14
2020-04-07 08:31:50,-119.861502,0.161286,45,14
2020-04-07 08:31:55,-119.861502,0.161286,41,14
2020-04-07 08:32:00,-119.861502,0.161286,45,14
2020-04-07 08:32:05,-119.861502,0.161286,43,14
2020-04-07 08:32:10,-119.861502,0.161286,42,14
2020-04-07 08:32:15,-119.861502,0.161286,40,14
2020-04-07 08:32:20,-119.861502,0.161286,42,14
2020-04-07 08:32:25,-119.861502,0.161286,46,14
2020-04-07 08:32:30,-119.861502,0.161286,40,14
2020-04-07 08:32:35,-119.861502,0.161286,38,14
2020-04-07 08:32:40,-119.861502,0.161286,40,14
2020-04-07 08:32:45,-119.861502,0.161286,39,14
2020-04-07 08:32:50,-119.861502,0.161286,44,14
2020-04-07 08:32:55,-119.861502,0.161286,41,14
2020-04-07 08:33:00,-119.861502,0.161286,41,14
2020-04-07 08:33:05,-119.861502,0.161286,42,14
2020-04-07 08:33:10,-119.861502,0.161286,41,14
2020-04-07 08:33:15,-119.861502,0.161286,43,14
2020-04-07 08:33:20,-119.861502,0.161286,41,14
2020-04-07 08:33:25,-119.861502,0.161286,41,14
2020-04-07 08:33:30,-119.861502,0.161286,44,14
2020-04-07 08:33:35,-119.861502,0.161286,45,14
2020-04-07 08:33:40,-119.861502,0.161286,41,14
2020-04-07 08:33:45,-119.861502,0.161286,44,14
2020-04-07 08:33:50,-119.861502,0.161286,43,14
2020-04-07 08:33:55,-119.861502,0.161286,43,14
2020-04-07 08:34:00,-119.861502,0.161286,42,14
2020-04-07 08:34:05,-119.861502,0.161286,43,14
2020-04-07 08:34:10,-119.861502,0.161286,38,14
2020-04-07 08:34:15,-119.861502,0.161286,38,14
2020-04-07 08:34:20,-119.861502,0.161286,41,14
2020-04-07 08:34:25,-119.861502,0.161286,40,14
2020-04-07 08:34:30,-119.861502,0.161286,44,14
2020-04-07 08:34:35,-119.861502,0.161286,44,14
2020-04-07 08:34:40,-119.861502,0.161286,47,14
2020-04-07 08:34:45,-119.861502,0.161286,39,14
2020-04-07 08:34:50,-119.861502,0.161286,43,14
2020-04-07 08:34:55,-119.861502,0.161286,44,14
2020-04-07 08:35:00,-119.861502,0.161286,45,14
2020-04-07 08:35:05,-119.861502,0.161286,37,14
2020-04-07 08:35:10,-119.861502,0.161286,38,14
2020-04-07 08:35:15,-119.861502,0.161286,42,14
2020-04-07 08:35:20,-119.861502,0.161286,45,14
2020-04-07 08:35:25,-119.861502,0.161286,47,14
2020-04-07 08:35:30,-119.861502,0.161286,41,14
2020-04-07 08:35:35,-119.861502,0.161286,44,14
2020-04-07 08:35:40,-119.861502,0.161286,40,14
2020-04-07 08:35:45,-119.861502,0.161286,43,14
2020-04-07 08:35:50,-119.861502,0.161286,45,14
2020-04-07 08:35:55,-119.861502,0.161286,41,14
2020-04-07 08:36:00,-119.861502,0.161286,45,14
2020-04-07 08:36:05,-119.861502,0.161286,46,14
2020-04-07 08:36:10,-119.861502,0.161286,37,14
2020-04-07 08:36:15,-119.861502,0.161286,41,14
2020-04-07 08:36:20,-119.861502,0.161286,41,14
2020-04-07 08:36:25,-119.861502,0.161286,40,14
2020-04-07 08:36:30,-119.861502,0.161286,41,14
2020-04-07 08:36:35,-119.861502,0.161286,41,14
2020-04-07 08:36:40,-119.861502,0.161286,44,14
2020-04-07 08:36:45,-119.861502,0.161286,42,14
2020-04-07 08:36:50,-119.861502,0.161286,43,14
2020-04-07 08:36:55,-119.861502,0.161286,38,14
2020-04-07 08:37:00,-119.861502,0.161286,42,14
2020-04-07 08:37:05,-119.861502,0.161286,40,14
2020-04-07 08:37:10,-119.861502,0.161286,43,14
2020-04-07 08:37:15,-119.861502,0.161286,37,14
2020-04-07 08:37:20,-119.861502,0.161286,38,14
2020-04-07 08:37:25,-119.861502,0.161286,40,14
2020-04-07 08:37:30,-119.861502,0.161286,43,14
2020-04-07 08:37:35,-119.861502,0.161286,42,14
2020-04-07 08:37:40,-119.861502,0.161286,39,14
2020-04-07 08:37:45,-119.861502,0.161286,43,14
2020-04-07 08:37:50,-119.861502,0.161286,47,14
2020-04-07 08:37:55,-119.861502,0.161286,48,14
2020-04-07 08:38:00,-119.861502,0.161286,43,14
2020-04-07 08:38:05,-119.861502,0.161286,42,14
2020-04-07 08:38:10,-119.861502,0.161286,39,14
2020-04-07 08:38:15,-119.861502,0.161286,44,14
2020-04-07 08:38:20,-119.861502,0.161286,41,14
2020-04-07 08:38:25,-119.861502,0.161286,41,14
2020-04-07 08:38:30,-119.861502,0.161286,42,14
2020-04-07 08:38:35,-119.861502,0.161286,44,14
2020-04-07 08:38:40,-119.861502,0.161286,45,14
2020-04-07 08:38:45,-119.861502,0.161286,42,14
2020-04-07 08:38:50,-119.861502,0.161286,37,14
2020-04-07 08:38:55,-119.861502,0.161286,41,14
2020-04-07 08:39:00,-119.861502,0.161286,40,14
2020-04-07 08:39:05,-119.861502,0.161286,44,14
2020-04-07 08:39:10,-119.861502,0.161286,40,14
2020-04-07 08:39:15,-119.861502,0.161286,41,14
2020-04-07 08:39:20,-119.861502,0.161286,44,14
2020-04-07 08:39:25,-119.861502,0.161286,44,14
2020-04-07 08:39:30,-119.861502,0.161286,42,14
2020-04-07 08:39:35,-119.861502,0.161286,42,14
2020-04-07 08:39:40,-119.861502,0.161286,41,14
2020-04-07 08:39:45,-119.861502,0.161286,40,14
2020-04-07 08:39:50,-119.861502,0.161286,34,14
2020-04-07 08:39:55,-119.861502,0.161286,43,14
2020-04-07 08:40:00,-119.861502,0.161286,36,14
2020-04-07 08:40:05,-119.861502,0.161286,38,14
2020-04-07 08:40:10,-119.861502,0.161286,39,14
2020-04-07 08:40:15,-119.861502,0.161286,44,14
2020-04-07 08:40:20,-119.861502,0.161286,43,14
2020-04-07 08:40:25,-119.861502,0.161286,40,14
2020-04-07 08:40:30,-119.861502,0.161286,39,14
2020-04-07 08:40:35,-119.861502,0.161286,41,14
2020-04-07 08:40:40,-119.861502,0.161286,44,14
2020-04-07 08:40:45,-119.861502,0.161286,36,14
2020-04-07 08:40:50,-119.861502,0.161286,40,14
2020-04-07 08:40:55,-119.861502,0.161286,42,14
2020-04-07 08:41:00,-119.861502,0.161286,38,14
2020-04-07 08:41:05,-119.861502,0.161286,33,14
2020-04-07 08:41:10,-119.861502,0.161286,42,14
2020-04-07 08:41:15,-119.861502,0.161286,45,14
2020-04-07 08:41:20,-119.861502,0.161286,43,14
2020-04-07 08:41:25,-119.861502,0.161286,36,14
2020-04-07 08:41:30,-119.861502,0.161286,40,14
2020-04-07 08:41:35,-119.861502,0.161286,37,14
2020-04-07 08:41:40,-119.861502,0.161286,38,14
2020-04-07 08:41:45,-119.861502,0.161286,45,14
2020-04-07 08:41:50,-119.861502,0.161286,37,14
2020-04-07 08:41:55,-119.861502,0.161286,43,14
2020-04-07 08:42:00,-119.861502,0.161286,38,14
2020-04-07 08:42:05,-119.861502,0.161286,37,14
2020-04-07 08:42:10,-119.861502,0.161286,41,14
2020-04-07 08:42:15,-119.861502,0.161286,41,14
2020-04-07 08:42:20,-119.861502,0.161286,44,14
2020-04-07 08:42:25,-119.861502,0.161286,44,14
2020-04-07 08:42:30,-119.861502,0.161286,44,14
2020-04-07 08:42:35,-119.861502,0.161286,40,14
2020-04-07 08:42:40,-119.861502,0.161286,42,14
2020-04-07 08:42:45,-119.861502,0.161286,41,14
2020-04-07 08:42:50,-119.861502,0.161286,39,14
2020-04-07 08:42:55,-119.861502,0.161286,41,14
2020-04-07 08:43:00,-119.861502,0.161286,45,14
2020-04-07 08:43:05,-119.861502,0.161286,40,14
2020-04-07 08:43:10,-119.861502,0.161286,44,14
2020-04-07 08:43:15,-119.861502,0.161286,40,14
2020-04-07 08:43:20,-119.861502,0.161286,40,14
2020-04-07 08:43:25,-119.861502,0.161286,35,14
2020-04-07 08:43:30,-119.861502,0.161286,42,14
2020-04-07 08:43:35,-119.861502,0.161286,44,14
2020-04-07 08:43:40,-119.861502,0.161286,42,14
2020-04-07 08:43:45,-119.861502,0.161286,45,14
2020-04-07 08:43:50,-119.861502,0.161286,42,14
2020-04-07 08:43:55,-119.861502,0.161286,45,14
2020-04-07 08:44:00,-119.861502,0.161286,43,14
2020-04-07 08:44:05,-119.861502,0.161286,41,14
2020-04-07 08:44:10,-119.861502,0.161286,41,14
2020-04-07 08:44:15,-119.861502,0.161286,41,14
2020-04-07 08:44:20,-119.861502,0.161286,39,14
2020-04-07 08:44:25,-119.861502,0.161286,41,14
2020-04-07 08:44:30,-119.861502,0.161286,45,14
2020-04-07 08:44:35,-119.861502,0.161286,44,14
2020-04-07 08:44:40,-119.861502,0.161286,41,14
2020-04-07 08:44:45,-119.861502,0.161286,40,14
2020-04-07 08:44:50,-119.861502,0.161286,47,14
2020-04-07 08:44:55,-119.861502,0.161286,36,14
2020-04-07 08:45:00,-119.861502,0.161286,44,14
2020-04-07 08:45:05,-119.861502,0.161286,46,14
2020-04-07 08:45:10,-119.861502,0.161286,40,14
2020-04-07 08:45:15,-119.861502,0.161286,40,14
2020-04-07 08:45:20,-119.861502,0.161286,39,14
2020-04-07 08:45:25,-119.861502,0.161286,41,14
2020-04-07 08:45:30,-119.861502,0.161286,38,14
2020-04-07 08:45:35,-119.861502,0.161286,47,14
2020-04-07 08:45:40,-119.861502,0.161286,41,14
2020-04-07 08:45:45,-119.861502,0.161286,40,14
2020-04-07 08:45:50,-119.861502,0.161286,39,14
2020-04-07 08:45:55,-119.861502,0.161286,40,14
2020-04-07 08:46:00,-119.861502,0.161286,43,14
2020-04-07 08:46:05,-119.861502,0.161286,40,14
2020-04-07 08:46:10,-119.861502,0.161286,46,14
2020-04-07 08:46:15,-119.861502,0.161286,37,14
2020-04-07 08:46:20,-119.861502,0.161286,42,14
2020-04-07 08:46:25,-119.861502,0.161286,42,14
2020-04-07 08:46:30,-119.861502,0.161286,42,14
2020-04-07 08:46:35,-119.861502,0.161286,43,14
2020-04-07 08:46:40,-119.861502,0.161286,37,14
2020-04-07 08:46:45,-119.861502,0.161286,46,14
2020-04-07 08:46:50,-119.861502,0.161286,43,14
2020-04-07 08:46:55,-119.861502,0.161286,41,14
2020-04-07 08:47:00,-119.861502,0.161286,39,14
2020-04-07 08:47:05,-119.861502,0.161286,42,14
2020-04-07 08:47:10,-119.861502,0.161286,39,14
2020-04-07 08:47:15,-119.861502,0.161286,44,14
2020-04-07 08:47:20,-119.861502,0.161286,43,14
2020-04-07 08:47:25,-119.861502,0.161286,42,14
2020-04-07 08:47:30,-119.861502,0.161286,42,14
2020-04-07 08:47:35,-119.861502,0.161286,43,14
2020-04-07 08:47:40,-119.861502,0.161286,36,14
2020-04-07 08:47:45,-119.861502,0.161286,32,14
2020-04-07 08:47:50,-119.861502,0.161286,45,14
2020-04-07 08:47:55,-119.861502,0.161286,43,14
2020-04-07 08:48:00,-119.861502,0.161286,45,14
2020-04-07 08:48:05,-119.861502,0.161286,41,14
2020-04-07 08:48:10,-119.861502,0.161286,40,14
2020-04-07 08:48:15,-119.861502,0.161286,45,14
2020-04-07 08:48:20,-119.861502,0.161286,45,14
2020-04-07 08:48:25,-119.861502,0.161286,34,14
2020-04-07 08:48:30,-119.861502,0.161286,45,14
2020-04-07 08:48:35,-119.861502,0.161286,40,14
2020-04-07 08:48:40,-119.861502,0.161286,40,14
2020-04-07 08:48:45,-119.861502,0.161286,40,14
2020-04-07 08:48:50,-119.861502,0.161286,47,14
2020-04-07 08:48:55,-119.861502,0.161286,44,14
2020-04-07 08:49:00,-119.861502,0.161286,41,14
2020-04-07 08:49:05,-119.861502,0.161286,45,14
2020-04-07 08:49:10,-119.861502,0.161286,44,14
2020-04-07 08:49:15,-119.861502,0.161286,41,14
2020-04-07 08:49:20,-119.861502,0.161286,45,14
2020-04-07 08:49:25,-119.861502,0.161286,46,14
2020-04-07 08:49:30,-119.861502,0.161286,42,14
2020-04-07 08:49:35,-119.861502,0.161286,41,14
2020-04-07 08:49:40,-119.861502,0.161286,42,14
2020-04-07 08:49:45,-119.861502,0.161286,41,14
2020-04-07 08:49:50,-119.861502,0.161286,36,14
2020-04-07 08:49:55,-119.861502,0.161286,39,14
2020-04-07 08:50:00,-119.861502,0.161286,43,14
2020-04-07 08:50:05,-119.861502,0.161286,49,14
2020-04-07 08:50:10,-119.861502,0.161286,38,14
2020-04-07 08:50:15,-119.861502,0.161286,39,14
2020-04-07 08:50:20,-119.861502,0.161286,40,14
2020-04-07 08:50:25,-119.861502,0.161286,42,14
2020-04-07 08:50:30,-119.861502,0.161286,40,14
2020-04-07 08:50:35,-119.861502,0.161286,45,14
2020-04-07 08:50:40,-119.861502,0.161286,42,14
2020-04-07 08:50:45,-119.861502,0.161286,43,14
2020-04-07 08:50:50,-119.861502,0.161286,39,14
2020-04-07 08:50:55,-119.861502,0.161286,47,14
2020-04-07 08:51:00,-119.861502,0.161286,41,14
2020-04-07 08:51:05,-119.861502,0.161286,47,14
2020-04-07 08:51:10,-119.861502,0.161286,37,14
2020-04-07 08:51:15,-119.861502,0.161286,41,14
2020-04-07 08:51:20,-119.861502,0.161286,42,14
2020-04-07 08:51:25,-119.861502,0.161286,40,14
2020-04-07 08:51:30,-119.861502,0.161286,44,14
2020-04-07 08:51:35,-119.861502,0.161286,41,14
2020-04-07 08:51:40,-119.861502,0.161286,42,14
2020-04-07 08:51:45,-119.861502,0.161286,45,14
2020-04-07 08:51:50,-119.861502,0.161286,38,14
2020-04-07 08:51:55,-119.861502,0.161286,43,14
2020-04-07 08:52:00,-119.861502,0.161286,40,14
2020-04-07 08:52:05,-119.861502,0.161286,43,14
2020-04-07 08:52:10,-119.861502,0.161286,46,14
2020-04-07 08:52:15,-119.861502,0.161286,44,14
2020-04-07 08:52:20,-119.861502,0.161286,41,14
2020-04-07 08:52:25,-119.861502,0.161286,39,14
2020-04-07 08:52:30,-119.861502,0.161286,46,14
2020-04-07 08:52:35,-119.861502,0.161286,41,14
2020-04-07 08:52:40,-119.861502,0.161286,42,14
2020-04-07 08:52:45,-119.861502,0.161286,38,14
2020-04-07 08:52:50,-119.861502,0.161286,45,14
2020-04-07 08:52:55,-119.861502,0.161286,40,14
2020-04-07 08:53:00,-119.861502,0.161286,37,14
2020-04-07 08:53:05,-119.861502,0.161286,43,14
2020-04-07 08:53:10,-119.861502,0.161286,39,14
2020-04-07 08:53:15,-119.861502,0.161286,41,14
2020-04-07 08:53:20,-119.861502,0.161286,46,14
2020-04-07 08:53:25,-119.861502,0.161286,44,14
2020-04-07 08:53:30,-119.861502,0.161286,40,14
2020-04-07 08:53:35,-119.861502,0.161286,46,14
2020-04-07 08:53:40,-119.861502,0.161286,49,14
2020-04-07 08:53:45,-119.861502,0.161286,40,14
2020-04-07 08:53:50,-119.861502,0.161286,40,14
2020-04-07 08:53:55,-119.861502,0.161286,42,14
2020-04-07 08:54:00,-119.861502,0.161286,43,14
2020-04-07 08:54:05,-119.861502,0.161286,45,14
2020-04-07 08:54:10,-119.861502,0.161286,41,14
2020-04-07 08:54:15,-119.861502,0.161286,40,14
2020-04-07 08:54:20,-119.861502,0.161286,42,14
2020-04-07 08:54:25,-119.861502,0.161286,41,14
2020-04-07 08:54:30,-119.861502,0.161286,41,14
2020-04-07 08:54:35,-119.861502,0.161286,42,14
2020-04-07 08:54:40,-119.861502,0.161286,44,14
2020-04-07 08:54:45,-119.861502,0.161286,38,14
2020-04-07 08:54:50,-119.861502,0.161286,43,14
2020-04-07 08:54:55,-119.861502,0.161286,37,14
2020-04-07 08:55:00,-119.861502,0.161286,40,14
2020-04-07 08:55:05,-119.861502,0.161286,39,14
2020-04-07 08:55:10,-119.861502,0.161286,47,14
2020-04-07 08:55:15,-119.861502,0.161286,46,14
2020-04-07 08:55:20,-119.861502,0.161286,44,14
2020-04-07 08:55:25,-119.861502,0.161286,37,14
2020-04-07 08:55:30,-119.861502,0.161286,39,14
2020-04-07 08:55:35,-119.861502,0.161286,43,14
2020-04-07 08:55:40,-119.861502,0.161286,39,14
2020-04-07 08:55:45,-119.861502,0.161286,42,14
2020-04-07 08:55:50,-119.861502,0.161286,39,14
2020-04-07 08:55:55,-119.861502,0.161286,38,14
2020-04-07 08:56:00,-119.861502,0.161286,37,14
2020-04-07 08:56:05,-119.861502,0.161286,43,14
2020-04-07 08:56:10,-119.861502,0.161286,44,14
2020-04-07 08:56:15,-119.861502,0.161286,46,14
2020-04-07 08:56:20,-119.861502,0.161286,43,14
2020-04-07 08:56:25,-119.861502,0.161286,39,14
2020-04-07 08:56:30,-119.861502,0.161286,45,14
2020-04-07 08:56:35,-119.861502,0.161286,40,14
2020-04-07 08:56:40,-119.861502,0.161286,41,14
2020-04-07 08:56:45,-119.861502,0.161286,42,14
2020-04-07 08:56:50,-119.861502,0.161286,41,14
2020-04-07 08:56:55,-119.861502,0.161286,46,14
2020-04-07 08:57:00,-119.861502,0.161286,44,14
2020-04-07 08:57:05,-119.861502,0.161286,39,14
2020-04-07 08:57:10,-119.861502,0.161286,35,14
2020-04-07 08:57:15,-119.861502,0.161286,40,14
2020-04-07 08:57:20,-119.861502,0.161286,41,14
2020-04-07 08:57:25,-119.861502,0.161286,38,14
2020-04-07 08:57:30,-119.861502,0.161286,41,14
2020-04-07 08:57:35,-119.861502,0.161286,42,14
2020-04-07 08:57:40,-119.861502,0.161286,39,14
2020-04-07 08:57:45,-119.861502,0.161286,44,14
2020-04-07 08:57:50,-119.861502,0.161286,40,14
2020-04-07 08:57:55,-119.861502,0.161286,43,14
2020-04-07 08:58:00,-119.861502,0.161286,43,14
2020-04-07 08:58:05,-119.861502,0.161286,42,14
2020-04-07 08:58:10,-119.861502,0.161286,41,14
2020-04-07 08:58:15,-119.861502,0.161286,41,14
2020-04-07 08:58:20,-119.861502,0.161286,41,14
2020-04-07 08:58:25,-119.861502,0.161286,41,14
2020-04-07 08:58:30,-119.861502,0.161286,44,14
2020-04-07 08:58:35,-119.861502,0.161286,39,14
2020-04-07 08:58:40,-119.861502,0.161286,41,14
2020-04-07 08:58:45,-119.861502,0.161286,44,14
2020-04-07 08:58:50,-119.861502,0.161286,46,14
2020-04-07 08:58:55,-119.861502,0.161286,40,14
2020-04-07 08:59:00,-119.861502,0.161286,43,14
2020-04-07 08:59:05,-119.861502,0.161286,47,14
2020-04-07 08:59:10,-119.861502,0.161286,37,14
2020-04-07 08:59:15,-119.861502,0.161286,42,14
2020-04-07 08:59:20,-119.861502,0.161286,47,14
2020-04-07 08:59:25,-119.861502,0.161286,38,14
2020-04-07 08:59:30,-119.861502,0.161286,39,14
2020-04-07 08:59:35,-119.861502,0.161286,43,14
2020-04-07 08:59:40,-119.861502,0.161286,41,14
2020-04-07 08:59:45,-119.861502,0.161286,44,14
2020-04-07 08:59:50,-119.861502,0.161286,44,14
2020-04-07 08:59:55,-119.861502,0.161286,43,14
2020-04-07 09:00:00,-119.861502,0.161286,32,14
2020-04-07 09:00:05,-119.861502,0.161286,44,14
2020-04-07 09:00:10,-119.861502,0.161286,43,14
2020-04-07 09:00:15,-119.861502,0.161286,41,14
2020-04-07 09:00:20,-119.861502,0.161286,49,14
2020-04-07 09:00:25,-119.861502,0.161286,40,14
2020-04-07 09:00:30,-119.861502,0.161286,44,14
2020-04-07 09:00:35,-119.861502,0.161286,42,14
2020-04-07 09:00:40,-119.861502,0.161286,40,14
2020-04-07 09:00:45,-119.861502,0.161286,40,14
2020-04-07 09:00:50,-119.861502,0.161286,43,14
2020-04-07 09:00:55,-119.861502,0.161286,47,14
2020-04-07 09:01:00,-119.861502,0.161286,41,14
2020-04-07 09:01:05,-119.861502,0.161286,36,14
2020-04-07 09:01:10,-119.861502,0.161286,37,14
2020-04-07 09:01:15,-119.861502,0.161286,41,14
2020-04-07 09:01:20,-119.861502,0.161286,41,14
2020-04-07 09:01:25,-119.861502,0.161286,42,14
2020-04-07 09:01:30,-119.861502,0.161286,43,14
2020-04-07 09:01:35,-119.861502,0.161286,41,14
2020-04-07 09:01:40,-119.861502,0.161286,39,14
2020-04-07 09:01:45,-119.861502,0.161286,38,14
2020-04-07 09:01:50,-119.861502,0.161286,40,14
2020-04-07 09:01:55,-119.861502,0.161286,37,14
2020-04-07 09:02:00,-119.861502,0.161286,40,14
2020-04-07 09:02:05,-119.861502,0.161286,41,14
2020-04-07 09:02:10,-119.861502,0.161286,44,14
2020-04-07 09:02:15,-119.861502,0.161286,40,14
2020-04-07 09:02:20,-119.861502,0.161286,39,14
2020-04-07 09:02:25,-119.861502,0.161286,38,14
2020-04-07 09:02:30,-119.861502,0.161286,38,14
2020-04-07 09:02:35,-119.861502,0.161286,40,14
2020-04-07 09:02:40,-119.861502,0.161286,42,14
2020-04-07 09:02:45,-119.861502,0.161286,44,14
2020-04-07 09:02:50,-119.861502,0.161286,41,14
2020-04-07 09:02:55,-119.861502,0.161286,48,14
2020-04-07 09:03:00,-119.861502,0.161286,44,14
2020-04-07 09:03:05,-119.861502,0.161286,41,14
2020-04-07 09:03:10,-119.861502,0.161286,45,14
2020-04-07 09:03:15,-119.861502,0.161286,48,14
2020-04-07 09:03:20,-119.861502,0.161286,45,14
2020-04-07 09:03:25,-119.861502,0.161286,41,14
2020-04-07 09:03:30,-119.861502,0.161286,44,14
2020-04-07 09:03:35,-119.861502,0.161286,40,14
2020-04-07 09:03:40,-119.861502,0.161286,41,14
2020-04-07 09:03:45,-119.861502,0.161286,47,14
2020-04-07 09:03:50,-119.861502,0.161286,41,14
2020-04-07 09:03:55,-119.861502,0.161286,47,14
2020-04-07 09:04:00,-119.861502,0.161286,40,14
2020-04-07 09:04:05,-119.861502,0.161286,39,14
2020-04-07 09:04:10,-119.861502,0.161286,41,14
2020-04-07 09:04:15,-119.861502,0.161286,42,14
2020-04-07 09:04:20,-119.861502,0.161286,40,14
2020-04-07 09:04:25,-119.861502,0.161286,43,14
2020-04-07 09:04:30,-119.861502,0.161286,35,14
2020-04-07 09:04:35,-119.861502,0.161286,38,14
2020-04-07 09:04:40,-119.861502,0.161286,36,14
2020-04-07 09:04:45,-119.861502,0.161286,42,14
2020-04-07 09:04:50,-119.861502,0.161286,42,14
2020-04-07 09:04:55,-119.861502,0.161286,40,14
2020-04-07 09:05:00,-119.861502,0.161286,43,14
2020-04-07 09:05:05,-119.861502,0.161286,44,14
2020-04-07 09:05:10,-119.861502,0.161286,45,14
2020-04-07 09:05:15,-119.861502,0.161286,39,14
2020-04-07 09:05:20,-119.861502,0.161286,41,14
2020-04-07 09:05:25,-119.861502,0.161286,40,14
2020-04-07 09:05:30,-119.861502,0.161286,40,14
2020-04-07 09:05:35,-119.861502,0.161286,45,14
2020-04-07 09:05:40,-119.861502,0.161286,42,14
2020-04-07 09:05:45,-119.861502,0.161286,47,14
2020-04-07 09:05:50,-119.861502,0.161286,45,14
2020-04-07 09:05:55,-119.861502,0.161286,44,14
2020-04-07 09:06:00,-119.861502,0.161286,43,14
2020-04-07 09:06:05,-119.861502,0.161286,42,14
2020-04-07 09:06:10,-119.861502,0.161286,44,14
2020-04-07 09:06:15,-119.861502,0.161286,40,14
2020-04-07 09:06:20,-119.861502,0.161286,41,14
2020-04-07 09:06:25,-119.861502,0.161286,45,14
2020-04-07 09:06:30,-119.861502,0.161286,39,14
2020-04-07 09:06:35,-119.861502,0.161286,42,14
2020-04-07 09:06:40,-119.861502,0.161286,45,14
2020-04-07 09:06:45,-119.861502,0.161286,40,14
2020-04-07 09:06:50,-119.861502,0.161286,39,14
2020-04-07 09:06:55,-119.861502,0.161286,46,14
2020-04-07 09:07:00,-119.861502,0.161286,45,14
2020-04-07 09:07:05,-119.861502,0.161286,37,14
2020-04-07 09:07:10,-119.861502,0.161286,40,14
2020-04-07 09:07:15,-119.861502,0.161286,37,14
2020-04-07 09:07:20,-119.861502,0.161286,40,14
2020-04-07 09:07:25,-119.861502,0.161286,43,14
2020-04-07 09:07:30,-119.861502,0.161286,41,14
2020-04-07 09:07:35,-119.861502,0.161286,43,14
2020-04-07 09:07:40,-119.861502,0.161286,52,14
2020-04-07 09:07:45,-119.861502,0.161286,42,14
2020-04-07 09:07:50,-119.861502,0.161286,40,14
2020-04-07 09:07:55,-119.861502,0.161286,42,14
2020-04-07 09:08:00,-119.861502,0.161286,43,14
2020-04-07 09:08:05,-119.861502,0.161286,41,14
2020-04-07 09:08:10,-119.861502,0.161286,43,14
2020-04-07 09:08:15,-119.861502,0.161286,38,14
2020-04-07 09:08:20,-119.861502,0.161286,42,14
2020-04-07 09:08:25,-119.861502,0.161286,42,14
2020-04-07 09:08:30,-119.861502,0.161286,41,14
2020-04-07 09:08:35,-119.861502,0.161286,48,14
2020-04-07 09:08:40,-119.861502,0.161286,43,14
2020-04-07 09:08:45,-119.861502,0.161286,41,14
2020-04-07 09:08:50,-119.861502,0.161286,38,14
2020-04-07 09:08:55,-119.861502,0.161286,42,14
2020-04-07 09:09:00,-119.861502,0.161286,39,14
2020-04-07 09:09:05,-119.861502,0.161286,41,14
2020-04-07 09:09:10,-119.861502,0.161286,39,14
2020-04-07 09:09:15,-119.861502,0.161286,35,14
2020-04-07 09:09:20,-119.861502,0.161286,45,14
2020-04-07 09:09:25,-119.861502,0.161286,44,14
2020-04-07 09:09:30,-119.861502,0.161286,45,14
2020-04-07 09:09:35,-119.861502,0.161286,46,14
2020-04-07 09:09:40,-119.861502,0.161286,38,14
2020-04-07 09:09:45,-119.861502,0.161286,38,14
2020-04-07 09:09:50,-119.861502,0.161286,42,14
2020-04-07 09:09:55,-119.861502,0.161286,37,14
2020-04-07 09:10:00,-119.861502,0.161286,43,14
2020-04-07 09:10:05,-119.861502,0.161286,41,14
2020-04-07 09:10:10,-119.861502,0.161286,42,14
2020-04-07 09:10:15,-119.861502,0.161286,40,14
2020-04-07 09:10:20,-119.861502,0.161286,38,14
2020-04-07 09:10:25,-119.861502,0.161286,41,14
2020-04-07 09:10:30,-119.861502,0.161286,47,14
2020-04-07 09:10:35,-119.861502,0.161286,46,14
2020-04-07 09:10:40,-119.861502,0.161286,38,14
2020-04-07 09:10:45,-119.861502,0.161286,42,14
2020-04-07 09:10:50,-119.861502,0.161286,39,14
2020-04-07 09:10:55,-119.861502,0.161286,37,14
2020-04-07 09:11:00,-119.861502,0.161286,40,14
2020-04-07 09:11:05,-119.861502,0.161286,42,14
2020-04-07 09:11:10,-119.861502,0.161286,37,14
2020-04-07 09:11:15,-119.861502,0.161286,43,14
2020-04-07 09:11:20,-119.861502,0.161286,44,14
2020-04-07 09:11:25,-119.861502,0.161286,45,14
2020-04-07 09:11:30,-119.861502,0.161286,45,14
2020-04-07 09:11:35,-119.861502,0.161286,42,14
2020-04-07 09:11:40,-119.861502,0.161286,39,14
2020-04-07 09:11:45,-119.861502,0.161286,41,14
2020-04-07 09:11:50,-119.861502,0.161286,39,14
2020-04-07 09:11:55,-119.861502,0.161286,36,14
2020-04-07 09:12:00,-119.861502,0.161286,43,14
2020-04-07 09:12:05,-119.861502,0.161286,36,14
2020-04-07 09:12:10,-119.861502,0.161286,42,14
2020-04-07 09:12:15,-119.861502,0.161286,42,14
2020-04-07 09:12:20,-119.861502,0.161286,36,14
2020-04-07 09:12:25,-119.861502,0.161286,40,14
2020-04-07 09:12:30,-119.861502,0.161286,44,14
2020-04-07 09:12:35,-119.861502,0.161286,41,14
2020-04-07 09:12:40,-119.861502,0.161286,39,14
2020-04-07 09:12:45,-119.861502,0.161286,43,14
2020-04-07 09:12:50,-119.861502,0.161286,41,14
2020-04-07 09:12:55,-119.861502,0.161286,42,14
2020-04-07 09:13:00,-119.861502,0.161286,47,14
2020-04-07 09:13:05,-119.861502,0.161286,43,14
2020-04-07 09:13:10,-119.861502,0.161286,38,14
2020-04-07 09:13:15,-119.861502,0.161286,42,14
2020-04-07 09:13:20,-119.861502,0.161286,40,14
2020-04-07 09:13:25,-119.861502,0.161286,43,14
2020-04-07 09:13:30,-119.861502,0.161286,42,14
2020-04-07 09:13:35,-119.861502,0.161286,43,14
2020-04-07 09:13:40,-119.861502,0.161286,38,14
2020-04-07 09:13:45,-119.861502,0.161286,42,14
2020-04-07 09:13:50,-119.861502,0.161286,47,14
2020-04-07 09:13:55,-119.861502,0.161286,41,14
2020-04-07 09:14:00,-119.861502,0.161286,48,14
2020-04-07 09:14:05,-119.861502,0.161286,43,14
2020-04-07 09:14:10,-119.861502,0.161286,43,14
2020-04-07 09:14:15,-119.861502,0.161286,42,14
2020-04-07 09:14:20,-119.861502,0.161286,41,14
2020-04-07 09:14:25,-119.861502,0.161286,42,14
2020-04-07 09:14:30,-119.861502,0.161286,44,14
2020-04-07 09:14:35,-119.861502,0.161286,42,14
2020-04-07 09:14:40,-119.861502,0.161286,43,14
2020-04-07 09:14:45,-119.861502,0.161286,38,14
2020-04-07 09:14:50,-119.861502,0.161286,44,14
2020-04-07 09:14:55,-119.861502,0.161286,40,14
2020-04-07 09:15:00,-119.861502,0.161286,42,14
2020-04-07 09:15:05,-119.861502,0.161286,41,14
2020-04-07 09:15:10,-119.861502,0.161286,41,14
2020-04-07 09:15:15,-119.861502,0.161286,40,14
2020-04-07 09:15:20,-119.861502,0.161286,44,14
2020-04-07 09:15:25,-119.861502,0.161286,39,14
2020-04-07 09:15:30,-119.861502,0.161286,39,14
2020-04-07 09:15:35,-119.861502,0.161286,44,14
2020-04-07 09:15:40,-119.861502,0.161286,37,14
2020-04-07 09:15:45,-119.861502,0.161286,45,14
2020-04-07 09:15:50,-119.861502,0.161286,40,14
2020-04-07 09:15:55,-119.861502,0.161286,40,14
2020-04-07 09:16:00,-119.861502,0.161286,42,14
2020-04-07 09:16:05,-119.861502,0.161286,41,14
2020-04-07 09:16:10,-119.861502,0.161286,41,14
2020-04-07 09:16:15,-119.861502,0.161286,38,14
2020-04-07 09:16:20,-119.861502,0.161286,42,14
2020-04-07 09:16:25,-119.861502,0.161286,40,14
2020-04-07 09:16:30,-119.861502,0.161286,47,14
2020-04-07 09:16:35,-119.861502,0.161286,40,14
2020-04-07 09:16:40,-119.861502,0.161286,42,14
2020-04-07 09:16:45,-119.861502,0.161286,42,14
2020-04-07 09:16:50,-119.861502,0.161286,42,14
2020-04-07 09:16:55,-119.861502,0.161286,42,14
2020-04-07 09:17:00,-119.861502,0.161286,42,14
2020-04-07 09:17:05,-119.861502,0.161286,44,14
2020-04-07 09:17:10,-119.861502,0.161286,43,14
2020-04-07 09:17:15,-119.861502,0.161286,40,14
2020-04-07 09:17:20,-119.861502,0.161286,39,14
2020-04-07 09:17:25,-119.861502,0.161286,40,14
2020-04-07 09:17:30,-119.861502,0.161286,42,14
2020-04-07 09:17:35,-119.861502,0.161286,43,14
2020-04-07 09:17:40,-119.861502,0.161286,43,14
2020-04-07 09:17:45,-119.861502,0.161286,39,14
2020-04-07 09:17:50,-119.861502,0.161286,45,14
2020-04-07 09:17:55,-119.861502,0.161286,41,14
2020-04-07 09:18:00,-119.861502,0.161286,41,14
2020-04-07 09:18:05,-119.861502,0.161286,43,14
2020-04-07 09:18:10,-119.861502,0.161286,43,14
2020-04-07 09:18:15,-119.861502,0.161286,38,14
2020-04-07 09:18:20,-119.861502,0.161286,43,14
2020-04-07 09:18:25,-119.861502,0.161286,41,14
2020-04-07 09:18:30,-119.861502,0.161286,41,14
2020-04-07 09:18:35,-119.861502,0.161286,43,14
2020-04-07 09:18:40,-119.861502,0.161286,38,14
2020-04-07 09:18:45,-119.861502,0.161286,38,14
2020-04-07 09:18:50,-119.861502,0.161286,40,14
2020-04-07 09:18:55,-119.861502,0.161286,43,14
2020-04-07 09:19:00,-119.861502,0.161286,44,14
2020-04-07 09:19:05,-119.861502,0.161286,44,14
2020-04-07 09:19:10,-119.861502,0.161286,41,14
2020-04-07 09:19:15,-119.861502,0.161286,41,14
2020-04-07 09:19:20,-119.861502,0.161286,39,14
2020-04-07 09:19:25,-119.861502,0.161286,38,14
2020-04-07 09:19:30,-119.861502,0.161286,37,14
2020-04-07 09:19:35,-119.861502,0.161286,45,14
2020-04-07 09:19:40,-119.861502,0.161286,42,14
2020-04-07 09:19:45,-119.861502,0.161286,41,14
2020-04-07 09:19:50,-119.861502,0.161286,41,14
2020-04-07 09:19:55,-119.861502,0.161286,42,14
2020-04-07 09:20:00,-119.861502,0.161286,39,14
2020-04-07 09:20:05,-119.861502,0.161286,46,14
2020-04-07 09:20:10,-119.861502,0.161286,39,14
2020-04-07 09:20:15,-119.861502,0.161286,38,14
2020-04-07 09:20:20,-119.861502,0.161286,45,14
2020-04-07 09:20:25,-119.861502,0.161286,40,14
2020-04-07 09:20:30,-119.861502,0.161286,43,14
2020-04-07 09:20:35,-119.861502,0.161286,41,14
2020-04-07 09:20:40,-119.861502,0.161286,40,14
2020-04-07 09:20:45,-119.861502,0.161286,43,14
2020-04-07 09:20:50,-119.861502,0.161286,42,14
2020-04-07 09:20:55,-119.861502,0.161286,44,14
2020-04-07 09:21:00,-119.861502,0.161286,43,14
2020-04-07 09:21:05,-119.861502,0.161286,42,14
2020-04-07 09:21:10,-119.861502,0.161286,44,14
2020-04-07 09:21:15,-119.861502,0.161286,44,14
2020-04-07 09:21:20,-119.861502,0.161286,45,14
2020-04-07 09:21:25,-119.861502,0.161286,39,14
2020-04-07 09:21:30,-119.861502,0.161286,42,14
2020-04-07 09:21:35,-119.861502,0.161286,43,14
2020-04-07 09:21:40,-119.861502,0.161286,41,14
2020-04-07 09:21:45,-119.861502,0.161286,39,14
2020-04-07 09:21:50,-119.861502,0.161286,45,14
2020-04-07 09:21:55,-119.861502,0.161286,43,14
2020-04-07 09:22:00,-119.861502,0.161286,37,14
2020-04-07 09:22:05,-119.861502,0.161286,40,14
2020-04-07 09:22:10,-119.861502,0.161286,37,14
2020-04-07 09:22:15,-119.861502,0.161286,41,14
2020-04-07 09:22:20,-119.861502,0.161286,44,14
2020-04-07 09:22:25,-119.861502,0.161286,43,14
2020-04-07 09:22:30,-119.861502,0.161286,47,14
2020-04-07 09:22:35,-119.861502,0.161286,38,14
2020-04-07 09:22:40,-119.861502,0.161286,42,14
2020-04-07 09:22:45,-119.861502,0.161286,43,14
2020-04-07 09:22:50,-119.861502,0.161286,38,14
2020-04-07 09:22:55,-119.861502,0.161286,42,14
2020-04-07 09:23:00,-119.861502,0.161286,40,14
2020-04-07 09:23:05,-119.861502,0.161286,44,14
2020-04-07 09:23:10,-119.861502,0.161286,36,14
2020-04-07 09:23:15,-119.861502,0.161286,36,14
2020-04-07 09:23:20,-119.861502,0.161286,43,14
2020-04-07 09:23:25,-119.861502,0.161286,41,14
2020-04-07 09:23:30,-119.861502,0.161286,47,14
2020-04-07 09:23:35,-119.861502,0.161286,39,14
2020-04-07 09:23:40,-119.861502,0.161286,42,14
2020-04-07 09:23:45,-119.861502,0.161286,41,14
2020-04-07 09:23:50,-119.861502,0.161286,39,14
2020-04-07 09:23:55,-119.861502,0.161286,39,14
2020-04-07 09:24:00,-119.861502,0.161286,42,14
2020-04-07 09:24:05,-119.861502,0.161286,41,14
2020-04-07 09:24:10,-119.861502,0.161286,43,14
2020-04-07 09:24:15,-119.861502,0.161286,39,14
2020-04-07 09:24:20,-119.861502,0.161286,42,14
2020-04-07 09:24:25,-119.861502,0.161286,40,14
2020-04-07 09:24:30,-119.861502,0.161286,42,14
2020-04-07 09:24:35,-119.861502,0.161286,42,14
2020-04-07 09:24:40,-119.861502,0.161286,39,14
2020-04-07 09:24:45,-119.861502,0.161286,39,14
2020-04-07 09:24:50,-119.861502,0.161286,44,14
2020-04-07 09:24:55,-119.861502,0.161286,38,14
2020-04-07 09:25:00,-119.861502,0.161286,36,14
2020-04-07 09:25:05,-119.861502,0.161286,41,14
2020-04-07 09:25:10,-119.861502,0.161286,43,14
2020-04-07 09:25:15,-119.861502,0.161286,41,14
2020-04-07 09:25:20,-119.861502,0.161286,37,14
2020-04-07 09:25:25,-119.861502,0.161286,38,14
2020-04-07 09:25:30,-119.861502,0.161286,42,14
2020-04-07 09:25:35,-119.861502,0.161286,44,14
2020-04-07 09:25:40,-119.861502,0.161286,42,14
2020-04-07 09:25:45,-119.861502,0.161286,39,14
2020-04-07 09:25:50,-119.861502,0.161286,39,14
2020-04-07 09:25:55,-119.861502,0.161286,44,14
2020-04-07 09:26:00,-119.861502,0.161286,42,14
2020-04-07 09:26:05,-119.861502,0.161286,39,14
2020-04-07 09:26:10,-119.861502,0.161286,36,14
2020-04-07 09:26:15,-119.861502,0.161286,38,14
2020-04-07 09:26:20,-119.861502,0.161286,36,14
2020-04-07 09:26:25,-119.861502,0.161286,39,14
2020-04-07 09:26:30,-119.861502,0.161286,44,14
2020-04-07 09:26:35,-119.861502,0.161286,41,14
2020-04-07 09:26:40,-119.861502,0.161286,40,14
2020-04-07 09:26:45,-119.861502,0.161286,42,14
2020-04-07 09:26:50,-119.861502,0.161286,45,14
2020-04-07 09:26:55,-119.861502,0.161286,40,14
2020-04-07 09:27:00,-119.861502,0.161286,39,14
2020-04-07 09:27:05,-119.861502,0.161286,40,14
2020-04-07 09:27:10,-119.861502,0.161286,42,14
2020-04-07 09:27:15,-119.861502,0.161286,42,14
2020-04-07 09:27:20,-119.861502,0.161286,43,14
2020-04-07 09:27:25,-119.861502,0.161286,41,14
2020-04-07 09:27:30,-119.861502,0.161286,40,14
2020-04-07 09:27:35,-119.861502,0.161286,41,14
2020-04-07 09:27:40,-119.861502,0.161286,42,14
2020-04-07 09:27:45,-119.861502,0.161286,42,14
2020-04-07 09:27:50,-119.861502,0.161286,40,14
2020-04-07 09:27:55,-119.861502,0.161286,35,14
2020-04-07 09:28:00,-119.861502,0.161286,40,14
2020-04-07 09:28:05,-119.861502,0.161286,40,14
2020-04-07 09:28:10,-119.861502,0.161286,42,14
2020-04-07 09:28:15,-119.861502,0.161286,41,14
2020-04-07 09:28:20,-119.861502,0.161286,38,14
2020-04-07 09:28:25,-119.861502,0.161286,40,14
2020-04-07 09:28:30,-119.861502,0.161286,41,14
2020-04-07 09:28:35,-119.861502,0.161286,40,14
2020-04-07 09:28:40,-119.861502,0.161286,44,14
2020-04-07 09:28:45,-119.861502,0.161286,37,14
2020-04-07 09:28:50,-119.861502,0.161286,39,14
2020-04-07 09:28:55,-119.861502,0.161286,38,14
2020-04-07 09:29:00,-119.861502,0.161286,44,14
2020-04-07 09:29:05,-119.861502,0.161286,35,14
2020-04-07 09:29:10,-119.861502,0.161286,43,14
2020-04-07 09:29:15,-119.861502,0.161286,39,14
2020-04-07 09:29:20,-119.861502,0.161286,39,14
2020-04-07 09:29:25,-119.861502,0.161286,37,14
2020-04-07 09:29:30,-119.861502,0.161286,43,14
2020-04-07 09:29:35,-119.861502,0.161286,42,14
2020-04-07 09:29:40,-119.861502,0.161286,35,14
2020-04-07 09:29:45,-119.861502,0.161286,33,14
2020-04-07 09:29:50,-119.861502,0.161286,40,14
2020-04-07 09:29:55,-119.861502,0.161286,46,14
2020-04-07 09:30:00,-119.861502,0.161286,42,14
2020-04-07 09:30:05,-119.861502,0.161286,41,14
2020-04-07 09:30:10,-119.861502,0.161286,39,14
2020-04-07 09:30:15,-119.861502,0.161286,43,14
2020-04-07 09:30:20,-119.861502,0.161286,38,14
2020-04-07 09:30:25,-119.861502,0.161286,40,14
2020-04-07 09:30:30,-119.861502,0.161286,45,14
2020-04-07 09:30:35,-119.861502,0.161286,41,14
2020-04-07 09:30:40,-119.861502,0.161286,41,14
2020-04-07 09:30:45,-119.861502,0.161286,41,14
2020-04-07 09:30:50,-119.861502,0.161286,42,14
2020-04-07 09:30:55,-119.861502,0.161286,42,14
2020-04-07 09:31:00,-119.861502,0.161286,49,14
2020-04-07 09:31:05,-119.861502,0.161286,43,14
2020-04-07 09:31:10,-119.861502,0.161286,39,14
2020-04-07 09:31:15,-119.861502,0.161286,40,14
2020-04-07 09:31:20,-119.861502,0.161286,37,14
2020-04-07 09:31:25,-119.861502,0.161286,45,14
2020-04-07 09:31:30,-119.861502,0.161286,47,14
2020-04-07 09:31:35,-119.861502,0.161286,38,14
2020-04-07 09:31:40,-119.861502,0.161286,41,14
2020-04-07 09:31:45,-119.861502,0.161286,37,14
2020-04-07 09:31:50,-119.861502,0.161286,41,14
2020-04-07 09:31:55,-119.861502,0.161286,43,14
2020-04-07 09:32:00,-119.861502,0.161286,41,14
2020-04-07 09:32:05,-119.861502,0.161286,39,14
2020-04-07 09:32:10,-119.861502,0.161286,44,14
2020-04-07 09:32:15,-119.861502,0.161286,36,14
2020-04-07 09:32:20,-119.861502,0.161286,41,14
2020-04-07 09:32:25,-119.861502,0.161286,44,14
2020-04-07 09:32:30,-119.861502,0.161286,42,14
2020-04-07 09:32:35,-119.861502,0.161286,39,14
2020-04-07 09:32:40,-119.861502,0.161286,37,14
2020-04-07 09:32:45,-119.861502,0.161286,41,14
2020-04-07 09:32:50,-119.861502,0.161286,38,14
2020-04-07 09:32:55,-119.861502,0.161286,40,14
2020-04-07 09:33:00,-119.861502,0.161286,40,14
2020-04-07 09:33:05,-119.861502,0.161286,41,14
2020-04-07 09:33:10,-119.861502,0.161286,42,14
2020-04-07 09:33:15,-119.861502,0.161286,37,14
2020-04-07 09:33:20,-119.861502,0.161286,37,14
2020-04-07 09:33:25,-119.861502,0.161286,42,14
2020-04-07 09:33:30,-119.861502,0.161286,40,14
2020-04-07 09:33:35,-119.861502,0.161286,41,14
2020-04-07 09:33:40,-119.861502,0.161286,44,14
2020-04-07 09:33:45,-119.861502,0.161286,43,14
2020-04-07 09:33:50,-119.861502,0.161286,38,14
2020-04-07 09:33:55,-119.861502,0.161286,39,14
2020-04-07 09:34:00,-119.861502,0.161286,43,14
2020-04-07 09:34:05,-119.861502,0.161286,40,14
2020-04-07 09:34:10,-119.861502,0.161286,39,14
2020-04-07 09:34:15,-119.861502,0.161286,38,14
2020-04-07 09:34:20,-119.861502,0.161286,36,14
2020-04-07 09:34:25,-119.861502,0.161286,42,14
2020-04-07 09:34:30,-119.861502,0.161286,40,14
2020-04-07 09:34:35,-119.861502,0.161286,36,14
2020-04-07 09:34:40,-119.861502,0.161286,46,14
2020-04-07 09:34:45,-119.861502,0.161286,37,14
2020-04-07 09:34:50,-119.861502,0.161286,40,14
2020-04-07 09:34:55,-119.861502,0.161286,42,14
2020-04-07 09:35:00,-119.861502,0.161286,40,14
2020-04-07 09:35:05,-119.861502,0.161286,42,14
2020-04-07 09:35:10,-119.861502,0.161286,40,14
2020-04-07 09:35:15,-119.861502,0.161286,44,14
2020-04-07 09:35:20,-119.861502,0.161286,45,14
2020-04-07 09:35:25,-119.861502,0.161286,39,14
2020-04-07 09:35:30,-119.861502,0.161286,40,14
2020-04-07 09:35:35,-119.861502,0.161286,43,14
2020-04-07 09:35:40,-119.861502,0.161286,42,14
2020-04-07 09:35:45,-119.861502,0.161286,42,14
2020-04-07 09:35:50,-119.861502,0.161286,40,14
2020-04-07 09:35:55,-119.861502,0.161286,41,14
2020-04-07 09:36:00,-119.861502,0.161286,41,14
2020-04-07 09:36:05,-119.861502,0.161286,46,14
2020-04-07 09:36:10,-119.861502,0.161286,41,14
2020-04-07 09:36:15,-119.861502,0.161286,41,14
2020-04-07 09:36:20,-119.861502,0.161286,41,14
2020-04-07 09:36:25,-119.861502,0.161286,37,14
2020-04-07 09:36:30,-119.861502,0.161286,47,14
2020-04-07 09:36:35,-119.861502,0.161286,40,14
2020-04-07 09:36:40,-119.861502,0.161286,41,14
2020-04-07 09:36:45,-119.861502,0.161286,40,14
2020-04-07 09:36:50,-119.861502,0.161286,43,14
2020-04-07 09:36:55,-119.861502,0.161286,42,14
2020-04-07 09:37:00,-119.861502,0.161286,40,14
2020-04-07 09:37:05,-119.861502,0.161286,40,14
2020-04-07 09:37:10,-119.861502,0.161286,42,14
2020-04-07 09:37:15,-119.861502,0.161286,39,14
2020-04-07 09:37:20,-119.861502,0.161286,45,14
2020-04-07 09:37:25,-119.861502,0.161286,42,14
2020-04-07 09:37:30,-119.861502,0.161286,38,14
2020-04-07 09:37:35,-119.861502,0.161286,42,14
2020-04-07 09:37:40,-119.861502,0.161286,39,14
2020-04-07 09:37:45,-119.861502,0.161286,40,14
2020-04-07 09:37:50,-119.861502,0.161286,41,14
2020-04-07 09:37:55,-119.861502,0.161286,42,14
2020-04-07 09:38:00,-119.861502,0.161286,39,14
2020-04-07 09:38:05,-119.861502,0.161286,40,14
2020-04-07 09:38:10,-119.861502,0.161286,38,14
2020-04-07 09:38:15,-119.861502,0.161286,41,14
2020-04-07 09:38:20,-119.861502,0.161286,43,14
2020-04-07 09:38:25,-119.861502,0.161286,41,14
2020-04-07 09:38:30,-119.861502,0.161286,42,14
2020-04-07 09:38:35,-119.861502,0.161286,42,14
2020-04-07 09:38:40,-119.861502,0.161286,37,14
2020-04-07 09:38:45,-119.861502,0.161286,46,14
2020-04-07 09:38:50,-119.861502,0.161286,46,14
2020-04-07 09:38:55,-119.861502,0.161286,46,14
2020-04-07 09:39:00,-119.861502,0.161286,43,14
2020-04-07 09:39:05,-119.861502,0.161286,42,14
2020-04-07 09:39:10,-119.861502,0.161286,42,14
2020-04-07 09:39:15,-119.861502,0.161286,39,14
2020-04-07 09:39:20,-119.861502,0.161286,47,14
2020-04-07 09:39:25,-119.861502,0.161286,41,14
2020-04-07 09:39:30,-119.861502,0.161286,38,14
2020-04-07 09:39:35,-119.861502,0.161286,42,14
2020-04-07 09:39:40,-119.861502,0.161286,39,14
2020-04-07 09:39:45,-119.861502,0.161286,41,14
2020-04-07 09:39:50,-119.861502,0.161286,46,14
2020-04-07 09:39:55,-119.861502,0.161286,44,14
2020-04-07 09:40:00,-119.861502,0.161286,40,14
2020-04-07 09:40:05,-119.861502,0.161286,42,14
2020-04-07 09:40:10,-119.861502,0.161286,43,14
2020-04-07 09:40:15,-119.861502,0.161286,46,14
2020-04-07 09:40:20,-119.861502,0.161286,44,14
2020-04-07 09:40:25,-119.861502,0.161286,44,14
2020-04-07 09:40:30,-119.861502,0.161286,40,14
2020-04-07 09:40:35,-119.861502,0.161286,44,14
2020-04-07 09:40:40,-119.861502,0.161286,42,14
2020-04-07 09:40:45,-119.861502,0.161286,39,14
2020-04-07 09:40:50,-119.861502,0.161286,45,14
2020-04-07 09:40:55,-119.861502,0.161286,43,14
2020-04-07 09:41:00,-119.861502,0.161286,45,14
2020-04-07 09:41:05,-119.861502,0.161286,43,14
2020-04-07 09:41:10,-119.861502,0.161286,41,14
2020-04-07 09:41:15,-119.861502,0.161286,45,14
2020-04-07 09:41:20,-119.861502,0.161286,40,14
2020-04-07 09:41:25,-119.861502,0.161286,41,14
2020-04-07 09:41:30,-119.861502,0.161286,42,14
2020-04-07 09:41:35,-119.861502,0.161286,40,14
2020-04-07 09:41:40,-119.861502,0.161286,38,14
2020-04-07 09:41:45,-119.861502,0.161286,43,14
2020-04-07 09:41:50,-119.861502,0.161286,41,14
2020-04-07 09:41:55,-119.861502,0.161286,37,14
2020-04-07 09:42:00,-119.861502,0.161286,40,14
2020-04-07 09:42:05,-119.861502,0.161286,42,14
2020-04-07 09:42:10,-119.861502,0.161286,39,14
2020-04-07 09:42:15,-119.861502,0.161286,42,14
2020-04-07 09:42:20,-119.861502,0.161286,42,14
2020-04-07 09:42:25,-119.861502,0.161286,44,14
2020-04-07 09:42:30,-119.861502,0.161286,42,14
2020-04-07 09:42:35,-119.861502,0.161286,44,14
2020-04-07 09:42:40,-119.861502,0.161286,41,14
2020-04-07 09:42:45,-119.861502,0.161286,43,14
2020-04-07 09:42:50,-119.861502,0.161286,43,14
2020-04-07 09:42:55,-119.861502,0.161286,43,14
2020-04-07 09:43:00,-119.861502,0.161286,46,14
2020-04-07 09:43:05,-119.861502,0.161286,37,14
2020-04-07 09:43:10,-119.861502,0.161286,43,14
2020-04-07 09:43:15,-119.861502,0.161286,46,14
2020-04-07 09:43:20,-119.861502,0.161286,40,14
2020-04-07 09:43:25,-119.861502,0.161286,37,14
2020-04-07 09:43:30,-119.861502,0.161286,45,14
2020-04-07 09:43:35,-119.861502,0.161286,42,14
2020-04-07 09:43:40,-119.861502,0.161286,42,14
2020-04-07 09:43:45,-119.861502,0.161286,37,14
2020-04-07 09:43:50,-119.861502,0.161286,39,14
2020-04-07 09:43:55,-119.861502,0.161286,35,14
2020-04-07 09:44:00,-119.861502,0.161286,44,14
2020-04-07 09:44:05,-119.861502,0.161286,37,14
2020-04-07 09:44:10,-119.861502,0.161286,42,14
2020-04-07 09:44:15,-119.861502,0.161286,40,14
2020-04-07 09:44:20,-119.861502,0.161286,42,14
2020-04-07 09:44:25,-119.861502,0.161286,37,14
2020-04-07 09:44:30,-119.861502,0.161286,44,14
2020-04-07 09:44:35,-119.861502,0.161286,40,14
2020-04-07 09:44:40,-119.861502,0.161286,44,14
2020-04-07 09:44:45,-119.861502,0.161286,41,14
2020-04-07 09:44:50,-119.861502,0.161286,37,14
2020-04-07 09:44:55,-119.861502,0.161286,40,14
2020-04-07 09:45:00,-119.861502,0.161286,43,14
2020-04-07 09:45:05,-119.861502,0.161286,39,14
2020-04-07 09:45:10,-119.861502,0.161286,39,14
2020-04-07 09:45:15,-119.861502,0.161286,41,14
2020-04-07 09:45:20,-119.861502,0.161286,40,14
2020-04-07 09:45:25,-119.861502,0.161286,42,14
2020-04-07 09:45:30,-119.861502,0.161286,41,14
2020-04-07 09:45:35,-119.861502,0.161286,44,14
2020-04-07 09:45:40,-119.861502,0.161286,40,14
2020-04-07 09:45:45,-119.861502,0.161286,43,14
2020-04-07 09:45:50,-119.861502,0.161286,43,14
2020-04-07 09:45:55,-119.861502,0.161286,44,14
2020-04-07 09:46:00,-119.861502,0.161286,41,14
2020-04-07 09:46:05,-119.861502,0.161286,45,14
2020-04-07 09:46:10,-119.861502,0.161286,42,14
2020-04-07 09:46:15,-119.861502,0.161286,42,14
2020-04-07 09:46:20,-119.861502,0.161286,44,14
2020-04-07 09:46:25,-119.861502,0.161286,40,14
2020-04-07 09:46:30,-119.861502,0.161286,41,14
2020-04-07 09:46:35,-119.861502,0.161286,36,14
2020-04-07 09:46:40,-119.861502,0.161286,37,14
2020-04-07 09:46:45,-119.861502,0.161286,40,14
2020-04-07 09:46:50,-119.861502,0.161286,45,14
2020-04-07 09:46:55,-119.861502,0.161286,42,14
2020-04-07 09:47:00,-119.861502,0.161286,39,14
2020-04-07 09:47:05,-119.861502,0.161286,39,14
2020-04-07 09:47:10,-119.861502,0.161286,39,14
2020-04-07 09:47:15,-119.861502,0.161286,36,14
2020-04-07 09:47:20,-119.861502,0.161286,42,14
2020-04-07 09:47:25,-119.861502,0.161286,37,14
2020-04-07 09:47:30,-119.861502,0.161286,42,14
2020-04-07 09:47:35,-119.861502,0.161286,40,14
2020-04-07 09:47:40,-119.861502,0.161286,42,14
2020-04-07 09:47:45,-119.861502,0.161286,44,14
2020-04-07 09:47:50,-119.861502,0.161286,43,14
2020-04-07 09:47:55,-119.861502,0.161286,43,14
2020-04-07 09:48:00,-119.861502,0.161286,40,14
2020-04-07 09:48:05,-119.861502,0.161286,44,14
2020-04-07 09:48:10,-119.861502,0.161286,39,14
2020-04-07 09:48:15,-119.861502,0.161286,42,14
2020-04-07 09:48:20,-119.861502,0.161286,43,14
2020-04-07 09:48:25,-119.861502,0.161286,39,14
2020-04-07 09:48:30,-119.861502,0.161286,38,14
2020-04-07 09:48:35,-119.861502,0.161286,39,14
2020-04-07 09:48:40,-119.861502,0.161286,36,14
2020-04-07 09:48:45,-119.861502,0.161286,39,14
2020-04-07 09:48:50,-119.861502,0.161286,45,14
2020-04-07 09:48:55,-119.861502,0.161286,35,14
2020-04-07 09:49:00,-119.861502,0.161286,45,14
2020-04-07 09:49:05,-119.861502,0.161286,40,14
2020-04-07 09:49:10,-119.861502,0.161286,41,14
2020-04-07 09:49:15,-119.861502,0.161286,44,14
2020-04-07 09:49:20,-119.861502,0.161286,37,14
2020-04-07 09:49:25,-119.861502,0.161286,43,14
2020-04-07 09:49:30,-119.861502,0.161286,44,14
2020-04-07 09:49:35,-119.861502,0.161286,41,14
2020-04-07 09:49:40,-119.861502,0.161286,38,14
2020-04-07 09:49:45,-119.861502,0.161286,42,14
2020-04-07 09:49:50,-119.861502,0.161286,37,14
2020-04-07 09:49:55,-119.861502,0.161286,42,14
2020-04-07 09:50:00,-119.861502,0.161286,41,14
2020-04-07 09:50:05,-119.861502,0.161286,42,14
2020-04-07 09:50:10,-119.861502,0.161286,39,14
2020-04-07 09:50:15,-119.861502,0.161286,47,14
2020-04-07 09:50:20,-119.861502,0.161286,39,14
2020-04-07 09:50:25,-119.861502,0.161286,41,14
2020-04-07 09:50:30,-119.861502,0.161286,45,14
2020-04-07 09:50:35,-119.861502,0.161286,42,14
2020-04-07 09:50:40,-119.861502,0.161286,44,14
2020-04-07 09:50:45,-119.861502,0.161286,46,14
2020-04-07 09:50:50,-119.861502,0.161286,39,14
2020-04-07 09:50:55,-119.861502,0.161286,38,14
2020-04-07 09:51:00,-119.861502,0.161286,35,14
2020-04-07 09:51:05,-119.861502,0.161286,36,14
2020-04-07 09:51:10,-119.861502,0.161286,41,14
2020-04-07 09:51:15,-119.861502,0.161286,45,14
2020-04-07 09:51:20,-119.861502,0.161286,39,14
2020-04-07 09:51:25,-119.861502,0.161286,40,14
2020-04-07 09:51:30,-119.861502,0.161286,41,14
2020-04-07 09:51:35,-119.861502,0.161286,39,14
2020-04-07 09:51:40,-119.861502,0.161286,42,14
2020-04-07 09:51:45,-119.861502,0.161286,42,14
2020-04-07 09:51:50,-119.861502,0.161286,48,14
2020-04-07 09:51:55,-119.861502,0.161286,39,14
2020-04-07 09:52:00,-119.861502,0.161286,45,14
2020-04-07 09:52:05,-119.861502,0.161286,39,14
2020-04-07 09:52:10,-119.861502,0.161286,45,14
2020-04-07 09:52:15,-119.861502,0.161286,41,14
2020-04-07 09:52:20,-119.861502,0.161286,38,14
2020-04-07 09:52:25,-119.861502,0.161286,43,14
2020-04-07 09:52:30,-119.861502,0.161286,43,14
2020-04-07 09:52:35,-119.861502,0.161286,39,14
2020-04-07 09:52:40,-119.861502,0.161286,40,14
2020-04-07 09:52:45,-119.861502,0.161286,45,14
2020-04-07 09:52:50,-119.861502,0.161286,42,14
2020-04-07 09:52:55,-119.861502,0.161286,43,14
2020-04-07 09:53:00,-119.861502,0.161286,41,14
2020-04-07 09:53:05,-119.861502,0.161286,45,14
2020-04-07 09:53:10,-119.861502,0.161286,44,14
2020-04-07 09:53:15,-119.861502,0.161286,41,14
2020-04-07 09:53:20,-119.861502,0.161286,46,14
2020-04-07 09:53:25,-119.861502,0.161286,41,14
2020-04-07 09:53:30,-119.861502,0.161286,42,14
2020-04-07 09:53:35,-119.861502,0.161286,47,14
2020-04-07 09:53:40,-119.861502,0.161286,46,14
2020-04-07 09:53:45,-119.861502,0.161286,44,14
2020-04-07 09:53:50,-119.861502,0.161286,42,14
2020-04-07 09:53:55,-119.861502,0.161286,41,14
2020-04-07 09:54:00,-119.861502,0.161286,40,14
2020-04-07 09:54:05,-119.861502,0.161286,41,14
2020-04-07 09:54:10,-119.861502,0.161286,40,14
2020-04-07 09:54:15,-119.861502,0.161286,47,14
2020-04-07 09:54:20,-119.861502,0.161286,39,14
2020-04-07 09:54:25,-119.861502,0.161286,47,14
2020-04-07 09:54:30,-119.861502,0.161286,41,14
2020-04-07 09:54:35,-119.861502,0.161286,47,14
2020-04-07 09:54:40,-119.861502,0.161286,42,14
2020-04-07 09:54:45,-119.861502,0.161286,42,14
2020-04-07 09:54:50,-119.861502,0.161286,43,14
2020-04-07 09:54:55,-119.861502,0.161286,41,14
2020-04-07 09:55:00,-119.861502,0.161286,41,14
2020-04-07 09:55:05,-119.861502,0.161286,43,14
2020-04-07 09:55:10,-119.861502,0.161286,39,14
2020-04-07 09:55:15,-119.861502,0.161286,43,14
2020-04-07 09:55:20,-119.861502,0.161286,46,14
2020-04-07 09:55:25,-119.861502,0.161286,38,14
2020-04-07 09:55:30,-119.861502,0.161286,44,14
2020-04-07 09:55:35,-119.861502,0.161286,37,14
2020-04-07 09:55:40,-119.861502,0.161286,38,14
2020-04-07 09:55:45,-119.861502,0.161286,44,14
2020-04-07 09:55:50,-119.861502,0.161286,40,14
2020-04-07 09:55:55,-119.861502,0.161286,39,14
2020-04-07 09:56:00,-119.861502,0.161286,37,14
2020-04-07 09:56:05,-119.861502,0.161286,42,14
2020-04-07 09:56:10,-119.861502,0.161286,44,14
2020-04-07 09:56:15,-119.861502,0.161286,44,14
2020-04-07 09:56:20,-119.861502,0.161286,44,14
2020-04-07 09:56:25,-119.861502,0.161286,44,14
2020-04-07 09:56:30,-119.861502,0.161286,46,14
2020-04-07 09:56:35,-119.861502,0.161286,47,14
2020-04-07 09:56:40,-119.861502,0.161286,40,14
2020-04-07 09:56:45,-119.861502,0.161286,41,14
2020-04-07 09:56:50,-119.861502,0.161286,44,14
2020-04-07 09:56:55,-119.861502,0.161286,43,14
2020-04-07 09:57:00,-119.861502,0.161286,43,14
2020-04-07 09:57:05,-119.861502,0.161286,46,14
2020-04-07 09:57:10,-119.861502,0.161286,43,14
2020-04-07 09:57:15,-119.861502,0.161286,42,14
2020-04-07 09:57:20,-119.861502,0.161286,44,14
2020-04-07 09:57:25,-119.861502,0.161286,40,14
2020-04-07 09:57:30,-119.861502,0.161286,41,14
2020-04-07 09:57:35,-119.861502,0.161286,42,14
2020-04-07 09:57:40,-119.861502,0.161286,42,14
2020-04-07 09:57:45,-119.861502,0.161286,40,14
2020-04-07 09:57:50,-119.861502,0.161286,46,14
2020-04-07 09:57:55,-119.861502,0.161286,38,14
2020-04-07 09:58:00,-119.861502,0.161286,42,14
2020-04-07 09:58:05,-119.861502,0.161286,43,14
2020-04-07 09:58:10,-119.861502,0.161286,38,14
2020-04-07 09:58:15,-119.861502,0.161286,41,14
2020-04-07 09:58:20,-119.861502,0.161286,43,14
2020-04-07 09:58:25,-119.861502,0.161286,39,14
2020-04-07 09:58:30,-119.861502,0.161286,41,14
2020-04-07 09:58:35,-119.861502,0.161286,41,14
2020-04-07 09:58:40,-119.861502,0.161286,43,14
2020-04-07 09:58:45,-119.861502,0.161286,42,14
2020-04-07 09:58:50,-119.861502,0.161286,44,14
2020-04-07 09:58:55,-119.861502,0.161286,42,14
2020-04-07 09:59:00,-119.861502,0.161286,37,14
2020-04-07 09:59:05,-119.861502,0.161286,43,14
2020-04-07 09:59:10,-119.861502,0.161286,38,14
2020-04-07 09:59:15,-119.861502,0.161286,38,14
2020-04-07 09:59:20,-119.861502,0.161286,39,14
2020-04-07 09:59:25,-119.861502,0.161286,38,14
2020-04-07 09:59:30,-119.861502,0.161286,44,14
2020-04-07 09:59:35,-119.861502,0.161286,35,14
2020-04-07 09:59:40,-119.861502,0.161286,45,14
2020-04-07 09:59:45,-119.861502,0.161286,43,14
2020-04-07 09:59:50,-119.861502,0.161286,41,14
2020-04-07 09:59:55,-119.861502,0.161286,44,14
2020-04-07 10:00:00,-119.861502,0.161286,39,14
2020-04-07 10:00:05,-119.861502,0.161286,41,14
2020-04-07 10:00:10,-119.861502,0.161286,42,14
2020-04-07 10:00:15,-119.861502,0.161286,38,14
2020-04-07 10:00:20,-119.861502,0.161286,42,14
2020-04-07 10:00:25,-119.861502,0.161286,40,14
2020-04-07 10:00:30,-119.861502,0.161286,42,14
2020-04-07 10:00:35,-119.861502,0.161286,40,14
2020-04-07 10:00:40,-119.861502,0.161286,38,14
2020-04-07 10:00:45,-119.861502,0.161286,42,14
2020-04-07 10:00:50,-119.861502,0.161286,42,14
2020-04-07 10:00:55,-119.861502,0.161286,41,14
2020-04-07 10:01:00,-119.861502,0.161286,46,14
2020-04-07 10:01:05,-119.861502,0.161286,38,14
2020-04-07 10:01:10,-119.861502,0.161286,42,14
2020-04-07 10:01:15,-119.861502,0.161286,41,14
2020-04-07 10:01:20,-119.861502,0.161286,46,14
2020-04-07 10:01:25,-119.861502,0.161286,45,14
2020-04-07 10:01:30,-119.861502,0.161286,38,14
2020-04-07 10:01:35,-119.861502,0.161286,43,14
2020-04-07 10:01:40,-119.861502,0.161286,37,14
2020-04-07 10:01:45,-119.861502,0.161286,38,14
2020-04-07 10:01:50,-119.861502,0.161286,40,14
2020-04-07 10:01:55,-119.861502,0.161286,42,14
2020-04-07 10:02:00,-119.861502,0.161286,40,14
2020-04-07 10:02:05,-119.861502,0.161286,36,14
2020-04-07 10:02:10,-119.861502,0.161286,38,14
2020-04-07 10:02:15,-119.861502,0.161286,39,14
2020-04-07 10:02:20,-119.861502,0.161286,43,14
2020-04-07 10:02:25,-119.861502,0.161286,43,14
2020-04-07 10:02:30,-119.861502,0.161286,42,14
2020-04-07 10:02:35,-119.861502,0.161286,42,14
2020-04-07 10:02:40,-119.861502,0.161286,37,14
2020-04-07 10:02:45,-119.861502,0.161286,49,14
2020-04-07 10:02:50,-119.861502,0.161286,41,14
2020-04-07 10:02:55,-119.861502,0.161286,41,14
2020-04-07 10:03:00,-119.861502,0.161286,41,14
2020-04-07 10:03:05,-119.861502,0.161286,44,14
2020-04-07 10:03:10,-119.861502,0.161286,42,14
2020-04-07 10:03:15,-119.861502,0.161286,44,14
2020-04-07 10:03:20,-119.861502,0.161286,41,14
2020-04-07 10:03:25,-119.861502,0.161286,43,14
2020-04-07 10:03:30,-119.861502,0.161286,42,14
2020-04-07 10:03:35,-119.861502,0.161286,41,14
2020-04-07 10:03:40,-119.861502,0.161286,34,14
2020-04-07 10:03:45,-119.861502,0.161286,42,14
2020-04-07 10:03:50,-119.861502,0.161286,46,14
2020-04-07 10:03:55,-119.861502,0.161286,43,14
2020-04-07 10:04:00,-119.861502,0.161286,42,14
2020-04-07 10:04:05,-119.861502,0.161286,39,14
2020-04-07 10:04:10,-119.861502,0.161286,46,14
2020-04-07 10:04:15,-119.861502,0.161286,39,14
2020-04-07 10:04:20,-119.861502,0.161286,41,14
2020-04-07 10:04:25,-119.861502,0.161286,43,14
2020-04-07 10:04:30,-119.861502,0.161286,44,14
2020-04-07 10:04:35,-119.861502,0.161286,42,14
2020-04-07 10:04:40,-119.861502,0.161286,43,14
2020-04-07 10:04:45,-119.861502,0.161286,45,14
2020-04-07 10:04:50,-119.861502,0.161286,39,14
2020-04-07 10:04:55,-119.861502,0.161286,38,14
2020-04-07 10:05:00,-119.861502,0.161286,41,14
2020-04-07 10:05:05,-119.861502,0.161286,45,14
2020-04-07 10:05:10,-119.861502,0.161286,43,14
2020-04-07 10:05:15,-119.861502,0.161286,42,14
2020-04-07 10:05:20,-119.861502,0.161286,45,14
2020-04-07 10:05:25,-119.861502,0.161286,40,14
2020-04-07 10:05:30,-119.861502,0.161286,43,14
2020-04-07 10:05:35,-119.861502,0.161286,47,14
2020-04-07 10:05:40,-119.861502,0.161286,40,14
2020-04-07 10:05:45,-119.861502,0.161286,38,14
2020-04-07 10:05:50,-119.861502,0.161286,42,14
2020-04-07 10:05:55,-119.861502,0.161286,42,14
2020-04-07 10:06:00,-119.861502,0.161286,40,14
2020-04-07 10:06:05,-119.861502,0.161286,42,14
2020-04-07 10:06:10,-119.861502,0.161286,42,14
2020-04-07 10:06:15,-119.861502,0.161286,41,14
2020-04-07 10:06:20,-119.861502,0.161286,42,14
2020-04-07 10:06:25,-119.861502,0.161286,45,14
2020-04-07 10:06:30,-119.861502,0.161286,40,14
2020-04-07 10:06:35,-119.861502,0.161286,40,14
2020-04-07 10:06:40,-119.861502,0.161286,41,14
2020-04-07 10:06:45,-119.861502,0.161286,41,14
2020-04-07 10:06:50,-119.861502,0.161286,45,14
2020-04-07 10:06:55,-119.861502,0.161286,44,14
2020-04-07 10:07:00,-119.861502,0.161286,43,14
2020-04-07 10:07:05,-119.861502,0.161286,40,14
2020-04-07 10:07:10,-119.861502,0.161286,43,14
2020-04-07 10:07:15,-119.861502,0.161286,39,14
2020-04-07 10:07:20,-119.861502,0.161286,45,14
2020-04-07 10:07:25,-119.861502,0.161286,42,14
2020-04-07 10:07:30,-119.861502,0.161286,41,14
2020-04-07 10:07:35,-119.861502,0.161286,40,14
2020-04-07 10:07:40,-119.861502,0.161286,38,14
2020-04-07 10:07:45,-119.861502,0.161286,42,14
2020-04-07 10:07:50,-119.861502,0.161286,37,14
2020-04-07 10:07:55,-119.861502,0.161286,43,14
2020-04-07 10:08:00,-119.861502,0.161286,40,14
2020-04-07 10:08:05,-119.861502,0.161286,39,14
2020-04-07 10:08:10,-119.861502,0.161286,38,14
2020-04-07 10:08:15,-119.861502,0.161286,41,14
2020-04-07 10:08:20,-119.861502,0.161286,42,14
2020-04-07 10:08:25,-119.861502,0.161286,36,14
2020-04-07 10:08:30,-119.861502,0.161286,41,14
2020-04-07 10:08:35,-119.861502,0.161286,46,14
2020-04-07 10:08:40,-119.861502,0.161286,38,14
2020-04-07 10:08:45,-119.861502,0.161286,39,14
2020-04-07 10:08:50,-119.861502,0.161286,49,14
2020-04-07 10:08:55,-119.861502,0.161286,40,14
2020-04-07 10:09:00,-119.861502,0.161286,42,14
2020-04-07 10:09:05,-119.861502,0.161286,38,14
2020-04-07 10:09:10,-119.861502,0.161286,38,14
2020-04-07 10:09:15,-119.861502,0.161286,39,14
2020-04-07 10:09:20,-119.861502,0.161286,43,14
2020-04-07 10:09:25,-119.861502,0.161286,40,14
2020-04-07 10:09:30,-119.861502,0.161286,41,14
2020-04-07 10:09:35,-119.861502,0.161286,39,14
2020-04-07 10:09:40,-119.861502,0.161286,42,14
2020-04-07 10:09:45,-119.861502,0.161286,41,14
2020-04-07 10:09:50,-119.861502,0.161286,49,14
2020-04-07 10:09:55,-119.861502,0.161286,42,14
2020-04-07 10:10:00,-119.861502,0.161286,44,14
2020-04-07 10:10:05,-119.861502,0.161286,49,14
2020-04-07 10:10:10,-119.861502,0.161286,42,14
2020-04-07 10:10:15,-119.861502,0.161286,49,14
2020-04-07 10:10:20,-119.861502,0.161286,38,14
2020-04-07 10:10:25,-119.861502,0.161286,43,14
2020-04-07 10:10:30,-119.861502,0.161286,42,14
2020-04-07 10:10:35,-119.861502,0.161286,43,14
2020-04-07 10:10:40,-119.861502,0.161286,38,14
2020-04-07 10:10:45,-119.861502,0.161286,43,14
2020-04-07 10:10:50,-119.861502,0.161286,42,14
2020-04-07 10:10:55,-119.861502,0.161286,46,14
2020-04-07 10:11:00,-119.861502,0.161286,45,14
2020-04-07 10:11:05,-119.861502,0.161286,43,14
2020-04-07 10:11:10,-119.861502,0.161286,46,14
2020-04-07 10:11:15,-119.861502,0.161286,43,14
2020-04-07 10:11:20,-119.861502,0.161286,45,14
2020-04-07 10:11:25,-119.861502,0.161286,42,14
2020-04-07 10:11:30,-119.861502,0.161286,46,14
2020-04-07 10:11:35,-119.861502,0.161286,37,14
2020-04-07 10:11:40,-119.861502,0.161286,46,14
2020-04-07 10:11:45,-119.861502,0.161286,46,14
2020-04-07 10:11:50,-119.861502,0.161286,43,14
2020-04-07 10:11:55,-119.861502,0.161286,42,14
2020-04-07 10:12:00,-119.861502,0.161286,45,14
2020-04-07 10:12:05,-119.861502,0.161286,46,14
2020-04-07 10:12:10,-119.861502,0.161286,48,14
2020-04-07 10:12:15,-119.861502,0.161286,35,14
2020-04-07 10:12:20,-119.861502,0.161286,38,14
2020-04-07 10:12:25,-119.861502,0.161286,43,14
2020-04-07 10:12:30,-119.861502,0.161286,39,14
2020-04-07 10:12:35,-119.861502,0.161286,39,14
2020-04-07 10:12:40,-119.861502,0.161286,39,14
2020-04-07 10:12:45,-119.861502,0.161286,42,14
2020-04-07 10:12:50,-119.861502,0.161286,38,14
2020-04-07 10:12:55,-119.861502,0.161286,46,14
2020-04-07 10:13:00,-119.861502,0.161286,41,14
2020-04-07 10:13:05,-119.861502,0.161286,44,14
2020-04-07 10:13:10,-119.861502,0.161286,42,14
2020-04-07 10:13:15,-119.861502,0.161286,37,14
2020-04-07 10:13:20,-119.861502,0.161286,44,14
2020-04-07 10:13:25,-119.861502,0.161286,40,14
2020-04-07 10:13:30,-119.861502,0.161286,42,14
2020-04-07 10:13:35,-119.861502,0.161286,43,14
2020-04-07 10:13:40,-119.861502,0.161286,43,14
2020-04-07 10:13:45,-119.861502,0.161286,45,14
2020-04-07 10:13:50,-119.861502,0.161286,39,14
2020-04-07 10:13:55,-119.861502,0.161286,41,14
2020-04-07 10:14:00,-119.861502,0.161286,41,14
2020-04-07 10:14:05,-119.861502,0.161286,42,14
2020-04-07 10:14:10,-119.861502,0.161286,46,14
2020-04-07 10:14:15,-119.861502,0.161286,40,14
2020-04-07 10:14:20,-119.861502,0.161286,42,14
2020-04-07 10:14:25,-119.861502,0.161286,43,14
2020-04-07 10:14:30,-119.861502,0.161286,41,14
2020-04-07 10:14:35,-119.861502,0.161286,35,14
2020-04-07 10:14:40,-119.861502,0.161286,44,14
2020-04-07 10:14:45,-119.861502,0.161286,47,14
2020-04-07 10:14:50,-119.861502,0.161286,42,14
2020-04-07 10:14:55,-119.861502,0.161286,47,14
2020-04-07 10:15:00,-119.861502,0.161286,40,14
2020-04-07 10:15:05,-119.861502,0.161286,38,14
2020-04-07 10:15:10,-119.861502,0.161286,42,14
2020-04-07 10:15:15,-119.861502,0.161286,42,14
2020-04-07 10:15:20,-119.861502,0.161286,45,14
2020-04-07 10:15:25,-119.861502,0.161286,43,14
2020-04-07 10:15:30,-119.861502,0.161286,44,14
2020-04-07 10:15:35,-119.861502,0.161286,49,14
2020-04-07 10:15:40,-119.861502,0.161286,38,14
2020-04-07 10:15:45,-119.861502,0.161286,42,14
2020-04-07 10:15:50,-119.861502,0.161286,39,14
2020-04-07 10:15:55,-119.861502,0.161286,43,14
2020-04-07 10:16:00,-119.861502,0.161286,39,14
2020-04-07 10:16:05,-119.861502,0.161286,45,14
2020-04-07 10:16:10,-119.861502,0.161286,42,14
2020-04-07 10:16:15,-119.861502,0.161286,42,14
2020-04-07 10:16:20,-119.861502,0.161286,41,14
2020-04-07 10:16:25,-119.861502,0.161286,44,14
2020-04-07 10:16:30,-119.861502,0.161286,41,14
2020-04-07 10:16:35,-119.861502,0.161286,42,14
2020-04-07 10:16:40,-119.861502,0.161286,42,14
2020-04-07 10:16:45,-119.861502,0.161286,44,14
2020-04-07 10:16:50,-119.861502,0.161286,38,14
2020-04-07 10:16:55,-119.861502,0.161286,40,14
2020-04-07 10:17:00,-119.861502,0.161286,44,14
2020-04-07 10:17:05,-119.861502,0.161286,47,14
2020-04-07 10:17:10,-119.861502,0.161286,43,14
2020-04-07 10:17:15,-119.861502,0.161286,45,14
2020-04-07 10:17:20,-119.861502,0.161286,39,14
2020-04-07 10:17:25,-119.861502,0.161286,41,14
2020-04-07 10:17:30,-119.861502,0.161286,45,14
2020-04-07 10:17:35,-119.861502,0.161286,36,14
2020-04-07 10:17:40,-119.861502,0.161286,45,14
2020-04-07 10:17:45,-119.861502,0.161286,42,14
2020-04-07 10:17:50,-119.861502,0.161286,38,14
2020-04-07 10:17:55,-119.861502,0.161286,43,14
2020-04-07 10:18:00,-119.861502,0.161286,48,14
2020-04-07 10:18:05,-119.861502,0.161286,39,14
2020-04-07 10:18:10,-119.861502,0.161286,45,14
2020-04-07 10:18:15,-119.861502,0.161286,49,14
2020-04-07 10:18:20,-119.861502,0.161286,46,14
2020-04-07 10:18:25,-119.861502,0.161286,37,14
2020-04-07 10:18:30,-119.861502,0.161286,40,14
2020-04-07 10:18:35,-119.861502,0.161286,44,14
2020-04-07 10:18:40,-119.861502,0.161286,46,14
2020-04-07 10:18:45,-119.861502,0.161286,37,14
2020-04-07 10:18:50,-119.861502,0.161286,43,14
2020-04-07 10:18:55,-119.861502,0.161286,48,14
2020-04-07 10:19:00,-119.861502,0.161286,41,14
2020-04-07 10:19:05,-119.861502,0.161286,37,14
2020-04-07 10:19:10,-119.861502,0.161286,42,14
2020-04-07 10:19:15,-119.861502,0.161286,45,14
2020-04-07 10:19:20,-119.861502,0.161286,40,14
2020-04-07 10:19:25,-119.861502,0.161286,34,14
2020-04-07 10:19:30,-119.861502,0.161286,43,14
2020-04-07 10:19:35,-119.861502,0.161286,34,14
2020-04-07 10:19:40,-119.861502,0.161286,42,14
2020-04-07 10:19:45,-119.861502,0.161286,43,14
2020-04-07 10:19:50,-119.861502,0.161286,44,14
2020-04-07 10:19:55,-119.861502,0.161286,41,14
2020-04-07 10:20:00,-119.861502,0.161286,42,14
2020-04-07 10:20:05,-119.861502,0.161286,44,14
2020-04-07 10:20:10,-119.861502,0.161286,39,14
2020-04-07 10:20:15,-119.861502,0.161286,39,14
2020-04-07 10:20:20,-119.861502,0.161286,38,14
2020-04-07 10:20:25,-119.861502,0.161286,47,14
2020-04-07 10:20:30,-119.861502,0.161286,48,14
2020-04-07 10:20:35,-119.861502,0.161286,41,14
2020-04-07 10:20:40,-119.861502,0.161286,38,14
2020-04-07 10:20:45,-119.861502,0.161286,39,14
2020-04-07 10:20:50,-119.861502,0.161286,45,14
2020-04-07 10:20:55,-119.861502,0.161286,44,14
2020-04-07 10:21:00,-119.861502,0.161286,44,14
2020-04-07 10:21:05,-119.861502,0.161286,40,14
2020-04-07 10:21:10,-119.861502,0.161286,41,14
2020-04-07 10:21:15,-119.861502,0.161286,43,14
2020-04-07 10:21:20,-119.861502,0.161286,41,14
2020-04-07 10:21:25,-119.861502,0.161286,42,14
2020-04-07 10:21:30,-119.861502,0.161286,40,14
2020-04-07 10:21:35,-119.861502,0.161286,37,14
2020-04-07 10:21:40,-119.861502,0.161286,45,14
2020-04-07 10:21:45,-119.861502,0.161286,43,14
2020-04-07 10:21:50,-119.861502,0.161286,46,14
2020-04-07 10:21:55,-119.861502,0.161286,40,14
2020-04-07 10:22:00,-119.861502,0.161286,41,14
2020-04-07 10:22:05,-119.861502,0.161286,39,14
2020-04-07 10:22:10,-119.861502,0.161286,44,14
2020-04-07 10:22:15,-119.861502,0.161286,40,14
2020-04-07 10:22:20,-119.861502,0.161286,39,14
2020-04-07 10:22:25,-119.861502,0.161286,38,14
2020-04-07 10:22:30,-119.861502,0.161286,43,14
2020-04-07 10:22:35,-119.861502,0.161286,46,14
2020-04-07 10:22:40,-119.861502,0.161286,39,14
2020-04-07 10:22:45,-119.861502,0.161286,43,14
2020-04-07 10:22:50,-119.861502,0.161286,38,14
2020-04-07 10:22:55,-119.861502,0.161286,42,14
2020-04-07 10:23:00,-119.861502,0.161286,41,14
2020-04-07 10:23:05,-119.861502,0.161286,44,14
2020-04-07 10:23:10,-119.861502,0.161286,41,14
2020-04-07 10:23:15,-119.861502,0.161286,38,14
2020-04-07 10:23:20,-119.861502,0.161286,36,14
2020-04-07 10:23:25,-119.861502,0.161286,44,14
2020-04-07 10:23:30,-119.861502,0.161286,42,14
2020-04-07 10:23:35,-119.861502,0.161286,45,14
2020-04-07 10:23:40,-119.861502,0.161286,41,14
2020-04-07 10:23:45,-119.861502,0.161286,41,14
2020-04-07 10:23:50,-119.861502,0.161286,39,14
2020-04-07 10:23:55,-119.861502,0.161286,40,14
2020-04-07 10:24:00,-119.861502,0.161286,40,14
2020-04-07 10:24:05,-119.861502,0.161286,44,14
2020-04-07 10:24:10,-119.861502,0.161286,46,14
2020-04-07 10:24:15,-119.861502,0.161286,42,14
2020-04-07 10:24:20,-119.861502,0.161286,40,14
2020-04-07 10:24:25,-119.861502,0.161286,42,14
2020-04-07 10:24:30,-119.861502,0.161286,41,14
2020-04-07 10:24:35,-119.861502,0.161286,40,14
2020-04-07 10:24:40,-119.861502,0.161286,40,14
2020-04-07 10:24:45,-119.861502,0.161286,42,14
2020-04-07 10:24:50,-119.861502,0.161286,39,14
2020-04-07 10:24:55,-119.861502,0.161286,39,14
2020-04-07 10:25:00,-119.861502,0.161286,42,14
2020-04-07 10:25:05,-119.861502,0.161286,39,14
2020-04-07 10:25:10,-119.861502,0.161286,43,14
2020-04-07 10:25:15,-119.861502,0.161286,41,14
2020-04-07 10:25:20,-119.861502,0.161286,44,14
2020-04-07 10:25:25,-119.861502,0.161286,41,14
2020-04-07 10:25:30,-119.861502,0.161286,40,14
2020-04-07 10:25:35,-119.861502,0.161286,37,14
2020-04-07 10:25:40,-119.861502,0.161286,37,14
2020-04-07 10:25:45,-119.861502,0.161286,44,14
2020-04-07 10:25:50,-119.861502,0.161286,41,14
2020-04-07 10:25:55,-119.861502,0.161286,40,14
2020-04-07 10:26:00,-119.861502,0.161286,45,14
2020-04-07 10:26:05,-119.861502,0.161286,44,14
2020-04-07 10:26:10,-119.861502,0.161286,40,14
2020-04-07 10:26:15,-119.861502,0.161286,47,14
2020-04-07 10:26:20,-119.861502,0.161286,42,14
2020-04-07 10:26:25,-119.861502,0.161286,42,14
2020-04-07 10:26:30,-119.861502,0.161286,41,14
2020-04-07 10:26:35,-119.861502,0.161286,41,14
2020-04-07 10:26:40,-119.861502,0.161286,45,14
2020-04-07 10:26:45,-119.861502,0.161286,43,14
2020-04-07 10:26:50,-119.861502,0.161286,41,14
2020-04-07 10:26:55,-119.861502,0.161286,39,14
2020-04-07 10:27:00,-119.861502,0.161286,44,14
2020-04-07 10:27:05,-119.861502,0.161286,45,14
2020-04-07 10:27:10,-119.861502,0.161286,44,14
2020-04-07 10:27:15,-119.861502,0.161286,43,14
2020-04-07 10:27:20,-119.861502,0.161286,41,14
2020-04-07 10:27:25,-119.861502,0.161286,47,14
2020-04-07 10:27:30,-119.861502,0.161286,45,14
2020-04-07 10:27:35,-119.861502,0.161286,42,14
2020-04-07 10:27:40,-119.861502,0.161286,41,14
2020-04-07 10:27:45,-119.861502,0.161286,40,14
2020-04-07 10:27:50,-119.861502,0.161286,41,14
2020-04-07 10:27:55,-119.861502,0.161286,37,14
2020-04-07 10:28:00,-119.861502,0.161286,45,14
2020-04-07 10:28:05,-119.861502,0.161286,45,14
2020-04-07 10:28:10,-119.861502,0.161286,41,14
2020-04-07 10:28:15,-119.861502,0.161286,43,14
2020-04-07 10:28:20,-119.861502,0.161286,48,14
2020-04-07 10:28:25,-119.861502,0.161286,47,14
2020-04-07 10:28:30,-119.861502,0.161286,42,14
2020-04-07 10:28:35,-119.861502,0.161286,40,14
2020-04-07 10:28:40,-119.861502,0.161286,47,14
2020-04-07 10:28:45,-119.861502,0.161286,45,14
2020-04-07 10:28:50,-119.861502,0.161286,39,14
2020-04-07 10:28:55,-119.861502,0.161286,42,14
2020-04-07 10:29:00,-119.861502,0.161286,46,14
2020-04-07 10:29:05,-119.861502,0.161286,41,14
2020-04-07 10:29:10,-119.861502,0.161286,42,14
2020-04-07 10:29:15,-119.861502,0.161286,43,14
2020-04-07 10:29:20,-119.861502,0.161286,38,14
2020-04-07 10:29:25,-119.861502,0.161286,41,14
2020-04-07 10:29:30,-119.861502,0.161286,39,14
2020-04-07 10:29:35,-119.861502,0.161286,40,14
2020-04-07 10:29:40,-119.861502,0.161286,43,14
2020-04-07 10:29:45,-119.861502,0.161286,44,14
2020-04-07 10:29:50,-119.861502,0.161286,44,14
2020-04-07 10:29:55,-119.861502,0.161286,44,14
2020-04-07 10:30:00,-119.861502,0.161286,44,14
2020-04-07 10:30:05,-119.861502,0.161286,42,14
2020-04-07 10:30:10,-119.861502,0.161286,41,14
2020-04-07 10:30:15,-119.861502,0.161286,43,14
2020-04-07 10:30:20,-119.861502,0.161286,41,14
2020-04-07 10:30:25,-119.861502,0.161286,43,14
2020-04-07 10:30:30,-119.861502,0.161286,45,14
2020-04-07 10:30:35,-119.861502,0.161286,38,14
2020-04-07 10:30:40,-119.861502,0.161286,47,14
2020-04-07 10:30:45,-119.861502,0.161286,42,14
2020-04-07 10:30:50,-119.861502,0.161286,42,14
2020-04-07 10:30:55,-119.861502,0.161286,41,14
2020-04-07 10:31:00,-119.861502,0.161286,45,14
2020-04-07 10:31:05,-119.861502,0.161286,43,14
2020-04-07 10:31:10,-119.861502,0.161286,41,14
2020-04-07 10:31:15,-119.861502,0.161286,40,14
2020-04-07 10:31:20,-119.861502,0.161286,42,14
2020-04-07 10:31:25,-119.861502,0.161286,40,14
2020-04-07 10:31:30,-119.861502,0.161286,42,14
2020-04-07 10:31:35,-119.861502,0.161286,38,14
2020-04-07 10:31:40,-119.861502,0.161286,43,14
2020-04-07 10:31:45,-119.861502,0.161286,37,14
2020-04-07 10:31:50,-119.861502,0.161286,42,14
2020-04-07 10:31:55,-119.861502,0.161286,42,14
2020-04-07 10:32:00,-119.861502,0.161286,45,14
2020-04-07 10:32:05,-119.861502,0.161286,39,14
2020-04-07 10:32:10,-119.861502,0.161286,46,14
2020-04-07 10:32:15,-119.861502,0.161286,45,14
2020-04-07 10:32:20,-119.861502,0.161286,41,14
2020-04-07 10:32:25,-119.861502,0.161286,42,14
2020-04-07 10:32:30,-119.861502,0.161286,46,14
2020-04-07 10:32:35,-119.861502,0.161286,38,14
2020-04-07 10:32:40,-119.861502,0.161286,41,14
2020-04-07 10:32:45,-119.861502,0.161286,41,14
2020-04-07 10:32:50,-119.861502,0.161286,37,14
2020-04-07 10:32:55,-119.861502,0.161286,42,14
2020-04-07 10:33:00,-119.861502,0.161286,38,14
2020-04-07 10:33:05,-119.861502,0.161286,47,14
2020-04-07 10:33:10,-119.861502,0.161286,43,14
2020-04-07 10:33:15,-119.861502,0.161286,41,14
2020-04-07 10:33:20,-119.861502,0.161286,42,14
2020-04-07 10:33:25,-119.861502,0.161286,44,14
2020-04-07 10:33:30,-119.861502,0.161286,42,14
2020-04-07 10:33:35,-119.861502,0.161286,45,14
2020-04-07 10:33:40,-119.861502,0.161286,43,14
2020-04-07 10:33:45,-119.861502,0.161286,42,14
2020-04-07 10:33:50,-119.861502,0.161286,42,14
2020-04-07 10:33:55,-119.861502,0.161286,39,14
2020-04-07 10:34:00,-119.861502,0.161286,50,14
2020-04-07 10:34:05,-119.861502,0.161286,35,14
2020-04-07 10:34:10,-119.861502,0.161286,41,14
2020-04-07 10:34:15,-119.861502,0.161286,40,14
2020-04-07 10:34:20,-119.861502,0.161286,40,14
2020-04-07 10:34:25,-119.861502,0.161286,45,14
2020-04-07 10:34:30,-119.861502,0.161286,39,14
2020-04-07 10:34:35,-119.861502,0.161286,42,14
2020-04-07 10:34:40,-119.861502,0.161286,41,14
2020-04-07 10:34:45,-119.861502,0.161286,44,14
2020-04-07 10:34:50,-119.861502,0.161286,42,14
2020-04-07 10:34:55,-119.861502,0.161286,42,14
2020-04-07 10:35:00,-119.861502,0.161286,42,14
2020-04-07 10:35:05,-119.861502,0.161286,35,14
2020-04-07 10:35:10,-119.861502,0.161286,45,14
2020-04-07 10:35:15,-119.861502,0.161286,44,14
2020-04-07 10:35:20,-119.861502,0.161286,43,14
2020-04-07 10:35:25,-119.861502,0.161286,42,14
2020-04-07 10:35:30,-119.861502,0.161286,43,14
2020-04-07 10:35:35,-119.861502,0.161286,41,14
2020-04-07 10:35:40,-119.861502,0.161286,39,14
2020-04-07 10:35:45,-119.861502,0.161286,41,14
2020-04-07 10:35:50,-119.861502,0.161286,46,14
2020-04-07 10:35:55,-119.861502,0.161286,42,14
2020-04-07 10:36:00,-119.861502,0.161286,41,14
2020-04-07 10:36:05,-119.861502,0.161286,37,14
2020-04-07 10:36:10,-119.861502,0.161286,44,14
2020-04-07 10:36:15,-119.861502,0.161286,44,14
2020-04-07 10:36:20,-119.861502,0.161286,40,14
2020-04-07 10:36:25,-119.861502,0.161286,43,14
2020-04-07 10:36:30,-119.861502,0.161286,40,14
2020-04-07 10:36:35,-119.861502,0.161286,41,14
2020-04-07 10:36:40,-119.861502,0.161286,39,14
2020-04-07 10:36:45,-119.861502,0.161286,41,14
2020-04-07 10:36:50,-119.861502,0.161286,41,14
2020-04-07 10:36:55,-119.861502,0.161286,44,14
2020-04-07 10:37:00,-119.861502,0.161286,38,14
2020-04-07 10:37:05,-119.861502,0.161286,40,14
2020-04-07 10:37:10,-119.861502,0.161286,44,14
2020-04-07 10:37:15,-119.861502,0.161286,44,14
2020-04-07 10:37:20,-119.861502,0.161286,42,14
2020-04-07 10:37:25,-119.861502,0.161286,36,14
2020-04-07 10:37:30,-119.861502,0.161286,40,14
2020-04-07 10:37:35,-119.861502,0.161286,41,14
2020-04-07 10:37:40,-119.861502,0.161286,43,14
2020-04-07 10:37:45,-119.861502,0.161286,40,14
2020-04-07 10:37:50,-119.861502,0.161286,38,14
2020-04-07 10:37:55,-119.861502,0.161286,42,14
2020-04-07 10:38:00,-119.861502,0.161286,41,14
2020-04-07 10:38:05,-119.861502,0.161286,40,14
2020-04-07 10:38:10,-119.861502,0.161286,42,14
2020-04-07 10:38:15,-119.861502,0.161286,44,14
2020-04-07 10:38:20,-119.861502,0.161286,42,14
2020-04-07 10:38:25,-119.861502,0.161286,45,14
2020-04-07 10:38:30,-119.861502,0.161286,43,14
2020-04-07 10:38:35,-119.861502,0.161286,45,14
2020-04-07 10:38:40,-119.861502,0.161286,44,14
2020-04-07 10:38:45,-119.861502,0.161286,43,14
2020-04-07 10:38:50,-119.861502,0.161286,44,14
2020-04-07 10:38:55,-119.861502,0.161286,37,14
2020-04-07 10:39:00,-119.861502,0.161286,36,14
2020-04-07 10:39:05,-119.861502,0.161286,42,14
2020-04-07 10:39:10,-119.861502,0.161286,43,14
2020-04-07 10:39:15,-119.861502,0.161286,42,14
2020-04-07 10:39:20,-119.861502,0.161286,42,14
2020-04-07 10:39:25,-119.861502,0.161286,39,14
2020-04-07 10:39:30,-119.861502,0.161286,45,14
2020-04-07 10:39:35,-119.861502,0.161286,43,14
2020-04-07 10:39:40,-119.861502,0.161286,39,14
2020-04-07 10:39:45,-119.861502,0.161286,40,14
2020-04-07 10:39:50,-119.861502,0.161286,36,14
2020-04-07 10:39:55,-119.861502,0.161286,46,14
2020-04-07 10:40:00,-119.861502,0.161286,39,14
2020-04-07 10:40:05,-119.861502,0.161286,39,14
2020-04-07 10:40:10,-119.861502,0.161286,39,14
2020-04-07 10:40:15,-119.861502,0.161286,42,14
2020-04-07 10:40:20,-119.861502,0.161286,41,14
2020-04-07 10:40:25,-119.861502,0.161286,44,14
2020-04-07 10:40:30,-119.861502,0.161286,36,14
2020-04-07 10:40:35,-119.861502,0.161286,42,14
2020-04-07 10:40:40,-119.861502,0.161286,47,14
2020-04-07 10:40:45,-119.861502,0.161286,43,14
2020-04-07 10:40:50,-119.861502,0.161286,44,14
2020-04-07 10:40:55,-119.861502,0.161286,40,14
2020-04-07 10:41:00,-119.861502,0.161286,39,14
2020-04-07 10:41:05,-119.861502,0.161286,46,14
2020-04-07 10:41:10,-119.861502,0.161286,46,14
2020-04-07 10:41:15,-119.861502,0.161286,43,14
2020-04-07 10:41:20,-119.861502,0.161286,42,14
2020-04-07 10:41:25,-119.861502,0.161286,40,14
2020-04-07 10:41:30,-119.861502,0.161286,40,14
2020-04-07 10:41:35,-119.861502,0.161286,43,14
2020-04-07 10:41:40,-119.861502,0.161286,40,14
2020-04-07 10:41:45,-119.861502,0.161286,44,14
2020-04-07 10:41:50,-119.861502,0.161286,41,14
2020-04-07 10:41:55,-119.861502,0.161286,36,14
2020-04-07 10:42:00,-119.861502,0.161286,40,14
2020-04-07 10:42:05,-119.861502,0.161286,43,14
2020-04-07 10:42:10,-119.861502,0.161286,42,14
2020-04-07 10:42:15,-119.861502,0.161286,46,14
2020-04-07 10:42:20,-119.861502,0.161286,43,14
2020-04-07 10:42:25,-119.861502,0.161286,44,14
2020-04-07 10:42:30,-119.861502,0.161286,47,14
2020-04-07 10:42:35,-119.861502,0.161286,41,14
2020-04-07 10:42:40,-119.861502,0.161286,45,14
2020-04-07 10:42:45,-119.861502,0.161286,41,14
2020-04-07 10:42:50,-119.861502,0.161286,39,14
2020-04-07 10:42:55,-119.861502,0.161286,42,14
2020-04-07 10:43:00,-119.861502,0.161286,48,14
2020-04-07 10:43:05,-119.861502,0.161286,37,14
2020-04-07 10:43:10,-119.861502,0.161286,37,14
2020-04-07 10:43:15,-119.861502,0.161286,43,14
2020-04-07 10:43:20,-119.861502,0.161286,43,14
2020-04-07 10:43:25,-119.861502,0.161286,41,14
2020-04-07 10:43:30,-119.861502,0.161286,44,14
2020-04-07 10:43:35,-119.861502,0.161286,45,14
2020-04-07 10:43:40,-119.861502,0.161286,40,14
2020-04-07 10:43:45,-119.861502,0.161286,37,14
2020-04-07 10:43:50,-119.861502,0.161286,41,14
2020-04-07 10:43:55,-119.861502,0.161286,41,14
2020-04-07 10:44:00,-119.861502,0.161286,40,14
2020-04-07 10:44:05,-119.861502,0.161286,43,14
2020-04-07 10:44:10,-119.861502,0.161286,42,14
2020-04-07 10:44:15,-119.861502,0.161286,44,14
2020-04-07 10:44:20,-119.861502,0.161286,45,14
2020-04-07 10:44:25,-119.861502,0.161286,45,14
2020-04-07 10:44:30,-119.861502,0.161286,39,14
2020-04-07 10:44:35,-119.861502,0.161286,44,14
2020-04-07 10:44:40,-119.861502,0.161286,38,14
2020-04-07 10:44:45,-119.861502,0.161286,41,14
2020-04-07 10:44:50,-119.861502,0.161286,41,14
2020-04-07 10:44:55,-119.861502,0.161286,40,14
2020-04-07 10:45:00,-119.861502,0.161286,42,14
2020-04-07 10:45:05,-119.861502,0.161286,47,14
2020-04-07 10:45:10,-119.861502,0.161286,40,14
2020-04-07 10:45:15,-119.861502,0.161286,42,14
2020-04-07 10:45:20,-119.861502,0.161286,42,14
2020-04-07 10:45:25,-119.861502,0.161286,41,14
2020-04-07 10:45:30,-119.861502,0.161286,42,14
2020-04-07 10:45:35,-119.861502,0.161286,43,14
2020-04-07 10:45:40,-119.861502,0.161286,42,14
2020-04-07 10:45:45,-119.861502,0.161286,37,14
2020-04-07 10:45:50,-119.861502,0.161286,41,14
2020-04-07 10:45:55,-119.861502,0.161286,44,14
2020-04-07 10:46:00,-119.861502,0.161286,38,14
2020-04-07 10:46:05,-119.861502,0.161286,45,14
2020-04-07 10:46:10,-119.861502,0.161286,33,14
2020-04-07 10:46:15,-119.861502,0.161286,42,14
2020-04-07 10:46:20,-119.861502,0.161286,37,14
2020-04-07 10:46:25,-119.861502,0.161286,41,14
2020-04-07 10:46:30,-119.861502,0.161286,42,14
2020-04-07 10:46:35,-119.861502,0.161286,40,14
2020-04-07 10:46:40,-119.861502,0.161286,37,14
2020-04-07 10:46:45,-119.861502,0.161286,38,14
2020-04-07 10:46:50,-119.861502,0.161286,42,14
2020-04-07 10:46:55,-119.861502,0.161286,41,14
2020-04-07 10:47:00,-119.861502,0.161286,39,14
2020-04-07 10:47:05,-119.861502,0.161286,42,14
2020-04-07 10:47:10,-119.861502,0.161286,41,14
2020-04-07 10:47:15,-119.861502,0.161286,36,14
2020-04-07 10:47:20,-119.861502,0.161286,42,14
2020-04-07 10:47:25,-119.861502,0.161286,40,14
2020-04-07 10:47:30,-119.861502,0.161286,45,14
2020-04-07 10:47:35,-119.861502,0.161286,38,14
2020-04-07 10:47:40,-119.861502,0.161286,40,14
2020-04-07 10:47:45,-119.861502,0.161286,35,14
2020-04-07 10:47:50,-119.861502,0.161286,50,14
2020-04-07 10:47:55,-119.861502,0.161286,38,14
2020-04-07 10:48:00,-119.861502,0.161286,41,14
2020-04-07 10:48:05,-119.861502,0.161286,42,14
2020-04-07 10:48:10,-119.861502,0.161286,37,14
2020-04-07 10:48:15,-119.861502,0.161286,44,14
2020-04-07 10:48:20,-119.861502,0.161286,40,14
2020-04-07 10:48:25,-119.861502,0.161286,43,14
2020-04-07 10:48:30,-119.861502,0.161286,42,14
2020-04-07 10:48:35,-119.861502,0.161286,43,14
2020-04-07 10:48:40,-119.861502,0.161286,38,14
2020-04-07 10:48:45,-119.861502,0.161286,40,14
2020-04-07 10:48:50,-119.861502,0.161286,43,14
2020-04-07 10:48:55,-119.861502,0.161286,38,14
2020-04-07 10:49:00,-119.861502,0.161286,43,14
2020-04-07 10:49:05,-119.861502,0.161286,43,14
2020-04-07 10:49:10,-119.861502,0.161286,38,14
2020-04-07 10:49:15,-119.861502,0.161286,39,14
2020-04-07 10:49:20,-119.861502,0.161286,45,14
2020-04-07 10:49:25,-119.861502,0.161286,43,14
2020-04-07 10:49:30,-119.861502,0.161286,45,14
2020-04-07 10:49:35,-119.861502,0.161286,44,14
2020-04-07 10:49:40,-119.861502,0.161286,47,14
2020-04-07 10:49:45,-119.861502,0.161286,40,14
2020-04-07 10:49:50,-119.861502,0.161286,43,14
2020-04-07 10:49:55,-119.861502,0.161286,41,14
2020-04-07 10:50:00,-119.861502,0.161286,43,14
2020-04-07 10:50:05,-119.861502,0.161286,37,14
2020-04-07 10:50:10,-119.861502,0.161286,43,14
2020-04-07 10:50:15,-119.861502,0.161286,38,14
2020-04-07 10:50:20,-119.861502,0.161286,43,14
2020-04-07 10:50:25,-119.861502,0.161286,44,14
2020-04-07 10:50:30,-119.861502,0.161286,43,14
2020-04-07 10:50:35,-119.861502,0.161286,41,14
2020-04-07 10:50:40,-119.861502,0.161286,41,14
2020-04-07 10:50:45,-119.861502,0.161286,43,14
2020-04-07 10:50:50,-119.861502,0.161286,43,14
2020-04-07 10:50:55,-119.861502,0.161286,45,14
2020-04-07 10:51:00,-119.861502,0.161286,44,14
2020-04-07 10:51:05,-119.861502,0.161286,37,14
2020-04-07 10:51:10,-119.861502,0.161286,38,14
2020-04-07 10:51:15,-119.861502,0.161286,46,14
2020-04-07 10:51:20,-119.861502,0.161286,41,14
2020-04-07 10:51:25,-119.861502,0.161286,39,14
2020-04-07 10:51:30,-119.861502,0.161286,38,14
2020-04-07 10:51:35,-119.861502,0.161286,39,14
2020-04-07 10:51:40,-119.861502,0.161286,42,14
2020-04-07 10:51:45,-119.861502,0.161286,44,14
2020-04-07 10:51:50,-119.861502,0.161286,45,14
2020-04-07 10:51:55,-119.861502,0.161286,46,14
2020-04-07 10:52:00,-119.861502,0.161286,41,14
2020-04-07 10:52:05,-119.861502,0.161286,40,14
2020-04-07 10:52:10,-119.861502,0.161286,39,14
2020-04-07 10:52:15,-119.861502,0.161286,47,14
2020-04-07 10:52:20,-119.861502,0.161286,40,14
2020-04-07 10:52:25,-119.861502,0.161286,41,14
2020-04-07 10:52:30,-119.861502,0.161286,46,14
2020-04-07 10:52:35,-119.861502,0.161286,39,14
2020-04-07 10:52:40,-119.861502,0.161286,47,14
2020-04-07 10:52:45,-119.861502,0.161286,42,14
2020-04-07 10:52:50,-119.861502,0.161286,40,14
2020-04-07 10:52:55,-119.861502,0.161286,42,14
2020-04-07 10:53:00,-119.861502,0.161286,39,14
2020-04-07 10:53:05,-119.861502,0.161286,43,14
2020-04-07 10:53:10,-119.861502,0.161286,40,14
2020-04-07 10:53:15,-119.861502,0.161286,34,14
2020-04-07 10:53:20,-119.861502,0.161286,40,14
2020-04-07 10:53:25,-119.861502,0.161286,47,14
2020-04-07 10:53:30,-119.861502,0.161286,43,14
2020-04-07 10:53:35,-119.861502,0.161286,41,14
2020-04-07 10:53:40,-119.861502,0.161286,38,14
2020-04-07 10:53:45,-119.861502,0.161286,38,14
2020-04-07 10:53:50,-119.861502,0.161286,41,14
2020-04-07 10:53:55,-119.861502,0.161286,42,14
2020-04-07 10:54:00,-119.861502,0.161286,44,14
2020-04-07 10:54:05,-119.861502,0.161286,45,14
2020-04-07 10:54:10,-119.861502,0.161286,36,14
2020-04-07 10:54:15,-119.861502,0.161286,39,14
2020-04-07 10:54:20,-119.861502,0.161286,38,14
2020-04-07 10:54:25,-119.861502,0.161286,43,14
2020-04-07 10:54:30,-119.861502,0.161286,42,14
2020-04-07 10:54:35,-119.861502,0.161286,44,14
2020-04-07 10:54:40,-119.861502,0.161286,42,14
2020-04-07 10:54:45,-119.861502,0.161286,45,14
2020-04-07 10:54:50,-119.861502,0.161286,43,14
2020-04-07 10:54:55,-119.861502,0.161286,44,14
2020-04-07 10:55:00,-119.861502,0.161286,40,14
2020-04-07 10:55:05,-119.861502,0.161286,39,14
2020-04-07 10:55:10,-119.861502,0.161286,39,14
2020-04-07 10:55:15,-119.861502,0.161286,42,14
2020-04-07 10:55:20,-119.861502,0.161286,43,14
2020-04-07 10:55:25,-119.861502,0.161286,39,14
2020-04-07 10:55:30,-119.861502,0.161286,42,14
2020-04-07 10:55:35,-119.861502,0.161286,40,14
2020-04-07 10:55:40,-119.861502,0.161286,42,14
2020-04-07 10:55:45,-119.861502,0.161286,40,14
2020-04-07 10:55:50,-119.861502,0.161286,38,14
2020-04-07 10:55:55,-119.861502,0.161286,42,14
2020-04-07 10:56:00,-119.861502,0.161286,43,14
2020-04-07 10:56:05,-119.861502,0.161286,44,14
2020-04-07 10:56:10,-119.861502,0.161286,44,14
2020-04-07 10:56:15,-119.861502,0.161286,43,14
2020-04-07 10:56:20,-119.861502,0.161286,40,14
2020-04-07 10:56:25,-119.861502,0.161286,44,14
2020-04-07 10:56:30,-119.861502,0.161286,41,14
2020-04-07 10:56:35,-119.861502,0.161286,38,14
2020-04-07 10:56:40,-119.861502,0.161286,39,14
2020-04-07 10:56:45,-119.861502,0.161286,45,14
2020-04-07 10:56:50,-119.861502,0.161286,38,14
2020-04-07 10:56:55,-119.861502,0.161286,39,14
2020-04-07 10:57:00,-119.861502,0.161286,39,14
2020-04-07 10:57:05,-119.861502,0.161286,41,14
2020-04-07 10:57:10,-119.861502,0.161286,44,14
2020-04-07 10:57:15,-119.861502,0.161286,48,14
2020-04-07 10:57:20,-119.861502,0.161286,44,14
2020-04-07 10:57:25,-119.861502,0.161286,44,14
2020-04-07 10:57:30,-119.861502,0.161286,40,14
2020-04-07 10:57:35,-119.861502,0.161286,43,14
2020-04-07 10:57:40,-119.861502,0.161286,43,14
2020-04-07 10:57:45,-119.861502,0.161286,41,14
2020-04-07 10:57:50,-119.861502,0.161286,44,14
2020-04-07 10:57:55,-119.861502,0.161286,47,14
2020-04-07 10:58:00,-119.861502,0.161286,39,14
2020-04-07 10:58:05,-119.861502,0.161286,39,14
2020-04-07 10:58:10,-119.861502,0.161286,38,14
2020-04-07 10:58:15,-119.861502,0.161286,41,14
2020-04-07 10:58:20,-119.861502,0.161286,43,14
2020-04-07 10:58:25,-119.861502,0.161286,41,14
2020-04-07 10:58:30,-119.861502,0.161286,44,14
2020-04-07 10:58:35,-119.861502,0.161286,41,14
2020-04-07 10:58:40,-119.861502,0.161286,37,14
2020-04-07 10:58:45,-119.861502,0.161286,39,14
2020-04-07 10:58:50,-119.861502,0.161286,40,14
2020-04-07 10:58:55,-119.861502,0.161286,37,14
2020-04-07 10:59:00,-119.861502,0.161286,39,14
2020-04-07 10:59:05,-119.861502,0.161286,41,14
2020-04-07 10:59:10,-119.861502,0.161286,41,14
2020-04-07 10:59:15,-119.861502,0.161286,43,14
2020-04-07 10:59:20,-119.861502,0.161286,43,14
2020-04-07 10:59:25,-119.861502,0.161286,43,14
2020-04-07 10:59:30,-119.861502,0.161286,46,14
2020-04-07 10:59:35,-119.861502,0.161286,40,14
2020-04-07 10:59:40,-119.861502,0.161286,37,14
2020-04-07 10:59:45,-119.861502,0.161286,44,14
2020-04-07 10:59:50,-119.861502,0.161286,42,14
2020-04-07 10:59:55,-119.861502,0.161286,37,14
2020-04-07 11:00:00,-119.861502,0.161286,39,14
2020-04-07 11:00:05,-119.861502,0.161286,44,14
2020-04-07 11:00:10,-119.861502,0.161286,39,14
2020-04-07 11:00:15,-119.861502,0.161286,41,14
2020-04-07 11:00:20,-119.861502,0.161286,41,14
2020-04-07 11:00:25,-119.861502,0.161286,44,14
2020-04-07 11:00:30,-119.861502,0.161286,43,14
2020-04-07 11:00:35,-119.861502,0.161286,42,14
2020-04-07 11:00:40,-119.861502,0.161286,41,14
2020-04-07 11:00:45,-119.861502,0.161286,40,14
2020-04-07 11:00:50,-119.861502,0.161286,44,14
2020-04-07 11:00:55,-119.861502,0.161286,41,14
2020-04-07 11:01:00,-119.861502,0.161286,44,14
2020-04-07 11:01:05,-119.861502,0.161286,44,14
2020-04-07 11:01:10,-119.861502,0.161286,39,14
2020-04-07 11:01:15,-119.861502,0.161286,37,14
2020-04-07 11:01:20,-119.861502,0.161286,46,14
2020-04-07 11:01:25,-119.861502,0.161286,44,14
2020-04-07 11:01:30,-119.861502,0.161286,41,14
2020-04-07 11:01:35,-119.861502,0.161286,41,14
2020-04-07 11:01:40,-119.861502,0.161286,41,14
2020-04-07 11:01:45,-119.861502,0.161286,39,14
2020-04-07 11:01:50,-119.861502,0.161286,42,14
2020-04-07 11:01:55,-119.861502,0.161286,41,14
2020-04-07 11:02:00,-119.861502,0.161286,41,14
2020-04-07 11:02:05,-119.861502,0.161286,42,14
2020-04-07 11:02:10,-119.861502,0.161286,44,14
2020-04-07 11:02:15,-119.861502,0.161286,42,14
2020-04-07 11:02:20,-119.861502,0.161286,41,14
2020-04-07 11:02:25,-119.861502,0.161286,38,14
2020-04-07 11:02:30,-119.861502,0.161286,48,14
2020-04-07 11:02:35,-119.861502,0.161286,44,14
2020-04-07 11:02:40,-119.861502,0.161286,42,14
2020-04-07 11:02:45,-119.861502,0.161286,39,14
2020-04-07 11:02:50,-119.861502,0.161286,43,14
2020-04-07 11:02:55,-119.861502,0.161286,43,14
2020-04-07 11:03:00,-119.861502,0.161286,39,14
2020-04-07 11:03:05,-119.861502,0.161286,39,14
2020-04-07 11:03:10,-119.861502,0.161286,38,14
2020-04-07 11:03:15,-119.861502,0.161286,37,14
2020-04-07 11:03:20,-119.861502,0.161286,37,14
2020-04-07 11:03:25,-119.861502,0.161286,44,14
2020-04-07 11:03:30,-119.861502,0.161286,36,14
2020-04-07 11:03:35,-119.861502,0.161286,42,14
2020-04-07 11:03:40,-119.861502,0.161286,41,14
2020-04-07 11:03:45,-119.861502,0.161286,39,14
2020-04-07 11:03:50,-119.861502,0.161286,38,14
2020-04-07 11:03:55,-119.861502,0.161286,39,14
2020-04-07 11:04:00,-119.861502,0.161286,39,14
2020-04-07 11:04:05,-119.861502,0.161286,43,14
2020-04-07 11:04:10,-119.861502,0.161286,43,14
2020-04-07 11:04:15,-119.861502,0.161286,45,14
2020-04-07 11:04:20,-119.861502,0.161286,44,14
2020-04-07 11:04:25,-119.861502,0.161286,37,14
2020-04-07 11:04:30,-119.861502,0.161286,46,14
2020-04-07 11:04:35,-119.861502,0.161286,42,14
2020-04-07 11:04:40,-119.861502,0.161286,41,14
2020-04-07 11:04:45,-119.861502,0.161286,36,14
2020-04-07 11:04:50,-119.861502,0.161286,45,14
2020-04-07 11:04:55,-119.861502,0.161286,42,14
2020-04-07 11:05:00,-119.861502,0.161286,44,14
2020-04-07 11:05:05,-119.861502,0.161286,40,14
2020-04-07 11:05:10,-119.861502,0.161286,42,14
2020-04-07 11:05:15,-119.861502,0.161286,40,14
2020-04-07 11:05:20,-119.861502,0.161286,40,14
2020-04-07 11:05:25,-119.861502,0.161286,41,14
2020-04-07 11:05:30,-119.861502,0.161286,44,14
2020-04-07 11:05:35,-119.861502,0.161286,41,14
2020-04-07 11:05:40,-119.861502,0.161286,40,14
2020-04-07 11:05:45,-119.861502,0.161286,39,14
2020-04-07 11:05:50,-119.861502,0.161286,41,14
2020-04-07 11:05:55,-119.861502,0.161286,44,14
2020-04-07 11:06:00,-119.861502,0.161286,41,14
2020-04-07 11:06:05,-119.861502,0.161286,43,14
2020-04-07 11:06:10,-119.861502,0.161286,39,14
2020-04-07 11:06:15,-119.861502,0.161286,40,14
2020-04-07 11:06:20,-119.861502,0.161286,39,14
2020-04-07 11:06:25,-119.861502,0.161286,38,14
2020-04-07 11:06:30,-119.861502,0.161286,43,14
2020-04-07 11:06:35,-119.861502,0.161286,42,14
2020-04-07 11:06:40,-119.861502,0.161286,39,14
2020-04-07 11:06:45,-119.861502,0.161286,39,14
2020-04-07 11:06:50,-119.861502,0.161286,45,14
2020-04-07 11:06:55,-119.861502,0.161286,46,14
2020-04-07 11:07:00,-119.861502,0.161286,45,14
2020-04-07 11:07:05,-119.861502,0.161286,45,14
2020-04-07 11:07:10,-119.861502,0.161286,37,14
2020-04-07 11:07:15,-119.861502,0.161286,46,14
2020-04-07 11:07:20,-119.861502,0.161286,41,14
2020-04-07 11:07:25,-119.861502,0.161286,43,14
2020-04-07 11:07:30,-119.861502,0.161286,43,14
2020-04-07 11:07:35,-119.861502,0.161286,37,14
2020-04-07 11:07:40,-119.861502,0.161286,40,14
2020-04-07 11:07:45,-119.861502,0.161286,41,14
2020-04-07 11:07:50,-119.861502,0.161286,38,14
2020-04-07 11:07:55,-119.861502,0.161286,43,14
2020-04-07 11:08:00,-119.861502,0.161286,41,14
2020-04-07 11:08:05,-119.861502,0.161286,43,14
2020-04-07 11:08:10,-119.861502,0.161286,42,14
2020-04-07 11:08:15,-119.861502,0.161286,44,14
2020-04-07 11:08:20,-119.861502,0.161286,39,14
2020-04-07 11:08:25,-119.861502,0.161286,44,14
2020-04-07 11:08:30,-119.861502,0.161286,41,14
2020-04-07 11:08:35,-119.861502,0.161286,41,14
2020-04-07 11:08:40,-119.861502,0.161286,43,14
2020-04-07 11:08:45,-119.861502,0.161286,44,14
2020-04-07 11:08:50,-119.861502,0.161286,44,14
2020-04-07 11:08:55,-119.861502,0.161286,44,14
2020-04-07 11:09:00,-119.861502,0.161286,42,14
2020-04-07 11:09:05,-119.861502,0.161286,42,14
2020-04-07 11:09:10,-119.861502,0.161286,46,14
2020-04-07 11:09:15,-119.861502,0.161286,37,14
2020-04-07 11:09:20,-119.861502,0.161286,44,14
2020-04-07 11:09:25,-119.861502,0.161286,47,14
2020-04-07 11:09:30,-119.861502,0.161286,47,14
2020-04-07 11:09:35,-119.861502,0.161286,42,14
2020-04-07 11:09:40,-119.861502,0.161286,44,14
2020-04-07 11:09:45,-119.861502,0.161286,42,14
2020-04-07 11:09:50,-119.861502,0.161286,42,14
2020-04-07 11:09:55,-119.861502,0.161286,48,14
2020-04-07 11:10:00,-119.861502,0.161286,42,14
2020-04-07 11:10:05,-119.861502,0.161286,42,14
2020-04-07 11:10:10,-119.861502,0.161286,40,14
2020-04-07 11:10:15,-119.861502,0.161286,41,14
2020-04-07 11:10:20,-119.861502,0.161286,49,14
2020-04-07 11:10:25,-119.861502,0.161286,46,14
2020-04-07 11:10:30,-119.861502,0.161286,47,14
2020-04-07 11:10:35,-119.861502,0.161286,48,14
2020-04-07 11:10:40,-119.861502,0.161286,42,14
2020-04-07 11:10:45,-119.861502,0.161286,46,14
2020-04-07 11:10:50,-119.861502,0.161286,45,14
2020-04-07 11:10:55,-119.861502,0.161286,44,14
2020-04-07 11:11:00,-119.861502,0.161286,41,14
2020-04-07 11:11:05,-119.861502,0.161286,47,14
2020-04-07 11:11:10,-119.861502,0.161286,41,14
2020-04-07 11:11:15,-119.861502,0.161286,42,14
2020-04-07 11:11:20,-119.861502,0.161286,41,14
2020-04-07 11:11:25,-119.861502,0.161286,37,14
2020-04-07 11:11:30,-119.861502,0.161286,38,14
2020-04-07 11:11:35,-119.861502,0.161286,46,14
2020-04-07 11:11:40,-119.861502,0.161286,40,14
2020-04-07 11:11:45,-119.861502,0.161286,45,14
2020-04-07 11:11:50,-119.861502,0.161286,41,14
2020-04-07 11:11:55,-119.861502,0.161286,40,14
2020-04-07 11:12:00,-119.861502,0.161286,39,14
2020-04-07 11:12:05,-119.861502,0.161286,41,14
2020-04-07 11:12:10,-119.861502,0.161286,42,14
2020-04-07 11:12:15,-119.861502,0.161286,44,14
2020-04-07 11:12:20,-119.861502,0.161286,44,14
2020-04-07 11:12:25,-119.861502,0.161286,40,14
2020-04-07 11:12:30,-119.861502,0.161286,43,14
2020-04-07 11:12:35,-119.861502,0.161286,38,14
2020-04-07 11:12:40,-119.861502,0.161286,44,14
2020-04-07 11:12:45,-119.861502,0.161286,38,14
2020-04-07 11:12:50,-119.861502,0.161286,41,14
2020-04-07 11:12:55,-119.861502,0.161286,38,14
2020-04-07 11:13:00,-119.861502,0.161286,43,14
2020-04-07 11:13:05,-119.861502,0.161286,41,14
2020-04-07 11:13:10,-119.861502,0.161286,49,14
2020-04-07 11:13:15,-119.861502,0.161286,42,14
2020-04-07 11:13:20,-119.861502,0.161286,40,14
2020-04-07 11:13:25,-119.861502,0.161286,41,14
2020-04-07 11:13:30,-119.861502,0.161286,44,14
2020-04-07 11:13:35,-119.861502,0.161286,41,14
2020-04-07 11:13:40,-119.861502,0.161286,42,14
2020-04-07 11:13:45,-119.861502,0.161286,39,14
2020-04-07 11:13:50,-119.861502,0.161286,43,14
2020-04-07 11:13:55,-119.861502,0.161286,44,14
2020-04-07 11:14:00,-119.861502,0.161286,46,14
2020-04-07 11:14:05,-119.861502,0.161286,42,14
2020-04-07 11:14:10,-119.861502,0.161286,39,14
2020-04-07 11:14:15,-119.861502,0.161286,37,14
2020-04-07 11:14:20,-119.861502,0.161286,44,14
2020-04-07 11:14:25,-119.861502,0.161286,42,14
2020-04-07 11:14:30,-119.861502,0.161286,47,14
2020-04-07 11:14:35,-119.861502,0.161286,40,14
2020-04-07 11:14:40,-119.861502,0.161286,37,14
2020-04-07 11:14:45,-119.861502,0.161286,36,14
2020-04-07 11:14:50,-119.861502,0.161286,37,14
2020-04-07 11:14:55,-119.861502,0.161286,39,14
2020-04-07 11:15:00,-119.861502,0.161286,41,14
2020-04-07 11:15:05,-119.861502,0.161286,40,14
2020-04-07 11:15:10,-119.861502,0.161286,44,14
2020-04-07 11:15:15,-119.861502,0.161286,44,14
2020-04-07 11:15:20,-119.861502,0.161286,43,14
2020-04-07 11:15:25,-119.861502,0.161286,45,14
2020-04-07 11:15:30,-119.861502,0.161286,41,14
2020-04-07 11:15:35,-119.861502,0.161286,43,14
2020-04-07 11:15:40,-119.861502,0.161286,38,14
2020-04-07 11:15:45,-119.861502,0.161286,40,14
2020-04-07 11:15:50,-119.861502,0.161286,42,14
2020-04-07 11:15:55,-119.861502,0.161286,38,14
2020-04-07 11:16:00,-119.861502,0.161286,42,14
2020-04-07 11:16:05,-119.861502,0.161286,47,14
2020-04-07 11:16:10,-119.861502,0.161286,38,14
2020-04-07 11:16:15,-119.861502,0.161286,38,14
2020-04-07 11:16:20,-119.861502,0.161286,46,14
2020-04-07 11:16:25,-119.861502,0.161286,40,14
2020-04-07 11:16:30,-119.861502,0.161286,41,14
2020-04-07 11:16:35,-119.861502,0.161286,44,14
2020-04-07 11:16:40,-119.861502,0.161286,39,14
2020-04-07 11:16:45,-119.861502,0.161286,40,14
2020-04-07 11:16:50,-119.861502,0.161286,43,14
2020-04-07 11:16:55,-119.861502,0.161286,47,14
2020-04-07 11:17:00,-119.861502,0.161286,48,14
2020-04-07 11:17:05,-119.861502,0.161286,36,14
2020-04-07 11:17:10,-119.861502,0.161286,43,14
2020-04-07 11:17:15,-119.861502,0.161286,42,14
2020-04-07 11:17:20,-119.861502,0.161286,43,14
2020-04-07 11:17:25,-119.861502,0.161286,42,14
2020-04-07 11:17:30,-119.861502,0.161286,44,14
2020-04-07 11:17:35,-119.861502,0.161286,45,14
2020-04-07 11:17:40,-119.861502,0.161286,43,14
2020-04-07 11:17:45,-119.861502,0.161286,45,14
2020-04-07 11:17:50,-119.861502,0.161286,44,14
2020-04-07 11:17:55,-119.861502,0.161286,40,14
2020-04-07 11:18:00,-119.861502,0.161286,41,14
2020-04-07 11:18:05,-119.861502,0.161286,40,14
2020-04-07 11:18:10,-119.861502,0.161286,45,14
2020-04-07 11:18:15,-119.861502,0.161286,44,14
2020-04-07 11:18:20,-119.861502,0.161286,44,14
2020-04-07 11:18:25,-119.861502,0.161286,39,14
2020-04-07 11:18:30,-119.861502,0.161286,38,14
2020-04-07 11:18:35,-119.861502,0.161286,37,14
2020-04-07 11:18:40,-119.861502,0.161286,40,14
2020-04-07 11:18:45,-119.861502,0.161286,37,14
2020-04-07 11:18:50,-119.861502,0.161286,37,14
2020-04-07 11:18:55,-119.861502,0.161286,34,14
2020-04-07 11:19:00,-119.861502,0.161286,44,14
2020-04-07 11:19:05,-119.861502,0.161286,39,14
2020-04-07 11:19:10,-119.861502,0.161286,41,14
2020-04-07 11:19:15,-119.861502,0.161286,41,14
2020-04-07 11:19:20,-119.861502,0.161286,43,14
2020-04-07 11:19:25,-119.861502,0.161286,42,14
2020-04-07 11:19:30,-119.861502,0.161286,41,14
2020-04-07 11:19:35,-119.861502,0.161286,43,14
2020-04-07 11:19:40,-119.861502,0.161286,40,14
2020-04-07 11:19:45,-119.861502,0.161286,43,14
2020-04-07 11:19:50,-119.861502,0.161286,45,14
2020-04-07 11:19:55,-119.861502,0.161286,42,14
2020-04-07 11:20:00,-119.861502,0.161286,40,14
2020-04-07 11:20:05,-119.861502,0.161286,37,14
2020-04-07 11:20:10,-119.861502,0.161286,40,14
2020-04-07 11:20:15,-119.861502,0.161286,46,14
2020-04-07 11:20:20,-119.861502,0.161286,43,14
2020-04-07 11:20:25,-119.861502,0.161286,44,14
2020-04-07 11:20:30,-119.861502,0.161286,40,14
2020-04-07 11:20:35,-119.861502,0.161286,41,14
2020-04-07 11:20:40,-119.861502,0.161286,39,14
2020-04-07 11:20:45,-119.861502,0.161286,41,14
2020-04-07 11:20:50,-119.861502,0.161286,41,14
2020-04-07 11:20:55,-119.861502,0.161286,43,14
2020-04-07 11:21:00,-119.861502,0.161286,41,14
2020-04-07 11:21:05,-119.861502,0.161286,44,14
2020-04-07 11:21:10,-119.861502,0.161286,46,14
2020-04-07 11:21:15,-119.861502,0.161286,42,14
2020-04-07 11:21:20,-119.861502,0.161286,36,14
2020-04-07 11:21:25,-119.861502,0.161286,47,14
2020-04-07 11:21:30,-119.861502,0.161286,42,14
2020-04-07 11:21:35,-119.861502,0.161286,38,14
2020-04-07 11:21:40,-119.861502,0.161286,42,14
2020-04-07 11:21:45,-119.861502,0.161286,40,14
2020-04-07 11:21:50,-119.861502,0.161286,41,14
2020-04-07 11:21:55,-119.861502,0.161286,38,14
2020-04-07 11:22:00,-119.861502,0.161286,41,14
2020-04-07 11:22:05,-119.861502,0.161286,41,14
2020-04-07 11:22:10,-119.861502,0.161286,44,14
2020-04-07 11:22:15,-119.861502,0.161286,43,14
2020-04-07 11:22:20,-119.861502,0.161286,43,14
2020-04-07 11:22:25,-119.861502,0.161286,40,14
2020-04-07 11:22:30,-119.861502,0.161286,40,14
2020-04-07 11:22:35,-119.861502,0.161286,41,14
2020-04-07 11:22:40,-119.861502,0.161286,42,14
2020-04-07 11:22:45,-119.861502,0.161286,40,14
2020-04-07 11:22:50,-119.861502,0.161286,40,14
2020-04-07 11:22:55,-119.861502,0.161286,40,14
2020-04-07 11:23:00,-119.861502,0.161286,37,14
2020-04-07 11:23:05,-119.861502,0.161286,44,14
2020-04-07 11:23:10,-119.861502,0.161286,46,14
2020-04-07 11:23:15,-119.861502,0.161286,41,14
2020-04-07 11:23:20,-119.861502,0.161286,40,14
2020-04-07 11:23:25,-119.861502,0.161286,38,14
2020-04-07 11:23:30,-119.861502,0.161286,40,14
2020-04-07 11:23:35,-119.861502,0.161286,38,14
2020-04-07 11:23:40,-119.861502,0.161286,41,14
2020-04-07 11:23:45,-119.861502,0.161286,42,14
2020-04-07 11:23:50,-119.861502,0.161286,42,14
2020-04-07 11:23:55,-119.861502,0.161286,41,14
2020-04-07 11:24:00,-119.861502,0.161286,40,14
2020-04-07 11:24:05,-119.861502,0.161286,41,14
2020-04-07 11:24:10,-119.861502,0.161286,46,14
2020-04-07 11:24:15,-119.861502,0.161286,40,14
2020-04-07 11:24:20,-119.861502,0.161286,42,14
2020-04-07 11:24:25,-119.861502,0.161286,42,14
2020-04-07 11:24:30,-119.861502,0.161286,42,14
2020-04-07 11:24:35,-119.861502,0.161286,42,14
2020-04-07 11:24:40,-119.861502,0.161286,39,14
2020-04-07 11:24:45,-119.861502,0.161286,43,14
2020-04-07 11:24:50,-119.861502,0.161286,44,14
2020-04-07 11:24:55,-119.861502,0.161286,40,14
2020-04-07 11:25:00,-119.861502,0.161286,39,14
2020-04-07 11:25:05,-119.861502,0.161286,42,14
2020-04-07 11:25:10,-119.861502,0.161286,37,14
2020-04-07 11:25:15,-119.861502,0.161286,42,14
2020-04-07 11:25:20,-119.861502,0.161286,41,14
2020-04-07 11:25:25,-119.861502,0.161286,35,14
2020-04-07 11:25:30,-119.861502,0.161286,46,14
2020-04-07 11:25:35,-119.861502,0.161286,40,14
2020-04-07 11:25:40,-119.861502,0.161286,45,14
2020-04-07 11:25:45,-119.861502,0.161286,44,14
2020-04-07 11:25:50,-119.861502,0.161286,42,14
2020-04-07 11:25:55,-119.861502,0.161286,37,14
2020-04-07 11:26:00,-119.861502,0.161286,38,14
2020-04-07 11:26:05,-119.861502,0.161286,43,14
2020-04-07 11:26:10,-119.861502,0.161286,45,14
2020-04-07 11:26:15,-119.861502,0.161286,43,14
2020-04-07 11:26:20,-119.861502,0.161286,36,14
2020-04-07 11:26:25,-119.861502,0.161286,44,14
2020-04-07 11:26:30,-119.861502,0.161286,42,14
2020-04-07 11:26:35,-119.861502,0.161286,36,14
2020-04-07 11:26:40,-119.861502,0.161286,37,14
2020-04-07 11:26:45,-119.861502,0.161286,38,14
2020-04-07 11:26:50,-119.861502,0.161286,41,14
2020-04-07 11:26:55,-119.861502,0.161286,37,14
2020-04-07 11:27:00,-119.861502,0.161286,39,14
2020-04-07 11:27:05,-119.861502,0.161286,40,14
2020-04-07 11:27:10,-119.861502,0.161286,39,14
2020-04-07 11:27:15,-119.861502,0.161286,41,14
2020-04-07 11:27:20,-119.861502,0.161286,36,14
2020-04-07 11:27:25,-119.861502,0.161286,39,14
2020-04-07 11:27:30,-119.861502,0.161286,37,14
2020-04-07 11:27:35,-119.861502,0.161286,41,14
2020-04-07 11:27:40,-119.861502,0.161286,44,14
2020-04-07 11:27:45,-119.861502,0.161286,35,14
2020-04-07 11:27:50,-119.861502,0.161286,41,14
2020-04-07 11:27:55,-119.861502,0.161286,41,14
2020-04-07 11:28:00,-119.861502,0.161286,43,14
2020-04-07 11:28:05,-119.861502,0.161286,38,14
2020-04-07 11:28:10,-119.861502,0.161286,42,14
2020-04-07 11:28:15,-119.861502,0.161286,41,14
2020-04-07 11:28:20,-119.861502,0.161286,42,14
2020-04-07 11:28:25,-119.861502,0.161286,41,14
2020-04-07 11:28:30,-119.861502,0.161286,44,14
2020-04-07 11:28:35,-119.861502,0.161286,43,14
2020-04-07 11:28:40,-119.861502,0.161286,41,14
2020-04-07 11:28:45,-119.861502,0.161286,40,14
2020-04-07 11:28:50,-119.861502,0.161286,41,14
2020-04-07 11:28:55,-119.861502,0.161286,38,14
2020-04-07 11:29:00,-119.861502,0.161286,36,14
2020-04-07 11:29:05,-119.861502,0.161286,37,14
2020-04-07 11:29:10,-119.861502,0.161286,39,14
2020-04-07 11:29:15,-119.861502,0.161286,40,14
2020-04-07 11:29:20,-119.861502,0.161286,42,14
2020-04-07 11:29:25,-119.861502,0.161286,45,14
2020-04-07 11:29:30,-119.861502,0.161286,38,14
2020-04-07 11:29:35,-119.861502,0.161286,43,14
2020-04-07 11:29:40,-119.861502,0.161286,36,14
2020-04-07 11:29:45,-119.861502,0.161286,45,14
2020-04-07 11:29:50,-119.861502,0.161286,46,14
2020-04-07 11:29:55,-119.861502,0.161286,40,14
2020-04-07 11:30:00,-119.861502,0.161286,39,14
2020-04-07 11:30:05,-119.861502,0.161286,41,14
2020-04-07 11:30:10,-119.861502,0.161286,42,14
2020-04-07 11:30:15,-119.861502,0.161286,39,14
2020-04-07 11:30:20,-119.861502,0.161286,38,14
2020-04-07 11:30:25,-119.861502,0.161286,39,14
2020-04-07 11:30:30,-119.861502,0.161286,44,14
2020-04-07 11:30:35,-119.861502,0.161286,39,14
2020-04-07 11:30:40,-119.861502,0.161286,49,14
2020-04-07 11:30:45,-119.861502,0.161286,36,14
2020-04-07 11:30:50,-119.861502,0.161286,42,14
2020-04-07 11:30:55,-119.861502,0.161286,38,14
2020-04-07 11:31:00,-119.861502,0.161286,42,14
2020-04-07 11:31:05,-119.861502,0.161286,40,14
2020-04-07 11:31:10,-119.861502,0.161286,45,14
2020-04-07 11:31:15,-119.861502,0.161286,42,14
2020-04-07 11:31:20,-119.861502,0.161286,40,14
2020-04-07 11:31:25,-119.861502,0.161286,43,14
2020-04-07 11:31:30,-119.861502,0.161286,42,14
2020-04-07 11:31:35,-119.861502,0.161286,45,14
2020-04-07 11:31:40,-119.861502,0.161286,40,14
2020-04-07 11:31:45,-119.861502,0.161286,40,14
2020-04-07 11:31:50,-119.861502,0.161286,37,14
2020-04-07 11:31:55,-119.861502,0.161286,39,14
2020-04-07 11:32:00,-119.861502,0.161286,43,14
2020-04-07 11:32:05,-119.861502,0.161286,42,14
2020-04-07 11:32:10,-119.861502,0.161286,39,14
2020-04-07 11:32:15,-119.861502,0.161286,40,14
2020-04-07 11:32:20,-119.861502,0.161286,44,14
2020-04-07 11:32:25,-119.861502,0.161286,44,14
2020-04-07 11:32:30,-119.861502,0.161286,40,14
2020-04-07 11:32:35,-119.861502,0.161286,44,14
2020-04-07 11:32:40,-119.861502,0.161286,39,14
2020-04-07 11:32:45,-119.861502,0.161286,39,14
2020-04-07 11:32:50,-119.861502,0.161286,41,14
2020-04-07 11:32:55,-119.861502,0.161286,35,14
2020-04-07 11:33:00,-119.861502,0.161286,38,14
2020-04-07 11:33:05,-119.861502,0.161286,45,14
2020-04-07 11:33:10,-119.861502,0.161286,46,14
2020-04-07 11:33:15,-119.861502,0.161286,42,14
2020-04-07 11:33:20,-119.861502,0.161286,46,14
2020-04-07 11:33:25,-119.861502,0.161286,43,14
2020-04-07 11:33:30,-119.861502,0.161286,43,14
2020-04-07 11:33:35,-119.861502,0.161286,41,14
2020-04-07 11:33:40,-119.861502,0.161286,39,14
2020-04-07 11:33:45,-119.861502,0.161286,40,14
2020-04-07 11:33:50,-119.861502,0.161286,37,14
2020-04-07 11:33:55,-119.861502,0.161286,38,14
2020-04-07 11:34:00,-119.861502,0.161286,45,14
2020-04-07 11:34:05,-119.861502,0.161286,40,14
2020-04-07 11:34:10,-119.861502,0.161286,41,14
2020-04-07 11:34:15,-119.861502,0.161286,41,14
2020-04-07 11:34:20,-119.861502,0.161286,39,14
2020-04-07 11:34:25,-119.861502,0.161286,38,14
2020-04-07 11:34:30,-119.861502,0.161286,42,14
2020-04-07 11:34:35,-119.861502,0.161286,42,14
2020-04-07 11:34:40,-119.861502,0.161286,41,14
2020-04-07 11:34:45,-119.861502,0.161286,43,14
2020-04-07 11:34:50,-119.861502,0.161286,36,14
2020-04-07 11:34:55,-119.861502,0.161286,41,14
2020-04-07 11:35:00,-119.861502,0.161286,36,14
2020-04-07 11:35:05,-119.861502,0.161286,38,14
2020-04-07 11:35:10,-119.861502,0.161286,44,14
2020-04-07 11:35:15,-119.861502,0.161286,40,14
2020-04-07 11:35:20,-119.861502,0.161286,41,14
2020-04-07 11:35:25,-119.861502,0.161286,39,14
2020-04-07 11:35:30,-119.861502,0.161286,35,14
2020-04-07 11:35:35,-119.861502,0.161286,44,14
2020-04-07 11:35:40,-119.861502,0.161286,44,14
2020-04-07 11:35:45,-119.861502,0.161286,41,14
2020-04-07 11:35:50,-119.861502,0.161286,37,14
2020-04-07 11:35:55,-119.86144,0.161262,41,14
2020-04-07 11:36:00,-119.861409,0.1614,42,14
2020-04-07 11:36:05,-119.861389,0.161697,39,14
2020-04-07 11:36:10,-119.861568,0.161776,38,14
2020-04-07 11:36:15,-119.861647,0.162034,38,14
2020-04-07 11:36:20,-119.861854,0.162084,44,14
2020-04-07 11:36:25,-119.861919,0.162278,41,14
2020-04-07 11:36:30,-119.861949,0.162579,38,14
2020-04-07 11:36:35,-119.861957,0.162859,44,14
2020-04-07 11:36:40,-119.861959,0.163143,38,14
2020-04-07 11:36:45,-119.86196,0.16346,39,14
2020-04-07 11:36:50,-119.86196,0.16376,41,14
2020-04-07 11:36:55,-119.86196,0.164037,42,14
2020-04-07 11:37:00,-119.86196,0.164343,39,14
2020-04-07 11:37:05,-119.86196,0.164581,42,14
2020-04-07 11:37:10,-119.86196,0.164877,42,14
2020-04-07 11:37:15,-119.86196,0.165177,39,14
2020-04-07 11:37:20,-119.86196,0.165496,40,3
2020-04-07 11:37:25,-119.86196,0.165757,44,3
2020-04-07 11:37:30,-119.86196,0.166064,44,3
2020-04-07 11:37:35,-119.86196,0.166337,45,3
2020-04-07 11:37:40,-119.86196,0.166617,34,3
2020-04-07 11:37:45,-119.86196,0.166921,40,3
2020-04-07 11:37:50,-119.86196,0.167214,39,3
2020-04-07 11:37:55,-119.86196,0.167513,42,3
2020-04-07 11:38:00,-119.86196,0.167799,42,3
2020-04-07 11:38:05,-119.86196,0.168102,37,3
2020-04-07 11:38:10,-119.86196,0.16836,38,3
2020-04-07 11:38:15,-119.86196,0.168664,38,3
2020-04-07 11:38:20,-119.86196,0.168975,47,3
2020-04-07 11:38:25,-119.86196,0.169222,39,3
2020-04-07 11:38:30,-119.86196,0.169551,42,3
2020-04-07 11:38:35,-119.86196,0.169808,46,3
2020-04-07 11:38:40,-119.86196,0.170095,39,3
2020-04-07 11:38:45,-119.86196,0.170397,38,3
2020-04-07 11:38:50,-119.86196,0.170711,39,3
2020-04-07 11:38:55,-119.86196,0.170975,40,3
2020-04-07 11:39:00,-119.86196,0.17127,43,3
2020-04-07 11:39:05,-119.86196,0.17158,38,3
2020-04-07 11:39:10,-119.86196,0.171842,45,3
2020-04-07 11:39:15,-119.86196,0.172159,39,3
2020-04-07 11:39:20,-119.86196,0.172405,35,3
2020-04-07 11:39:25,-119.86196,0.172754,47,3
2020-04-07 11:39:30,-119.86196,0.173029,37,3
2020-04-07 11:39:35,-119.86196,0.173314,41,3
2020-04-07 11:39:40,-119.86181,0.173369,40,3
2020-04-07 11:39:45,-119.861481,0.173408,37,3
2020-04-07 11:39:50,-119.861234,0.173416,40,3
2020-04-07 11:39:55,-119.860928,0.173419,34,3
2020-04-07 11:40:00,-119.860608,0.17342,40,3
2020-04-07 11:40:05,-119.860349,0.17342,42,3
2020-04-07 11:40:10,-119.860043,0.17342,37,3
2020-04-07 11:40:15,-119.859783,0.17342,45,3
2020-04-07 11:40:20,-119.859468,0.17342,39,3
2020-04-07 11:40:25,-119.85918,0.17342,41,3
2020-04-07 11:40:30,-119.858889,0.17342,37,3
2020-04-07 11:40:35,-119.858583,0.17342,38,3
2020-04-07 11:40:40,-119.858289,0.17342,38,3
2020-04-07 11:40:45,-119.858039,0.17342,41,3
2020-04-07 11:40:50,-119.857741,0.17342,41,3
2020-04-07 11:40:55,-119.857443,0.17342,35,3
2020-04-07 11:41:00,-119.857128,0.17342,38,3
2020-04-07 11:41:05,-119.856843,0.17342,38,3
2020-04-07 11:41:10,-119.856584,0.17342,40,3
2020-04-07 11:41:15,-119.85627,0.17342,43,3
2020-04-07 11:41:20,-119.855963,0.17342,42,3
2020-04-07 11:41:25,-119.855708,0.17342,45,3
2020-04-07 11:41:30,-119.855639,0.173576,43,3
2020-04-07 11:41:35,-119.855599,0.173864,34,3
2020-04-07 11:41:40,-119.855428,0.173939,40,3
2020-04-07 11:41:45,-119.855332,0.174182,43,3
2020-04-07 11:41:50,-119.855105,0.174256,44,3
2020-04-07 11:41:55,-119.855035,0.174473,40,3
2020-04-07 11:42:00,-119.855011,0.174749,40,3
2020-04-07 11:42:05,-119.855003,0.175042,42,3
2020-04-07 11:42:10,-119.855001,0.175311,44,3
2020-04-07 11:42:15,-119.855,0.175623,39,3
2020-04-07 11:42:20,-119.855,0.175936,41,3
2020-04-07 11:42:25,-119.855,0.176194,38,3
2020-04-07 11:42:30,-119.855,0.176501,35,3
2020-04-07 11:42:35,-119.855,0.176775,39,3
2020-04-07 11:42:40,-119.855,0.177073,41,3
2020-04-07 11:42:45,-119.855,0.177387,41,3
2020-04-07 11:42:50,-119.855,0.177648,46,3
2020-04-07 11:42:55,-119.855,0.177921,41,3
2020-04-07 11:43:00,-119.855,0.178228,41,3
2020-04-07 11:43:05,-119.855,0.178532,42,3
2020-04-07 11:43:10,-119.855,0.178824,39,3
2020-04-07 11:43:15,-119.855,0.179125,40,3
2020-04-07 11:43:20,-119.855,0.179375,43,3
2020-04-07 11:43:25,-119.855,0.179692,42,3
2020-04-07 11:43:30,-119.855,0.179955,34,3
2020-04-07 11:43:35,-119.855,0.18026,41,3
2020-04-07 11:43:40,-119.854828,0.180331,51,3
2020-04-07 11:43:45,-119.854536,0.180366,51,3
2020-04-07 11:43:50,-119.854232,0.180377,51,3
2020-04-07 11:43:55,-119.853976,0.180379,39,3
2020-04-07 11:44:00,-119.853663,0.18038,49,3
2020-04-07 11:44:05,-119.85339,0.18038,47,3
2020-04-07 11:44:10,-119.853082,0.18038,45,3
2020-04-07 11:44:15,-119.852814,0.18038,44,3
2020-04-07 11:44:20,-119.852499,0.18038,40,3
2020-04-07 11:44:25,-119.85224,0.18038,42,3
2020-04-07 11:44:30,-119.851949,0.18038,36,3
2020-04-07 11:44:35,-119.851613,0.18038,42,3
2020-04-07 11:44:40,-119.851369,0.18038,42,3
2020-04-07 11:44:45,-119.851056,0.18038,41,3
2020-04-07 11:44:50,-119.850756,0.18038,43,3
2020-04-07 11:44:55,-119.850468,0.18038,49,3
2020-04-07 11:45:00,-119.850198,0.18038,37,3
2020-04-07 11:45:05,-119.849886,0.18038,41,3
2020-04-07 11:45:10,-119.849634,0.18038,45,3
2020-04-07 11:45:15,-119.849341,0.18038,39,3
2020-04-07 11:45:20,-119.849034,0.18038,40,3
2020-04-07 11:45:25,-119.848972,0.180526,35,3
2020-04-07 11:45:30,-119.848743,0.18062,43,3
2020-04-07 11:45:35,-119.848443,0.180656,43,3
2020-04-07 11:45:40,-119.848376,0.180835,43,3
2020-04-07 11:45:45,-119.848143,0.180922,43,3
2020-04-07 11:45:50,-119.847875,0.180948,39,3
2020-04-07 11:45:55,-119.847588,0.180956,40,3
2020-04-07 11:46:00,-119.847282,0.180959,43,3
2020-04-07 11:46:05,-119.846973,0.18096,41,3
2020-04-07 11:46:10,-119.846711,0.18096,40,3
2020-04-07 11:46:15,-119.846418,0.18096,42,3
2020-04-07 11:46:20,-119.846135,0.18096,36,3
2020-04-07 11:46:25,-119.845834,0.18096,41,3
2020-04-07 11:46:30,-119.845574,0.18096,42,3
2020-04-07 11:46:35,-119.845252,0.18096,40,3
2020-04-07 11:46:40,-119.844985,0.18096,41,3
2020-04-07 11:46:45,-119.84468,0.18096,42,3
2020-04-07 11:46:50,-119.844385,0.18096,40,3
2020-04-07 11:46:55,-119.844122,0.18096,43,3
2020-04-07 11:47:00,-119.843809,0.18096,41,3
2020-04-07 11:47:05,-119.843539,0.18096,43,3
2020-04-07 11:47:10,-119.843239,0.18096,39,3
2020-04-07 11:47:15,-119.842934,0.18096,44,3
2020-04-07 11:47:20,-119.842651,0.18096,44,3
2020-04-07 11:47:25,-119.842368,0.18096,39,3
2020-04-07 11:47:30,-119.842284,0.181149,40,3
2020-04-07 11:47:35,-119.842254,0.181418,39,3
2020-04-07 11:47:40,-119.842244,0.181711,43,3
2020-04-07 11:47:45,-119.842241,0.182023,41,3
2020-04-07 11:47:50,-119.84224,0.182295,43,3
2020-04-07 11:47:55,-119.84224,0.18258,44,3
2020-04-07 11:48:00,-119.84224,0.18287,39,3
2020-04-07 11:48:05,-119.84224,0.183185,43,3
2020-04-07 11:48:10,-119.84224,0.183457,42,3
2020-04-07 11:48:15,-119.84224,0.183722,40,3
2020-04-07 11:48:20,-119.84224,0.184036,44,3
2020-04-07 11:48:25,-119.84224,0.184319,46,3
2020-04-07 11:48:30,-119.84224,0.184596,45,3
2020-04-07 11:48:35,-119.84224,0.184928,35,3
2020-04-07 11:48:40,-119.84224,0.185183,41,3
2020-04-07 11:48:45,-119.84224,0.185484,40,3
2020-04-07 11:48:50,-119.84224,0.185792,44,3
2020-04-07 11:48:55,-119.84224,0.186038,43,3
2020-04-07 11:49:00,-119.84224,0.186359,45,3
2020-04-07 11:49:05,-119.84224,0.186621,36,3
2020-04-07 11:49:10,-119.84224,0.186926,42,3
2020-04-07 11:49:15,-119.84224,0.187201,44,3
2020-04-07 11:49:20,-119.842055,0.18729,43,3
2020-04-07 11:49:25,-119.841983,0.187522,40,3
2020-04-07 11:49:30,-119.841773,0.187592,43,3
2020-04-07 11:49:35,-119.841484,0.187619,39,3
2020-04-07 11:49:40,-119.841412,0.18781,50,3
2020-04-07 11:49:45,-119.841195,0.187882,41,3
2020-04-07 11:49:50,-119.840906,0.187909,46,3
2020-04-07 11:49:55,-119.840641,0.187916,39,3
2020-04-07 11:50:00,-119.840342,0.187919,41,3
2020-04-07 11:50:05,-119.840024,0.18792,44,3
2020-04-07 11:50:10,-119.839734,0.18792,39,3
2020-04-07 11:50:15,-119.83948,0.18792,45,3
2020-04-07 11:50:20,-119.83915,0.18792,42,3
2020-04-07 11:50:25,-119.838884,0.18792,37,3
2020-04-07 11:50:30,-119.838589,0.18792,42,3
2020-04-07 11:50:35,-119.838312,0.18792,43,3
2020-04-07 11:50:40,-119.838016,0.18792,46,3
2020-04-07 11:50:45,-119.837717,0.18792,42,3
2020-04-07 11:50:50,-119.837643,0.188104,44,3
2020-04-07 11:50:55,-119.837615,0.188362,41,3
2020-04-07 11:51:00,-119.837603,0.188694,47,3
2020-04-07 11:51:05,-119.837601,0.18894,36,3
2020-04-07 11:51:10,-119.8376,0.189269,39,3
2020-04-07 11:51:15,-119.8376,0.189547,42,3
2020-04-07 11:51:20,-119.8376,0.189833,40,3
2020-04-07 11:51:25,-119.8376,0.19013,41,3
2020-04-07 11:51:30,-119.8376,0.190417,39,3
2020-04-07 11:51:35,-119.8376,0.190686,44,3
2020-04-07 11:51:40,-119.8376,0.190988,41,3
2020-04-07 11:51:45,-119.8376,0.191299,45,3
2020-04-07 11:51:50,-119.8376,0.191551,39,3
2020-04-07 11:51:55,-119.8376,0.191844,43,3
2020-04-07 11:52:00,-119.83742,0.191929,43,3
2020-04-07 11:52:05,-119.837354,0.192134,42,3
2020-04-07 11:52:10,-119.837147,0.192218,41,3
2020-04-07 11:52:15,-119.836829,0.192258,43,3
2020-04-07 11:52:20,-119.836765,0.192451,39,3
2020-04-07 11:52:25,-119.83674,0.192739,41,3
2020-04-07 11:52:30,-119.836732,0.193048,33,3
2020-04-07 11:52:35,-119.836731,0.193304,46,3
2020-04-07 11:52:40,-119.83673,0.193593,45,3
2020-04-07 11:52:45,-119.83673,0.193872,43,3
2020-04-07 11:52:50,-119.83673,0.194158,42,3
2020-04-07 11:52:55,-119.83673,0.194458,44,3
2020-04-07 11:53:00,-119.83673,0.194776,44,3
2020-04-07 11:53:05,-119.836532,0.194847,43,3
2020-04-07 11:53:10,-119.836473,0.195055,45,3
2020-04-07 11:53:15,-119.836448,0.195359,39,3
2020-04-07 11:53:20,-119.836261,0.195423,44,3
2020-04-07 11:53:25,-119.836195,0.195618,36,3
2020-04-07 11:53:30,-119.835963,0.195709,43,3
2020-04-07 11:53:35,-119.835901,0.195908,40,3
2020-04-07 11:53:40,-119.835871,0.196215,40,3
2020-04-07 11:53:45,-119.835683,0.196287,40,3
2020-04-07 11:53:50,-119.835601,0.196529,38,3
2020-04-07 11:53:55,-119.835422,0.19658,43,3
2020-04-07 11:54:00,-119.835328,0.196799,39,3
2020-04-07 11:54:05,-119.835094,0.196876,43,3
2020-04-07 11:54:10,-119.835025,0.197089,43,3
2020-04-07 11:54:15,-119.834999,0.197385,39,3
2020-04-07 11:54:20,-119.834798,0.197456,37,3
2020-04-07 11:54:25,-119.834733,0.197669,39,3
2020-04-07 11:54:30,-119.834549,0.197732,35,3
2020-04-07 11:54:35,-119.834466,0.197934,40,3
2020-04-07 11:54:40,-119.834424,0.198257,41,3
2020-04-07 11:54:45,-119.83425,0.198316,44,3
2020-04-07 11:54:50,-119.834174,0.198511,39,3
2020-04-07 11:54:55,-119.83395,0.198601,43,3
2020-04-07 11:55:00,-119.833881,0.198797,42,3
2020-04-07 11:55:05,-119.833682,0.198881,40,3
2020-04-07 11:55:10,-119.83359,0.199106,48,3
2020-04-07 11:55:15,-119.833364,0.199188,42,3
2020-04-07 11:55:20,-119.833292,0.199396,42,3
2020-04-07 11:55:25,-119.833061,0.199482,40,3
2020-04-07 11:55:30,-119.833004,0.199668,40,3
2020-04-07 11:55:35,-119.832813,0.199749,43,3
2020-04-07 11:55:40,-119.832521,0.19979,41,3
2020-04-07 11:55:45,-119.832201,0.199805,46,3
2020-04-07 11:55:50,-119.831915,0.199809,40,3
2020-04-07 11:55:55,-119.831642,0.19981,40,3
2020-04-07 11:56:00,-119.831357,0.19981,43,3
2020-04-07 11:56:05,-119.831061,0.19981,40,3
2020-04-07 11:56:10,-119.830764,0.19981,43,3
2020-04-07 11:56:15,-119.830453,0.19981,41,3
2020-04-07 11:56:20,-119.830204,0.19981,43,3
2020-04-07 11:56:25,-119.829865,0.19981,45,3
2020-04-07 11:56:30,-119.82959,0.19981,43,3
2020-04-07 11:56:35,-119.829521,0.199629,44,3
2020-04-07 11:56:40,-119.829303,0.199557,48,3
2020-04-07 11:56:45,-119.829036,0.199532,42,3
2020-04-07 11:56:50,-119.828953,0.199348,41,3
2020-04-07 11:56:55,-119.828743,0.199276,45,3
2020-04-07 11:57:00,-119.828437,0.199243,41,3
2020-04-07 11:57:05,-119.828149,0.199234,38,3
2020-04-07 11:57:10,-119.828077,0.199057,37,3
2020-04-07 11:57:15,-119.827882,0.198989,40,3
2020-04-07 11:57:20,-119.827571,0.198954,39,3
2020-04-07 11:57:25,-119.827492,0.198755,38,3
2020-04-07 11:57:30,-119.827261,0.198682,42,3
2020-04-07 11:57:35,-119.826977,0.198659,42,3
2020-04-07 11:57:40,-119.826905,0.198457,47,3
2020-04-07 11:57:45,-119.826711,0.198399,43,3
2020-04-07 11:57:50,-119.826425,0.198373,44,3
2020-04-07 11:57:55,-119.826115,0.198363,45,3
2020-04-07 11:58:00,-119.825828,0.198361,35,3
2020-04-07 11:58:05,-119.825546,0.19836,42,3
2020-04-07 11:58:10,-119.825261,0.19836,36,3
2020-04-07 11:58:15,-119.824984,0.19836,43,3
2020-04-07 11:58:20,-119.82489,0.19855,42,3
2020-04-07 11:58:25,-119.824678,0.198612,41,3
2020-04-07 11:58:30,-119.824596,0.198823,37,3
2020-04-07 11:58:35,-119.824374,0.1989,41,3
2020-04-07 11:58:40,-119.824305,0.1991,39,3
2020-04-07 11:58:45,-119.824071,0.199191,42,3
2020-04-07 11:58:50,-119.824013,0.199379,43,3
2020-04-07 11:58:55,-119.823824,0.199459,36,3
2020-04-07 11:59:00,-119.823723,0.199705,41,3
2020-04-07 11:59:05,-119.823511,0.199772,46,3
2020-04-07 11:59:10,-119.823438,0.199969,43,3
2020-04-07 11:59:15,-119.82321,0.200057,36,3
2020-04-07 11:59:20,-119.823144,0.200256,44,3
2020-04-07 11:59:25,-119.822947,0.200335,38,3
2020-04-07 11:59:30,-119.822853,0.200572,40,3
2020-04-07 11:59:35,-119.82266,0.200634,44,3
2020-04-07 11:59:40,-119.82258,0.200825,45,3
2020-04-07 11:59:45,-119.822342,0.200924,34,3
2020-04-07 11:59:50,-119.822276,0.201121,44,3
2020-04-07 11:59:55,-119.822048,0.201215,46,3
2020-04-07 12:00:00,-119.821973,0.201448,40,3
2020-04-07 12:00:05,-119.821782,0.201509,49,3
2020-04-07 12:00:10,-119.821703,0.201707,42,3
2020-04-07 12:00:15,-119.821465,0.201799,42,3
2020-04-07 12:00:20,-119.8212,0.201827,40,3
2020-04-07 12:00:25,-119.821117,0.202021,43,3
2020-04-07 12:00:30,-119.820895,0.202093,38,3
2020-04-07 12:00:35,-119.820624,0.202118,41,3
2020-04-07 12:00:40,-119.820308,0.202127,42,3
2020-04-07 12:00:45,-119.820007,0.202129,43,3
2020-04-07 12:00:50,-119.81974,0.20213,43,3
2020-04-07 12:00:55,-119.819469,0.20213,39,3
2020-04-07 12:01:00,-119.819177,0.20213,44,3
2020-04-07 12:01:05,-119.818865,0.20213,40,3
2020-04-07 12:01:10,-119.81858,0.20213,42,3
2020-04-07 12:01:15,-119.818283,0.20213,44,3
2020-04-07 12:01:20,-119.818017,0.20213,44,3
2020-04-07 12:01:25,-119.817712,0.20213,39,3
2020-04-07 12:01:30,-119.817649,0.202281,38,3
2020-04-07 12:01:35,-119.817607,0.202587,41,3
2020-04-07 12:01:40,-119.817596,0.202863,45,3
2020-04-07 12:01:45,-119.817418,0.202945,43,3
2020-04-07 12:01:50,-119.81734,0.203173,42,3
2020-04-07 12:01:55,-119.81731,0.203474,42,3
2020-04-07 12:02:00,-119.817303,0.20376,37,3
2020-04-07 12:02:05,-119.817128,0.203826,43,3
2020-04-07 12:02:10,-119.817055,0.204033,45,3
2020-04-07 12:02:15,-119.817024,0.204322,35,3
2020-04-07 12:02:20,-119.817013,0.204644,39,3
2020-04-07 12:02:25,-119.816824,0.204706,44,3
2020-04-07 12:02:30,-119.816759,0.204908,38,3
2020-04-07 12:02:35,-119.816729,0.205226,43,3
2020-04-07 12:02:40,-119.816723,0.205488,41,3
2020-04-07 12:02:45,-119.81653,0.205568,39,3
2020-04-07 12:02:50,-119.816463,0.205791,40,3
2020-04-07 12:02:55,-119.81644,0.206071,43,3
2020-04-07 12:03:00,-119.816433,0.206362,39,3
2020-04-07 12:03:05,-119.816281,0.206423,41,3
2020-04-07 12:03:10,-119.816191,0.206644,40,3
2020-04-07 12:03:15,-119.816153,0.206952,42,3
2020-04-07 12:03:20,-119.816144,0.20724,43,3
2020-04-07 12:03:25,-119.815955,0.207311,40,3
2020-04-07 12:03:30,-119.815888,0.207522,41,3
2020-04-07 12:03:35,-119.815859,0.207831,38,3
2020-04-07 12:03:40,-119.815853,0.20808,42,3
2020-04-07 12:03:45,-119.815851,0.208398,42,3
2020-04-07 12:03:50,-119.815671,0.208467,39,3
2020-04-07 12:03:55,-119.815597,0.208689,40,3
2020-04-07 12:04:00,-119.815573,0.208951,48,3
2020-04-07 12:04:05,-119.815564,0.209254,35,3
2020-04-07 12:04:10,-119.815387,0.20933,41,3
2020-04-07 12:04:15,-119.815316,0.209536,44,3
2020-04-07 12:04:20,-119.815284,0.209834,42,3
2020-04-07 12:04:25,-119.815274,0.21013,42,3
2020-04-07 12:04:30,-119.81509,0.210205,42,3
2020-04-07 12:04:35,-119.815026,0.210398,42,3
2020-04-07 12:04:40,-119.814995,0.210688,38,3
2020-04-07 12:04:45,-119.814984,0.211008,42,3
2020-04-07 12:04:50,-119.814834,0.211065,39,3
2020-04-07 12:04:55,-119.81475,0.211266,43,3
2020-04-07 12:05:00,-119.814705,0.211589,41,3
2020-04-07 12:05:05,-119.814695,0.211847,40,3
2020-04-07 12:05:10,-119.814529,0.211928,43,3
2020-04-07 12:05:15,-119.814441,0.212169,37,4
2020-04-07 12:05:20,-119.814411,0.212463,43,4
2020-04-07 12:05:25,-119.814404,0.212719,39,4
2020-04-07 12:05:30,-119.814247,0.212794,40,4
2020-04-07 12:05:35,-119.814153,0.213039,43,4
2020-04-07 12:05:40,-119.814125,0.213299,40,4
2020-04-07 12:05:45,-119.814115,0.213591,42,4
2020-04-07 12:05:50,-119.81395,0.213669,43,4
2020-04-07 12:05:55,-119.813862,0.213907,40,4
2020-04-07 12:06:00,-119.813835,0.214169,42,4
2020-04-07 12:06:05,-119.813824,0.214474,40,4
2020-04-07 12:06:10,-119.81367,0.21454,43,4
2020-04-07 12:06:15,-119.813588,0.214745,39,4
2020-04-07 12:06:20,-119.813545,0.21507,46,4
2020-04-07 12:06:25,-119.813372,0.215133,42,4
2020-04-07 12:06:30,-119.813288,0.215348,40,4
2020-04-07 12:06:35,-119.813255,0.215628,44,4
2020-04-07 12:06:40,-119.813244,0.215937,35,4
2020-04-07 12:06:45,-119.813244,0.215937,39,4
2020-04-07 12:06:50,-119.813244,0.215937,42,4
2020-04-07 12:06:55,-119.813244,0.215937,40,4
2020-04-07 12:07:00,-119.813244,0.215937,39,4
2020-04-07 12:07:05,-119.813244,0.215937,44,4
2020-04-07 12:07:10,-119.813244,0.215937,42,4
2020-04-07 12:07:15,-119.813244,0.215937,36,4
2020-04-07 12:07:20,-119.813244,0.215937,42,4
2020-04-07 12:07:25,-119.813244,0.215937,38,4
2020-04-07 12:07:30,-119.813244,0.215937,41,4
2020-04-07 12:07:35,-119.813244,0.215937,44,4
2020-04-07 12:07:40,-119.813244,0.215937,39,4
2020-04-07 12:07:45,-119.813244,0.215937,38,4
2020-04-07 12:07:50,-119.813244,0.215937,38,4
2020-04-07 12:07:55,-119.813244,0.215937,37,4
2020-04-07 12:08:00,-119.813244,0.215937,43,4
2020-04-07 12:08:05,-119.813244,0.215937,36,4
2020-04-07 12:08:10,-119.813244,0.215937,45,4
2020-04-07 12:08:15,-119.813244,0.215937,41,4
2020-04-07 12:08:20,-119.813244,0.215937,38,4
2020-04-07 12:08:25,-119.813244,0.215937,46,4
2020-04-07 12:08:30,-119.813244,0.215937,40,4
2020-04-07 12:08:35,-119.813244,0.215937,42,4
2020-04-07 12:08:40,-119.813244,0.215937,40,4
2020-04-07 12:08:45,-119.813244,0.215937,42,4
2020-04-07 12:08:50,-119.813244,0.215937,44,4
2020-04-07 12:08:55,-119.813244,0.215937,37,4
2020-04-07 12:09:00,-119.813244,0.215937,38,4
2020-04-07 12:09:05,-119.813244,0.215937,47,4
2020-04-07 12:09:10,-119.813244,0.215937,40,4
2020-04-07 12:09:15,-119.813244,0.215937,43,4
2020-04-07 12:09:20,-119.813244,0.215937,40,4
2020-04-07 12:09:25,-119.813244,0.215937,42,4
2020-04-07 12:09:30,-119.813244,0.215937,47,4
2020-04-07 12:09:35,-119.813244,0.215937,43,4
2020-04-07 12:09:40,-119.813244,0.215937,41,4
2020-04-07 12:09:45,-119.813244,0.215937,43,4
2020-04-07 12:09:50,-119.813244,0.215937,42,4
2020-04-07 12:09:55,-119.813244,0.215937,44,4
2020-04-07 12:10:00,-119.813244,0.215937,38,4
2020-04-07 12:10:05,-119.813244,0.215937,44,4
2020-04-07 12:10:10,-119.813244,0.215937,42,4
2020-04-07 12:10:15,-119.813244,0.215937,38,4
2020-04-07 12:10:20,-119.813244,0.215937,42,4
2020-04-07 12:10:25,-119.813244,0.215937,41,4
2020-04-07 12:10:30,-119.813244,0.215937,42,4
2020-04-07 12:10:35,-119.813244,0.215937,45,4
2020-04-07 12:10:40,-119.813244,0.215937,44,4
2020-04-07 12:10:45,-119.813244,0.215937,42,4
2020-04-07 12:10:50,-119.813244,0.215937,41,4
2020-04-07 12:10:55,-119.813244,0.215937,40,4
2020-04-07 12:11:00,-119.813244,0.215937,45,4
2020-04-07 12:11:05,-119.813244,0.215937,47,4
2020-04-07 12:11:10,-119.813244,0.215937,37,4
2020-04-07 12:11:15,-119.813244,0.215937,40,4
2020-04-07 12:11:20,-119.813244,0.215937,43,4
2020-04-07 12:11:25,-119.813244,0.215937,44,4
2020-04-07 12:11:30,-119.813244,0.215937,47,4
2020-04-07 12:11:35,-119.813244,0.215937,40,4
2020-04-07 12:11:40,-119.813244,0.215937,39,4
2020-04-07 12:11:45,-119.813244,0.215937,42,4
2020-04-07 12:11:50,-119.813244,0.215937,38,4
2020-04-07 12:11:55,-119.813244,0.215937,42,4
2020-04-07 12:12:00,-119.813244,0.215937,45,4
2020-04-07 12:12:05,-119.813244,0.215937,36,4
2020-04-07 12:12:10,-119.813244,0.215937,40,4
2020-04-07 12:12:15,-119.813244,0.215937,37,4
2020-04-07 12:12:20,-119.813244,0.215937,41,4
2020-04-07 12:12:25,-119.813244,0.215937,43,4
2020-04-07 12:12:30,-119.813244,0.215937,41,4
2020-04-07 12:12:35,-119.813244,0.215937,39,4
2020-04-07 12:12:40,-119.813244,0.215937,42,4
2020-04-07 12:12:45,-119.813244,0.215937,42,4
2020-04-07 12:12:50,-119.813244,0.215937,45,4
2020-04-07 12:12:55,-119.813244,0.215937,42,4
2020-04-07 12:13:00,-119.813244,0.215937,39,4
2020-04-07 12:13:05,-119.813244,0.215937,42,4
2020-04-07 12:13:10,-119.813244,0.215937,38,4
2020-04-07 12:13:15,-119.813244,0.215937,41,4
2020-04-07 12:13:20,-119.813244,0.215937,38,4
2020-04-07 12:13:25,-119.813244,0.215937,36,4
2020-04-07 12:13:30,-119.813244,0.215937,43,4
2020-04-07 12:13:35,-119.813244,0.215937,43,4
2020-04-07 12:13:40,-119.813244,0.215937,43,4
2020-04-07 12:13:45,-119.813244,0.215937,38,4
2020-04-07 12:13:50,-119.813244,0.215937,41,4
2020-04-07 12:13:55,-119.813244,0.215937,47,4
2020-04-07 12:14:00,-119.813244,0.215937,43,4
2020-04-07 12:14:05,-119.813244,0.215937,42,4
2020-04-07 12:14:10,-119.813244,0.215937,41,4
2020-04-07 12:14:15,-119.813244,0.215937,44,4
2020-04-07 12:14:20,-119.813244,0.215937,37,4
2020-04-07 12:14:25,-119.813244,0.215937,42,4
2020-04-07 12:14:30,-119.813244,0.215937,40,4
2020-04-07 12:14:35,-119.813244,0.215937,46,4
2020-04-07 12:14:40,-119.813244,0.215937,40,4
2020-04-07 12:14:45,-119.813244,0.215937,40,4
2020-04-07 12:14:50,-119.813244,0.215937,41,4
2020-04-07 12:14:55,-119.813244,0.215937,36,4
2020-04-07 12:15:00,-119.813244,0.215937,42,4
2020-04-07 12:15:05,-119.813244,0.215937,38,4
2020-04-07 12:15:10,-119.813244,0.215937,44,4
2020-04-07 12:15:15,-119.813244,0.215937,40,4
2020-04-07 12:15:20,-119.813244,0.215937,41,4
2020-04-07 12:15:25,-119.813244,0.215937,49,4
2020-04-07 12:15:30,-119.813244,0.215937,38,4
2020-04-07 12:15:35,-119.813244,0.215937,45,4
2020-04-07 12:15:40,-119.813244,0.215937,43,4
2020-04-07 12:15:45,-119.813244,0.215937,36,4
2020-04-07 12:15:50,-119.813244,0.215937,41,4
2020-04-07 12:15:55,-119.813244,0.215937,38,4
2020-04-07 12:16:00,-119.813244,0.215937,37,4
2020-04-07 12:16:05,-119.813244,0.215937,39,4
2020-04-07 12:16:10,-119.813244,0.215937,41,4
2020-04-07 12:16:15,-119.813244,0.215937,43,4
2020-04-07 12:16:20,-119.813244,0.215937,38,4
2020-04-07 12:16:25,-119.813244,0.215937,43,4
2020-04-07 12:16:30,-119.813244,0.215937,43,4
2020-04-07 12:16:35,-119.813244,0.215937,43,4
2020-04-07 12:16:40,-119.813244,0.215937,44,4
2020-04-07 12:16:45,-119.813244,0.215937,44,4
2020-04-07 12:16:50,-119.813244,0.215937,40,4
2020-04-07 12:16:55,-119.813244,0.215937,39,4
2020-04-07 12:17:00,-119.813244,0.215937,42,4
2020-04-07 12:17:05,-119.813244,0.215937,44,4
2020-04-07 12:17:10,-119.813244,0.215937,44,4
2020-04-07 12:17:15,-119.813244,0.215937,38,4
2020-04-07 12:17:20,-119.813244,0.215937,41,4
2020-04-07 12:17:25,-119.813244,0.215937,41,4
2020-04-07 12:17:30,-119.813244,0.215937,36,4
2020-04-07 12:17:35,-119.813244,0.215937,46,4
2020-04-07 12:17:40,-119.813244,0.215937,43,4
2020-04-07 12:17:45,-119.813244,0.215937,45,4
2020-04-07 12:17:50,-119.813244,0.215937,44,4
2020-04-07 12:17:55,-119.813244,0.215937,41,4
2020-04-07 12:18:00,-119.813244,0.215937,40,4
2020-04-07 12:18:05,-119.813244,0.215937,38,4
2020-04-07 12:18:10,-119.813244,0.215937,41,4
2020-04-07 12:18:15,-119.813244,0.215937,44,4
2020-04-07 12:18:20,-119.813244,0.215937,41,4
2020-04-07 12:18:25,-119.813244,0.215937,40,4
2020-04-07 12:18:30,-119.813244,0.215937,38,4
2020-04-07 12:18:35,-119.813244,0.215937,39,4
2020-04-07 12:18:40,-119.813244,0.215937,39,4
2020-04-07 12:18:45,-119.813244,0.215937,40,4
2020-04-07 12:18:50,-119.813244,0.215937,44,4
2020-04-07 12:18:55,-119.813244,0.215937,41,4
2020-04-07 12:19:00,-119.813244,0.215937,39,4
2020-04-07 12:19:05,-119.813244,0.215937,39,4
2020-04-07 12:19:10,-119.813244,0.215937,36,4
2020-04-07 12:19:15,-119.813244,0.215937,47,4
2020-04-07 12:19:20,-119.813244,0.215937,39,4
2020-04-07 12:19:25,-119.813244,0.215937,38,4
2020-04-07 12:19:30,-119.813244,0.215937,37,4
2020-04-07 12:19:35,-119.813244,0.215937,42,4
2020-04-07 12:19:40,-119.813244,0.215937,41,4
2020-04-07 12:19:45,-119.813244,0.215937,38,4
2020-04-07 12:19:50,-119.813244,0.215937,39,4
2020-04-07 12:19:55,-119.813244,0.215937,42,4
2020-04-07 12:20:00,-119.813244,0.215937,46,4
2020-04-07 12:20:05,-119.813244,0.215937,44,4
2020-04-07 12:20:10,-119.813244,0.215937,41,4
2020-04-07 12:20:15,-119.813244,0.215937,37,4
2020-04-07 12:20:20,-119.813244,0.215937,43,4
2020-04-07 12:20:25,-119.813244,0.215937,36,4
2020-04-07 12:20:30,-119.813244,0.215937,45,4
2020-04-07 12:20:35,-119.813244,0.215937,43,4
2020-04-07 12:20:40,-119.813244,0.215937,43,4
2020-04-07 12:20:45,-119.813244,0.215937,37,4
2020-04-07 12:20:50,-119.813244,0.215937,35,4
2020-04-07 12:20:55,-119.813244,0.215937,40,4
2020-04-07 12:21:00,-119.813244,0.215937,42,4
2020-04-07 12:21:05,-119.813244,0.215937,37,4
2020-04-07 12:21:10,-119.813244,0.215937,41,4
2020-04-07 12:21:15,-119.813244,0.215937,36,4
2020-04-07 12:21:20,-119.813244,0.215937,38,4
2020-04-07 12:21:25,-119.813244,0.215937,43,4
2020-04-07 12:21:30,-119.813244,0.215937,36,4
2020-04-07 12:21:35,-119.813244,0.215937,41,4
2020-04-07 12:21:40,-119.813244,0.215937,40,4
2020-04-07 12:21:45,-119.813244,0.215937,41,4
2020-04-07 12:21:50,-119.813244,0.215937,41,4
2020-04-07 12:21:55,-119.813244,0.215937,38,4
2020-04-07 12:22:00,-119.813244,0.215937,35,4
2020-04-07 12:22:05,-119.813244,0.215937,41,4
2020-04-07 12:22:10,-119.813244,0.215937,41,4
2020-04-07 12:22:15,-119.813244,0.215937,41,4
2020-04-07 12:22:20,-119.813244,0.215937,42,4
2020-04-07 12:22:25,-119.813244,0.215937,43,4
2020-04-07 12:22:30,-119.813244,0.215937,39,4
2020-04-07 12:22:35,-119.813244,0.215937,43,4
2020-04-07 12:22:40,-119.813244,0.215937,46,4
2020-04-07 12:22:45,-119.813244,0.215937,44,4
2020-04-07 12:22:50,-119.813244,0.215937,42,4
2020-04-07 12:22:55,-119.813244,0.215937,40,4
2020-04-07 12:23:00,-119.813244,0.215937,40,4
2020-04-07 12:23:05,-119.813244,0.215937,42,4
2020-04-07 12:23:10,-119.813244,0.215937,37,4
2020-04-07 12:23:15,-119.813244,0.215937,39,4
2020-04-07 12:23:20,-119.813244,0.215937,35,4
2020-04-07 12:23:25,-119.813244,0.215937,36,4
2020-04-07 12:23:30,-119.813244,0.215937,40,4
2020-04-07 12:23:35,-119.813244,0.215937,44,4
2020-04-07 12:23:40,-119.813244,0.215937,42,4
2020-04-07 12:23:45,-119.813244,0.215937,40,4
2020-04-07 12:23:50,-119.813244,0.215937,41,4
2020-04-07 12:23:55,-119.813244,0.215937,43,4
2020-04-07 12:24:00,-119.813244,0.215937,36,4
2020-04-07 12:24:05,-119.813244,0.215937,41,4
2020-04-07 12:24:10,-119.813244,0.215937,45,4
2020-04-07 12:24:15,-119.813244,0.215937,36,4
2020-04-07 12:24:20,-119.813244,0.215937,38,4
2020-04-07 12:24:25,-119.813244,0.215937,43,4
2020-04-07 12:24:30,-119.813244,0.215937,38,4
2020-04-07 12:24:35,-119.813244,0.215937,44,4
2020-04-07 12:24:40,-119.813244,0.215937,40,4
2020-04-07 12:24:45,-119.813244,0.215937,45,4
2020-04-07 12:24:50,-119.813244,0.215937,40,4
2020-04-07 12:24:55,-119.813244,0.215937,40,4
2020-04-07 12:25:00,-119.813244,0.215937,39,4
2020-04-07 12:25:05,-119.813244,0.215937,39,4
2020-04-07 12:25:10,-119.813244,0.215937,43,4
2020-04-07 12:25:15,-119.813244,0.215937,43,4
2020-04-07 12:25:20,-119.813244,0.215937,46,4
2020-04-07 12:25:25,-119.813244,0.215937,43,4
2020-04-07 12:25:30,-119.813244,0.215937,39,4
2020-04-07 12:25:35,-119.813244,0.215937,38,4
2020-04-07 12:25:40,-119.813244,0.215937,39,4
2020-04-07 12:25:45,-119.813244,0.215937,40,4
2020-04-07 12:25:50,-119.813244,0.215937,40,4
2020-04-07 12:25:55,-119.813244,0.215937,31,4
2020-04-07 12:26:00,-119.813244,0.215937,44,4
2020-04-07 12:26:05,-119.813244,0.215937,45,4
2020-04-07 12:26:10,-119.813244,0.215937,41,4
2020-04-07 12:26:15,-119.813244,0.215937,40,4
2020-04-07 12:26:20,-119.813244,0.215937,42,4
2020-04-07 12:26:25,-119.813244,0.215937,39,4
2020-04-07 12:26:30,-119.813244,0.215937,43,4
2020-04-07 12:26:35,-119.813244,0.215937,44,4
2020-04-07 12:26:40,-119.813244,0.215937,38,4
2020-04-07 12:26:45,-119.813244,0.215937,41,4
2020-04-07 12:26:50,-119.813244,0.215937,42,4
2020-04-07 12:26:55,-119.813244,0.215937,41,4
2020-04-07 12:27:00,-119.813244,0.215937,38,4
2020-04-07 12:27:05,-119.813244,0.215937,43,4
2020-04-07 12:27:10,-119.813244,0.215937,43,4
2020-04-07 12:27:15,-119.813244,0.215937,42,4
2020-04-07 12:27:20,-119.813244,0.215937,44,4
2020-04-07 12:27:25,-119.813244,0.215937,42,4
2020-04-07 12:27:30,-119.813244,0.215937,40,4
2020-04-07 12:27:35,-119.813244,0.215937,42,4
2020-04-07 12:27:40,-119.813244,0.215937,42,4
2020-04-07 12:27:45,-119.813244,0.215937,42,4
2020-04-07 12:27:50,-119.813244,0.215937,46,4
2020-04-07 12:27:55,-119.813244,0.215937,42,4
2020-04-07 12:28:00,-119.813244,0.215937,37,4
2020-04-07 12:28:05,-119.813244,0.215937,43,4
2020-04-07 12:28:10,-119.813244,0.215937,42,4
2020-04-07 12:28:15,-119.813244,0.215937,44,4
2020-04-07 12:28:20,-119.813244,0.215937,47,4
2020-04-07 12:28:25,-119.813244,0.215937,41,4
2020-04-07 12:28:30,-119.813244,0.215937,46,4
2020-04-07 12:28:35,-119.813244,0.215937,38,4
2020-04-07 12:28:40,-119.813244,0.215937,43,4
2020-04-07 12:28:45,-119.813244,0.215937,45,4
2020-04-07 12:28:50,-119.813244,0.215937,43,4
2020-04-07 12:28:55,-119.813244,0.215937,39,4
2020-04-07 12:29:00,-119.813244,0.215937,38,4
2020-04-07 12:29:05,-119.813244,0.215937,47,4
2020-04-07 12:29:10,-119.813244,0.215937,41,4
2020-04-07 12:29:15,-119.813244,0.215937,40,4
2020-04-07 12:29:20,-119.813244,0.215937,41,4
2020-04-07 12:29:25,-119.813244,0.215937,43,4
2020-04-07 12:29:30,-119.813244,0.215937,41,4
2020-04-07 12:29:35,-119.813244,0.215937,42,4
2020-04-07 12:29:40,-119.813244,0.215937,41,4
2020-04-07 12:29:45,-119.813244,0.215937,40,4
2020-04-07 12:29:50,-119.813244,0.215937,42,4
2020-04-07 12:29:55,-119.813244,0.215937,39,4
2020-04-07 12:30:00,-119.813244,0.215937,40,4
2020-04-07 12:30:05,-119.813244,0.215937,43,4
2020-04-07 12:30:10,-119.813244,0.215937,37,4
2020-04-07 12:30:15,-119.813244,0.215937,45,4
2020-04-07 12:30:20,-119.813244,0.215937,45,4
2020-04-07 12:30:25,-119.813244,0.215937,40,4
2020-04-07 12:30:30,-119.813244,0.215937,44,4
2020-04-07 12:30:35,-119.813244,0.215937,43,4
2020-04-07 12:30:40,-119.813244,0.215937,37,4
2020-04-07 12:30:45,-119.813244,0.215937,45,4
2020-04-07 12:30:50,-119.813244,0.215937,43,4
2020-04-07 12:30:55,-119.813244,0.215937,41,4
2020-04-07 12:31:00,-119.813244,0.215937,38,4
2020-04-07 12:31:05,-119.813244,0.215937,45,4
2020-04-07 12:31:10,-119.813244,0.215937,43,4
2020-04-07 12:31:15,-119.813244,0.215937,39,4
2020-04-07 12:31:20,-119.813244,0.215937,38,4
2020-04-07 12:31:25,-119.813244,0.215937,44,4
2020-04-07 12:31:30,-119.813244,0.215937,43,4
2020-04-07 12:31:35,-119.813244,0.215937,41,4
2020-04-07 12:31:40,-119.813244,0.215937,43,4
2020-04-07 12:31:45,-119.813244,0.215937,46,4
2020-04-07 12:31:50,-119.813244,0.215937,45,4
2020-04-07 12:31:55,-119.813244,0.215937,37,4
2020-04-07 12:32:00,-119.813244,0.215937,37,4
2020-04-07 12:32:05,-119.813244,0.215937,42,4
2020-04-07 12:32:10,-119.813244,0.215937,43,4
2020-04-07 12:32:15,-119.813244,0.215937,37,4
2020-04-07 12:32:20,-119.813244,0.215937,44,4
2020-04-07 12:32:25,-119.813244,0.215937,48,4
2020-04-07 12:32:30,-119.813244,0.215937,43,4
2020-04-07 12:32:35,-119.813244,0.215937,45,4
2020-04-07 12:32:40,-119.813244,0.215937,37,4
2020-04-07 12:32:45,-119.813244,0.215937,43,4
2020-04-07 12:32:50,-119.813244,0.215937,40,4
2020-04-07 12:32:55,-119.813244,0.215937,43,4
2020-04-07 12:33:00,-119.813244,0.215937,38,4
2020-04-07 12:33:05,-119.813244,0.215937,37,4
2020-04-07 12:33:10,-119.813244,0.215937,40,4
2020-04-07 12:33:15,-119.813244,0.215937,41,4
2020-04-07 12:33:20,-119.813244,0.215937,41,4
2020-04-07 12:33:25,-119.813244,0.215937,36,4
2020-04-07 12:33:30,-119.813244,0.215937,45,4
2020-04-07 12:33:35,-119.813244,0.215937,48,4
2020-04-07 12:33:40,-119.813244,0.215937,42,4
2020-04-07 12:33:45,-119.813244,0.215937,44,4
2020-04-07 12:33:50,-119.813244,0.215937,42,4
2020-04-07 12:33:55,-119.813244,0.215937,41,4
2020-04-07 12:34:00,-119.813244,0.215937,39,4
2020-04-07 12:34:05,-119.813244,0.215937,38,4
2020-04-07 12:34:10,-119.813244,0.215937,39,4
2020-04-07 12:34:15,-119.813244,0.215937,45,4
2020-04-07 12:34:20,-119.813244,0.215937,40,4
2020-04-07 12:34:25,-119.813244,0.215937,43,4
2020-04-07 12:34:30,-119.813244,0.215937,44,4
2020-04-07 12:34:35,-119.813244,0.215937,43,4
2020-04-07 12:34:40,-119.813244,0.215937,42,4
2020-04-07 12:34:45,-119.813244,0.215937,45,4
2020-04-07 12:34:50,-119.813244,0.215937,41,4
2020-04-07 12:34:55,-119.813244,0.215937,41,4
2020-04-07 12:35:00,-119.813244,0.215937,48,4
2020-04-07 12:35:05,-119.813244,0.215937,41,4
2020-04-07 12:35:10,-119.813244,0.215937,42,4
2020-04-07 12:35:15,-119.813244,0.215937,45,4
2020-04-07 12:35:20,-119.813244,0.215937,39,4
2020-04-07 12:35:25,-119.813244,0.215937,40,4
2020-04-07 12:35:30,-119.813244,0.215937,45,4
2020-04-07 12:35:35,-119.813244,0.215937,44,4
2020-04-07 12:35:40,-119.813244,0.215937,41,4
2020-04-07 12:35:45,-119.813244,0.215937,43,4
2020-04-07 12:35:50,-119.813244,0.215937,35,4
2020-04-07 12:35:55,-119.813244,0.215937,39,4
2020-04-07 12:36:00,-119.813244,0.215937,41,4
2020-04-07 12:36:05,-119.813244,0.215937,44,4
2020-04-07 12:36:10,-119.813244,0.215937,34,4
2020-04-07 12:36:15,-119.813244,0.215937,42,4
2020-04-07 12:36:20,-119.813244,0.215937,43,4
2020-04-07 12:36:25,-119.813244,0.215937,42,4
2020-04-07 12:36:30,-119.813244,0.215937,43,4
2020-04-07 12:36:35,-119.813244,0.215937,46,4
2020-04-07 12:36:40,-119.813244,0.215937,41,4
2020-04-07 12:36:45,-119.813244,0.215937,44,4
2020-04-07 12:36:50,-119.813244,0.215937,39,4
2020-04-07 12:36:55,-119.813244,0.215937,42,4
2020-04-07 12:37:00,-119.813244,0.215937,45,4
2020-04-07 12:37:05,-119.813244,0.215937,42,4
2020-04-07 12:37:10,-119.813244,0.215937,36,4
2020-04-07 12:37:15,-119.813244,0.215937,42,4
2020-04-07 12:37:20,-119.813244,0.215937,44,4
2020-04-07 12:37:25,-119.813244,0.215937,44,4
2020-04-07 12:37:30,-119.813244,0.215937,42,4
2020-04-07 12:37:35,-119.813244,0.215937,38,4
2020-04-07 12:37:40,-119.813244,0.215937,41,4
2020-04-07 12:37:45,-119.813244,0.215937,46,4
2020-04-07 12:37:50,-119.813244,0.215937,41,4
2020-04-07 12:37:55,-119.813244,0.215937,42,4
2020-04-07 12:38:00,-119.813244,0.215937,45,4
2020-04-07 12:38:05,-119.813244,0.215937,45,4
2020-04-07 12:38:10,-119.813244,0.215937,48,4
2020-04-07 12:38:15,-119.813244,0.215937,38,4
2020-04-07 12:38:20,-119.813244,0.215937,41,4
2020-04-07 12:38:25,-119.813244,0.215937,42,4
2020-04-07 12:38:30,-119.813244,0.215937,42,4
2020-04-07 12:38:35,-119.813244,0.215937,41,4
2020-04-07 12:38:40,-119.813244,0.215937,39,4
2020-04-07 12:38:45,-119.813244,0.215937,43,4
2020-04-07 12:38:50,-119.813244,0.215937,39,4
2020-04-07 12:38:55,-119.813244,0.215937,40,4
2020-04-07 12:39:00,-119.813244,0.215937,44,4
2020-04-07 12:39:05,-119.813244,0.215937,41,4
2020-04-07 12:39:10,-119.813244,0.215937,35,4
2020-04-07 12:39:15,-119.813244,0.215937,39,4
2020-04-07 12:39:20,-119.813244,0.215937,42,4
2020-04-07 12:39:25,-119.813244,0.215937,43,4
2020-04-07 12:39:30,-119.813244,0.215937,40,4
2020-04-07 12:39:35,-119.813244,0.215937,36,4
2020-04-07 12:39:40,-119.813244,0.215937,43,4
2020-04-07 12:39:45,-119.813244,0.215937,34,4
2020-04-07 12:39:50,-119.813244,0.215937,42,4
2020-04-07 12:39:55,-119.813244,0.215937,43,4
2020-04-07 12:40:00,-119.813244,0.215937,40,4
2020-04-07 12:40:05,-119.813244,0.215937,37,4
2020-04-07 12:40:10,-119.813244,0.215937,42,4
2020-04-07 12:40:15,-119.813244,0.215937,38,4
2020-04-07 12:40:20,-119.813244,0.215937,40,4
2020-04-07 12:40:25,-119.813244,0.215937,42,4
2020-04-07 12:40:30,-119.813244,0.215937,38,4
2020-04-07 12:40:35,-119.813244,0.215937,44,4
2020-04-07 12:40:40,-119.813244,0.215937,40,4
2020-04-07 12:40:45,-119.813244,0.215937,39,4
2020-04-07 12:40:50,-119.813244,0.215937,41,4
2020-04-07 12:40:55,-119.813244,0.215937,44,4
2020-04-07 12:41:00,-119.813244,0.215937,41,4
2020-04-07 12:41:05,-119.813244,0.215937,42,4
2020-04-07 12:41:10,-119.813244,0.215937,45,4
2020-04-07 12:41:15,-119.813244,0.215937,42,4
2020-04-07 12:41:20,-119.813244,0.215937,40,4
2020-04-07 12:41:25,-119.813244,0.215937,40,4
2020-04-07 12:41:30,-119.813244,0.215937,45,4
2020-04-07 12:41:35,-119.813244,0.215937,42,4
2020-04-07 12:41:40,-119.813244,0.215937,41,4
2020-04-07 12:41:45,-119.813244,0.215937,41,4
2020-04-07 12:41:50,-119.813244,0.215937,40,4
2020-04-07 12:41:55,-119.813244,0.215937,41,4
2020-04-07 12:42:00,-119.813244,0.215937,39,4
2020-04-07 12:42:05,-119.813244,0.215937,40,4
2020-04-07 12:42:10,-119.813244,0.215937,42,4
2020-04-07 12:42:15,-119.813244,0.215937,41,4
2020-04-07 12:42:20,-119.813244,0.215937,39,4
2020-04-07 12:42:25,-119.813244,0.215937,38,4
2020-04-07 12:42:30,-119.813244,0.215937,43,4
2020-04-07 12:42:35,-119.813244,0.215937,39,4
2020-04-07 12:42:40,-119.813244,0.215937,44,4
2020-04-07 12:42:45,-119.813244,0.215937,37,4
2020-04-07 12:42:50,-119.813244,0.215937,39,4
2020-04-07 12:42:55,-119.813244,0.215937,42,4
2020-04-07 12:43:00,-119.813244,0.215937,40,4
2020-04-07 12:43:05,-119.813244,0.215937,39,4
2020-04-07 12:43:10,-119.813244,0.215937,44,4
2020-04-07 12:43:15,-119.813244,0.215937,41,4
2020-04-07 12:43:20,-119.813244,0.215937,40,4
2020-04-07 12:43:25,-119.813244,0.215937,41,4
2020-04-07 12:43:30,-119.813244,0.215937,44,4
2020-04-07 12:43:35,-119.813244,0.215937,40,4
2020-04-07 12:43:40,-119.813244,0.215937,43,4
2020-04-07 12:43:45,-119.813244,0.215937,42,4
2020-04-07 12:43:50,-119.813244,0.215937,46,4
2020-04-07 12:43:55,-119.813244,0.215937,43,4
2020-04-07 12:44:00,-119.813244,0.215937,46,4
2020-04-07 12:44:05,-119.813244,0.215937,39,4
2020-04-07 12:44:10,-119.813244,0.215937,44,4
2020-04-07 12:44:15,-119.813244,0.215937,42,4
2020-04-07 12:44:20,-119.813244,0.215937,43,4
2020-04-07 12:44:25,-119.813244,0.215937,40,4
2020-04-07 12:44:30,-119.813244,0.215937,38,4
2020-04-07 12:44:35,-119.813244,0.215937,41,4
2020-04-07 12:44:40,-119.813244,0.215937,41,4
2020-04-07 12:44:45,-119.813244,0.215937,43,4
2020-04-07 12:44:50,-119.813244,0.215937,44,4
2020-04-07 12:44:55,-119.813244,0.215937,38,4
2020-04-07 12:45:00,-119.813244,0.215937,42,4
2020-04-07 12:45:05,-119.813244,0.215937,43,4
2020-04-07 12:45:10,-119.813244,0.215937,39,4
2020-04-07 12:45:15,-119.813244,0.215937,43,4
2020-04-07 12:45:20,-119.813244,0.215937,40,4
2020-04-07 12:45:25,-119.813244,0.215937,45,4
2020-04-07 12:45:30,-119.813244,0.215937,50,4
2020-04-07 12:45:35,-119.813244,0.215937,46,4
2020-04-07 12:45:40,-119.813244,0.215937,45,4
2020-04-07 12:45:45,-119.813244,0.215937,40,4
2020-04-07 12:45:50,-119.813244,0.215937,45,4
2020-04-07 12:45:55,-119.813244,0.215937,37,4
2020-04-07 12:46:00,-119.813244,0.215937,40,4
2020-04-07 12:46:05,-119.813244,0.215937,47,4
2020-04-07 12:46:10,-119.813244,0.215937,39,4
2020-04-07 12:46:15,-119.813244,0.215937,44,4
2020-04-07 12:46:20,-119.813244,0.215937,45,4
2020-04-07 12:46:25,-119.813244,0.215937,43,4
2020-04-07 12:46:30,-119.813244,0.215937,43,4
2020-04-07 12:46:35,-119.813244,0.215937,44,4
2020-04-07 12:46:40,-119.813244,0.215937,39,4
2020-04-07 12:46:45,-119.813244,0.215937,44,4
2020-04-07 12:46:50,-119.813244,0.215937,41,4
2020-04-07 12:46:55,-119.813244,0.215937,40,4
2020-04-07 12:47:00,-119.813244,0.215937,41,4
2020-04-07 12:47:05,-119.813244,0.215937,39,4
2020-04-07 12:47:10,-119.813244,0.215937,41,4
2020-04-07 12:47:15,-119.813244,0.215937,42,4
2020-04-07 12:47:20,-119.813244,0.215937,41,4
2020-04-07 12:47:25,-119.813244,0.215937,40,4
2020-04-07 12:47:30,-119.813244,0.215937,42,4
2020-04-07 12:47:35,-119.813244,0.215937,46,4
2020-04-07 12:47:40,-119.813244,0.215937,39,4
2020-04-07 12:47:45,-119.813244,0.215937,41,4
2020-04-07 12:47:50,-119.813244,0.215937,43,4
2020-04-07 12:47:55,-119.813244,0.215937,40,4
2020-04-07 12:48:00,-119.813244,0.215937,43,4
2020-04-07 12:48:05,-119.813244,0.215937,42,4
2020-04-07 12:48:10,-119.813244,0.215937,44,4
2020-04-07 12:48:15,-119.813244,0.215937,39,4
2020-04-07 12:48:20,-119.813244,0.215937,42,4
2020-04-07 12:48:25,-119.813244,0.215937,39,4
2020-04-07 12:48:30,-119.813244,0.215937,39,4
2020-04-07 12:48:35,-119.813244,0.215937,35,4
2020-04-07 12:48:40,-119.813244,0.215937,45,4
2020-04-07 12:48:45,-119.813244,0.215937,37,4
2020-04-07 12:48:50,-119.813244,0.215937,40,4
2020-04-07 12:48:55,-119.813244,0.215937,43,4
2020-04-07 12:49:00,-119.813244,0.215937,44,4
2020-04-07 12:49:05,-119.813244,0.215937,45,4
2020-04-07 12:49:10,-119.813244,0.215937,43,4
2020-04-07 12:49:15,-119.813244,0.215937,41,4
2020-04-07 12:49:20,-119.813244,0.215937,44,4
2020-04-07 12:49:25,-119.813244,0.215937,40,4
2020-04-07 12:49:30,-119.813244,0.215937,41,4
2020-04-07 12:49:35,-119.813244,0.215937,42,4
2020-04-07 12:49:40,-119.813244,0.215937,39,4
2020-04-07 12:49:45,-119.813244,0.215937,40,4
2020-04-07 12:49:50,-119.813244,0.215937,41,4
2020-04-07 12:49:55,-119.813244,0.215937,49,4
2020-04-07 12:50:00,-119.813244,0.215937,40,4
2020-04-07 12:50:05,-119.813244,0.215937,44,4
2020-04-07 12:50:10,-119.813244,0.215937,44,4
2020-04-07 12:50:15,-119.813243,0.215977,42,4
2020-04-07 12:50:20,-119.813092,0.216015,39,4
2020-04-07 12:50:25,-119.813006,0.216212,36,4
2020-04-07 12:50:30,-119.812965,0.21652,40,4
2020-04-07 12:50:35,-119.812955,0.21678,43,4
2020-04-07 12:50:40,-119.812952,0.217065,42,4
2020-04-07 12:50:45,-119.812951,0.217356,43,4
2020-04-07 12:50:50,-119.81279,0.217436,42,4
2020-04-07 12:50:55,-119.812703,0.217673,40,4
2020-04-07 12:51:00,-119.812673,0.217961,45,None
2020-04-07 12:51:05,-119.812664,0.218241,45,None
2020-04-07 12:51:10,-119.812503,0.218311,42,None
2020-04-07 12:51:15,-119.812421,0.218528,40,None
2020-04-07 12:51:20,-119.812387,0.218808,41,None
2020-04-07 12:51:25,-119.812375,0.219117,43,None
2020-04-07 12:51:30,-119.812205,0.219188,42,None
2020-04-07 12:51:35,-119.812128,0.219398,44,None
2020-04-07 12:51:40,-119.812094,0.219696,40,None
2020-04-07 12:51:45,-119.812085,0.219976,38,None
2020-04-07 12:51:50,-119.811922,0.22005,44,None
2020-04-07 12:51:55,-119.811833,0.220286,38,None
2020-04-07 12:52:00,-119.811803,0.220564,44,None
2020-04-07 12:52:05,-119.811629,0.220637,42,None
2020-04-07 12:52:10,-119.811554,0.220835,37,None
2020-04-07 12:52:15,-119.811517,0.22113,44,None
2020-04-07 12:52:20,-119.811505,0.22143,41,None
2020-04-07 12:52:25,-119.811502,0.221725,39,None
2020-04-07 12:52:30,-119.8115,0.222032,42,None
2020-04-07 12:52:35,-119.811325,0.222097,42,None
2020-04-07 12:52:40,-119.811256,0.222295,37,None
2020-04-07 12:52:45,-119.811223,0.2226,46,None
2020-04-07 12:52:50,-119.811214,0.222872,43,None
2020-04-07 12:52:55,-119.811056,0.222946,41,None
2020-04-07 12:53:00,-119.810974,0.223159,39,None
2020-04-07 12:53:05,-119.810935,0.22347,42,None
2020-04-07 12:53:10,-119.810925,0.223754,40,None
2020-04-07 12:53:15,-119.810768,0.223821,39,None
2020-04-07 12:53:20,-119.810686,0.224029,45,None
2020-04-07 12:53:25,-119.810648,0.224323,42,None
2020-04-07 12:53:30,-119.810635,0.224618,49,None
2020-04-07 12:53:35,-119.810631,0.224925,39,None
2020-04-07 12:53:40,-119.810476,0.224986,43,None
2020-04-07 12:53:45,-119.810392,0.225198,37,None
2020-04-07 12:53:50,-119.810356,0.225491,37,None
2020-04-07 12:53:55,-119.810345,0.225789,37,None
2020-04-07 12:54:00,-119.810177,0.225858,42,None
2020-04-07 12:54:05,-119.810095,0.226078,45,None
2020-04-07 12:54:10,-119.810066,0.226347,38,None
2020-04-07 12:54:15,-119.810055,0.226636,41,None
2020-04-07 12:54:20,-119.810051,0.226946,42,None
2020-04-07 12:54:25,-119.809874,0.227022,38,None
2020-04-07 12:54:30,-119.809802,0.227235,38,None
2020-04-07 12:54:35,-119.809773,0.227521,42,None
2020-04-07 12:54:40,-119.809763,0.227831,41,None
2020-04-07 12:54:45,-119.809612,0.227887,48,None
2020-04-07 12:54:50,-119.809528,0.228091,41,None
2020-04-07 12:54:55,-119.809489,0.228381,43,None
2020-04-07 12:55:00,-119.809476,0.228677,40,None
2020-04-07 12:55:05,-119.809297,0.228757,42,None
2020-04-07 12:55:10,-119.809229,0.228957,41,None
2020-04-07 12:55:15,-119.809194,0.229268,45,None
2020-04-07 12:55:20,-119.809026,0.229335,42,None
2020-04-07 12:55:25,-119.808947,0.229536,39,None
2020-04-07 12:55:30,-119.808908,0.229833,46,None
2020-04-07 12:55:35,-119.808895,0.230132,38,None
2020-04-07 12:55:40,-119.808892,0.23043,39,None
2020-04-07 12:55:45,-119.80889,0.23072,41,None
2020-04-07 12:55:50,-119.808725,0.230788,41,None
2020-04-07 12:55:55,-119.808651,0.230991,40,None
2020-04-07 12:56:00,-119.808613,0.231307,37,None
2020-04-07 12:56:05,-119.808604,0.231585,43,None
2020-04-07 12:56:10,-119.80844,0.231655,43,None
2020-04-07 12:56:15,-119.808364,0.231858,42,None
2020-04-07 12:56:20,-119.808325,0.232172,43,None
2020-04-07 12:56:25,-119.808315,0.232449,43,None
2020-04-07 12:56:30,-119.808156,0.232519,39,None
2020-04-07 12:56:35,-119.808066,0.232752,39,None
2020-04-07 12:56:40,-119.808035,0.233031,43,None
2020-04-07 12:56:45,-119.80785,0.233109,40,None
2020-04-07 12:56:50,-119.807773,0.233326,38,None
2020-04-07 12:56:55,-119.807744,0.233609,37,None
2020-04-07 12:57:00,-119.807733,0.233923,41,None
2020-04-07 12:57:05,-119.807731,0.234175,45,None
2020-04-07 12:57:10,-119.80773,0.234485,38,None
2020-04-07 12:57:15,-119.807573,0.234553,35,None
2020-04-07 12:57:20,-119.807485,0.234782,44,None
2020-04-07 12:57:25,-119.807454,0.23506,45,None
2020-04-07 12:57:30,-119.807445,0.235342,40,None
2020-04-07 12:57:35,-119.807274,0.235422,41,None
2020-04-07 12:57:40,-119.807194,0.235646,46,None
2020-04-07 12:57:45,-119.807163,0.235941,43,None
2020-04-07 12:57:50,-119.807154,0.236226,40,None
2020-04-07 12:57:55,-119.80698,0.236299,41,None
2020-04-07 12:58:00,-119.80691,0.236499,40,None
2020-04-07 12:58:05,-119.806875,0.236803,38,None
2020-04-07 12:58:10,-119.806865,0.237091,37,None
2020-04-07 12:58:15,-119.806691,0.237167,44,None
2020-04-07 12:58:20,-119.806612,0.23739,41,None
2020-04-07 12:58:25,-119.806583,0.237672,43,None
2020-04-07 12:58:30,-119.806404,0.237747,39,None
2020-04-07 12:58:35,-119.806332,0.237946,44,None
2020-04-07 12:58:40,-119.806293,0.238271,47,None
2020-04-07 12:58:45,-119.806125,0.238331,46,None
2020-04-07 12:59:00,-119.806027,0.238249,40,None
2020-04-07 16:09:25,-119.805996,0.237938,42,None
2020-04-07 16:09:30,-119.805992,0.237654,34,None
2020-04-07 16:09:35,-119.805991,0.23734,39,None
2020-04-07 16:09:40,-119.80599,0.23705,45,None
2020-04-07 16:09:45,-119.80599,0.236783,51,None
2020-04-07 16:09:50,-119.80599,0.236489,39,None
2020-04-07 16:09:55,-119.80599,0.236204,47,None
2020-04-07 16:10:00,-119.80599,0.235874,42,None
2020-04-07 16:10:05,-119.80599,0.235616,37,None
2020-04-07 16:10:10,-119.806154,0.235539,39,None
2020-04-07 16:10:15,-119.806228,0.235334,37,None
2020-04-07 16:10:20,-119.806264,0.23503,40,None
2020-04-07 16:10:25,-119.806276,0.234724,45,None
2020-04-07 16:10:30,-119.806434,0.234663,43,None
2020-04-07 16:10:35,-119.806518,0.234451,39,None
2020-04-07 16:10:40,-119.806554,0.234164,37,None
2020-04-07 16:10:45,-119.806566,0.233855,41,None
2020-04-07 16:10:50,-119.806739,0.233787,39,None
2020-04-07 16:10:55,-119.806811,0.233586,43,None
2020-04-07 16:11:00,-119.806845,0.233293,40,None
2020-04-07 16:11:05,-119.806856,0.232992,41,None
2020-04-07 16:11:10,-119.807024,0.232923,39,None
2020-04-07 16:11:15,-119.807099,0.232718,41,None
2020-04-07 16:11:20,-119.807134,0.232424,39,None
2020-04-07 16:11:25,-119.807146,0.232106,45,None
2020-04-07 16:11:30,-119.807149,0.231842,41,None
2020-04-07 16:11:35,-119.807316,0.231766,43,None
2020-04-07 16:11:40,-119.807398,0.231538,36,None
2020-04-07 16:11:45,-119.807427,0.231253,43,None
2020-04-07 16:11:50,-119.807436,0.230964,38,None
2020-04-07 16:11:55,-119.807439,0.230672,40,None
2020-04-07 16:12:00,-119.807599,0.230605,37,None
2020-04-07 16:12:05,-119.807683,0.230383,41,None
2020-04-07 16:12:10,-119.807716,0.230089,40,None
2020-04-07 16:12:15,-119.807726,0.229793,41,None
2020-04-07 16:12:20,-119.807729,0.229498,45,None
2020-04-07 16:12:25,-119.807888,0.229439,36,None
2020-04-07 16:12:30,-119.807969,0.229231,41,None
2020-04-07 16:12:35,-119.808004,0.228942,44,None
2020-04-07 16:12:40,-119.808015,0.228662,45,None
2020-04-07 16:12:45,-119.808181,0.228582,47,None
2020-04-07 16:12:50,-119.808265,0.228354,42,None
2020-04-07 16:12:55,-119.808297,0.228056,46,None
2020-04-07 16:13:00,-119.808306,0.227777,43,None
2020-04-07 16:13:05,-119.808309,0.227471,43,None
2020-04-07 16:13:10,-119.808457,0.227415,37,None
2020-04-07 16:13:15,-119.808541,0.227212,41,None
2020-04-07 16:13:20,-119.808583,0.226907,37,None
2020-04-07 16:13:25,-119.808595,0.226608,47,None
2020-04-07 16:13:30,-119.808762,0.226541,40,None
2020-04-07 16:13:35,-119.808842,0.226329,37,None
2020-04-07 16:13:40,-119.808876,0.22603,44,None
2020-04-07 16:13:45,-119.808886,0.225726,42,None
2020-04-07 16:13:50,-119.809052,0.225666,42,None
2020-04-07 16:13:55,-119.809135,0.225449,34,None
2020-04-07 16:14:00,-119.809167,0.225159,44,None
2020-04-07 16:14:05,-119.809176,0.224872,45,None
2020-04-07 16:14:10,-119.809343,0.224803,36,None
2020-04-07 16:14:15,-119.809423,0.224587,39,None
2020-04-07 16:14:20,-119.809454,0.224313,42,None
2020-04-07 16:14:25,-119.809465,0.224002,42,None
2020-04-07 16:14:30,-119.809469,0.22371,40,None
2020-04-07 16:14:35,-119.809631,0.223643,41,None
2020-04-07 16:14:40,-119.809712,0.223428,43,None
2020-04-07 16:14:45,-119.809744,0.223153,42,None
2020-04-07 16:14:50,-119.809755,0.222855,38,None
2020-04-07 16:14:55,-119.809909,0.222784,43,None
2020-04-07 16:15:00,-119.810004,0.222544,36,None
2020-04-07 16:15:05,-119.810036,0.22226,43,None
2020-04-07 16:15:10,-119.810046,0.221966,39,None
2020-04-07 16:15:15,-119.810224,0.221896,47,None
2020-04-07 16:15:20,-119.810294,0.221693,44,None
2020-04-07 16:15:25,-119.810326,0.221399,42,None
2020-04-07 16:15:30,-119.810336,0.221109,40,None
2020-04-07 16:15:35,-119.810495,0.221039,38,None
2020-04-07 16:15:40,-119.810574,0.220833,41,None
2020-04-07 16:15:45,-119.810615,0.220515,40,None
2020-04-07 16:15:50,-119.810782,0.220452,41,None
2020-04-07 16:15:55,-119.810864,0.220248,36,None
2020-04-07 16:16:00,-119.810901,0.219964,51,None
2020-04-07 16:16:05,-119.810915,0.219656,39,None
2020-04-07 16:16:10,-119.810918,0.219357,40,None
2020-04-07 16:16:15,-119.81092,0.219053,41,None
2020-04-07 16:16:20,-119.811086,0.218994,36,None
2020-04-07 16:16:25,-119.811157,0.218802,40,None
2020-04-07 16:16:30,-119.811195,0.218496,39,None
2020-04-07 16:16:35,-119.811206,0.218193,37,None
2020-04-07 16:16:40,-119.811361,0.218133,42,None
2020-04-07 16:16:45,-119.811445,0.217926,43,None
2020-04-07 16:16:50,-119.811482,0.217637,42,4
2020-04-07 16:16:55,-119.811495,0.217326,43,4
2020-04-07 16:17:00,-119.811648,0.217266,38,4
2020-04-07 16:17:05,-119.811744,0.217031,40,4
2020-04-07 16:17:10,-119.811777,0.216742,39,4
2020-04-07 16:17:15,-119.811786,0.216466,40,4
2020-04-07 16:17:20,-119.811947,0.216397,44,4
2020-04-07 16:17:25,-119.81203,0.216181,41,4
2020-04-07 16:17:30,-119.812249,0.216096,45,4
2020-04-07 16:17:35,-119.812327,0.215879,40,4
2020-04-07 16:17:40,-119.812357,0.21559,40,4
2020-04-07 16:17:45,-119.812366,0.215299,37,4
2020-04-07 16:17:50,-119.812369,0.215022,41,4
2020-04-07 16:17:55,-119.812531,0.214948,40,4
2020-04-07 16:18:00,-119.812611,0.214732,39,4
2020-04-07 16:18:05,-119.812647,0.214422,37,4
2020-04-07 16:18:10,-119.812656,0.214132,47,4
2020-04-07 16:18:15,-119.812826,0.214067,40,4
2020-04-07 16:18:20,-119.812899,0.213869,40,4
2020-04-07 16:18:25,-119.812934,0.213571,36,4
2020-04-07 16:18:30,-119.812945,0.213285,41,4
2020-04-07 16:18:35,-119.813121,0.213204,41,4
2020-04-07 16:18:40,-119.813203,0.212969,41,4
2020-04-07 16:18:45,-119.813227,0.212709,36,4
2020-04-07 16:18:50,-119.813236,0.21241,44,4
2020-04-07 16:18:55,-119.813239,0.212128,44,4
2020-04-07 16:19:00,-119.81324,0.211824,39,4
2020-04-07 16:19:05,-119.813416,0.211749,44,4
2020-04-07 16:19:10,-119.813487,0.211536,41,4
2020-04-07 16:19:15,-119.813518,0.211232,42,4
2020-04-07 16:19:20,-119.813526,0.210955,35,4
2020-04-07 16:19:25,-119.813705,0.210879,41,4
2020-04-07 16:19:30,-119.813778,0.210665,42,4
2020-04-07 16:19:35,-119.813808,0.210367,41,4
2020-04-07 16:19:40,-119.813817,0.210072,44,4
2020-04-07 16:19:45,-119.813974,0.210012,46,4
2020-04-07 16:19:50,-119.814058,0.2098,43,4
2020-04-07 16:19:55,-119.814093,0.209514,43,4
2020-04-07 16:20:00,-119.814105,0.209207,42,4
2020-04-07 16:20:05,-119.814295,0.209132,41,4
2020-04-07 16:20:10,-119.814359,0.208932,37,4
2020-04-07 16:20:15,-119.814387,0.208642,41,4
2020-04-07 16:20:20,-119.814396,0.208348,46,4
2020-04-07 16:20:25,-119.814592,0.208263,43,4
2020-04-07 16:20:30,-119.814652,0.208057,43,4
2020-04-07 16:20:35,-119.814678,0.207774,48,4
2020-04-07 16:20:40,-119.814892,0.207679,39,4
2020-04-07 16:20:45,-119.815182,0.207649,43,4
2020-04-07 16:20:50,-119.815245,0.207433,40,4
2020-04-07 16:20:55,-119.815265,0.207132,39,4
2020-04-07 16:21:00,-119.815466,0.207083,40,4
2020-04-07 16:21:05,-119.815732,0.207067,43,3
2020-04-07 16:21:10,-119.815808,0.206875,41,3
2020-04-07 16:21:15,-119.816005,0.206813,40,3
2020-04-07 16:21:20,-119.816096,0.206588,43,3
2020-04-07 16:21:25,-119.81613,0.206283,42,3
2020-04-07 16:21:30,-119.816318,0.206225,43,3
2020-04-07 16:21:35,-119.81639,0.206017,41,3
2020-04-07 16:21:40,-119.816421,0.205702,46,3
2020-04-07 16:21:45,-119.816605,0.205645,44,3
2020-04-07 16:21:50,-119.816669,0.205464,38,3
2020-04-07 16:21:55,-119.816706,0.205148,43,3
2020-04-07 16:22:00,-119.816716,0.204867,44,3
2020-04-07 16:22:05,-119.816894,0.20479,42,3
2020-04-07 16:22:10,-119.816964,0.204586,41,3
2020-04-07 16:22:15,-119.816995,0.204303,42,3
2020-04-07 16:22:20,-119.817005,0.204009,44,3
2020-04-07 16:22:25,-119.81716,0.203936,37,3
2020-04-07 16:22:30,-119.817254,0.203697,47,3
2020-04-07 16:22:35,-119.817287,0.203404,37,3
2020-04-07 16:22:40,-119.817295,0.203145,39,3
2020-04-07 16:22:45,-119.817458,0.203065,37,3
2020-04-07 16:22:50,-119.817542,0.20284,41,3
2020-04-07 16:22:55,-119.817578,0.202528,44,3
2020-04-07 16:23:00,-119.817587,0.202226,41,3
2020-04-07 16:23:05,-119.817782,0.202162,44,3
2020-04-07 16:23:10,-119.818034,0.202141,36,3
2020-04-07 16:23:15,-119.818348,0.202133,45,3
2020-04-07 16:23:20,-119.818644,0.202131,42,3
2020-04-07 16:23:25,-119.818935,0.20213,40,3
2020-04-07 16:23:30,-119.819227,0.20213,38,3
2020-04-07 16:23:35,-119.8195,0.20213,43,3
2020-04-07 16:23:40,-119.819783,0.20213,37,3
2020-04-07 16:23:45,-119.820089,0.20213,43,3
2020-04-07 16:23:50,-119.820348,0.20213,43,3
2020-04-07 16:23:55,-119.820654,0.20213,46,3
2020-04-07 16:24:00,-119.820732,0.201951,43,3
2020-04-07 16:24:05,-119.820929,0.201886,43,3
2020-04-07 16:24:10,-119.82103,0.201646,37,3
2020-04-07 16:24:15,-119.821216,0.201592,40,3
2020-04-07 16:24:20,-119.821314,0.201367,41,3
2020-04-07 16:24:25,-119.821349,0.201062,46,3
2020-04-07 16:24:30,-119.821545,0.201002,41,3
2020-04-07 16:24:35,-119.821849,0.200977,36,3
2020-04-07 16:24:40,-119.821906,0.20079,40,3
2020-04-07 16:24:45,-119.822112,0.20072,42,3
2020-04-07 16:24:50,-119.822181,0.200528,38,3
2020-04-07 16:24:55,-119.82242,0.200431,40,3
2020-04-07 16:25:00,-119.822489,0.200202,41,3
2020-04-07 16:25:05,-119.822512,0.199916,40,3
2020-04-07 16:25:10,-119.82272,0.199842,44,3
2020-04-07 16:25:15,-119.822773,0.19965,40,3
2020-04-07 16:25:20,-119.822984,0.199566,41,3
2020-04-07 16:25:25,-119.823251,0.199536,41,3
2020-04-07 16:25:30,-119.823339,0.199343,42,3
2020-04-07 16:25:35,-119.823537,0.199277,46,3
2020-04-07 16:25:40,-119.823628,0.199062,44,3
2020-04-07 16:25:45,-119.823664,0.198774,38,3
2020-04-07 16:25:50,-119.823856,0.198696,40,3
2020-04-07 16:25:55,-119.824116,0.198666,36,3
2020-04-07 16:26:00,-119.824201,0.198486,42,3
2020-04-07 16:26:05,-119.824242,0.198199,38,3
2020-04-07 16:26:10,-119.82442,0.198124,38,3
2020-04-07 16:26:15,-119.824504,0.197902,48,3
2020-04-07 16:26:20,-119.824727,0.197821,40,3
2020-04-07 16:26:25,-119.824807,0.197587,46,3
2020-04-07 16:26:30,-119.825002,0.197529,43,3
2020-04-07 16:26:35,-119.825311,0.1975,37,3
2020-04-07 16:26:40,-119.825604,0.197493,40,3
2020-04-07 16:26:45,-119.825863,0.197491,41,3
2020-04-07 16:26:50,-119.826183,0.19749,43,3
2020-04-07 16:26:55,-119.826483,0.19749,41,3
2020-04-07 16:27:00,-119.826737,0.19749,41,3
2020-04-07 16:27:05,-119.826806,0.19764,38,3
2020-04-07 16:27:10,-119.827028,0.197728,43,3
2020-04-07 16:27:15,-119.827336,0.197766,45,3
2020-04-07 16:27:20,-119.827411,0.197966,46,3
2020-04-07 16:27:25,-119.827612,0.198029,42,3
2020-04-07 16:27:30,-119.827919,0.198059,39,3
2020-04-07 16:27:35,-119.827994,0.198262,37,3
2020-04-07 16:27:40,-119.82819,0.198321,40,3
2020-04-07 16:27:45,-119.828488,0.198349,42,3
2020-04-07 16:27:50,-119.828767,0.198356,36,3
2020-04-07 16:27:55,-119.828854,0.198549,46,3
2020-04-07 16:28:00,-119.82905,0.198608,42,3
2020-04-07 16:28:05,-119.829346,0.198637,44,3
2020-04-07 16:28:10,-119.829432,0.19883,41,3
2020-04-07 16:28:15,-119.829664,0.198906,42,3
2020-04-07 16:28:20,-119.829931,0.198929,39,3
2020-04-07 16:28:25,-119.830016,0.199126,40,3
2020-04-07 16:28:30,-119.830214,0.199188,35,3
2020-04-07 16:28:35,-119.830535,0.19922,39,3
2020-04-07 16:28:40,-119.830597,0.199396,38,3
2020-04-07 16:28:45,-119.830813,0.199476,42,3
2020-04-07 16:28:50,-119.831077,0.199505,38,3
2020-04-07 16:28:55,-119.831164,0.199691,38,3
2020-04-07 16:29:00,-119.831384,0.199767,42,3
2020-04-07 16:29:05,-119.83168,0.199798,42,3
2020-04-07 16:29:10,-119.831981,0.199807,43,3
2020-04-07 16:29:15,-119.832283,0.199809,40,3
2020-04-07 16:29:20,-119.832541,0.19981,43,3
2020-04-07 16:29:25,-119.832823,0.19981,37,3
2020-04-07 16:29:30,-119.832908,0.199631,45,3
2020-04-07 16:29:35,-119.833142,0.199555,41,3
2020-04-07 16:29:40,-119.833202,0.199374,40,3
2020-04-07 16:29:45,-119.833423,0.19928,39,3
2020-04-07 16:29:50,-119.833492,0.199081,44,3
2020-04-07 16:29:55,-119.833732,0.198981,41,3
2020-04-07 16:30:00,-119.833791,0.198782,45,3
2020-04-07 16:30:05,-119.834013,0.198693,46,3
2020-04-07 16:30:10,-119.834079,0.198489,39,3
2020-04-07 16:30:15,-119.834265,0.198416,47,3
2020-04-07 16:30:20,-119.834366,0.198176,46,3
2020-04-07 16:30:25,-119.834396,0.197905,44,3
2020-04-07 16:30:30,-119.834585,0.197827,49,3
2020-04-07 16:30:35,-119.834664,0.197596,41,3
2020-04-07 16:30:40,-119.834851,0.197535,45,3
2020-04-07 16:30:45,-119.834947,0.197304,45,3
2020-04-07 16:30:50,-119.834976,0.197038,46,3
2020-04-07 16:30:55,-119.835168,0.196957,42,3
2020-04-07 16:31:00,-119.835239,0.196744,41,3
2020-04-07 16:31:05,-119.835436,0.19667,41,3
2020-04-07 16:31:10,-119.835515,0.196471,46,3
2020-04-07 16:31:15,-119.835731,0.196383,35,3
2020-04-07 16:31:20,-119.835813,0.196166,42,3
2020-04-07 16:31:25,-119.835847,0.195866,45,3
2020-04-07 16:31:30,-119.836033,0.195795,42,3
2020-04-07 16:31:35,-119.836103,0.195594,39,3
2020-04-07 16:31:40,-119.836335,0.195502,45,3
2020-04-07 16:31:45,-119.836407,0.195274,46,3
2020-04-07 16:31:50,-119.836429,0.195006,37,3
2020-04-07 16:31:55,-119.836624,0.194924,41,3
2020-04-07 16:32:00,-119.836689,0.19472,44,3
2020-04-07 16:32:05,-119.836719,0.194409,42,3
2020-04-07 16:32:10,-119.836727,0.194115,44,3
2020-04-07 16:32:15,-119.836729,0.193858,44,3
2020-04-07 16:32:20,-119.83673,0.193552,38,3
2020-04-07 16:32:25,-119.83673,0.193255,40,3
2020-04-07 16:32:30,-119.83673,0.192937,41,3
2020-04-07 16:32:35,-119.83673,0.192676,39,3
2020-04-07 16:32:40,-119.83673,0.192366,42,3
2020-04-07 16:32:45,-119.83673,0.192122,42,3
2020-04-07 16:32:50,-119.83673,0.191794,43,3
2020-04-07 16:32:55,-119.83673,0.19154,43,3
2020-04-07 16:33:00,-119.83673,0.191231,50,3
2020-04-07 16:33:05,-119.83673,0.190915,41,3
2020-04-07 16:33:10,-119.83673,0.190623,42,3
2020-04-07 16:33:15,-119.83673,0.190346,39,3
2020-04-07 16:33:20,-119.83673,0.190086,41,3
2020-04-07 16:33:25,-119.83673,0.189766,42,3
2020-04-07 16:33:30,-119.83673,0.189482,44,3
2020-04-07 16:33:35,-119.83673,0.189194,41,3
2020-04-07 16:33:40,-119.83673,0.188901,40,3
2020-04-07 16:33:45,-119.83673,0.188637,40,3
2020-04-07 16:33:50,-119.83673,0.188345,38,3
2020-04-07 16:33:55,-119.83673,0.188039,41,3
2020-04-07 16:34:00,-119.83673,0.187746,39,3
2020-04-07 16:34:05,-119.83673,0.187473,47,3
2020-04-07 16:34:10,-119.83673,0.187185,41,3
2020-04-07 16:34:15,-119.83673,0.186879,39,3
2020-04-07 16:34:20,-119.83673,0.186581,36,3
2020-04-07 16:34:25,-119.83673,0.186301,40,3
2020-04-07 16:34:30,-119.83673,0.185999,45,3
2020-04-07 16:34:35,-119.83673,0.185733,40,3
2020-04-07 16:34:40,-119.836912,0.185649,37,3
2020-04-07 16:34:45,-119.837208,0.185613,39,3
2020-04-07 16:34:50,-119.837268,0.185433,39,3
2020-04-07 16:34:55,-119.837501,0.185347,43,3
2020-04-07 16:35:00,-119.837558,0.185158,40,3
2020-04-07 16:35:05,-119.837589,0.184846,45,3
2020-04-07 16:35:10,-119.837596,0.184579,47,3
2020-04-07 16:35:15,-119.837599,0.184282,40,3
2020-04-07 16:35:20,-119.8376,0.18396,39,3
2020-04-07 16:35:25,-119.8376,0.183692,40,3
2020-04-07 16:35:30,-119.8376,0.183405,42,3
2020-04-07 16:35:35,-119.8376,0.183105,38,3
2020-04-07 16:35:40,-119.8376,0.182826,41,3
2020-04-07 16:35:45,-119.8376,0.182513,40,3
2020-04-07 16:35:50,-119.8376,0.182252,42,3
2020-04-07 16:35:55,-119.8376,0.18196,40,3
2020-04-07 16:36:00,-119.8376,0.181663,42,3
2020-04-07 16:36:05,-119.8376,0.181366,43,3
2020-04-07 16:36:10,-119.8376,0.181066,43,3
2020-04-07 16:36:15,-119.837789,0.180997,42,3
2020-04-07 16:36:20,-119.838042,0.180973,38,3
2020-04-07 16:36:25,-119.838335,0.180964,42,3
2020-04-07 16:36:30,-119.838637,0.180961,43,3
2020-04-07 16:36:35,-119.838906,0.18096,44,3
2020-04-07 16:36:40,-119.839213,0.18096,41,3
2020-04-07 16:36:45,-119.839528,0.18096,40,3
2020-04-07 16:36:50,-119.839831,0.18096,38,3
2020-04-07 16:36:55,-119.840093,0.18096,35,3
2020-04-07 16:37:00,-119.840385,0.18096,41,3
2020-04-07 16:37:05,-119.840703,0.18096,49,3
2020-04-07 16:37:10,-119.840977,0.18096,39,3
2020-04-07 16:37:15,-119.841265,0.18096,38,3
2020-04-07 16:37:20,-119.841524,0.18096,38,3
2020-04-07 16:37:25,-119.841822,0.18096,40,3
2020-04-07 16:37:30,-119.841909,0.180763,37,3
2020-04-07 16:37:35,-119.84211,0.180707,41,3
2020-04-07 16:37:40,-119.842197,0.180488,42,3
2020-04-07 16:37:45,-119.842411,0.180419,38,3
2020-04-07 16:37:50,-119.842702,0.180391,40,3
2020-04-07 16:37:55,-119.843016,0.180383,42,3
2020-04-07 16:38:00,-119.843287,0.180381,39,3
2020-04-07 16:38:05,-119.843577,0.18038,42,3
2020-04-07 16:38:10,-119.84388,0.18038,43,3
2020-04-07 16:38:15,-119.844138,0.18038,42,3
2020-04-07 16:38:20,-119.844451,0.18038,44,3
2020-04-07 16:38:25,-119.844709,0.18038,38,3
2020-04-07 16:38:30,-119.845034,0.18038,46,3
2020-04-07 16:38:35,-119.845297,0.18038,42,3
2020-04-07 16:38:40,-119.845603,0.18038,39,3
2020-04-07 16:38:45,-119.845916,0.18038,46,3
2020-04-07 16:38:50,-119.846183,0.18038,44,3
2020-04-07 16:38:55,-119.846456,0.18038,40,3
2020-04-07 16:39:00,-119.84675,0.18038,35,3
2020-04-07 16:39:05,-119.847063,0.18038,40,3
2020-04-07 16:39:10,-119.847323,0.18038,38,3
2020-04-07 16:39:15,-119.847621,0.18038,44,3
2020-04-07 16:39:20,-119.847919,0.18038,40,3
2020-04-07 16:39:25,-119.848209,0.18038,37,3
2020-04-07 16:39:30,-119.848487,0.18038,44,3
2020-04-07 16:39:35,-119.848789,0.18038,42,3
2020-04-07 16:39:40,-119.849095,0.18038,37,3
2020-04-07 16:39:45,-119.849365,0.18038,39,3
2020-04-07 16:39:50,-119.849647,0.18038,41,3
2020-04-07 16:39:55,-119.849972,0.18038,42,3
2020-04-07 16:40:00,-119.85023,0.18038,35,3
2020-04-07 16:40:05,-119.850533,0.18038,42,3
2020-04-07 16:40:10,-119.85083,0.18038,44,3
2020-04-07 16:40:15,-119.851114,0.18038,41,3
2020-04-07 16:40:20,-119.851386,0.18038,40,3
2020-04-07 16:40:25,-119.851668,0.18038,41,3
2020-04-07 16:40:30,-119.851991,0.18038,40,3
2020-04-07 16:40:35,-119.852277,0.18038,43,3
2020-04-07 16:40:40,-119.852571,0.18038,40,3
2020-04-07 16:40:45,-119.852874,0.18038,38,3
2020-04-07 16:40:50,-119.853137,0.18038,44,3
2020-04-07 16:40:55,-119.853439,0.18038,42,3
2020-04-07 16:41:00,-119.853696,0.18038,35,3
2020-04-07 16:41:05,-119.854009,0.18038,40,3
2020-04-07 16:41:10,-119.854278,0.18038,42,3
2020-04-07 16:41:15,-119.854579,0.18038,53,3
2020-04-07 16:41:20,-119.854899,0.18038,49,3
2020-04-07 16:41:25,-119.854968,0.180183,53,3
2020-04-07 16:41:30,-119.854989,0.179925,40,3
2020-04-07 16:41:35,-119.854997,0.179636,41,3
2020-04-07 16:41:40,-119.854999,0.179308,43,3
2020-04-07 16:41:45,-119.855,0.179066,40,3
2020-04-07 16:41:50,-119.855,0.178748,45,3
2020-04-07 16:41:55,-119.855,0.178449,49,3
2020-04-07 16:42:00,-119.855,0.178155,39,3
2020-04-07 16:42:05,-119.855,0.177903,38,3
2020-04-07 16:42:10,-119.855,0.177615,41,3
2020-04-07 16:42:15,-119.855,0.177324,39,3
2020-04-07 16:42:20,-119.855,0.17703,42,3
2020-04-07 16:42:25,-119.855,0.176743,41,3
2020-04-07 16:42:30,-119.855,0.176427,47,3
2020-04-07 16:42:35,-119.855,0.176168,41,3
2020-04-07 16:42:40,-119.855,0.175862,39,3
2020-04-07 16:42:45,-119.855,0.175567,42,3
2020-04-07 16:42:50,-119.855,0.175278,37,3
2020-04-07 16:42:55,-119.855,0.174993,43,3
2020-04-07 16:43:00,-119.855,0.174686,42,3
2020-04-07 16:43:05,-119.855,0.174431,39,3
2020-04-07 16:43:10,-119.855,0.174141,43,3
2020-04-07 16:43:15,-119.855,0.17384,48,3
2020-04-07 16:43:20,-119.855,0.173553,41,3
2020-04-07 16:43:25,-119.855,0.17324,43,3
2020-04-07 16:43:30,-119.855,0.172981,43,3
2020-04-07 16:43:35,-119.855,0.172669,35,3
2020-04-07 16:43:40,-119.855,0.172354,47,3
2020-04-07 16:43:45,-119.855,0.17211,45,3
2020-04-07 16:43:50,-119.855,0.171803,44,3
2020-04-07 16:43:55,-119.855,0.171504,43,3
2020-04-07 16:44:00,-119.855,0.171209,43,3
2020-04-07 16:44:05,-119.855,0.170932,42,3
2020-04-07 16:44:10,-119.855,0.170611,47,3
2020-04-07 16:44:15,-119.855,0.170361,40,3
2020-04-07 16:44:20,-119.855,0.170052,42,3
2020-04-07 16:44:25,-119.855,0.169736,45,3
2020-04-07 16:44:30,-119.855,0.169492,38,3
2020-04-07 16:44:35,-119.855,0.169194,47,3
2020-04-07 16:44:40,-119.855,0.168867,40,3
2020-04-07 16:44:45,-119.855,0.168609,38,3
2020-04-07 16:44:50,-119.855,0.168308,41,3
2020-04-07 16:44:55,-119.855,0.168036,39,3
2020-04-07 16:45:00,-119.855,0.167763,36,3
2020-04-07 16:45:05,-119.855156,0.167686,41,3
2020-04-07 16:45:10,-119.855244,0.167452,46,3
2020-04-07 16:45:15,-119.855468,0.167371,39,3
2020-04-07 16:45:20,-119.855546,0.16714,47,3
2020-04-07 16:45:25,-119.855568,0.16689,44,3
2020-04-07 16:45:30,-119.855763,0.1668,45,3
2020-04-07 16:45:35,-119.855826,0.166598,42,3
2020-04-07 16:45:40,-119.85586,0.166273,43,3
2020-04-07 16:45:45,-119.855867,0.166004,44,3
2020-04-07 16:45:50,-119.855869,0.1657,47,3
2020-04-07 16:45:55,-119.85587,0.16542,40,3
2020-04-07 16:46:00,-119.85587,0.165108,42,3
2020-04-07 16:46:05,-119.85587,0.164824,35,3
2020-04-07 16:46:10,-119.85587,0.164529,42,3
2020-04-07 16:46:15,-119.856023,0.164477,44,3
2020-04-07 16:46:20,-119.856318,0.164444,40,3
2020-04-07 16:46:25,-119.856622,0.164434,41,3
2020-04-07 16:46:30,-119.856929,0.164431,39,3
2020-04-07 16:46:35,-119.857209,0.16443,38,3
2020-04-07 16:46:40,-119.857495,0.16443,35,3
2020-04-07 16:46:45,-119.857761,0.16443,40,3
2020-04-07 16:46:50,-119.858098,0.16443,39,3
2020-04-07 16:46:55,-119.858368,0.16443,47,3
2020-04-07 16:47:00,-119.858675,0.16443,47,3
2020-04-07 16:47:05,-119.858974,0.16443,46,3
2020-04-07 16:47:10,-119.85925,0.16443,42,14
2020-04-07 16:47:15,-119.859543,0.16443,42,14
2020-04-07 16:47:20,-119.859844,0.16443,40,14
2020-04-07 16:47:25,-119.860128,0.16443,44,14
2020-04-07 16:47:30,-119.860432,0.16443,43,14
2020-04-07 16:47:35,-119.860489,0.164219,47,14
2020-04-07 16:47:40,-119.860686,0.164169,40,14
2020-04-07 16:47:45,-119.860972,0.164148,43,14
2020-04-07 16:47:50,-119.861238,0.164143,41,14
2020-04-07 16:47:55,-119.861602,0.16414,45,14
2020-04-07 16:48:00,-119.86183,0.16414,41,14
2020-04-07 16:48:05,-119.861924,0.163929,38,14
2020-04-07 16:48:10,-119.861951,0.163649,41,14
2020-04-07 16:48:15,-119.861957,0.163387,41,14
2020-04-07 16:48:20,-119.861959,0.163086,43,14
2020-04-07 16:48:25,-119.86196,0.162798,41,14
2020-04-07 16:48:30,-119.86196,0.162522,41,14
2020-04-07 16:48:35,-119.86196,0.162227,44,14
2020-04-07 16:48:40,-119.86196,0.161943,45,14
2020-04-07 16:48:45,-119.861747,0.161853,43,14
2020-04-07 16:48:50,-119.8617,0.161655,37,14
2020-04-07 16:48:55,-119.861679,0.161365,44,14
2020-04-07 16:49:00,-119.861483,0.161283,39,14
2020-04-07 16:49:05,-119.861483,0.161283,42,14
2020-04-07 16:49:10,-119.861483,0.161283,45,14
2020-04-07 16:49:15,-119.861483,0.161283,43,14
2020-04-07 16:49:20,-119.861483,0.161283,42,14
2020-04-07 16:49:25,-119.861483,0.161283,42,14
2020-04-07 16:49:30,-119.861483,0.161283,38,14
2020-04-07 16:49:35,-119.861483,0.161283,40,14
2020-04-07 16:49:40,-119.861483,0.161283,42,14
2020-04-07 16:49:45,-119.861483,0.161283,46,14
2020-04-07 16:49:50,-119.861483,0.161283,40,14
2020-04-07 16:49:55,-119.861483,0.161283,42,14
2020-04-07 16:50:00,-119.861483,0.161283,38,14
2020-04-07 16:50:05,-119.861483,0.161283,39,14
2020-04-07 16:50:10,-119.861483,0.161283,43,14
2020-04-07 16:50:15,-119.861483,0.161283,45,14
2020-04-07 16:50:20,-119.861483,0.161283,45,14
2020-04-07 16:50:25,-119.861483,0.161283,42,14
2020-04-07 16:50:30,-119.861483,0.161283,39,14
2020-04-07 16:50:35,-119.861483,0.161283,41,14
2020-04-07 16:50:40,-119.861483,0.161283,42,14
2020-04-07 16:50:45,-119.861483,0.161283,36,14
2020-04-07 16:50:50,-119.861483,0.161283,43,14
2020-04-07 16:50:55,-119.861483,0.161283,44,14
2020-04-07 16:51:00,-119.861483,0.161283,44,14
2020-04-07 16:51:05,-119.861483,0.161283,43,14
2020-04-07 16:51:10,-119.861483,0.161283,42,14
2020-04-07 16:51:15,-119.861483,0.161283,42,14
2020-04-07 16:51:20,-119.861483,0.161283,42,14
2020-04-07 16:51:25,-119.861483,0.161283,42,14
2020-04-07 16:51:30,-119.861483,0.161283,44,14
2020-04-07 16:51:35,-119.861483,0.161283,45,14
2020-04-07 16:51:40,-119.861483,0.161283,38,14
2020-04-07 16:51:45,-119.861483,0.161283,43,14
2020-04-07 16:51:50,-119.861483,0.161283,43,14
2020-04-07 16:51:55,-119.861483,0.161283,41,14
2020-04-07 16:52:00,-119.861483,0.161283,40,14
2020-04-07 16:52:05,-119.861483,0.161283,39,14
2020-04-07 16:52:10,-119.861483,0.161283,40,14
2020-04-07 16:52:15,-119.861483,0.161283,46,14
2020-04-07 16:52:20,-119.861483,0.161283,42,14
2020-04-07 16:52:25,-119.861483,0.161283,45,14
2020-04-07 16:52:30,-119.861483,0.161283,40,14
2020-04-07 16:52:35,-119.861483,0.161283,41,14
2020-04-07 16:52:40,-119.861483,0.161283,46,14
2020-04-07 16:52:45,-119.861483,0.161283,42,14
2020-04-07 16:52:50,-119.861483,0.161283,40,14
2020-04-07 16:52:55,-119.861483,0.161283,41,14
2020-04-07 16:53:00,-119.861483,0.161283,42,14
2020-04-07 16:53:05,-119.861483,0.161283,45,14
2020-04-07 16:53:10,-119.861483,0.161283,41,14
2020-04-07 16:53:15,-119.861483,0.161283,42,14
2020-04-07 16:53:20,-119.861483,0.161283,43,14
2020-04-07 16:53:25,-119.861483,0.161283,41,14
2020-04-07 16:53:30,-119.861483,0.161283,45,14
2020-04-07 16:53:35,-119.861483,0.161283,41,14
2020-04-07 16:53:40,-119.861483,0.161283,43,14
2020-04-07 16:53:45,-119.861483,0.161283,44,14
2020-04-07 16:53:50,-119.861483,0.161283,39,14
2020-04-07 16:53:55,-119.861483,0.161283,45,14
2020-04-07 16:54:00,-119.861483,0.161283,46,14
2020-04-07 16:54:05,-119.861483,0.161283,45,14
2020-04-07 16:54:10,-119.861483,0.161283,37,14
2020-04-07 16:54:15,-119.861483,0.161283,40,14
2020-04-07 16:54:20,-119.861483,0.161283,40,14
2020-04-07 16:54:25,-119.861483,0.161283,49,14
2020-04-07 16:54:30,-119.861483,0.161283,41,14
2020-04-07 16:54:35,-119.861483,0.161283,41,14
2020-04-07 16:54:40,-119.861483,0.161283,43,14
2020-04-07 16:54:45,-119.861483,0.161283,43,14
2020-04-07 16:54:50,-119.861483,0.161283,41,14
2020-04-07 16:54:55,-119.861483,0.161283,42,14
2020-04-07 16:55:00,-119.861483,0.161283,44,14
2020-04-07 16:55:05,-119.861483,0.161283,41,14
2020-04-07 16:55:10,-119.861483,0.161283,39,14
2020-04-07 16:55:15,-119.861483,0.161283,44,14
2020-04-07 16:55:20,-119.861483,0.161283,40,14
2020-04-07 16:55:25,-119.861483,0.161283,44,14
2020-04-07 16:55:30,-119.861483,0.161283,45,14
2020-04-07 16:55:35,-119.861483,0.161283,43,14
2020-04-07 16:55:40,-119.861483,0.161283,42,14
2020-04-07 16:55:45,-119.861483,0.161283,33,14
2020-04-07 16:55:50,-119.861483,0.161283,40,14
2020-04-07 16:55:55,-119.861483,0.161283,43,14
2020-04-07 16:56:00,-119.861483,0.161283,42,14
2020-04-07 16:56:05,-119.861483,0.161283,43,14
2020-04-07 16:56:10,-119.861483,0.161283,43,14
2020-04-07 16:56:15,-119.861483,0.161283,38,14
2020-04-07 16:56:20,-119.861483,0.161283,46,14
2020-04-07 16:56:25,-119.861483,0.161283,45,14
2020-04-07 16:56:30,-119.861483,0.161283,43,14
2020-04-07 16:56:35,-119.861483,0.161283,44,14
2020-04-07 16:56:40,-119.861483,0.161283,38,14
2020-04-07 16:56:45,-119.861483,0.161283,41,14
2020-04-07 16:56:50,-119.861483,0.161283,43,14
2020-04-07 16:56:55,-119.861483,0.161283,36,14
2020-04-07 16:57:00,-119.861483,0.161283,44,14
2020-04-07 16:57:05,-119.861483,0.161283,38,14
2020-04-07 16:57:10,-119.861483,0.161283,45,14
2020-04-07 16:57:15,-119.861483,0.161283,42,14
2020-04-07 16:57:20,-119.861483,0.161283,45,14
2020-04-07 16:57:25,-119.861483,0.161283,42,14
2020-04-07 16:57:30,-119.861483,0.161283,43,14
2020-04-07 16:57:35,-119.861483,0.161283,39,14
2020-04-07 16:57:40,-119.861483,0.161283,41,14
2020-04-07 16:57:45,-119.861483,0.161283,38,14
2020-04-07 16:57:50,-119.861483,0.161283,39,14
2020-04-07 16:57:55,-119.861483,0.161283,44,14
2020-04-07 16:58:00,-119.861483,0.161283,43,14
2020-04-07 16:58:05,-119.861483,0.161283,40,14
2020-04-07 16:58:10,-119.861483,0.161283,41,14
2020-04-07 16:58:15,-119.861483,0.161283,39,14
2020-04-07 16:58:20,-119.861483,0.161283,40,14
2020-04-07 16:58:25,-119.861483,0.161283,45,14
2020-04-07 16:58:30,-119.861483,0.161283,41,14
2020-04-07 16:58:35,-119.861483,0.161283,46,14
2020-04-07 16:58:40,-119.861483,0.161283,44,14
2020-04-07 16:58:45,-119.861483,0.161283,42,14
2020-04-07 16:58:50,-119.861483,0.161283,46,14
2020-04-07 16:58:55,-119.861483,0.161283,45,14
2020-04-07 16:59:00,-119.861483,0.161283,43,14
2020-04-07 16:59:05,-119.861483,0.161283,40,14
2020-04-07 16:59:10,-119.861483,0.161283,48,14
2020-04-07 16:59:15,-119.861483,0.161283,36,14
2020-04-07 16:59:20,-119.861483,0.161283,39,14
2020-04-07 16:59:25,-119.861483,0.161283,43,14
2020-04-07 16:59:30,-119.861483,0.161283,48,14
2020-04-07 16:59:35,-119.861483,0.161283,37,14
2020-04-07 16:59:40,-119.861483,0.161283,42,14
2020-04-07 16:59:45,-119.861483,0.161283,41,14
2020-04-07 16:59:50,-119.861483,0.161283,36,14
2020-04-07 16:59:55,-119.861483,0.161283,44,14
2020-04-07 17:00:00,-119.861483,0.161283,39,14
2020-04-07 17:00:05,-119.861483,0.161283,42,14
2020-04-07 17:00:10,-119.861483,0.161283,38,14
2020-04-07 17:00:15,-119.861483,0.161283,40,14
2020-04-07 17:00:20,-119.861483,0.161283,44,14
2020-04-07 17:00:25,-119.861483,0.161283,46,14
2020-04-07 17:00:30,-119.861483,0.161283,39,14
2020-04-07 17:00:35,-119.861483,0.161283,41,14
2020-04-07 17:00:40,-119.861483,0.161283,40,14
2020-04-07 17:00:45,-119.861483,0.161283,42,14
2020-04-07 17:00:50,-119.861483,0.161283,43,14
2020-04-07 17:00:55,-119.861483,0.161283,36,14
2020-04-07 17:01:00,-119.861483,0.161283,46,14
2020-04-07 17:01:05,-119.861483,0.161283,42,14
2020-04-07 17:01:10,-119.861483,0.161283,41,14
2020-04-07 17:01:15,-119.861483,0.161283,42,14
2020-04-07 17:01:20,-119.861483,0.161283,45,14
2020-04-07 17:01:25,-119.861483,0.161283,42,14
2020-04-07 17:01:30,-119.861483,0.161283,48,14
2020-04-07 17:01:35,-119.861483,0.161283,39,14
2020-04-07 17:01:40,-119.861483,0.161283,44,14
2020-04-07 17:01:45,-119.861483,0.161283,41,14
2020-04-07 17:01:50,-119.861483,0.161283,43,14
2020-04-07 17:01:55,-119.861483,0.161283,40,14
2020-04-07 17:02:00,-119.861483,0.161283,43,14
2020-04-07 17:02:05,-119.861483,0.161283,37,14
2020-04-07 17:02:10,-119.861483,0.161283,39,14
2020-04-07 17:02:15,-119.861483,0.161283,44,14
2020-04-07 17:02:20,-119.861483,0.161283,44,14
2020-04-07 17:02:25,-119.861483,0.161283,39,14
2020-04-07 17:02:30,-119.861483,0.161283,42,14
2020-04-07 17:02:35,-119.861483,0.161283,44,14
2020-04-07 17:02:40,-119.861483,0.161283,44,14
2020-04-07 17:02:45,-119.861483,0.161283,40,14
2020-04-07 17:02:50,-119.861483,0.161283,44,14
2020-04-07 17:02:55,-119.861483,0.161283,39,14
2020-04-07 17:03:00,-119.861483,0.161283,41,14
2020-04-07 17:03:05,-119.861483,0.161283,46,14
2020-04-07 17:03:10,-119.861483,0.161283,43,14
2020-04-07 17:03:15,-119.861483,0.161283,40,14
2020-04-07 17:03:20,-119.861483,0.161283,47,14
2020-04-07 17:03:25,-119.861483,0.161283,38,14
2020-04-07 17:03:30,-119.861483,0.161283,40,14
2020-04-07 17:03:35,-119.861483,0.161283,41,14
2020-04-07 17:03:40,-119.861483,0.161283,39,14
2020-04-07 17:03:45,-119.861483,0.161283,36,14
2020-04-07 17:03:50,-119.861483,0.161283,40,14
2020-04-07 17:03:55,-119.861483,0.161283,38,14
2020-04-07 17:04:00,-119.861483,0.161283,42,14
2020-04-07 17:04:05,-119.861483,0.161283,46,14
2020-04-07 17:04:10,-119.861483,0.161283,43,14
2020-04-07 17:04:15,-119.861483,0.161283,41,14
2020-04-07 17:04:20,-119.861483,0.161283,42,14
2020-04-07 17:04:25,-119.861483,0.161283,37,14
2020-04-07 17:04:30,-119.861483,0.161283,39,14
2020-04-07 17:04:35,-119.861483,0.161283,41,14
2020-04-07 17:04:40,-119.861483,0.161283,42,14
2020-04-07 17:04:45,-119.861483,0.161283,44,14
2020-04-07 17:04:50,-119.861483,0.161283,41,14
2020-04-07 17:04:55,-119.861483,0.161283,44,14
2020-04-07 17:05:00,-119.861483,0.161283,45,14
2020-04-07 17:05:05,-119.861483,0.161283,39,14
2020-04-07 17:05:10,-119.861483,0.161283,43,14
2020-04-07 17:05:15,-119.861483,0.161283,42,14
2020-04-07 17:05:20,-119.861483,0.161283,43,14
2020-04-07 17:05:25,-119.861483,0.161283,52,14
2020-04-07 17:05:30,-119.861483,0.161283,46,14
2020-04-07 17:05:35,-119.861483,0.161283,39,14
2020-04-07 17:05:40,-119.861483,0.161283,41,14
2020-04-07 17:05:45,-119.861483,0.161283,35,14
2020-04-07 17:05:50,-119.861483,0.161283,42,14
2020-04-07 17:05:55,-119.861483,0.161283,44,14
2020-04-07 17:06:00,-119.861483,0.161283,41,14
2020-04-07 17:06:05,-119.861483,0.161283,40,14
2020-04-07 17:06:10,-119.861483,0.161283,45,14
2020-04-07 17:06:15,-119.861483,0.161283,41,14
2020-04-07 17:06:20,-119.861483,0.161283,40,14
2020-04-07 17:06:25,-119.861483,0.161283,39,14
2020-04-07 17:06:30,-119.861483,0.161283,44,14
2020-04-07 17:06:35,-119.861483,0.161283,39,14
2020-04-07 17:06:40,-119.861483,0.161283,43,14
2020-04-07 17:06:45,-119.861483,0.161283,39,14
2020-04-07 17:06:50,-119.861483,0.161283,43,14
2020-04-07 17:06:55,-119.861483,0.161283,40,14
2020-04-07 17:07:00,-119.861483,0.161283,42,14
2020-04-07 17:07:05,-119.861483,0.161283,41,14
2020-04-07 17:07:10,-119.861483,0.161283,44,14
2020-04-07 17:07:15,-119.861483,0.161283,40,14
2020-04-07 17:07:20,-119.861483,0.161283,40,14
2020-04-07 17:07:25,-119.861483,0.161283,41,14
2020-04-07 17:07:30,-119.861483,0.161283,43,14
2020-04-07 17:07:35,-119.861483,0.161283,42,14
2020-04-07 17:07:40,-119.861483,0.161283,41,14
2020-04-07 17:07:45,-119.861483,0.161283,47,14
2020-04-07 17:07:50,-119.861483,0.161283,47,14
2020-04-07 17:07:55,-119.861483,0.161283,44,14
2020-04-07 17:08:00,-119.861483,0.161283,41,14
2020-04-07 17:08:05,-119.861483,0.161283,42,14
2020-04-07 17:08:10,-119.861483,0.161283,44,14
2020-04-07 17:08:15,-119.861483,0.161283,43,14
2020-04-07 17:08:20,-119.861483,0.161283,41,14
2020-04-07 17:08:25,-119.861483,0.161283,41,14
2020-04-07 17:08:30,-119.861483,0.161283,44,14
2020-04-07 17:08:35,-119.861483,0.161283,39,14
2020-04-07 17:08:40,-119.861483,0.161283,43,14
2020-04-07 17:08:45,-119.861483,0.161283,43,14
2020-04-07 17:08:50,-119.861483,0.161283,40,14
2020-04-07 17:08:55,-119.861483,0.161283,43,14
2020-04-07 17:09:00,-119.861483,0.161283,40,14
2020-04-07 17:09:05,-119.861483,0.161283,38,14
2020-04-07 17:09:10,-119.861483,0.161283,40,14
2020-04-07 17:09:15,-119.861483,0.161283,39,14
2020-04-07 17:09:20,-119.861483,0.161283,42,14
2020-04-07 17:09:25,-119.861483,0.161283,42,14
2020-04-07 17:09:30,-119.861483,0.161283,45,14
2020-04-07 17:09:35,-119.861483,0.161283,37,14
2020-04-07 17:09:40,-119.861483,0.161283,44,14
2020-04-07 17:09:45,-119.861483,0.161283,41,14
2020-04-07 17:09:50,-119.861483,0.161283,38,14
2020-04-07 17:09:55,-119.861483,0.161283,44,14
2020-04-07 17:10:00,-119.861483,0.161283,42,14
2020-04-07 17:10:05,-119.861483,0.161283,39,14
2020-04-07 17:10:10,-119.861483,0.161283,38,14
2020-04-07 17:10:15,-119.861483,0.161283,44,14
2020-04-07 17:10:20,-119.861483,0.161283,38,14
2020-04-07 17:10:25,-119.861483,0.161283,41,14
2020-04-07 17:10:30,-119.861483,0.161283,44,14
2020-04-07 17:10:35,-119.861483,0.161283,47,14
2020-04-07 17:10:40,-119.861483,0.161283,45,14
2020-04-07 17:10:45,-119.861483,0.161283,38,14
2020-04-07 17:10:50,-119.861483,0.161283,40,14
2020-04-07 17:10:55,-119.861483,0.161283,46,14
2020-04-07 17:11:00,-119.861483,0.161283,42,14
2020-04-07 17:11:05,-119.861483,0.161283,40,14
2020-04-07 17:11:10,-119.861483,0.161283,43,14
2020-04-07 17:11:15,-119.861483,0.161283,48,14
2020-04-07 17:11:20,-119.861483,0.161283,38,14
2020-04-07 17:11:25,-119.861483,0.161283,51,14
2020-04-07 17:11:30,-119.861483,0.161283,42,14
2020-04-07 17:11:35,-119.861483,0.161283,44,14
2020-04-07 17:11:40,-119.861483,0.161283,44,14
2020-04-07 17:11:45,-119.861483,0.161283,37,14
2020-04-07 17:11:50,-119.861483,0.161283,36,14
2020-04-07 17:11:55,-119.861483,0.161283,46,14
2020-04-07 17:12:00,-119.861483,0.161283,42,14
2020-04-07 17:12:05,-119.861483,0.161283,47,14
2020-04-07 17:12:10,-119.861483,0.161283,45,14
2020-04-07 17:12:15,-119.861483,0.161283,37,14
2020-04-07 17:12:20,-119.861483,0.161283,43,14
2020-04-07 17:12:25,-119.861483,0.161283,37,14
2020-04-07 17:12:30,-119.861483,0.161283,38,14
2020-04-07 17:12:35,-119.861483,0.161283,39,14
2020-04-07 17:12:40,-119.861483,0.161283,45,14
2020-04-07 17:12:45,-119.861483,0.161283,40,14
2020-04-07 17:12:50,-119.861483,0.161283,42,14
2020-04-07 17:12:55,-119.861483,0.161283,46,14
2020-04-07 17:13:00,-119.861483,0.161283,45,14
2020-04-07 17:13:05,-119.861483,0.161283,43,14
2020-04-07 17:13:10,-119.861483,0.161283,37,14
2020-04-07 17:13:15,-119.861483,0.161283,37,14
2020-04-07 17:13:20,-119.861483,0.161283,46,14
2020-04-07 17:13:25,-119.861483,0.161283,45,14
2020-04-07 17:13:30,-119.861483,0.161283,46,14
2020-04-07 17:13:35,-119.861483,0.161283,38,14
2020-04-07 17:13:40,-119.861483,0.161283,46,14
2020-04-07 17:13:45,-119.861483,0.161283,46,14
2020-04-07 17:13:50,-119.861483,0.161283,39,14
2020-04-07 17:13:55,-119.861483,0.161283,46,14
2020-04-07 17:14:00,-119.861483,0.161283,41,14
2020-04-07 17:14:05,-119.861483,0.161283,38,14
2020-04-07 17:14:10,-119.861483,0.161283,43,14
2020-04-07 17:14:15,-119.861483,0.161283,42,14
2020-04-07 17:14:20,-119.861483,0.161283,38,14
2020-04-07 17:14:25,-119.861483,0.161283,41,14
2020-04-07 17:14:30,-119.861483,0.161283,42,14
2020-04-07 17:14:35,-119.861483,0.161283,45,14
2020-04-07 17:14:40,-119.861483,0.161283,43,14
2020-04-07 17:14:45,-119.861483,0.161283,41,14
2020-04-07 17:14:50,-119.861483,0.161283,42,14
2020-04-07 17:14:55,-119.861483,0.161283,38,14
2020-04-07 17:15:00,-119.861483,0.161283,44,14
2020-04-07 17:15:05,-119.861483,0.161283,43,14
2020-04-07 17:15:10,-119.861483,0.161283,37,14
2020-04-07 17:15:15,-119.861483,0.161283,40,14
2020-04-07 17:15:20,-119.861483,0.161283,38,14
2020-04-07 17:15:25,-119.861483,0.161283,39,14
2020-04-07 17:15:30,-119.861483,0.161283,44,14
2020-04-07 17:15:35,-119.861483,0.161283,39,14
2020-04-07 17:15:40,-119.861483,0.161283,44,14
2020-04-07 17:15:45,-119.861483,0.161283,44,14
2020-04-07 17:15:50,-119.861483,0.161283,40,14
2020-04-07 17:15:55,-119.861483,0.161283,41,14
2020-04-07 17:16:00,-119.861483,0.161283,41,14
2020-04-07 17:16:05,-119.861483,0.161283,41,14
2020-04-07 17:16:10,-119.861483,0.161283,42,14
2020-04-07 17:16:15,-119.861483,0.161283,38,14
2020-04-07 17:16:20,-119.861483,0.161283,40,14
2020-04-07 17:16:25,-119.861483,0.161283,51,14
2020-04-07 17:16:30,-119.861483,0.161283,43,14
2020-04-07 17:16:35,-119.861483,0.161283,43,14
2020-04-07 17:16:40,-119.861483,0.161283,37,14
2020-04-07 17:16:45,-119.861483,0.161283,38,14
2020-04-07 17:16:50,-119.861483,0.161283,40,14
2020-04-07 17:16:55,-119.861483,0.161283,43,14
2020-04-07 17:17:00,-119.861483,0.161283,39,14
2020-04-07 17:17:05,-119.861483,0.161283,39,14
2020-04-07 17:17:10,-119.861483,0.161283,45,14
2020-04-07 17:17:15,-119.861483,0.161283,42,14
2020-04-07 17:17:20,-119.861483,0.161283,45,14
2020-04-07 17:17:25,-119.861483,0.161283,43,14
2020-04-07 17:17:30,-119.861483,0.161283,43,14
2020-04-07 17:17:35,-119.861483,0.161283,41,14
2020-04-07 17:17:40,-119.861483,0.161283,43,14
2020-04-07 17:17:45,-119.861483,0.161283,44,14
2020-04-07 17:17:50,-119.861483,0.161283,38,14
2020-04-07 17:17:55,-119.861483,0.161283,43,14
2020-04-07 17:18:00,-119.861483,0.161283,42,14
2020-04-07 17:18:05,-119.861483,0.161283,44,14
2020-04-07 17:18:10,-119.861483,0.161283,42,14
2020-04-07 17:18:15,-119.861483,0.161283,47,14
2020-04-07 17:18:20,-119.861483,0.161283,40,14
2020-04-07 17:18:25,-119.861483,0.161283,39,14
2020-04-07 17:18:30,-119.861483,0.161283,42,14
2020-04-07 17:18:35,-119.861483,0.161283,43,14
2020-04-07 17:18:40,-119.861483,0.161283,40,14
2020-04-07 17:18:45,-119.861483,0.161283,44,14
2020-04-07 17:18:50,-119.861483,0.161283,34,14
2020-04-07 17:18:55,-119.861483,0.161283,41,14
2020-04-07 17:19:00,-119.861483,0.161283,44,14
2020-04-07 17:19:05,-119.861483,0.161283,38,14
2020-04-07 17:19:10,-119.861483,0.161283,35,14
2020-04-07 17:19:15,-119.861483,0.161283,42,14
2020-04-07 17:19:20,-119.861483,0.161283,42,14
2020-04-07 17:19:25,-119.861483,0.161283,44,14
2020-04-07 17:19:30,-119.861483,0.161283,44,14
2020-04-07 17:19:35,-119.861483,0.161283,37,14
2020-04-07 17:19:40,-119.861483,0.161283,40,14
2020-04-07 17:19:45,-119.861483,0.161283,39,14
2020-04-07 17:19:50,-119.861483,0.161283,43,14
2020-04-07 17:19:55,-119.861483,0.161283,42,14
2020-04-07 17:20:00,-119.861483,0.161283,44,14
2020-04-07 17:20:05,-119.861483,0.161283,41,14
2020-04-07 17:20:10,-119.861483,0.161283,37,14
2020-04-07 17:20:15,-119.861483,0.161283,43,14
2020-04-07 17:20:20,-119.861483,0.161283,41,14
2020-04-07 17:20:25,-119.861483,0.161283,45,14
2020-04-07 17:20:30,-119.861483,0.161283,40,14
2020-04-07 17:20:35,-119.861483,0.161283,40,14
2020-04-07 17:20:40,-119.861483,0.161283,45,14
2020-04-07 17:20:45,-119.861483,0.161283,41,14
2020-04-07 17:20:50,-119.861483,0.161283,41,14
2020-04-07 17:20:55,-119.861483,0.161283,41,14
2020-04-07 17:21:00,-119.861483,0.161283,41,14
2020-04-07 17:21:05,-119.861483,0.161283,42,14
2020-04-07 17:21:10,-119.861483,0.161283,39,14
2020-04-07 17:21:15,-119.861483,0.161283,41,14
2020-04-07 17:21:20,-119.861483,0.161283,37,14
2020-04-07 17:21:25,-119.861483,0.161283,43,14
2020-04-07 17:21:30,-119.861483,0.161283,43,14
2020-04-07 17:21:35,-119.861483,0.161283,38,14
2020-04-07 17:21:40,-119.861483,0.161283,44,14
2020-04-07 17:21:45,-119.861483,0.161283,41,14
2020-04-07 17:21:50,-119.861483,0.161283,39,14
2020-04-07 17:21:55,-119.861483,0.161283,41,14
2020-04-07 17:22:00,-119.861483,0.161283,42,14
2020-04-07 17:22:05,-119.861483,0.161283,40,14
2020-04-07 17:22:10,-119.861483,0.161283,39,14
2020-04-07 17:22:15,-119.861483,0.161283,42,14
2020-04-07 17:22:20,-119.861483,0.161283,39,14
2020-04-07 17:22:25,-119.861483,0.161283,43,14
2020-04-07 17:22:30,-119.861483,0.161283,36,14
2020-04-07 17:22:35,-119.861483,0.161283,39,14
2020-04-07 17:22:40,-119.861483,0.161283,46,14
2020-04-07 17:22:45,-119.861483,0.161283,37,14
2020-04-07 17:22:50,-119.861483,0.161283,38,14
2020-04-07 17:22:55,-119.861483,0.161283,40,14
2020-04-07 17:23:00,-119.861483,0.161283,40,14
2020-04-07 17:23:05,-119.861483,0.161283,46,14
2020-04-07 17:23:10,-119.861483,0.161283,42,14
2020-04-07 17:23:15,-119.861483,0.161283,44,14
2020-04-07 17:23:20,-119.861483,0.161283,41,14
2020-04-07 17:23:25,-119.861483,0.161283,42,14
2020-04-07 17:23:30,-119.861483,0.161283,39,14
2020-04-07 17:23:35,-119.861483,0.161283,41,14
2020-04-07 17:23:40,-119.861483,0.161283,41,14
2020-04-07 17:23:45,-119.861483,0.161283,38,14
2020-04-07 17:23:50,-119.861483,0.161283,41,14
2020-04-07 17:23:55,-119.861483,0.161283,37,14
2020-04-07 17:24:00,-119.861483,0.161283,38,14
2020-04-07 17:24:05,-119.861483,0.161283,41,14
2020-04-07 17:24:10,-119.861483,0.161283,44,14
2020-04-07 17:24:15,-119.861483,0.161283,37,14
2020-04-07 17:24:20,-119.861483,0.161283,38,14
2020-04-07 17:24:25,-119.861483,0.161283,41,14
2020-04-07 17:24:30,-119.861483,0.161283,40,14
2020-04-07 17:24:35,-119.861483,0.161283,34,14
2020-04-07 17:24:40,-119.861483,0.161283,45,14
2020-04-07 17:24:45,-119.861483,0.161283,38,14
2020-04-07 17:24:50,-119.861483,0.161283,41,14
2020-04-07 17:24:55,-119.861483,0.161283,37,14
2020-04-07 17:25:00,-119.861483,0.161283,44,14
2020-04-07 17:25:05,-119.861483,0.161283,42,14
2020-04-07 17:25:10,-119.861483,0.161283,42,14
2020-04-07 17:25:15,-119.861483,0.161283,38,14
2020-04-07 17:25:20,-119.861483,0.161283,45,14
2020-04-07 17:25:25,-119.861483,0.161283,38,14
2020-04-07 17:25:30,-119.861483,0.161283,41,14
2020-04-07 17:25:35,-119.861483,0.161283,38,14
2020-04-07 17:25:40,-119.861483,0.161283,41,14
2020-04-07 17:25:45,-119.861483,0.161283,37,14
2020-04-07 17:25:50,-119.861483,0.161283,44,14
2020-04-07 17:25:55,-119.861483,0.161283,39,14
2020-04-07 17:26:00,-119.861483,0.161283,46,14
2020-04-07 17:26:05,-119.861483,0.161283,48,14
2020-04-07 17:26:10,-119.861483,0.161283,40,14
2020-04-07 17:26:15,-119.861483,0.161283,36,14
2020-04-07 17:26:20,-119.861483,0.161283,41,14
2020-04-07 17:26:25,-119.861483,0.161283,36,14
2020-04-07 17:26:30,-119.861483,0.161283,45,14
2020-04-07 17:26:35,-119.861483,0.161283,45,14
2020-04-07 17:26:40,-119.861483,0.161283,39,14
2020-04-07 17:26:45,-119.861483,0.161283,42,14
2020-04-07 17:26:50,-119.861483,0.161283,43,14
2020-04-07 17:26:55,-119.861483,0.161283,44,14
2020-04-07 17:27:00,-119.861483,0.161283,39,14
2020-04-07 17:27:05,-119.861483,0.161283,39,14
2020-04-07 17:27:10,-119.861483,0.161283,41,14
2020-04-07 17:27:15,-119.861483,0.161283,41,14
2020-04-07 17:27:20,-119.861483,0.161283,37,14
2020-04-07 17:27:25,-119.861483,0.161283,38,14
2020-04-07 17:27:30,-119.861483,0.161283,41,14
2020-04-07 17:27:35,-119.861483,0.161283,45,14
2020-04-07 17:27:40,-119.861483,0.161283,36,14
2020-04-07 17:27:45,-119.861483,0.161283,43,14
2020-04-07 17:27:50,-119.861483,0.161283,39,14
2020-04-07 17:27:55,-119.861483,0.161283,39,14
2020-04-07 17:28:00,-119.861483,0.161283,34,14
2020-04-07 17:28:05,-119.861483,0.161283,44,14
2020-04-07 17:28:10,-119.861483,0.161283,38,14
2020-04-07 17:28:15,-119.861483,0.161283,36,14
2020-04-07 17:28:20,-119.861483,0.161283,37,14
2020-04-07 17:28:25,-119.861483,0.161283,41,14
2020-04-07 17:28:30,-119.861483,0.161283,39,14
2020-04-07 17:28:35,-119.861483,0.161283,44,14
2020-04-07 17:28:40,-119.861483,0.161283,41,14
2020-04-07 17:28:45,-119.861483,0.161283,38,14
2020-04-07 17:28:50,-119.861483,0.161283,39,14
2020-04-07 17:28:55,-119.861483,0.161283,40,14
2020-04-07 17:29:00,-119.861483,0.161283,45,14
2020-04-07 17:29:05,-119.861483,0.161283,38,14
2020-04-07 17:29:10,-119.861483,0.161283,42,14
2020-04-07 17:29:15,-119.861483,0.161283,36,14
2020-04-07 17:29:20,-119.861483,0.161283,45,14
2020-04-07 17:29:25,-119.861483,0.161283,37,14
2020-04-07 17:29:30,-119.861483,0.161283,43,14
2020-04-07 17:29:35,-119.861483,0.161283,41,14
2020-04-07 17:29:40,-119.861483,0.161283,41,14
2020-04-07 17:29:45,-119.861483,0.161283,45,14
2020-04-07 17:29:50,-119.861483,0.161283,42,14
2020-04-07 17:29:55,-119.861483,0.161283,39,14
2020-04-07 17:30:00,-119.861483,0.161283,36,14
2020-04-07 17:30:05,-119.861483,0.161283,42,14
2020-04-07 17:30:10,-119.861483,0.161283,45,14
2020-04-07 17:30:15,-119.861483,0.161283,42,14
2020-04-07 17:30:20,-119.861483,0.161283,38,14
2020-04-07 17:30:25,-119.861483,0.161283,44,14
2020-04-07 17:30:30,-119.861483,0.161283,42,14
2020-04-07 17:30:35,-119.861483,0.161283,41,14
2020-04-07 17:30:40,-119.861483,0.161283,40,14
2020-04-07 17:30:45,-119.861483,0.161283,42,14
2020-04-07 17:30:50,-119.861483,0.161283,44,14
2020-04-07 17:30:55,-119.861483,0.161283,42,14
2020-04-07 17:31:00,-119.861483,0.161283,39,14
2020-04-07 17:31:05,-119.861483,0.161283,44,14
2020-04-07 17:31:10,-119.861483,0.161283,42,14
2020-04-07 17:31:15,-119.861483,0.161283,41,14
2020-04-07 17:31:20,-119.861483,0.161283,45,14
2020-04-07 17:31:25,-119.861483,0.161283,45,14
2020-04-07 17:31:30,-119.861483,0.161283,40,14
2020-04-07 17:31:35,-119.861483,0.161283,40,14
2020-04-07 17:31:40,-119.861483,0.161283,42,14
2020-04-07 17:31:45,-119.861483,0.161283,40,14
2020-04-07 17:31:50,-119.861483,0.161283,41,14
2020-04-07 17:31:55,-119.861483,0.161283,38,14
2020-04-07 17:32:00,-119.861483,0.161283,40,14
2020-04-07 17:32:05,-119.861483,0.161283,40,14
2020-04-07 17:32:10,-119.861483,0.161283,39,14
2020-04-07 17:32:15,-119.861483,0.161283,40,14
2020-04-07 17:32:20,-119.861483,0.161283,42,14
2020-04-07 17:32:25,-119.861483,0.161283,44,14
2020-04-07 17:32:30,-119.861483,0.161283,41,14
2020-04-07 17:32:35,-119.861483,0.161283,44,14
2020-04-07 17:32:40,-119.861483,0.161283,42,14
2020-04-07 17:32:45,-119.861483,0.161283,44,14
2020-04-07 17:32:50,-119.861483,0.161283,38,14
2020-04-07 17:32:55,-119.861483,0.161283,34,14
2020-04-07 17:33:00,-119.861483,0.161283,42,14
2020-04-07 17:33:05,-119.861483,0.161283,39,14
2020-04-07 17:33:10,-119.861483,0.161283,45,14
2020-04-07 17:33:15,-119.861483,0.161283,41,14
2020-04-07 17:33:20,-119.861483,0.161283,41,14
2020-04-07 17:33:25,-119.861483,0.161283,43,14
2020-04-07 17:33:30,-119.861483,0.161283,39,14
2020-04-07 17:33:35,-119.861483,0.161283,43,14
2020-04-07 17:33:40,-119.861483,0.161283,45,14
2020-04-07 17:33:45,-119.861483,0.161283,42,14
2020-04-07 17:33:50,-119.861483,0.161283,39,14
2020-04-07 17:33:55,-119.861483,0.161283,44,14
2020-04-07 17:34:00,-119.861483,0.161283,40,14
2020-04-07 17:34:05,-119.861483,0.161283,43,14
2020-04-07 17:34:10,-119.861483,0.161283,39,14
2020-04-07 17:34:15,-119.861483,0.161283,44,14
2020-04-07 17:34:20,-119.861483,0.161283,43,14
2020-04-07 17:34:25,-119.861483,0.161283,39,14
2020-04-07 17:34:30,-119.861483,0.161283,37,14
2020-04-07 17:34:35,-119.861483,0.161283,37,14
2020-04-07 17:34:40,-119.861483,0.161283,42,14
2020-04-07 17:34:45,-119.861483,0.161283,36,14
2020-04-07 17:34:50,-119.861483,0.161283,45,14
2020-04-07 17:34:55,-119.861483,0.161283,40,14
2020-04-07 17:35:00,-119.861483,0.161283,44,14
2020-04-07 17:35:05,-119.861483,0.161283,39,14
2020-04-07 17:35:10,-119.861483,0.161283,39,14
2020-04-07 17:35:15,-119.861483,0.161283,39,14
2020-04-07 17:35:20,-119.861483,0.161283,43,14
2020-04-07 17:35:25,-119.861483,0.161283,39,14
2020-04-07 17:35:30,-119.861483,0.161283,38,14
2020-04-07 17:35:35,-119.861483,0.161283,38,14
2020-04-07 17:35:40,-119.861483,0.161283,40,14
2020-04-07 17:35:45,-119.861483,0.161283,43,14
2020-04-07 17:35:50,-119.861483,0.161283,40,14
2020-04-07 17:35:55,-119.861483,0.161283,43,14
2020-04-07 17:36:00,-119.861483,0.161283,44,14
2020-04-07 17:36:05,-119.861483,0.161283,39,14
2020-04-07 17:36:10,-119.861483,0.161283,44,14
2020-04-07 17:36:15,-119.861483,0.161283,46,14
2020-04-07 17:36:20,-119.861483,0.161283,40,14
2020-04-07 17:36:25,-119.861483,0.161283,36,14
2020-04-07 17:36:30,-119.861483,0.161283,43,14
2020-04-07 17:36:35,-119.861483,0.161283,40,14
2020-04-07 17:36:40,-119.861483,0.161283,38,14
2020-04-07 17:36:45,-119.861483,0.161283,42,14
2020-04-07 17:36:50,-119.861483,0.161283,40,14
2020-04-07 17:36:55,-119.861483,0.161283,40,14
2020-04-07 17:37:00,-119.861483,0.161283,42,14
2020-04-07 17:37:05,-119.861483,0.161283,42,14
2020-04-07 17:37:10,-119.861483,0.161283,40,14
2020-04-07 17:37:15,-119.861483,0.161283,42,14
2020-04-07 17:37:20,-119.861483,0.161283,42,14
2020-04-07 17:37:25,-119.861483,0.161283,45,14
2020-04-07 17:37:30,-119.861483,0.161283,43,14
2020-04-07 17:37:35,-119.861483,0.161283,44,14
2020-04-07 17:37:40,-119.861483,0.161283,41,14
2020-04-07 17:37:45,-119.861483,0.161283,40,14
2020-04-07 17:37:50,-119.861483,0.161283,44,14
2020-04-07 17:37:55,-119.861483,0.161283,37,14
2020-04-07 17:38:00,-119.861483,0.161283,39,14
2020-04-07 17:38:05,-119.861483,0.161283,41,14
2020-04-07 17:38:10,-119.861483,0.161283,38,14
2020-04-07 17:38:15,-119.861483,0.161283,40,14
2020-04-07 17:38:20,-119.861483,0.161283,39,14
2020-04-07 17:38:25,-119.861483,0.161283,45,14
2020-04-07 17:38:30,-119.861483,0.161283,39,14
2020-04-07 17:38:35,-119.861483,0.161283,41,14
2020-04-07 17:38:40,-119.861483,0.161283,47,14
2020-04-07 17:38:45,-119.861483,0.161283,43,14
2020-04-07 17:38:50,-119.861483,0.161283,42,14
2020-04-07 17:38:55,-119.861483,0.161283,40,14
2020-04-07 17:39:00,-119.861483,0.161283,42,14
2020-04-07 17:39:05,-119.861483,0.161283,40,14
2020-04-07 17:39:10,-119.861483,0.161283,43,14
2020-04-07 17:39:15,-119.861483,0.161283,41,14
2020-04-07 17:39:20,-119.861483,0.161283,44,14
2020-04-07 17:39:25,-119.861483,0.161283,41,14
2020-04-07 17:39:30,-119.861483,0.161283,42,14
2020-04-07 17:39:35,-119.861483,0.161283,41,14
2020-04-07 17:39:40,-119.861483,0.161283,41,14
2020-04-07 17:39:45,-119.861483,0.161283,41,14
2020-04-07 17:39:50,-119.861483,0.161283,37,14
2020-04-07 17:39:55,-119.861483,0.161283,43,14
2020-04-07 17:40:00,-119.861483,0.161283,47,14
2020-04-07 17:40:05,-119.861483,0.161283,39,14
2020-04-07 17:40:10,-119.861483,0.161283,38,14
2020-04-07 17:40:15,-119.861483,0.161283,47,14
2020-04-07 17:40:20,-119.861483,0.161283,40,14
2020-04-07 17:40:25,-119.861483,0.161283,46,14
2020-04-07 17:40:30,-119.861483,0.161283,45,14
2020-04-07 17:40:35,-119.861483,0.161283,37,14
2020-04-07 17:40:40,-119.861483,0.161283,45,14
2020-04-07 17:40:45,-119.861483,0.161283,44,14
2020-04-07 17:40:50,-119.861483,0.161283,37,14
2020-04-07 17:40:55,-119.861483,0.161283,43,14
2020-04-07 17:41:00,-119.861483,0.161283,48,14
2020-04-07 17:41:05,-119.861483,0.161283,41,14
2020-04-07 17:41:10,-119.861483,0.161283,41,14
2020-04-07 17:41:15,-119.861483,0.161283,39,14
2020-04-07 17:41:20,-119.861483,0.161283,40,14
2020-04-07 17:41:25,-119.861483,0.161283,44,14
2020-04-07 17:41:30,-119.861483,0.161283,38,14
2020-04-07 17:41:35,-119.861483,0.161283,43,14
2020-04-07 17:41:40,-119.861483,0.161283,40,14
2020-04-07 17:41:45,-119.861483,0.161283,40,14
2020-04-07 17:41:50,-119.861483,0.161283,43,14
2020-04-07 17:41:55,-119.861483,0.161283,40,14
2020-04-07 17:42:00,-119.861483,0.161283,40,14
2020-04-07 17:42:05,-119.861483,0.161283,41,14
2020-04-07 17:42:10,-119.861483,0.161283,45,14
2020-04-07 17:42:15,-119.861483,0.161283,48,14
2020-04-07 17:42:20,-119.861483,0.161283,40,14
2020-04-07 17:42:25,-119.861483,0.161283,41,14
2020-04-07 17:42:30,-119.861483,0.161283,37,14
2020-04-07 17:42:35,-119.861483,0.161283,39,14
2020-04-07 17:42:40,-119.861483,0.161283,46,14
2020-04-07 17:42:45,-119.861483,0.161283,37,14
2020-04-07 17:42:50,-119.861483,0.161283,42,14
2020-04-07 17:42:55,-119.861483,0.161283,40,14
2020-04-07 17:43:00,-119.861483,0.161283,43,14
2020-04-07 17:43:05,-119.861483,0.161283,36,14
2020-04-07 17:43:10,-119.861483,0.161283,39,14
2020-04-07 17:43:15,-119.861483,0.161283,44,14
2020-04-07 17:43:20,-119.861483,0.161283,40,14
2020-04-07 17:43:25,-119.861483,0.161283,40,14
2020-04-07 17:43:30,-119.861483,0.161283,44,14
2020-04-07 17:43:35,-119.861483,0.161283,45,14
2020-04-07 17:43:40,-119.861483,0.161283,40,14
2020-04-07 17:43:45,-119.861483,0.161283,38,14
2020-04-07 17:43:50,-119.861483,0.161283,39,14
2020-04-07 17:43:55,-119.861483,0.161283,44,14
2020-04-07 17:44:00,-119.861483,0.161283,41,14
2020-04-07 17:44:05,-119.861483,0.161283,41,14
2020-04-07 17:44:10,-119.861483,0.161283,43,14
2020-04-07 17:44:15,-119.861483,0.161283,39,14
2020-04-07 17:44:20,-119.861483,0.161283,41,14
2020-04-07 17:44:25,-119.861483,0.161283,40,14
2020-04-07 17:44:30,-119.861483,0.161283,42,14
2020-04-07 17:44:35,-119.861483,0.161283,39,14
2020-04-07 17:44:40,-119.861483,0.161283,43,14
2020-04-07 17:44:45,-119.861483,0.161283,43,14
2020-04-07 17:44:50,-119.861483,0.161283,45,14
2020-04-07 17:44:55,-119.861483,0.161283,43,14
2020-04-07 17:45:00,-119.861483,0.161283,45,14
2020-04-07 17:45:05,-119.861483,0.161283,39,14
2020-04-07 17:45:10,-119.861483,0.161283,41,14
2020-04-07 17:45:15,-119.861483,0.161283,42,14
2020-04-07 17:45:20,-119.861483,0.161283,42,14
2020-04-07 17:45:25,-119.861483,0.161283,39,14
2020-04-07 17:45:30,-119.861483,0.161283,42,14
2020-04-07 17:45:35,-119.861483,0.161283,43,14
2020-04-07 17:45:40,-119.861483,0.161283,41,14
2020-04-07 17:45:45,-119.861483,0.161283,46,14
2020-04-07 17:45:50,-119.861483,0.161283,41,14
2020-04-07 17:45:55,-119.861483,0.161283,41,14
2020-04-07 17:46:00,-119.861483,0.161283,37,14
2020-04-07 17:46:05,-119.861483,0.161283,39,14
2020-04-07 17:46:10,-119.861483,0.161283,39,14
2020-04-07 17:46:15,-119.861483,0.161283,43,14
2020-04-07 17:46:20,-119.861483,0.161283,41,14
2020-04-07 17:46:25,-119.861483,0.161283,40,14
2020-04-07 17:46:30,-119.861483,0.161283,42,14
2020-04-07 17:46:35,-119.861483,0.161283,42,14
2020-04-07 17:46:40,-119.861483,0.161283,45,14
2020-04-07 17:46:45,-119.861483,0.161283,38,14
2020-04-07 17:46:50,-119.861483,0.161283,47,14
2020-04-07 17:46:55,-119.861483,0.161283,40,14
2020-04-07 17:47:00,-119.861483,0.161283,41,14
2020-04-07 17:47:05,-119.861483,0.161283,43,14
2020-04-07 17:47:10,-119.861483,0.161283,41,14
2020-04-07 17:47:15,-119.861483,0.161283,46,14
2020-04-07 17:47:20,-119.861483,0.161283,42,14
2020-04-07 17:47:25,-119.861483,0.161283,41,14
2020-04-07 17:47:30,-119.861483,0.161283,41,14
2020-04-07 17:47:35,-119.861483,0.161283,40,14
2020-04-07 17:47:40,-119.861483,0.161283,37,14
2020-04-07 17:47:45,-119.861483,0.161283,38,14
2020-04-07 17:47:50,-119.861483,0.161283,44,14
2020-04-07 17:47:55,-119.861483,0.161283,39,14
2020-04-07 17:48:00,-119.861483,0.161283,40,14
2020-04-07 17:48:05,-119.861483,0.161283,46,14
2020-04-07 17:48:10,-119.861483,0.161283,45,14
2020-04-07 17:48:15,-119.861483,0.161283,43,14
2020-04-07 17:48:20,-119.861483,0.161283,44,14
2020-04-07 17:48:25,-119.861483,0.161283,38,14
2020-04-07 17:48:30,-119.861483,0.161283,42,14
2020-04-07 17:48:35,-119.861483,0.161283,37,14
2020-04-07 17:48:40,-119.861483,0.161283,38,14
2020-04-07 17:48:45,-119.861483,0.161283,40,14
2020-04-07 17:48:50,-119.861483,0.161283,39,14
2020-04-07 17:48:55,-119.861483,0.161283,37,14
2020-04-07 17:49:00,-119.861483,0.161283,48,14
2020-04-07 17:49:05,-119.861483,0.161283,47,14
2020-04-07 17:49:10,-119.861483,0.161283,39,14
2020-04-07 17:49:15,-119.861483,0.161283,40,14
2020-04-07 17:49:20,-119.861483,0.161283,41,14
2020-04-07 17:49:25,-119.861483,0.161283,40,14
2020-04-07 17:49:30,-119.861483,0.161283,38,14
2020-04-07 17:49:35,-119.861483,0.161283,42,14
2020-04-07 17:49:40,-119.861483,0.161283,41,14
2020-04-07 17:49:45,-119.861483,0.161283,38,14
2020-04-07 17:49:50,-119.861483,0.161283,41,14
2020-04-07 17:49:55,-119.861483,0.161283,40,14
2020-04-07 17:50:00,-119.861483,0.161283,42,14
2020-04-07 17:50:05,-119.861483,0.161283,35,14
2020-04-07 17:50:10,-119.861483,0.161283,41,14
2020-04-07 17:50:15,-119.861483,0.161283,40,14
2020-04-07 17:50:20,-119.861483,0.161283,43,14
2020-04-07 17:50:25,-119.861483,0.161283,42,14
2020-04-07 17:50:30,-119.861483,0.161283,38,14
2020-04-07 17:50:35,-119.861483,0.161283,42,14
2020-04-07 17:50:40,-119.861483,0.161283,37,14
2020-04-07 17:50:45,-119.861483,0.161283,44,14
2020-04-07 17:50:50,-119.861483,0.161283,41,14
2020-04-07 17:50:55,-119.861483,0.161283,42,14
2020-04-07 17:51:00,-119.861483,0.161283,39,14
2020-04-07 17:51:05,-119.861483,0.161283,41,14
2020-04-07 17:51:10,-119.861483,0.161283,39,14
2020-04-07 17:51:15,-119.861483,0.161283,43,14
2020-04-07 17:51:20,-119.861483,0.161283,46,14
2020-04-07 17:51:25,-119.861483,0.161283,39,14
2020-04-07 17:51:30,-119.861483,0.161283,44,14
2020-04-07 17:51:35,-119.861483,0.161283,42,14
2020-04-07 17:51:40,-119.861483,0.161283,39,14
2020-04-07 17:51:45,-119.861483,0.161283,41,14
2020-04-07 17:51:50,-119.861483,0.161283,43,14
2020-04-07 17:51:55,-119.861483,0.161283,36,14
2020-04-07 17:52:00,-119.861483,0.161283,39,14
2020-04-07 17:52:05,-119.861483,0.161283,38,14
2020-04-07 17:52:10,-119.861483,0.161283,40,14
2020-04-07 17:52:15,-119.861483,0.161283,41,14
2020-04-07 17:52:20,-119.861483,0.161283,44,14
2020-04-07 17:52:25,-119.861483,0.161283,42,14
2020-04-07 17:52:30,-119.861483,0.161283,45,14
2020-04-07 17:52:35,-119.861483,0.161283,42,14
2020-04-07 17:52:40,-119.861483,0.161283,41,14
2020-04-07 17:52:45,-119.861483,0.161283,39,14
2020-04-07 17:52:50,-119.861483,0.161283,42,14
2020-04-07 17:52:55,-119.861483,0.161283,39,14
2020-04-07 17:53:00,-119.861483,0.161283,40,14
2020-04-07 17:53:05,-119.861483,0.161283,46,14
2020-04-07 17:53:10,-119.861483,0.161283,44,14
2020-04-07 17:53:15,-119.861483,0.161283,45,14
2020-04-07 17:53:20,-119.861483,0.161283,36,14
2020-04-07 17:53:25,-119.861483,0.161283,39,14
2020-04-07 17:53:30,-119.861483,0.161283,45,14
2020-04-07 17:53:35,-119.861483,0.161283,41,14
2020-04-07 17:53:40,-119.861483,0.161283,39,14
2020-04-07 17:53:45,-119.861483,0.161283,45,14
2020-04-07 17:53:50,-119.861483,0.161283,38,14
2020-04-07 17:53:55,-119.861483,0.161283,40,14
2020-04-07 17:54:00,-119.861483,0.161283,38,14
2020-04-07 17:54:05,-119.861483,0.161283,37,14
2020-04-07 17:54:10,-119.861483,0.161283,42,14
2020-04-07 17:54:15,-119.861483,0.161283,38,14
2020-04-07 17:54:20,-119.861483,0.161283,41,14
2020-04-07 17:54:25,-119.861483,0.161283,40,14
2020-04-07 17:54:30,-119.861483,0.161283,43,14
2020-04-07 17:54:35,-119.861483,0.161283,41,14
2020-04-07 17:54:40,-119.861483,0.161283,42,14
2020-04-07 17:54:45,-119.861483,0.161283,40,14
2020-04-07 17:54:50,-119.861483,0.161283,40,14
2020-04-07 17:54:55,-119.861483,0.161283,44,14
2020-04-07 17:55:00,-119.861483,0.161283,36,14
2020-04-07 17:55:05,-119.861483,0.161283,44,14
2020-04-07 17:55:10,-119.861483,0.161283,39,14
2020-04-07 17:55:15,-119.861483,0.161283,42,14
2020-04-07 17:55:20,-119.861483,0.161283,41,14
2020-04-07 17:55:25,-119.861483,0.161283,43,14
2020-04-07 17:55:30,-119.861483,0.161283,37,14
2020-04-07 17:55:35,-119.861483,0.161283,41,14
2020-04-07 17:55:40,-119.861483,0.161283,40,14
2020-04-07 17:55:45,-119.861483,0.161283,42,14
2020-04-07 17:55:50,-119.861483,0.161283,40,14
2020-04-07 17:55:55,-119.861483,0.161283,40,14
2020-04-07 17:56:00,-119.861483,0.161283,43,14
2020-04-07 17:56:05,-119.861483,0.161283,41,14
2020-04-07 17:56:10,-119.861483,0.161283,42,14
2020-04-07 17:56:15,-119.861483,0.161283,40,14
2020-04-07 17:56:20,-119.861483,0.161283,48,14
2020-04-07 17:56:25,-119.861483,0.161283,37,14
2020-04-07 17:56:30,-119.861483,0.161283,39,14
2020-04-07 17:56:35,-119.861483,0.161283,39,14
2020-04-07 17:56:40,-119.861483,0.161283,39,14
2020-04-07 17:56:45,-119.861483,0.161283,43,14
2020-04-07 17:56:50,-119.861483,0.161283,42,14
2020-04-07 17:56:55,-119.861483,0.161283,47,14
2020-04-07 17:57:00,-119.861483,0.161283,41,14
2020-04-07 17:57:05,-119.861483,0.161283,42,14
2020-04-07 17:57:10,-119.861483,0.161283,38,14
2020-04-07 17:57:15,-119.861483,0.161283,41,14
2020-04-07 17:57:20,-119.861483,0.161283,47,14
2020-04-07 17:57:25,-119.861483,0.161283,37,14
2020-04-07 17:57:30,-119.861483,0.161283,40,14
2020-04-07 17:57:35,-119.861483,0.161283,44,14
2020-04-07 17:57:40,-119.861483,0.161283,40,14
2020-04-07 17:57:45,-119.861483,0.161283,46,14
2020-04-07 17:57:50,-119.861483,0.161283,37,14
2020-04-07 17:57:55,-119.861483,0.161283,41,14
2020-04-07 17:58:00,-119.861483,0.161283,42,14
2020-04-07 17:58:05,-119.861483,0.161283,42,14
2020-04-07 17:58:10,-119.861483,0.161283,38,14
2020-04-07 17:58:15,-119.861483,0.161283,42,14
2020-04-07 17:58:20,-119.861483,0.161283,38,14
2020-04-07 17:58:25,-119.861483,0.161283,41,14
2020-04-07 17:58:30,-119.861483,0.161283,42,14
2020-04-07 17:58:35,-119.861483,0.161283,39,14
2020-04-07 17:58:40,-119.861483,0.161283,41,14
2020-04-07 17:58:45,-119.861483,0.161283,44,14
2020-04-07 17:58:50,-119.861483,0.161283,39,14
2020-04-07 17:58:55,-119.861483,0.161283,36,14
2020-04-07 17:59:00,-119.861483,0.161283,41,14
2020-04-07 17:59:05,-119.861483,0.161283,40,14
2020-04-07 17:59:10,-119.861483,0.161283,38,14
2020-04-07 17:59:15,-119.861483,0.161283,40,14
2020-04-07 17:59:20,-119.861483,0.161283,41,14
2020-04-07 17:59:25,-119.861483,0.161283,40,14
2020-04-07 17:59:30,-119.861483,0.161283,35,14
2020-04-07 17:59:35,-119.861483,0.161283,45,14
2020-04-07 17:59:40,-119.861483,0.161283,39,14
2020-04-07 17:59:45,-119.861483,0.161283,40,14
2020-04-07 17:59:50,-119.861483,0.161283,40,14
2020-04-07 17:59:55,-119.861483,0.161283,41,14
2020-04-07 18:00:00,-119.861483,0.161283,43,14
2020-04-07 18:00:05,-119.861483,0.161283,40,14
2020-04-07 18:00:10,-119.861483,0.161283,41,14
2020-04-07 18:00:15,-119.861483,0.161283,39,14
2020-04-07 18:00:20,-119.861483,0.161283,42,14
2020-04-07 18:00:25,-119.861483,0.161283,38,14
2020-04-07 18:00:30,-119.861483,0.161283,45,14
2020-04-07 18:00:35,-119.861483,0.161283,47,14
2020-04-07 18:00:40,-119.861483,0.161283,38,14
2020-04-07 18:00:45,-119.861483,0.161283,46,14
2020-04-07 18:00:50,-119.861483,0.161283,41,14
2020-04-07 18:00:55,-119.861483,0.161283,43,14
2020-04-07 18:01:00,-119.861483,0.161283,41,14
2020-04-07 18:01:05,-119.861483,0.161283,46,14
2020-04-07 18:01:10,-119.861483,0.161283,42,14
2020-04-07 18:01:15,-119.861483,0.161283,39,14
2020-04-07 18:01:20,-119.861483,0.161283,41,14
2020-04-07 18:01:25,-119.861483,0.161283,45,14
2020-04-07 18:01:30,-119.861483,0.161283,43,14
2020-04-07 18:01:35,-119.861483,0.161283,36,14
2020-04-07 18:01:40,-119.861483,0.161283,41,14
2020-04-07 18:01:45,-119.861483,0.161283,44,14
2020-04-07 18:01:50,-119.861483,0.161283,44,14
2020-04-07 18:01:55,-119.861483,0.161283,40,14
2020-04-07 18:02:00,-119.861483,0.161283,43,14
2020-04-07 18:02:05,-119.861483,0.161283,45,14
2020-04-07 18:02:10,-119.861483,0.161283,40,14
2020-04-07 18:02:15,-119.861483,0.161283,43,14
2020-04-07 18:02:20,-119.861483,0.161283,44,14
2020-04-07 18:02:25,-119.861483,0.161283,41,14
2020-04-07 18:02:30,-119.861483,0.161283,43,14
2020-04-07 18:02:35,-119.861483,0.161283,38,14
2020-04-07 18:02:40,-119.861483,0.161283,39,14
2020-04-07 18:02:45,-119.861483,0.161283,45,14
2020-04-07 18:02:50,-119.861483,0.161283,40,14
2020-04-07 18:02:55,-119.861483,0.161283,41,14
2020-04-07 18:03:00,-119.861483,0.161283,47,14
2020-04-07 18:03:05,-119.861483,0.161283,43,14
2020-04-07 18:03:10,-119.861483,0.161283,42,14
2020-04-07 18:03:15,-119.861483,0.161283,46,14
2020-04-07 18:03:20,-119.861483,0.161283,38,14
2020-04-07 18:03:25,-119.861483,0.161283,43,14
2020-04-07 18:03:30,-119.861483,0.161283,37,14
2020-04-07 18:03:35,-119.861483,0.161283,42,14
2020-04-07 18:03:40,-119.861483,0.161283,42,14
2020-04-07 18:03:45,-119.861483,0.161283,38,14
2020-04-07 18:03:50,-119.861483,0.161283,41,14
2020-04-07 18:03:55,-119.861483,0.161283,45,14
2020-04-07 18:04:00,-119.861483,0.161283,38,14
2020-04-07 18:04:05,-119.861483,0.161283,44,14
2020-04-07 18:04:10,-119.861483,0.161283,42,14
2020-04-07 18:04:15,-119.861483,0.161283,43,14
2020-04-07 18:04:20,-119.861483,0.161283,34,14
2020-04-07 18:04:25,-119.861483,0.161283,40,14
2020-04-07 18:04:30,-119.861483,0.161283,46,14
2020-04-07 18:04:35,-119.861483,0.161283,44,14
2020-04-07 18:04:40,-119.861483,0.161283,46,14
2020-04-07 18:04:45,-119.861483,0.161283,36,14
2020-04-07 18:04:50,-119.861483,0.161283,44,14
2020-04-07 18:04:55,-119.861483,0.161283,42,14
2020-04-07 18:05:00,-119.861483,0.161283,42,14
2020-04-07 18:05:05,-119.861483,0.161283,41,14
2020-04-07 18:05:10,-119.861483,0.161283,44,14
2020-04-07 18:05:15,-119.861483,0.161283,39,14
2020-04-07 18:05:20,-119.861483,0.161283,40,14
2020-04-07 18:05:25,-119.861483,0.161283,44,14
2020-04-07 18:05:30,-119.861483,0.161283,44,14
2020-04-07 18:05:35,-119.861483,0.161283,41,14
2020-04-07 18:05:40,-119.861483,0.161283,41,14
2020-04-07 18:05:45,-119.861483,0.161283,41,14
2020-04-07 18:05:50,-119.861483,0.161283,47,14
2020-04-07 18:05:55,-119.861483,0.161283,43,14
2020-04-07 18:06:00,-119.861483,0.161283,42,14
2020-04-07 18:06:05,-119.861483,0.161283,42,14
2020-04-07 18:06:10,-119.861483,0.161283,42,14
2020-04-07 18:06:15,-119.861483,0.161283,43,14
2020-04-07 18:06:20,-119.861483,0.161283,41,14
2020-04-07 18:06:25,-119.861483,0.161283,43,14
2020-04-07 18:06:30,-119.861483,0.161283,40,14
2020-04-07 18:06:35,-119.861483,0.161283,47,14
2020-04-07 18:06:40,-119.861483,0.161283,42,14
2020-04-07 18:06:45,-119.861483,0.161283,39,14
2020-04-07 18:06:50,-119.861483,0.161283,38,14
2020-04-07 18:06:55,-119.861483,0.161283,39,14
2020-04-07 18:07:00,-119.861483,0.161283,42,14
2020-04-07 18:07:05,-119.861483,0.161283,41,14
2020-04-07 18:07:10,-119.861483,0.161283,41,14
2020-04-07 18:07:15,-119.861483,0.161283,42,14
2020-04-07 18:07:20,-119.861483,0.161283,39,14
2020-04-07 18:07:25,-119.861483,0.161283,42,14
2020-04-07 18:07:30,-119.861483,0.161283,42,14
2020-04-07 18:07:35,-119.861483,0.161283,40,14
2020-04-07 18:07:40,-119.861483,0.161283,45,14
2020-04-07 18:07:45,-119.861483,0.161283,41,14
2020-04-07 18:07:50,-119.861483,0.161283,40,14
2020-04-07 18:07:55,-119.861483,0.161283,42,14
2020-04-07 18:08:00,-119.861483,0.161283,44,14
2020-04-07 18:08:05,-119.861483,0.161283,41,14
2020-04-07 18:08:10,-119.861483,0.161283,42,14
2020-04-07 18:08:15,-119.861483,0.161283,45,14
2020-04-07 18:08:20,-119.861483,0.161283,40,14
2020-04-07 18:08:25,-119.861483,0.161283,43,14
2020-04-07 18:08:30,-119.861483,0.161283,43,14
2020-04-07 18:08:35,-119.861483,0.161283,42,14
2020-04-07 18:08:40,-119.861483,0.161283,42,14
2020-04-07 18:08:45,-119.861483,0.161283,39,14
2020-04-07 18:08:50,-119.861483,0.161283,46,14
2020-04-07 18:08:55,-119.861483,0.161283,39,14
2020-04-07 18:09:00,-119.861483,0.161283,40,14
2020-04-07 18:09:05,-119.861483,0.161283,41,14
2020-04-07 18:09:10,-119.861483,0.161283,39,14
2020-04-07 18:09:15,-119.861483,0.161283,35,14
2020-04-07 18:09:20,-119.861483,0.161283,46,14
2020-04-07 18:09:25,-119.861483,0.161283,45,14
2020-04-07 18:09:30,-119.861483,0.161283,38,14
2020-04-07 18:09:35,-119.861483,0.161283,42,14
2020-04-07 18:09:40,-119.861483,0.161283,39,14
2020-04-07 18:09:45,-119.861483,0.161283,42,14
2020-04-07 18:09:50,-119.861483,0.161283,35,14
2020-04-07 18:09:55,-119.861483,0.161283,44,14
2020-04-07 18:10:00,-119.861483,0.161283,42,14
2020-04-07 18:10:05,-119.861483,0.161283,47,14
2020-04-07 18:10:10,-119.861483,0.161283,38,14
2020-04-07 18:10:15,-119.861483,0.161283,45,14
2020-04-07 18:10:20,-119.861483,0.161283,40,14
2020-04-07 18:10:25,-119.861483,0.161283,47,14
2020-04-07 18:10:30,-119.861483,0.161283,41,14
2020-04-07 18:10:35,-119.861483,0.161283,40,14
2020-04-07 18:10:40,-119.861483,0.161283,40,14
2020-04-07 18:10:45,-119.861483,0.161283,47,14
2020-04-07 18:10:50,-119.861483,0.161283,36,14
2020-04-07 18:10:55,-119.861483,0.161283,41,14
2020-04-07 18:11:00,-119.861483,0.161283,39,14
2020-04-07 18:11:05,-119.861483,0.161283,43,14
2020-04-07 18:11:10,-119.861483,0.161283,43,14
2020-04-07 18:11:15,-119.861483,0.161283,46,14
2020-04-07 18:11:20,-119.861483,0.161283,43,14
2020-04-07 18:11:25,-119.861483,0.161283,41,14
2020-04-07 18:11:30,-119.861483,0.161283,40,14
2020-04-07 18:11:35,-119.861483,0.161283,40,14
2020-04-07 18:11:40,-119.861483,0.161283,45,14
2020-04-07 18:11:45,-119.861483,0.161283,41,14
2020-04-07 18:11:50,-119.861483,0.161283,42,14
2020-04-07 18:11:55,-119.861483,0.161283,43,14
2020-04-07 18:12:00,-119.861483,0.161283,41,14
2020-04-07 18:12:05,-119.861483,0.161283,44,14
2020-04-07 18:12:10,-119.861483,0.161283,40,14
2020-04-07 18:12:15,-119.861483,0.161283,41,14
2020-04-07 18:12:20,-119.861483,0.161283,46,14
2020-04-07 18:12:25,-119.861483,0.161283,41,14
2020-04-07 18:12:30,-119.861483,0.161283,43,14
2020-04-07 18:12:35,-119.861483,0.161283,41,14
2020-04-07 18:12:40,-119.861483,0.161283,45,14
2020-04-07 18:12:45,-119.861483,0.161283,43,14
2020-04-07 18:12:50,-119.861483,0.161283,39,14
2020-04-07 18:12:55,-119.861483,0.161283,37,14
2020-04-07 18:13:00,-119.861483,0.161283,43,14
2020-04-07 18:13:05,-119.861483,0.161283,37,14
2020-04-07 18:13:10,-119.861483,0.161283,40,14
2020-04-07 18:13:15,-119.861483,0.161283,36,14
2020-04-07 18:13:20,-119.861483,0.161283,46,14
2020-04-07 18:13:25,-119.861483,0.161283,41,14
2020-04-07 18:13:30,-119.861483,0.161283,41,14
2020-04-07 18:13:35,-119.861483,0.161283,40,14
2020-04-07 18:13:40,-119.861483,0.161283,43,14
2020-04-07 18:13:45,-119.861483,0.161283,46,14
2020-04-07 18:13:50,-119.861483,0.161283,42,14
2020-04-07 18:13:55,-119.861483,0.161283,45,14
2020-04-07 18:14:00,-119.861483,0.161283,40,14
2020-04-07 18:14:05,-119.861483,0.161283,40,14
2020-04-07 18:14:10,-119.861483,0.161283,43,14
2020-04-07 18:14:15,-119.861483,0.161283,40,14
2020-04-07 18:14:20,-119.861483,0.161283,41,14
2020-04-07 18:14:25,-119.861483,0.161283,36,14
2020-04-07 18:14:30,-119.861483,0.161283,40,14
2020-04-07 18:14:35,-119.861483,0.161283,34,14
2020-04-07 18:14:40,-119.861483,0.161283,39,14
2020-04-07 18:14:45,-119.861483,0.161283,39,14
2020-04-07 18:14:50,-119.861483,0.161283,41,14
2020-04-07 18:14:55,-119.861483,0.161283,39,14
2020-04-07 18:15:00,-119.861483,0.161283,39,14
2020-04-07 18:15:05,-119.861483,0.161283,39,14
2020-04-07 18:15:10,-119.861483,0.161283,40,14
2020-04-07 18:15:15,-119.861483,0.161283,45,14
2020-04-07 18:15:20,-119.861483,0.161283,43,14
2020-04-07 18:15:25,-119.861483,0.161283,42,14
2020-04-07 18:15:30,-119.861483,0.161283,42,14
2020-04-07 18:15:35,-119.861483,0.161283,39,14
2020-04-07 18:15:40,-119.861483,0.161283,40,14
2020-04-07 18:15:45,-119.861483,0.161283,42,14
2020-04-07 18:15:50,-119.861483,0.161283,41,14
2020-04-07 18:15:55,-119.861483,0.161283,46,14
2020-04-07 18:16:00,-119.861483,0.161283,44,14
2020-04-07 18:16:05,-119.861483,0.161283,38,14
2020-04-07 18:16:10,-119.861483,0.161283,41,14
2020-04-07 18:16:15,-119.861483,0.161283,40,14
2020-04-07 18:16:20,-119.861483,0.161283,39,14
2020-04-07 18:16:25,-119.861483,0.161283,33,14
2020-04-07 18:16:30,-119.861483,0.161283,46,14
2020-04-07 18:16:35,-119.861483,0.161283,40,14
2020-04-07 18:16:40,-119.861483,0.161283,44,14
2020-04-07 18:16:45,-119.861483,0.161283,43,14
2020-04-07 18:16:50,-119.861483,0.161283,38,14
2020-04-07 18:16:55,-119.861483,0.161283,42,14
2020-04-07 18:17:00,-119.861483,0.161283,35,14
2020-04-07 18:17:05,-119.861483,0.161283,47,14
2020-04-07 18:17:10,-119.861483,0.161283,40,14
2020-04-07 18:17:15,-119.861483,0.161283,46,14
2020-04-07 18:17:20,-119.861483,0.161283,43,14
2020-04-07 18:17:25,-119.861483,0.161283,38,14
2020-04-07 18:17:30,-119.861483,0.161283,42,14
2020-04-07 18:17:35,-119.861483,0.161283,39,14
2020-04-07 18:17:40,-119.861483,0.161283,41,14
2020-04-07 18:17:45,-119.861483,0.161283,43,14
2020-04-07 18:17:50,-119.861483,0.161283,43,14
2020-04-07 18:17:55,-119.861483,0.161283,44,14
2020-04-07 18:18:00,-119.861483,0.161283,45,14
2020-04-07 18:18:05,-119.861483,0.161283,44,14
2020-04-07 18:18:10,-119.861483,0.161283,38,14
2020-04-07 18:18:15,-119.861483,0.161283,39,14
2020-04-07 18:18:20,-119.861483,0.161283,45,14
2020-04-07 18:18:25,-119.861483,0.161283,41,14
2020-04-07 18:18:30,-119.861483,0.161283,44,14
2020-04-07 18:18:35,-119.861483,0.161283,38,14
2020-04-07 18:18:40,-119.861483,0.161283,41,14
2020-04-07 18:18:45,-119.861483,0.161283,42,14
2020-04-07 18:18:50,-119.861483,0.161283,42,14
2020-04-07 18:18:55,-119.861483,0.161283,38,14
2020-04-07 18:19:00,-119.861483,0.161283,41,14
2020-04-07 18:19:05,-119.861483,0.161283,45,14
2020-04-07 18:19:10,-119.861483,0.161283,34,14
2020-04-07 18:19:15,-119.861483,0.161283,41,14
2020-04-07 18:19:20,-119.861483,0.161283,38,14
2020-04-07 18:19:25,-119.861483,0.161283,41,14
2020-04-07 18:19:30,-119.861483,0.161283,44,14
2020-04-07 18:19:35,-119.861483,0.161283,43,14
2020-04-07 18:19:40,-119.861483,0.161283,40,14
2020-04-07 18:19:45,-119.861483,0.161283,50,14
2020-04-07 18:19:50,-119.861483,0.161283,46,14
2020-04-07 18:19:55,-119.861483,0.161283,40,14
2020-04-07 18:20:00,-119.861483,0.161283,41,14
2020-04-07 18:20:05,-119.861483,0.161283,39,14
2020-04-07 18:20:10,-119.861483,0.161283,39,14
2020-04-07 18:20:15,-119.861483,0.161283,42,14
2020-04-07 18:20:20,-119.861483,0.161283,42,14
2020-04-07 18:20:25,-119.861483,0.161283,40,14
2020-04-07 18:20:30,-119.861483,0.161283,39,14
2020-04-07 18:20:35,-119.861483,0.161283,39,14
2020-04-07 18:20:40,-119.861483,0.161283,38,14
2020-04-07 18:20:45,-119.861483,0.161283,39,14
2020-04-07 18:20:50,-119.861483,0.161283,42,14
2020-04-07 18:20:55,-119.861483,0.161283,37,14
2020-04-07 18:21:00,-119.861483,0.161283,40,14
2020-04-07 18:21:05,-119.861483,0.161283,43,14
2020-04-07 18:21:10,-119.861483,0.161283,36,14
2020-04-07 18:21:15,-119.861483,0.161283,40,14
2020-04-07 18:21:20,-119.861483,0.161283,37,14
2020-04-07 18:21:25,-119.861483,0.161283,41,14
2020-04-07 18:21:30,-119.861483,0.161283,40,14
2020-04-07 18:21:35,-119.861483,0.161283,38,14
2020-04-07 18:21:40,-119.861483,0.161283,41,14
2020-04-07 18:21:45,-119.861483,0.161283,37,14
2020-04-07 18:21:50,-119.861483,0.161283,42,14
2020-04-07 18:21:55,-119.861483,0.161283,41,14
2020-04-07 18:22:00,-119.861483,0.161283,42,14
2020-04-07 18:22:05,-119.861483,0.161283,41,14
2020-04-07 18:22:10,-119.861483,0.161283,42,14
2020-04-07 18:22:15,-119.861483,0.161283,39,14
2020-04-07 18:22:20,-119.861483,0.161283,37,14
2020-04-07 18:22:25,-119.861483,0.161283,45,14
2020-04-07 18:22:30,-119.861483,0.161283,38,14
2020-04-07 18:22:35,-119.861483,0.161283,39,14
2020-04-07 18:22:40,-119.861483,0.161283,43,14
2020-04-07 18:22:45,-119.861483,0.161283,37,14
2020-04-07 18:22:50,-119.861483,0.161283,43,14
2020-04-07 18:22:55,-119.861483,0.161283,41,14
2020-04-07 18:23:00,-119.861483,0.161283,45,14
2020-04-07 18:23:05,-119.861483,0.161283,41,14
2020-04-07 18:23:10,-119.861483,0.161283,38,14
2020-04-07 18:23:15,-119.861483,0.161283,40,14
2020-04-07 18:23:20,-119.861483,0.161283,40,14
2020-04-07 18:23:25,-119.861483,0.161283,40,14
2020-04-07 18:23:30,-119.861483,0.161283,40,14
2020-04-07 18:23:35,-119.861483,0.161283,42,14
2020-04-07 18:23:40,-119.861483,0.161283,38,14
2020-04-07 18:23:45,-119.861483,0.161283,44,14
2020-04-07 18:23:50,-119.861483,0.161283,38,14
2020-04-07 18:23:55,-119.861483,0.161283,38,14
2020-04-07 18:24:00,-119.861483,0.161283,44,14
2020-04-07 18:24:05,-119.861483,0.161283,44,14
2020-04-07 18:24:10,-119.861483,0.161283,38,14
2020-04-07 18:24:15,-119.861483,0.161283,40,14
2020-04-07 18:24:20,-119.861483,0.161283,42,14
2020-04-07 18:24:25,-119.861483,0.161283,42,14
2020-04-07 18:24:30,-119.861483,0.161283,42,14
2020-04-07 18:24:35,-119.861483,0.161283,41,14
2020-04-07 18:24:40,-119.861483,0.161283,39,14
2020-04-07 18:24:45,-119.861483,0.161283,42,14
2020-04-07 18:24:50,-119.861483,0.161283,37,14
2020-04-07 18:24:55,-119.861483,0.161283,43,14
2020-04-07 18:25:00,-119.861483,0.161283,44,14
2020-04-07 18:25:05,-119.861483,0.161283,43,14
2020-04-07 18:25:10,-119.861483,0.161283,43,14
2020-04-07 18:25:15,-119.861483,0.161283,40,14
2020-04-07 18:25:20,-119.861483,0.161283,40,14
2020-04-07 18:25:25,-119.861483,0.161283,37,14
2020-04-07 18:25:30,-119.861483,0.161283,36,14
2020-04-07 18:25:35,-119.861483,0.161283,41,14
2020-04-07 18:25:40,-119.861483,0.161283,45,14
2020-04-07 18:25:45,-119.861483,0.161283,45,14
2020-04-07 18:25:50,-119.861483,0.161283,42,14
2020-04-07 18:25:55,-119.861483,0.161283,43,14
2020-04-07 18:26:00,-119.861483,0.161283,44,14
2020-04-07 18:26:05,-119.861483,0.161283,39,14
2020-04-07 18:26:10,-119.861483,0.161283,38,14
2020-04-07 18:26:15,-119.861483,0.161283,38,14
2020-04-07 18:26:20,-119.861483,0.161283,41,14
2020-04-07 18:26:25,-119.861483,0.161283,44,14
2020-04-07 18:26:30,-119.861483,0.161283,39,14
2020-04-07 18:26:35,-119.861483,0.161283,36,14
2020-04-07 18:26:40,-119.861483,0.161283,44,14
2020-04-07 18:26:45,-119.861483,0.161283,42,14
2020-04-07 18:26:50,-119.861483,0.161283,39,14
2020-04-07 18:26:55,-119.861483,0.161283,43,14
2020-04-07 18:27:00,-119.861483,0.161283,42,14
2020-04-07 18:27:05,-119.861483,0.161283,41,14
2020-04-07 18:27:10,-119.861483,0.161283,39,14
2020-04-07 18:27:15,-119.861483,0.161283,40,14
2020-04-07 18:27:20,-119.861483,0.161283,40,14
2020-04-07 18:27:25,-119.861483,0.161283,39,14
2020-04-07 18:27:30,-119.861483,0.161283,45,14
2020-04-07 18:27:35,-119.861483,0.161283,42,14
2020-04-07 18:27:40,-119.861483,0.161283,43,14
2020-04-07 18:27:45,-119.861483,0.161283,43,14
2020-04-07 18:27:50,-119.861483,0.161283,43,14
2020-04-07 18:27:55,-119.861483,0.161283,39,14
2020-04-07 18:28:00,-119.861483,0.161283,43,14
2020-04-07 18:28:05,-119.861483,0.161283,42,14
2020-04-07 18:28:10,-119.861483,0.161283,40,14
2020-04-07 18:28:15,-119.861483,0.161283,43,14
2020-04-07 18:28:20,-119.861483,0.161283,44,14
2020-04-07 18:28:25,-119.861483,0.161283,41,14
2020-04-07 18:28:30,-119.861483,0.161283,40,14
2020-04-07 18:28:35,-119.861483,0.161283,43,14
2020-04-07 18:28:40,-119.861483,0.161283,44,14
2020-04-07 18:28:45,-119.861483,0.161283,37,14
2020-04-07 18:28:50,-119.861483,0.161283,43,14
2020-04-07 18:28:55,-119.861483,0.161283,37,14
2020-04-07 18:29:00,-119.861483,0.161283,39,14
2020-04-07 18:29:05,-119.861483,0.161283,41,14
2020-04-07 18:29:10,-119.861483,0.161283,42,14
2020-04-07 18:29:15,-119.861483,0.161283,39,14
2020-04-07 18:29:20,-119.861483,0.161283,42,14
2020-04-07 18:29:25,-119.861483,0.161283,39,14
2020-04-07 18:29:30,-119.861483,0.161283,41,14
2020-04-07 18:29:35,-119.861483,0.161283,40,14
2020-04-07 18:29:40,-119.861483,0.161283,48,14
2020-04-07 18:29:45,-119.861483,0.161283,43,14
2020-04-07 18:29:50,-119.861483,0.161283,44,14
2020-04-07 18:29:55,-119.861483,0.161283,44,14
2020-04-07 18:30:00,-119.861483,0.161283,44,14
2020-04-07 18:30:05,-119.861483,0.161283,40,14
2020-04-07 18:30:10,-119.861483,0.161283,41,14
2020-04-07 18:30:15,-119.861483,0.161283,45,14
2020-04-07 18:30:20,-119.861483,0.161283,44,14
2020-04-07 18:30:25,-119.861483,0.161283,41,14
2020-04-07 18:30:30,-119.861483,0.161283,40,14
2020-04-07 18:30:35,-119.861483,0.161283,40,14
2020-04-07 18:30:40,-119.861483,0.161283,43,14
2020-04-07 18:30:45,-119.861483,0.161283,41,14
2020-04-07 18:30:50,-119.861483,0.161283,42,14
2020-04-07 18:30:55,-119.861483,0.161283,41,14
2020-04-07 18:31:00,-119.861483,0.161283,47,14
2020-04-07 18:31:05,-119.861483,0.161283,43,14
2020-04-07 18:31:10,-119.861483,0.161283,39,14
2020-04-07 18:31:15,-119.861483,0.161283,40,14
2020-04-07 18:31:20,-119.861483,0.161283,39,14
2020-04-07 18:31:25,-119.861483,0.161283,42,14
2020-04-07 18:31:30,-119.861483,0.161283,43,14
2020-04-07 18:31:35,-119.861483,0.161283,39,14
2020-04-07 18:31:40,-119.861483,0.161283,38,14
2020-04-07 18:31:45,-119.861483,0.161283,47,14
2020-04-07 18:31:50,-119.861483,0.161283,40,14
2020-04-07 18:31:55,-119.861483,0.161283,40,14
2020-04-07 18:32:00,-119.861483,0.161283,41,14
2020-04-07 18:32:05,-119.861483,0.161283,40,14
2020-04-07 18:32:10,-119.861483,0.161283,43,14
2020-04-07 18:32:15,-119.861483,0.161283,39,14
2020-04-07 18:32:20,-119.861483,0.161283,37,14
2020-04-07 18:32:25,-119.861483,0.161283,46,14
2020-04-07 18:32:30,-119.861483,0.161283,43,14
2020-04-07 18:32:35,-119.861483,0.161283,38,14
2020-04-07 18:32:40,-119.861483,0.161283,44,14
2020-04-07 18:32:45,-119.861483,0.161283,39,14
2020-04-07 18:32:50,-119.861483,0.161283,40,14
2020-04-07 18:32:55,-119.861483,0.161283,42,14
2020-04-07 18:33:00,-119.861483,0.161283,42,14
2020-04-07 18:33:05,-119.861483,0.161283,42,14
2020-04-07 18:33:10,-119.861483,0.161283,40,14
2020-04-07 18:33:15,-119.861483,0.161283,41,14
2020-04-07 18:33:20,-119.861483,0.161283,41,14
2020-04-07 18:33:25,-119.861483,0.161283,37,14
2020-04-07 18:33:30,-119.861483,0.161283,42,14
2020-04-07 18:33:35,-119.861483,0.161283,46,14
2020-04-07 18:33:40,-119.861483,0.161283,44,14
2020-04-07 18:33:45,-119.861483,0.161283,44,14
2020-04-07 18:33:50,-119.861483,0.161283,40,14
2020-04-07 18:33:55,-119.861483,0.161283,38,14
2020-04-07 18:34:00,-119.861483,0.161283,44,14
2020-04-07 18:34:05,-119.861483,0.161283,42,14
2020-04-07 18:34:10,-119.861483,0.161283,37,14
2020-04-07 18:34:15,-119.861483,0.161283,39,14
2020-04-07 18:34:20,-119.861483,0.161283,39,14
2020-04-07 18:34:25,-119.861483,0.161283,47,14
2020-04-07 18:34:30,-119.861483,0.161283,44,14
2020-04-07 18:34:35,-119.861483,0.161283,42,14
2020-04-07 18:34:40,-119.861483,0.161283,42,14
2020-04-07 18:34:45,-119.861483,0.161283,42,14
2020-04-07 18:34:50,-119.861483,0.161283,35,14
2020-04-07 18:34:55,-119.861483,0.161283,44,14
2020-04-07 18:35:00,-119.861483,0.161283,46,14
2020-04-07 18:35:05,-119.861483,0.161283,42,14
2020-04-07 18:35:10,-119.861483,0.161283,42,14
2020-04-07 18:35:15,-119.861483,0.161283,44,14
2020-04-07 18:35:20,-119.861483,0.161283,40,14
2020-04-07 18:35:25,-119.861483,0.161283,43,14
2020-04-07 18:35:30,-119.861483,0.161283,40,14
2020-04-07 18:35:35,-119.861483,0.161283,41,14
2020-04-07 18:35:40,-119.861483,0.161283,44,14
2020-04-07 18:35:45,-119.861483,0.161283,50,14
2020-04-07 18:35:50,-119.861483,0.161283,41,14
2020-04-07 18:35:55,-119.861483,0.161283,44,14
2020-04-07 18:36:00,-119.861483,0.161283,43,14
2020-04-07 18:36:05,-119.861483,0.161283,39,14
2020-04-07 18:36:10,-119.861483,0.161283,44,14
2020-04-07 18:36:15,-119.861483,0.161283,41,14
2020-04-07 18:36:20,-119.861483,0.161283,44,14
2020-04-07 18:36:25,-119.861483,0.161283,42,14
2020-04-07 18:36:30,-119.861483,0.161283,38,14
2020-04-07 18:36:35,-119.861483,0.161283,43,14
2020-04-07 18:36:40,-119.861483,0.161283,43,14
2020-04-07 18:36:45,-119.861483,0.161283,39,14
2020-04-07 18:36:50,-119.861483,0.161283,41,14
2020-04-07 18:36:55,-119.861483,0.161283,40,14
2020-04-07 18:37:00,-119.861483,0.161283,40,14
2020-04-07 18:37:05,-119.861483,0.161283,38,14
2020-04-07 18:37:10,-119.861483,0.161283,41,14
2020-04-07 18:37:15,-119.861483,0.161283,38,14
2020-04-07 18:37:20,-119.861483,0.161283,40,14
2020-04-07 18:37:25,-119.861483,0.161283,42,14
2020-04-07 18:37:30,-119.861483,0.161283,43,14
2020-04-07 18:37:35,-119.861483,0.161283,43,14
2020-04-07 18:37:40,-119.861483,0.161283,41,14
2020-04-07 18:37:45,-119.861483,0.161283,39,14
2020-04-07 18:37:50,-119.861483,0.161283,44,14
2020-04-07 18:37:55,-119.861483,0.161283,41,14
2020-04-07 18:38:00,-119.861483,0.161283,40,14
2020-04-07 18:38:05,-119.861483,0.161283,40,14
2020-04-07 18:38:10,-119.861483,0.161283,41,14
2020-04-07 18:38:15,-119.861483,0.161283,43,14
2020-04-07 18:38:20,-119.861483,0.161283,42,14
2020-04-07 18:38:25,-119.861483,0.161283,39,14
2020-04-07 18:38:30,-119.861483,0.161283,41,14
2020-04-07 18:38:35,-119.861483,0.161283,41,14
2020-04-07 18:38:40,-119.861483,0.161283,40,14
2020-04-07 18:38:45,-119.861483,0.161283,38,14
2020-04-07 18:38:50,-119.861483,0.161283,41,14
2020-04-07 18:38:55,-119.861483,0.161283,41,14
2020-04-07 18:39:00,-119.861483,0.161283,43,14
2020-04-07 18:39:05,-119.861483,0.161283,44,14
2020-04-07 18:39:10,-119.861483,0.161283,44,14
2020-04-07 18:39:15,-119.861483,0.161283,37,14
2020-04-07 18:39:20,-119.861483,0.161283,40,14
2020-04-07 18:39:25,-119.861483,0.161283,42,14
2020-04-07 18:39:30,-119.861483,0.161283,40,14
2020-04-07 18:39:35,-119.861483,0.161283,47,14
2020-04-07 18:39:40,-119.861483,0.161283,39,14
2020-04-07 18:39:45,-119.861483,0.161283,43,14
2020-04-07 18:39:50,-119.861483,0.161283,43,14
2020-04-07 18:39:55,-119.861483,0.161283,39,14
2020-04-07 18:40:00,-119.861483,0.161283,41,14
2020-04-07 18:40:05,-119.861483,0.161283,36,14
2020-04-07 18:40:10,-119.861483,0.161283,43,14
2020-04-07 18:40:15,-119.861483,0.161283,39,14
2020-04-07 18:40:20,-119.861483,0.161283,39,14
2020-04-07 18:40:25,-119.861483,0.161283,39,14
2020-04-07 18:40:30,-119.861483,0.161283,40,14
2020-04-07 18:40:35,-119.861483,0.161283,42,14
2020-04-07 18:40:40,-119.861483,0.161283,43,14
2020-04-07 18:40:45,-119.861483,0.161283,40,14
2020-04-07 18:40:50,-119.861483,0.161283,45,14
2020-04-07 18:40:55,-119.861483,0.161283,43,14
2020-04-07 18:41:00,-119.861483,0.161283,47,14
2020-04-07 18:41:05,-119.861483,0.161283,35,14
2020-04-07 18:41:10,-119.861483,0.161283,44,14
2020-04-07 18:41:15,-119.861483,0.161283,44,14
2020-04-07 18:41:20,-119.861483,0.161283,42,14
2020-04-07 18:41:25,-119.861483,0.161283,41,14
2020-04-07 18:41:30,-119.861483,0.161283,42,14
2020-04-07 18:41:35,-119.861483,0.161283,41,14
2020-04-07 18:41:40,-119.861483,0.161283,41,14
2020-04-07 18:41:45,-119.861483,0.161283,43,14
2020-04-07 18:41:50,-119.861483,0.161283,43,14
2020-04-07 18:41:55,-119.861483,0.161283,45,14
2020-04-07 18:42:00,-119.861483,0.161283,37,14
2020-04-07 18:42:05,-119.861483,0.161283,40,14
2020-04-07 18:42:10,-119.861483,0.161283,43,14
2020-04-07 18:42:15,-119.861483,0.161283,42,14
2020-04-07 18:42:20,-119.861483,0.161283,39,14
2020-04-07 18:42:25,-119.861483,0.161283,41,14
2020-04-07 18:42:30,-119.861483,0.161283,40,14
2020-04-07 18:42:35,-119.861483,0.161283,42,14
2020-04-07 18:42:40,-119.861483,0.161283,43,14
2020-04-07 18:42:45,-119.861483,0.161283,37,14
2020-04-07 18:42:50,-119.861483,0.161283,42,14
2020-04-07 18:42:55,-119.861483,0.161283,32,14
2020-04-07 18:43:00,-119.861483,0.161283,41,14
2020-04-07 18:43:05,-119.861483,0.161283,43,14
2020-04-07 18:43:10,-119.861483,0.161283,48,14
2020-04-07 18:43:15,-119.861483,0.161283,37,14
2020-04-07 18:43:20,-119.861483,0.161283,43,14
2020-04-07 18:43:25,-119.861483,0.161283,46,14
2020-04-07 18:43:30,-119.861483,0.161283,47,14
2020-04-07 18:43:35,-119.861483,0.161283,43,14
2020-04-07 18:43:40,-119.861483,0.161283,40,14
2020-04-07 18:43:45,-119.861483,0.161283,38,14
2020-04-07 18:43:50,-119.861483,0.161283,43,14
2020-04-07 18:43:55,-119.861483,0.161283,48,14
2020-04-07 18:44:00,-119.861483,0.161283,41,14
2020-04-07 18:44:05,-119.861483,0.161283,42,14
2020-04-07 18:44:10,-119.861483,0.161283,36,14
2020-04-07 18:44:15,-119.861483,0.161283,37,14
2020-04-07 18:44:20,-119.861483,0.161283,43,14
2020-04-07 18:44:25,-119.861483,0.161283,38,14
2020-04-07 18:44:30,-119.861483,0.161283,40,14
2020-04-07 18:44:35,-119.861483,0.161283,36,14
2020-04-07 18:44:40,-119.861483,0.161283,37,14
2020-04-07 18:44:45,-119.861483,0.161283,43,14
2020-04-07 18:44:50,-119.861483,0.161283,39,14
2020-04-07 18:44:55,-119.861483,0.161283,40,14
2020-04-07 18:45:00,-119.861483,0.161283,40,14
2020-04-07 18:45:05,-119.861483,0.161283,42,14
2020-04-07 18:45:10,-119.861483,0.161283,44,14
2020-04-07 18:45:15,-119.861483,0.161283,44,14
2020-04-07 18:45:20,-119.861483,0.161283,38,14
2020-04-07 18:45:25,-119.861483,0.161283,34,14
2020-04-07 18:45:30,-119.861483,0.161283,41,14
2020-04-07 18:45:35,-119.861483,0.161283,37,14
2020-04-07 18:45:40,-119.861483,0.161283,41,14
2020-04-07 18:45:45,-119.861483,0.161283,42,14
2020-04-07 18:45:50,-119.861483,0.161283,43,14
2020-04-07 18:45:55,-119.861483,0.161283,50,14
2020-04-07 18:46:00,-119.861483,0.161283,41,14
2020-04-07 18:46:05,-119.861483,0.161283,39,14
2020-04-07 18:46:10,-119.861483,0.161283,41,14
2020-04-07 18:46:15,-119.861483,0.161283,43,14
2020-04-07 18:46:20,-119.861483,0.161283,36,14
2020-04-07 18:46:25,-119.861483,0.161283,41,14
2020-04-07 18:46:30,-119.861483,0.161283,42,14
2020-04-07 18:46:35,-119.861483,0.161283,44,14
2020-04-07 18:46:40,-119.861483,0.161283,48,14
2020-04-07 18:46:45,-119.861483,0.161283,44,14
2020-04-07 18:46:50,-119.861483,0.161283,41,14
2020-04-07 18:46:55,-119.861483,0.161283,38,14
2020-04-07 18:47:00,-119.861483,0.161283,41,14
2020-04-07 18:47:05,-119.861483,0.161283,38,14
2020-04-07 18:47:10,-119.861483,0.161283,43,14
2020-04-07 18:47:15,-119.861483,0.161283,46,14
2020-04-07 18:47:20,-119.861483,0.161283,40,14
2020-04-07 18:47:25,-119.861483,0.161283,41,14
2020-04-07 18:47:30,-119.861483,0.161283,35,14
2020-04-07 18:47:35,-119.861483,0.161283,44,14
2020-04-07 18:47:40,-119.861483,0.161283,38,14
2020-04-07 18:47:45,-119.861483,0.161283,41,14
2020-04-07 18:47:50,-119.861483,0.161283,40,14
2020-04-07 18:47:55,-119.861483,0.161283,36,14
2020-04-07 18:48:00,-119.861483,0.161283,41,14
2020-04-07 18:48:05,-119.861483,0.161283,38,14
2020-04-07 18:48:10,-119.861483,0.161283,43,14
2020-04-07 18:48:15,-119.861483,0.161283,44,14
2020-04-07 18:48:20,-119.861483,0.161283,42,14
2020-04-07 18:48:25,-119.861483,0.161283,35,14
2020-04-07 18:48:30,-119.861483,0.161283,38,14
2020-04-07 18:48:35,-119.861483,0.161283,40,14
2020-04-07 18:48:40,-119.861483,0.161283,38,14
2020-04-07 18:48:45,-119.861483,0.161283,38,14
2020-04-07 18:48:50,-119.861483,0.161283,38,14
2020-04-07 18:48:55,-119.861483,0.161283,41,14
2020-04-07 18:49:00,-119.861483,0.161283,36,14
2020-04-07 18:49:05,-119.861483,0.161283,41,14
2020-04-07 18:49:10,-119.861483,0.161283,41,14
2020-04-07 18:49:15,-119.861483,0.161283,44,14
2020-04-07 18:49:20,-119.861483,0.161283,43,14
2020-04-07 18:49:25,-119.861483,0.161283,39,14
2020-04-07 18:49:30,-119.861483,0.161283,40,14
2020-04-07 18:49:35,-119.861483,0.161283,41,14
2020-04-07 18:49:40,-119.861483,0.161283,41,14
2020-04-07 18:49:45,-119.861483,0.161283,44,14
2020-04-07 18:49:50,-119.861483,0.161283,40,14
2020-04-07 18:49:55,-119.861483,0.161283,38,14
2020-04-07 18:50:00,-119.861483,0.161283,42,14
2020-04-07 18:50:05,-119.861483,0.161283,39,14
2020-04-07 18:50:10,-119.861483,0.161283,41,14
2020-04-07 18:50:15,-119.861483,0.161283,42,14
2020-04-07 18:50:20,-119.861483,0.161283,45,14
2020-04-07 18:50:25,-119.861483,0.161283,41,14
2020-04-07 18:50:30,-119.861483,0.161283,44,14
2020-04-07 18:50:35,-119.861483,0.161283,44,14
2020-04-07 18:50:40,-119.861483,0.161283,36,14
2020-04-07 18:50:45,-119.861483,0.161283,42,14
2020-04-07 18:50:50,-119.861483,0.161283,45,14
2020-04-07 18:50:55,-119.861483,0.161283,42,14
2020-04-07 18:51:00,-119.861483,0.161283,38,14
2020-04-07 18:51:05,-119.861483,0.161283,43,14
2020-04-07 18:51:10,-119.861483,0.161283,43,14
2020-04-07 18:51:15,-119.861483,0.161283,39,14
2020-04-07 18:51:20,-119.861483,0.161283,43,14
2020-04-07 18:51:25,-119.861483,0.161283,46,14
2020-04-07 18:51:30,-119.861483,0.161283,41,14
2020-04-07 18:51:35,-119.861483,0.161283,37,14
2020-04-07 18:51:40,-119.861483,0.161283,39,14
2020-04-07 18:51:45,-119.861483,0.161283,42,14
2020-04-07 18:51:50,-119.861483,0.161283,44,14
2020-04-07 18:51:55,-119.861483,0.161283,35,14
2020-04-07 18:52:00,-119.861483,0.161283,43,14
2020-04-07 18:52:05,-119.861483,0.161283,44,14
2020-04-07 18:52:10,-119.861483,0.161283,45,14
2020-04-07 18:52:15,-119.861483,0.161283,44,14
2020-04-07 18:52:20,-119.861483,0.161283,42,14
2020-04-07 18:52:25,-119.861483,0.161283,38,14
2020-04-07 18:52:30,-119.861483,0.161283,45,14
2020-04-07 18:52:35,-119.861483,0.161283,40,14
2020-04-07 18:52:40,-119.861483,0.161283,39,14
2020-04-07 18:52:45,-119.861483,0.161283,38,14
2020-04-07 18:52:50,-119.861483,0.161283,46,14
2020-04-07 18:52:55,-119.861483,0.161283,39,14
2020-04-07 18:53:00,-119.861483,0.161283,38,14
2020-04-07 18:53:05,-119.861483,0.161283,44,14
2020-04-07 18:53:10,-119.861483,0.161283,44,14
2020-04-07 18:53:15,-119.861483,0.161283,41,14
2020-04-07 18:53:20,-119.861483,0.161283,42,14
2020-04-07 18:53:25,-119.861483,0.161283,41,14
2020-04-07 18:53:30,-119.861483,0.161283,43,14
2020-04-07 18:53:35,-119.861483,0.161283,39,14
2020-04-07 18:53:40,-119.861483,0.161283,42,14
2020-04-07 18:53:45,-119.861483,0.161283,49,14
2020-04-07 18:53:50,-119.861483,0.161283,40,14
2020-04-07 18:53:55,-119.861483,0.161283,41,14
2020-04-07 18:54:00,-119.861483,0.161283,40,14
2020-04-07 18:54:05,-119.861483,0.161283,43,14
2020-04-07 18:54:10,-119.861483,0.161283,37,14
2020-04-07 18:54:15,-119.861483,0.161283,39,14
2020-04-07 18:54:20,-119.861483,0.161283,44,14
2020-04-07 18:54:25,-119.861483,0.161283,39,14
2020-04-07 18:54:30,-119.861483,0.161283,42,14
2020-04-07 18:54:35,-119.861483,0.161283,42,14
2020-04-07 18:54:40,-119.861483,0.161283,39,14
2020-04-07 18:54:45,-119.861483,0.161283,39,14
2020-04-07 18:54:50,-119.861483,0.161283,43,14
2020-04-07 18:54:55,-119.861483,0.161283,41,14
2020-04-07 18:55:00,-119.861483,0.161283,42,14
2020-04-07 18:55:05,-119.861483,0.161283,42,14
2020-04-07 18:55:10,-119.861483,0.161283,38,14
2020-04-07 18:55:15,-119.861483,0.161283,38,14
2020-04-07 18:55:20,-119.861483,0.161283,40,14
2020-04-07 18:55:25,-119.861483,0.161283,39,14
2020-04-07 18:55:30,-119.861483,0.161283,40,14
2020-04-07 18:55:35,-119.861483,0.161283,42,14
2020-04-07 18:55:40,-119.861483,0.161283,45,14
2020-04-07 18:55:45,-119.861483,0.161283,37,14
2020-04-07 18:55:50,-119.861483,0.161283,40,14
2020-04-07 18:55:55,-119.861483,0.161283,44,14
2020-04-07 18:56:00,-119.861483,0.161283,42,14
2020-04-07 18:56:05,-119.861483,0.161283,41,14
2020-04-07 18:56:10,-119.861483,0.161283,41,14
2020-04-07 18:56:15,-119.861483,0.161283,38,14
2020-04-07 18:56:20,-119.861483,0.161283,43,14
2020-04-07 18:56:25,-119.861483,0.161283,38,14
2020-04-07 18:56:30,-119.861483,0.161283,38,14
2020-04-07 18:56:35,-119.861483,0.161283,41,14
2020-04-07 18:56:40,-119.861483,0.161283,41,14
2020-04-07 18:56:45,-119.861483,0.161283,37,14
2020-04-07 18:56:50,-119.861483,0.161283,41,14
2020-04-07 18:56:55,-119.861483,0.161283,47,14
2020-04-07 18:57:00,-119.861483,0.161283,44,14
2020-04-07 18:57:05,-119.861483,0.161283,42,14
2020-04-07 18:57:10,-119.861483,0.161283,40,14
2020-04-07 18:57:15,-119.861483,0.161283,41,14
2020-04-07 18:57:20,-119.861483,0.161283,38,14
2020-04-07 18:57:25,-119.861483,0.161283,41,14
2020-04-07 18:57:30,-119.861483,0.161283,44,14
2020-04-07 18:57:35,-119.861483,0.161283,35,14
2020-04-07 18:57:40,-119.861483,0.161283,38,14
2020-04-07 18:57:45,-119.861483,0.161283,44,14
2020-04-07 18:57:50,-119.861483,0.161283,38,14
2020-04-07 18:57:55,-119.861483,0.161283,39,14
2020-04-07 18:58:00,-119.861483,0.161283,42,14
2020-04-07 18:58:05,-119.861483,0.161283,43,14
2020-04-07 18:58:10,-119.861483,0.161283,41,14
2020-04-07 18:58:15,-119.861483,0.161283,41,14
2020-04-07 18:58:20,-119.861483,0.161283,40,14
2020-04-07 18:58:25,-119.861483,0.161283,44,14
2020-04-07 18:58:30,-119.861483,0.161283,37,14
2020-04-07 18:58:35,-119.861483,0.161283,43,14
2020-04-07 18:58:40,-119.861483,0.161283,40,14
2020-04-07 18:58:45,-119.861483,0.161283,42,14
2020-04-07 18:58:50,-119.861483,0.161283,40,14
2020-04-07 18:58:55,-119.861483,0.161283,39,14
2020-04-07 18:59:00,-119.861483,0.161283,44,14
2020-04-07 18:59:05,-119.861483,0.161283,39,14
2020-04-07 18:59:10,-119.861483,0.161283,41,14
2020-04-07 18:59:15,-119.861483,0.161283,40,14
2020-04-07 18:59:20,-119.861483,0.161283,37,14
2020-04-07 18:59:25,-119.861483,0.161283,46,14
2020-04-07 18:59:30,-119.861483,0.161283,38,14
2020-04-07 18:59:35,-119.861483,0.161283,38,14
2020-04-07 18:59:40,-119.861483,0.161283,40,14
2020-04-07 18:59:45,-119.861483,0.161283,39,14
2020-04-07 18:59:50,-119.861483,0.161283,44,14
2020-04-07 18:59:55,-119.861483,0.161283,38,14
2020-04-07 19:00:00,-119.861483,0.161283,43,14
2020-04-07 19:00:05,-119.861483,0.161283,41,14
2020-04-07 19:00:10,-119.861483,0.161283,44,14
2020-04-07 19:00:15,-119.861483,0.161283,40,14
2020-04-07 19:00:20,-119.861483,0.161283,47,14
2020-04-07 19:00:25,-119.861483,0.161283,43,14
2020-04-07 19:00:30,-119.861483,0.161283,42,14
2020-04-07 19:00:35,-119.861483,0.161283,39,14
2020-04-07 19:00:40,-119.861483,0.161283,37,14
2020-04-07 19:00:45,-119.861483,0.161283,41,14
2020-04-07 19:00:50,-119.861483,0.161283,41,14
2020-04-07 19:00:55,-119.861483,0.161283,38,14
2020-04-07 19:01:00,-119.861483,0.161283,47,14
2020-04-07 19:01:05,-119.861483,0.161283,39,14
2020-04-07 19:01:10,-119.861483,0.161283,43,14
2020-04-07 19:01:15,-119.861483,0.161283,40,14
2020-04-07 19:01:20,-119.861483,0.161283,41,14
2020-04-07 19:01:25,-119.861483,0.161283,39,14
2020-04-07 19:01:30,-119.861483,0.161283,40,14
2020-04-07 19:01:35,-119.861483,0.161283,43,14
2020-04-07 19:01:40,-119.861483,0.161283,46,14
2020-04-07 19:01:45,-119.861483,0.161283,38,14
2020-04-07 19:01:50,-119.861483,0.161283,45,14
2020-04-07 19:01:55,-119.861483,0.161283,43,14
2020-04-07 19:02:00,-119.861483,0.161283,47,14
2020-04-07 19:02:05,-119.861483,0.161283,43,14
2020-04-07 19:02:10,-119.861483,0.161283,43,14
2020-04-07 19:02:15,-119.861483,0.161283,48,14
2020-04-07 19:02:20,-119.861483,0.161283,40,14
2020-04-07 19:02:25,-119.861483,0.161283,42,14
2020-04-07 19:02:30,-119.861483,0.161283,48,14
2020-04-07 19:02:35,-119.861483,0.161283,42,14
2020-04-07 19:02:40,-119.861483,0.161283,39,14
2020-04-07 19:02:45,-119.861483,0.161283,37,14
2020-04-07 19:02:50,-119.861483,0.161283,39,14
2020-04-07 19:02:55,-119.861483,0.161283,38,14
2020-04-07 19:03:00,-119.861483,0.161283,41,14
2020-04-07 19:03:05,-119.861483,0.161283,40,14
2020-04-07 19:03:10,-119.861483,0.161283,43,14
2020-04-07 19:03:15,-119.861483,0.161283,38,14
2020-04-07 19:03:20,-119.861483,0.161283,43,14
2020-04-07 19:03:25,-119.861483,0.161283,38,14
2020-04-07 19:03:30,-119.861483,0.161283,39,14
2020-04-07 19:03:35,-119.861483,0.161283,36,14
2020-04-07 19:03:40,-119.861483,0.161283,38,14
2020-04-07 19:03:45,-119.861483,0.161283,45,14
2020-04-07 19:03:50,-119.861483,0.161283,43,14
2020-04-07 19:03:55,-119.861483,0.161283,41,14
2020-04-07 19:04:00,-119.861483,0.161283,43,14
2020-04-07 19:04:05,-119.861483,0.161283,36,14
2020-04-07 19:04:10,-119.861483,0.161283,40,14
2020-04-07 19:04:15,-119.861483,0.161283,40,14
2020-04-07 19:04:20,-119.861483,0.161283,39,14
2020-04-07 19:04:25,-119.861483,0.161283,38,14
2020-04-07 19:04:30,-119.861483,0.161283,39,14
2020-04-07 19:04:35,-119.861483,0.161283,41,14
2020-04-07 19:04:40,-119.861483,0.161283,38,14
2020-04-07 19:04:45,-119.861483,0.161283,43,14
2020-04-07 19:04:50,-119.861483,0.161283,41,14
2020-04-07 19:04:55,-119.861483,0.161283,43,14
2020-04-07 19:05:00,-119.861483,0.161283,38,14
2020-04-07 19:05:05,-119.861483,0.161283,42,14
2020-04-07 19:05:10,-119.861483,0.161283,38,14
2020-04-07 19:05:15,-119.861483,0.161283,40,14
2020-04-07 19:05:20,-119.861483,0.161283,49,14
2020-04-07 19:05:25,-119.861483,0.161283,40,14
2020-04-07 19:05:30,-119.861483,0.161283,41,14
2020-04-07 19:05:35,-119.861483,0.161283,43,14
2020-04-07 19:05:40,-119.861483,0.161283,40,14
2020-04-07 19:05:45,-119.861483,0.161283,43,14
2020-04-07 19:05:50,-119.861483,0.161283,38,14
2020-04-07 19:05:55,-119.861483,0.161283,37,14
2020-04-07 19:06:00,-119.861483,0.161283,41,14
2020-04-07 19:06:05,-119.861483,0.161283,44,14
2020-04-07 19:06:10,-119.861483,0.161283,41,14
2020-04-07 19:06:15,-119.861483,0.161283,39,14
2020-04-07 19:06:20,-119.861483,0.161283,42,14
2020-04-07 19:06:25,-119.861483,0.161283,38,14
2020-04-07 19:06:30,-119.861483,0.161283,38,14
2020-04-07 19:06:35,-119.861483,0.161283,45,14
2020-04-07 19:06:40,-119.861483,0.161283,42,14
2020-04-07 19:06:45,-119.861483,0.161283,45,14
2020-04-07 19:06:50,-119.861483,0.161283,42,14
2020-04-07 19:06:55,-119.861483,0.161283,41,14
2020-04-07 19:07:00,-119.861483,0.161283,42,14
2020-04-07 19:07:05,-119.861483,0.161283,43,14
2020-04-07 19:07:10,-119.861483,0.161283,40,14
2020-04-07 19:07:15,-119.861483,0.161283,44,14
2020-04-07 19:07:20,-119.861483,0.161283,42,14
2020-04-07 19:07:25,-119.861483,0.161283,45,14
2020-04-07 19:07:30,-119.861483,0.161283,44,14
2020-04-07 19:07:35,-119.861483,0.161283,42,14
2020-04-07 19:07:40,-119.861483,0.161283,36,14
2020-04-07 19:07:45,-119.861483,0.161283,38,14
2020-04-07 19:07:50,-119.861483,0.161283,39,14
2020-04-07 19:07:55,-119.861483,0.161283,38,14
2020-04-07 19:08:00,-119.861483,0.161283,42,14
2020-04-07 19:08:05,-119.861483,0.161283,41,14
2020-04-07 19:08:10,-119.861483,0.161283,42,14
2020-04-07 19:08:15,-119.861483,0.161283,41,14
2020-04-07 19:08:20,-119.861483,0.161283,41,14
2020-04-07 19:08:25,-119.861483,0.161283,41,14
2020-04-07 19:08:30,-119.861483,0.161283,43,14
2020-04-07 19:08:35,-119.861483,0.161283,45,14
2020-04-07 19:08:40,-119.861483,0.161283,43,14
2020-04-07 19:08:45,-119.861483,0.161283,40,14
2020-04-07 19:08:50,-119.861483,0.161283,42,14
2020-04-07 19:08:55,-119.861483,0.161283,45,14
2020-04-07 19:09:00,-119.861483,0.161283,43,14
2020-04-07 19:09:05,-119.861483,0.161283,40,14
2020-04-07 19:09:10,-119.861483,0.161283,41,14
2020-04-07 19:09:15,-119.861483,0.161283,42,14
2020-04-07 19:09:20,-119.861483,0.161283,39,14
2020-04-07 19:09:25,-119.861483,0.161283,42,14
2020-04-07 19:09:30,-119.861483,0.161283,39,14
2020-04-07 19:09:35,-119.861483,0.161283,41,14
2020-04-07 19:09:40,-119.861483,0.161283,44,14
2020-04-07 19:09:45,-119.861483,0.161283,38,14
2020-04-07 19:09:50,-119.861483,0.161283,46,14
2020-04-07 19:09:55,-119.861483,0.161283,43,14
2020-04-07 19:10:00,-119.861483,0.161283,45,14
2020-04-07 19:10:05,-119.861483,0.161283,43,14
2020-04-07 19:10:10,-119.861483,0.161283,37,14
2020-04-07 19:10:15,-119.861483,0.161283,42,14
2020-04-07 19:10:20,-119.861483,0.161283,47,14
2020-04-07 19:10:25,-119.861483,0.161283,42,14
2020-04-07 19:10:30,-119.861483,0.161283,39,14
2020-04-07 19:10:35,-119.861483,0.161283,47,14
2020-04-07 19:10:40,-119.861483,0.161283,41,14
2020-04-07 19:10:45,-119.861483,0.161283,41,14
2020-04-07 19:10:50,-119.861483,0.161283,49,14
2020-04-07 19:10:55,-119.861483,0.161283,33,14
2020-04-07 19:11:00,-119.861483,0.161283,38,14
2020-04-07 19:11:05,-119.861483,0.161283,38,14
2020-04-07 19:11:10,-119.861483,0.161283,42,14
2020-04-07 19:11:15,-119.861483,0.161283,40,14
2020-04-07 19:11:20,-119.861483,0.161283,41,14
2020-04-07 19:11:25,-119.861483,0.161283,45,14
2020-04-07 19:11:30,-119.861483,0.161283,39,14
2020-04-07 19:11:35,-119.861483,0.161283,43,14
2020-04-07 19:11:40,-119.861483,0.161283,39,14
2020-04-07 19:11:45,-119.861483,0.161283,45,14
2020-04-07 19:11:50,-119.861483,0.161283,39,14
2020-04-07 19:11:55,-119.861483,0.161283,43,14
2020-04-07 19:12:00,-119.861483,0.161283,44,14
2020-04-07 19:12:05,-119.861483,0.161283,42,14
2020-04-07 19:12:10,-119.861483,0.161283,44,14
2020-04-07 19:12:15,-119.861483,0.161283,44,14
2020-04-07 19:12:20,-119.861483,0.161283,39,14
2020-04-07 19:12:25,-119.861483,0.161283,42,14
2020-04-07 19:12:30,-119.861483,0.161283,42,14
2020-04-07 19:12:35,-119.861483,0.161283,40,14
2020-04-07 19:12:40,-119.861483,0.161283,41,14
2020-04-07 19:12:45,-119.861483,0.161283,37,14
2020-04-07 19:12:50,-119.861483,0.161283,41,14
2020-04-07 19:12:55,-119.861483,0.161283,40,14
2020-04-07 19:13:00,-119.861483,0.161283,43,14
2020-04-07 19:13:05,-119.861483,0.161283,43,14
2020-04-07 19:13:10,-119.861483,0.161283,46,14
2020-04-07 19:13:15,-119.861483,0.161283,41,14
2020-04-07 19:13:20,-119.861483,0.161283,47,14
2020-04-07 19:13:25,-119.861483,0.161283,44,14
2020-04-07 19:13:30,-119.861483,0.161283,39,14
2020-04-07 19:13:35,-119.861483,0.161283,41,14
2020-04-07 19:13:40,-119.861483,0.161283,43,14
2020-04-07 19:13:45,-119.861483,0.161283,40,14
2020-04-07 19:13:50,-119.861483,0.161283,40,14
2020-04-07 19:13:55,-119.861483,0.161283,43,14
2020-04-07 19:14:00,-119.861483,0.161283,42,14
2020-04-07 19:14:05,-119.861483,0.161283,35,14
2020-04-07 19:14:10,-119.861483,0.161283,38,14
2020-04-07 19:14:15,-119.861483,0.161283,39,14
2020-04-07 19:14:20,-119.861483,0.161283,42,14
2020-04-07 19:14:25,-119.861483,0.161283,40,14
2020-04-07 19:14:30,-119.861483,0.161283,47,14
2020-04-07 19:14:35,-119.861483,0.161283,44,14
2020-04-07 19:14:40,-119.861483,0.161283,42,14
2020-04-07 19:14:45,-119.861483,0.161283,41,14
2020-04-07 19:14:50,-119.861483,0.161283,43,14
2020-04-07 19:14:55,-119.861483,0.161283,42,14
2020-04-07 19:15:00,-119.861483,0.161283,43,14
2020-04-07 19:15:05,-119.861483,0.161283,42,14
2020-04-07 19:15:10,-119.861483,0.161283,42,14
2020-04-07 19:15:15,-119.861483,0.161283,42,14
2020-04-07 19:15:20,-119.861483,0.161283,43,14
2020-04-07 19:15:25,-119.861483,0.161283,43,14
2020-04-07 19:15:30,-119.861483,0.161283,45,14
2020-04-07 19:15:35,-119.861483,0.161283,41,14
2020-04-07 19:15:40,-119.861483,0.161283,38,14
2020-04-07 19:15:45,-119.861483,0.161283,40,14
2020-04-07 19:15:50,-119.861483,0.161283,39,14
2020-04-07 19:15:55,-119.861483,0.161283,40,14
2020-04-07 19:16:00,-119.861483,0.161283,37,14
2020-04-07 19:16:05,-119.861483,0.161283,37,14
2020-04-07 19:16:10,-119.861483,0.161283,43,14
2020-04-07 19:16:15,-119.861483,0.161283,43,14
2020-04-07 19:16:20,-119.861483,0.161283,43,14
2020-04-07 19:16:25,-119.861483,0.161283,48,14
2020-04-07 19:16:30,-119.861483,0.161283,36,14
2020-04-07 19:16:35,-119.861483,0.161283,45,14
2020-04-07 19:16:40,-119.861483,0.161283,37,14
2020-04-07 19:16:45,-119.861483,0.161283,44,14
2020-04-07 19:16:50,-119.861483,0.161283,42,14
2020-04-07 19:16:55,-119.861483,0.161283,38,14
2020-04-07 19:17:00,-119.861483,0.161283,44,14
2020-04-07 19:17:05,-119.861483,0.161283,37,14
2020-04-07 19:17:10,-119.861483,0.161283,36,14
2020-04-07 19:17:15,-119.861483,0.161283,42,14
2020-04-07 19:17:20,-119.861483,0.161283,42,14
2020-04-07 19:17:25,-119.861483,0.161283,35,14
2020-04-07 19:17:30,-119.861483,0.161283,41,14
2020-04-07 19:17:35,-119.861483,0.161283,37,14
2020-04-07 19:17:40,-119.861483,0.161283,44,14
2020-04-07 19:17:45,-119.861483,0.161283,41,14
2020-04-07 19:17:50,-119.861483,0.161283,38,14
2020-04-07 19:17:55,-119.861483,0.161283,44,14
2020-04-07 19:18:00,-119.861483,0.161283,41,14
2020-04-07 19:18:05,-119.861483,0.161283,38,14
2020-04-07 19:18:10,-119.861483,0.161283,46,14
2020-04-07 19:18:15,-119.861483,0.161283,38,14
2020-04-07 19:18:20,-119.861483,0.161283,42,14
2020-04-07 19:18:25,-119.861483,0.161283,45,14
2020-04-07 19:18:30,-119.861483,0.161283,46,14
2020-04-07 19:18:35,-119.861483,0.161283,41,14
2020-04-07 19:18:40,-119.861483,0.161283,36,14
2020-04-07 19:18:45,-119.861483,0.161283,43,14
2020-04-07 19:18:50,-119.861483,0.161283,41,14
2020-04-07 19:18:55,-119.861483,0.161283,39,14
2020-04-07 19:19:00,-119.861483,0.161283,40,14
2020-04-07 19:19:05,-119.861483,0.161283,43,14
2020-04-07 19:19:10,-119.861483,0.161283,39,14
2020-04-07 19:19:15,-119.861483,0.161283,45,14
2020-04-07 19:19:20,-119.861483,0.161283,39,14
2020-04-07 19:19:25,-119.861483,0.161283,39,14
2020-04-07 19:19:30,-119.861483,0.161283,40,14
2020-04-07 19:19:35,-119.861483,0.161283,49,14
2020-04-07 19:19:40,-119.861483,0.161283,43,14
2020-04-07 19:19:45,-119.861483,0.161283,46,14
2020-04-07 19:19:50,-119.861483,0.161283,42,14
2020-04-07 19:19:55,-119.861483,0.161283,41,14
2020-04-07 19:20:00,-119.861483,0.161283,40,14
2020-04-07 19:20:05,-119.861483,0.161283,38,14
2020-04-07 19:20:10,-119.861483,0.161283,45,14
2020-04-07 19:20:15,-119.861483,0.161283,41,14
2020-04-07 19:20:20,-119.861483,0.161283,37,14
2020-04-07 19:20:25,-119.861483,0.161283,45,14
2020-04-07 19:20:30,-119.861483,0.161283,44,14
2020-04-07 19:20:35,-119.861483,0.161283,44,14
2020-04-07 19:20:40,-119.861483,0.161283,39,14
2020-04-07 19:20:45,-119.861483,0.161283,38,14
2020-04-07 19:20:50,-119.861483,0.161283,45,14
2020-04-07 19:20:55,-119.861483,0.161283,36,14
2020-04-07 19:21:00,-119.861483,0.161283,40,14
2020-04-07 19:21:05,-119.861483,0.161283,40,14
2020-04-07 19:21:10,-119.861483,0.161283,38,14
2020-04-07 19:21:15,-119.861483,0.161283,38,14
2020-04-07 19:21:20,-119.861483,0.161283,43,14
2020-04-07 19:21:25,-119.861483,0.161283,43,14
2020-04-07 19:21:30,-119.861483,0.161283,46,14
2020-04-07 19:21:35,-119.861483,0.161283,43,14
2020-04-07 19:21:40,-119.861483,0.161283,45,14
2020-04-07 19:21:45,-119.861483,0.161283,36,14
2020-04-07 19:21:50,-119.861483,0.161283,45,14
2020-04-07 19:21:55,-119.861483,0.161283,45,14
2020-04-07 19:22:00,-119.861483,0.161283,47,14
2020-04-07 19:22:05,-119.861483,0.161283,44,14
2020-04-07 19:22:10,-119.861483,0.161283,39,14
2020-04-07 19:22:15,-119.861483,0.161283,41,14
2020-04-07 19:22:20,-119.861483,0.161283,41,14
2020-04-07 19:22:25,-119.861483,0.161283,41,14
2020-04-07 19:22:30,-119.861483,0.161283,42,14
2020-04-07 19:22:35,-119.861483,0.161283,38,14
2020-04-07 19:22:40,-119.861483,0.161283,41,14
2020-04-07 19:22:45,-119.861483,0.161283,39,14
2020-04-07 19:22:50,-119.861483,0.161283,42,14
2020-04-07 19:22:55,-119.861483,0.161283,39,14
2020-04-07 19:23:00,-119.861483,0.161283,38,14
2020-04-07 19:23:05,-119.861483,0.161283,43,14
2020-04-07 19:23:10,-119.861483,0.161283,46,14
2020-04-07 19:23:15,-119.861483,0.161283,37,14
2020-04-07 19:23:20,-119.861483,0.161283,44,14
2020-04-07 19:23:25,-119.861483,0.161283,41,14
2020-04-07 19:23:30,-119.861483,0.161283,44,14
2020-04-07 19:23:35,-119.861483,0.161283,37,14
2020-04-07 19:23:40,-119.861483,0.161283,39,14
2020-04-07 19:23:45,-119.861483,0.161283,41,14
2020-04-07 19:23:50,-119.861483,0.161283,41,14
2020-04-07 19:23:55,-119.861483,0.161283,39,14
2020-04-07 19:24:00,-119.861483,0.161283,43,14
2020-04-07 19:24:05,-119.861483,0.161283,41,14
2020-04-07 19:24:10,-119.861483,0.161283,47,14
2020-04-07 19:24:15,-119.861483,0.161283,41,14
2020-04-07 19:24:20,-119.861483,0.161283,45,14
2020-04-07 19:24:25,-119.861483,0.161283,39,14
2020-04-07 19:24:30,-119.861483,0.161283,43,14
2020-04-07 19:24:35,-119.861483,0.161283,44,14
2020-04-07 19:24:40,-119.861483,0.161283,37,14
2020-04-07 19:24:45,-119.861483,0.161283,43,14
2020-04-07 19:24:50,-119.861483,0.161283,43,14
2020-04-07 19:24:55,-119.861483,0.161283,42,14
2020-04-07 19:25:00,-119.861483,0.161283,43,14
2020-04-07 19:25:05,-119.861483,0.161283,38,14
2020-04-07 19:25:10,-119.861483,0.161283,38,14
2020-04-07 19:25:15,-119.861483,0.161283,40,14
2020-04-07 19:25:20,-119.861483,0.161283,44,14
2020-04-07 19:25:25,-119.861483,0.161283,40,14
2020-04-07 19:25:30,-119.861483,0.161283,38,14
2020-04-07 19:25:35,-119.861483,0.161283,40,14
2020-04-07 19:25:40,-119.861483,0.161283,42,14
2020-04-07 19:25:45,-119.861483,0.161283,47,14
2020-04-07 19:25:50,-119.861483,0.161283,43,14
2020-04-07 19:25:55,-119.861483,0.161283,38,14
2020-04-07 19:26:00,-119.861483,0.161283,48,14
2020-04-07 19:26:05,-119.861483,0.161283,41,14
2020-04-07 19:26:10,-119.861483,0.161283,42,14
2020-04-07 19:26:15,-119.861483,0.161283,39,14
2020-04-07 19:26:20,-119.861483,0.161283,44,14
2020-04-07 19:26:25,-119.861483,0.161283,45,14
2020-04-07 19:26:30,-119.861483,0.161283,43,14
2020-04-07 19:26:35,-119.861483,0.161283,43,14
2020-04-07 19:26:40,-119.861483,0.161283,43,14
2020-04-07 19:26:45,-119.861483,0.161283,44,14
2020-04-07 19:26:50,-119.861483,0.161283,39,14
2020-04-07 19:26:55,-119.861483,0.161283,40,14
2020-04-07 19:27:00,-119.861483,0.161283,43,14
2020-04-07 19:27:05,-119.861483,0.161283,44,14
2020-04-07 19:27:10,-119.861483,0.161283,42,14
2020-04-07 19:27:15,-119.861483,0.161283,40,14
2020-04-07 19:27:20,-119.861483,0.161283,41,14
2020-04-07 19:27:25,-119.861483,0.161283,41,14
2020-04-07 19:27:30,-119.861483,0.161283,42,14
2020-04-07 19:27:35,-119.861483,0.161283,44,14
2020-04-07 19:27:40,-119.861483,0.161283,39,14
2020-04-07 19:27:45,-119.861483,0.161283,41,14
2020-04-07 19:27:50,-119.861483,0.161283,41,14
2020-04-07 19:27:55,-119.861483,0.161283,42,14
2020-04-07 19:28:00,-119.861483,0.161283,44,14
2020-04-07 19:28:05,-119.861483,0.161283,38,14
2020-04-07 19:28:10,-119.861483,0.161283,40,14
2020-04-07 19:28:15,-119.861483,0.161283,43,14
2020-04-07 19:28:20,-119.861483,0.161283,40,14
2020-04-07 19:28:25,-119.861483,0.161283,42,14
2020-04-07 19:28:30,-119.861483,0.161283,39,14
2020-04-07 19:28:35,-119.861483,0.161283,38,14
2020-04-07 19:28:40,-119.861483,0.161283,38,14
2020-04-07 19:28:45,-119.861483,0.161283,42,14
2020-04-07 19:28:50,-119.861483,0.161283,44,14
2020-04-07 19:28:55,-119.861483,0.161283,41,14
2020-04-07 19:29:00,-119.861483,0.161283,44,14
2020-04-07 19:29:05,-119.861483,0.161283,39,14
2020-04-07 19:29:10,-119.861483,0.161283,43,14
2020-04-07 19:29:15,-119.861483,0.161283,43,14
2020-04-07 19:29:20,-119.861483,0.161283,43,14
2020-04-07 19:29:25,-119.861483,0.161283,43,14
2020-04-07 19:29:30,-119.861483,0.161283,41,14
2020-04-07 19:29:35,-119.861483,0.161283,40,14
2020-04-07 19:29:40,-119.861483,0.161283,39,14
2020-04-07 19:29:45,-119.861483,0.161283,42,14
2020-04-07 19:29:50,-119.861483,0.161283,40,14
2020-04-07 19:29:55,-119.861483,0.161283,44,14
2020-04-07 19:30:00,-119.861483,0.161283,39,14
2020-04-07 19:30:05,-119.861483,0.161283,41,14
2020-04-07 19:30:10,-119.861483,0.161283,40,14
2020-04-07 19:30:15,-119.861483,0.161283,39,14
2020-04-07 19:30:20,-119.861483,0.161283,35,14
2020-04-07 19:30:25,-119.861483,0.161283,43,14
2020-04-07 19:30:30,-119.861483,0.161283,44,14
2020-04-07 19:30:35,-119.861483,0.161283,41,14
2020-04-07 19:30:40,-119.861483,0.161283,45,14
2020-04-07 19:30:45,-119.861483,0.161283,40,14
2020-04-07 19:30:50,-119.861483,0.161283,38,14
2020-04-07 19:30:55,-119.861483,0.161283,44,14
2020-04-07 19:31:00,-119.861483,0.161283,45,14
2020-04-07 19:31:05,-119.861483,0.161283,43,14
2020-04-07 19:31:10,-119.861483,0.161283,42,14
2020-04-07 19:31:15,-119.861483,0.161283,43,14
2020-04-07 19:31:20,-119.861483,0.161283,38,14
2020-04-07 19:31:25,-119.861483,0.161283,41,14
2020-04-07 19:31:30,-119.861483,0.161283,40,14
2020-04-07 19:31:35,-119.861483,0.161283,45,14
2020-04-07 19:31:40,-119.861483,0.161283,45,14
2020-04-07 19:31:45,-119.861483,0.161283,43,14
2020-04-07 19:31:50,-119.861483,0.161283,39,14
2020-04-07 19:31:55,-119.861483,0.161283,42,14
2020-04-07 19:32:00,-119.861483,0.161283,44,14
2020-04-07 19:32:05,-119.861483,0.161283,44,14
2020-04-07 19:32:10,-119.861483,0.161283,35,14
2020-04-07 19:32:15,-119.861483,0.161283,43,14
2020-04-07 19:32:20,-119.861483,0.161283,46,14
2020-04-07 19:32:25,-119.861483,0.161283,43,14
2020-04-07 19:32:30,-119.861483,0.161283,42,14
2020-04-07 19:32:35,-119.861483,0.161283,46,14
2020-04-07 19:32:40,-119.861483,0.161283,45,14
2020-04-07 19:32:45,-119.861483,0.161283,42,14
2020-04-07 19:32:50,-119.861483,0.161283,42,14
2020-04-07 19:32:55,-119.861483,0.161283,44,14
2020-04-07 19:33:00,-119.861483,0.161283,44,14
2020-04-07 19:33:05,-119.861483,0.161283,46,14
2020-04-07 19:33:10,-119.861483,0.161283,42,14
2020-04-07 19:33:15,-119.861483,0.161283,41,14
2020-04-07 19:33:20,-119.861483,0.161283,48,14
2020-04-07 19:33:25,-119.861483,0.161283,44,14
2020-04-07 19:33:30,-119.861483,0.161283,47,14
2020-04-07 19:33:35,-119.861483,0.161283,42,14
2020-04-07 19:33:40,-119.861483,0.161283,37,14
2020-04-07 19:33:45,-119.861483,0.161283,45,14
2020-04-07 19:33:50,-119.861483,0.161283,45,14
2020-04-07 19:33:55,-119.861483,0.161283,41,14
2020-04-07 19:34:00,-119.861483,0.161283,45,14
2020-04-07 19:34:05,-119.861483,0.161283,38,14
2020-04-07 19:34:10,-119.861483,0.161283,38,14
2020-04-07 19:34:15,-119.861483,0.161283,33,14
2020-04-07 19:34:20,-119.861483,0.161283,42,14
2020-04-07 19:34:25,-119.861483,0.161283,35,14
2020-04-07 19:34:30,-119.861483,0.161283,43,14
2020-04-07 19:34:35,-119.861483,0.161283,39,14
2020-04-07 19:34:40,-119.861483,0.161283,45,14
2020-04-07 19:34:45,-119.861483,0.161283,42,14
2020-04-07 19:34:50,-119.861483,0.161283,41,14
2020-04-07 19:34:55,-119.861483,0.161283,44,14
2020-04-07 19:35:00,-119.861483,0.161283,41,14
2020-04-07 19:35:05,-119.861483,0.161283,43,14
2020-04-07 19:35:10,-119.861483,0.161283,43,14
2020-04-07 19:35:15,-119.861483,0.161283,43,14
2020-04-07 19:35:20,-119.861483,0.161283,40,14
2020-04-07 19:35:25,-119.861483,0.161283,38,14
2020-04-07 19:35:30,-119.861483,0.161283,42,14
2020-04-07 19:35:35,-119.861483,0.161283,43,14
2020-04-07 19:35:40,-119.861483,0.161283,42,14
2020-04-07 19:35:45,-119.861483,0.161283,38,14
2020-04-07 19:35:50,-119.861483,0.161283,41,14
2020-04-07 19:35:55,-119.861483,0.161283,45,14
2020-04-07 19:36:00,-119.861483,0.161283,38,14
2020-04-07 19:36:05,-119.861483,0.161283,41,14
2020-04-07 19:36:10,-119.861483,0.161283,43,14
2020-04-07 19:36:15,-119.861483,0.161283,42,14
2020-04-07 19:36:20,-119.861483,0.161283,41,14
2020-04-07 19:36:25,-119.861483,0.161283,40,14
2020-04-07 19:36:30,-119.861483,0.161283,46,14
2020-04-07 19:36:35,-119.861483,0.161283,40,14
2020-04-07 19:36:40,-119.861483,0.161283,43,14
2020-04-07 19:36:45,-119.861483,0.161283,37,14
2020-04-07 19:36:50,-119.861483,0.161283,42,14
2020-04-07 19:36:55,-119.861483,0.161283,39,14
2020-04-07 19:37:00,-119.861483,0.161283,44,14
2020-04-07 19:37:05,-119.861483,0.161283,36,14
2020-04-07 19:37:10,-119.861483,0.161283,42,14
2020-04-07 19:37:15,-119.861483,0.161283,42,14
2020-04-07 19:37:20,-119.861483,0.161283,44,14
2020-04-07 19:37:25,-119.861483,0.161283,41,14
2020-04-07 19:37:30,-119.861483,0.161283,41,14
2020-04-07 19:37:35,-119.861483,0.161283,39,14
2020-04-07 19:37:40,-119.861483,0.161283,39,14
2020-04-07 19:37:45,-119.861483,0.161283,39,14
2020-04-07 19:37:50,-119.861483,0.161283,43,14
2020-04-07 19:37:55,-119.861483,0.161283,43,14
2020-04-07 19:38:00,-119.861483,0.161283,47,14
2020-04-07 19:38:05,-119.861483,0.161283,38,14
2020-04-07 19:38:10,-119.861483,0.161283,41,14
2020-04-07 19:38:15,-119.861483,0.161283,48,14
2020-04-07 19:38:20,-119.861483,0.161283,46,14
2020-04-07 19:38:25,-119.861483,0.161283,47,14
2020-04-07 19:38:30,-119.861483,0.161283,41,14
2020-04-07 19:38:35,-119.861483,0.161283,42,14
2020-04-07 19:38:40,-119.861483,0.161283,46,14
2020-04-07 19:38:45,-119.861483,0.161283,45,14
2020-04-07 19:38:50,-119.861483,0.161283,40,14
2020-04-07 19:38:55,-119.861483,0.161283,51,14
2020-04-07 19:39:00,-119.861483,0.161283,40,14
2020-04-07 19:39:05,-119.861483,0.161283,34,14
2020-04-07 19:39:10,-119.861483,0.161283,44,14
2020-04-07 19:39:15,-119.861483,0.161283,42,14
2020-04-07 19:39:20,-119.861483,0.161283,47,14
2020-04-07 19:39:25,-119.861483,0.161283,41,14
2020-04-07 19:39:30,-119.861483,0.161283,39,14
2020-04-07 19:39:35,-119.861483,0.161283,42,14
2020-04-07 19:39:40,-119.861483,0.161283,44,14
2020-04-07 19:39:45,-119.861483,0.161283,46,14
2020-04-07 19:39:50,-119.861483,0.161283,43,14
2020-04-07 19:39:55,-119.861483,0.161283,42,14
2020-04-07 19:40:00,-119.861483,0.161283,45,14
2020-04-07 19:40:05,-119.861483,0.161283,41,14
2020-04-07 19:40:10,-119.861483,0.161283,53,14
2020-04-07 19:40:15,-119.861483,0.161283,42,14
2020-04-07 19:40:20,-119.861483,0.161283,44,14
2020-04-07 19:40:25,-119.861483,0.161283,45,14
2020-04-07 19:40:30,-119.861483,0.161283,42,14
2020-04-07 19:40:35,-119.861483,0.161283,43,14
2020-04-07 19:40:40,-119.861483,0.161283,43,14
2020-04-07 19:40:45,-119.861483,0.161283,45,14
2020-04-07 19:40:50,-119.861483,0.161283,42,14
2020-04-07 19:40:55,-119.861483,0.161283,47,14
2020-04-07 19:41:00,-119.861483,0.161283,43,14
2020-04-07 19:41:05,-119.861483,0.161283,50,14
2020-04-07 19:41:10,-119.861483,0.161283,42,14
2020-04-07 19:41:15,-119.861483,0.161283,43,14
2020-04-07 19:41:20,-119.861483,0.161283,46,14
2020-04-07 19:41:25,-119.861483,0.161283,45,14
2020-04-07 19:41:30,-119.861483,0.161283,35,14
2020-04-07 19:41:35,-119.861483,0.161283,44,14
2020-04-07 19:41:40,-119.861483,0.161283,38,14
2020-04-07 19:41:45,-119.861483,0.161283,43,14
2020-04-07 19:41:50,-119.861483,0.161283,47,14
2020-04-07 19:41:55,-119.861483,0.161283,41,14
2020-04-07 19:42:00,-119.861483,0.161283,43,14
2020-04-07 19:42:05,-119.861483,0.161283,50,14
2020-04-07 19:42:10,-119.861483,0.161283,40,14
2020-04-07 19:42:15,-119.861483,0.161283,47,14
2020-04-07 19:42:20,-119.861483,0.161283,47,14
2020-04-07 19:42:25,-119.861483,0.161283,52,14
2020-04-07 19:42:30,-119.861483,0.161283,41,14
2020-04-07 19:42:35,-119.861483,0.161283,44,14
2020-04-07 19:42:40,-119.861483,0.161283,47,14
2020-04-07 19:42:45,-119.861483,0.161283,47,14
2020-04-07 19:42:50,-119.861483,0.161283,47,14
2020-04-07 19:42:55,-119.861483,0.161283,46,14
2020-04-07 19:43:00,-119.861483,0.161283,50,14
2020-04-07 19:43:05,-119.861483,0.161283,40,14
2020-04-07 19:43:10,-119.861483,0.161283,48,14
2020-04-07 19:43:15,-119.861483,0.161283,47,14
2020-04-07 19:43:20,-119.861483,0.161283,49,14
2020-04-07 19:43:25,-119.861483,0.161283,47,14
2020-04-07 19:43:30,-119.861483,0.161283,48,14
2020-04-07 19:43:35,-119.861483,0.161283,43,14
2020-04-07 19:43:40,-119.861483,0.161283,41,14
2020-04-07 19:43:45,-119.861483,0.161283,49,14
2020-04-07 19:43:50,-119.861483,0.161283,50,14
2020-04-07 19:43:55,-119.861483,0.161283,52,14
2020-04-07 19:44:00,-119.861483,0.161283,47,14
2020-04-07 19:44:05,-119.861483,0.161283,51,14
2020-04-07 19:44:10,-119.861483,0.161283,42,14
2020-04-07 19:44:15,-119.861483,0.161283,43,14
2020-04-07 19:44:20,-119.861483,0.161283,41,14
2020-04-07 19:44:25,-119.861483,0.161283,45,14
2020-04-07 19:44:30,-119.861483,0.161283,48,14
2020-04-07 19:44:35,-119.861483,0.161283,45,14
2020-04-07 19:44:40,-119.861483,0.161283,43,14
2020-04-07 19:44:45,-119.861483,0.161283,41,14
2020-04-07 19:44:50,-119.861483,0.161283,44,14
2020-04-07 19:44:55,-119.861483,0.161283,42,14
2020-04-07 19:45:00,-119.861483,0.161283,42,14
2020-04-07 19:45:05,-119.861483,0.161283,41,14
2020-04-07 19:45:10,-119.861483,0.161283,45,14
2020-04-07 19:45:15,-119.861483,0.161283,44,14
2020-04-07 19:45:20,-119.861483,0.161283,42,14
2020-04-07 19:45:25,-119.861483,0.161283,45,14
2020-04-07 19:45:30,-119.861483,0.161283,40,14
2020-04-07 19:45:35,-119.861483,0.161283,42,14
2020-04-07 19:45:40,-119.861483,0.161283,42,14
2020-04-07 19:45:45,-119.861483,0.161283,36,14
2020-04-07 19:45:50,-119.861483,0.161283,46,14
2020-04-07 19:45:55,-119.861483,0.161283,42,14
2020-04-07 19:46:00,-119.861483,0.161283,42,14
2020-04-07 19:46:05,-119.861483,0.161283,44,14
2020-04-07 19:46:10,-119.861483,0.161283,42,14
2020-04-07 19:46:15,-119.861483,0.161283,44,14
2020-04-07 19:46:20,-119.861483,0.161283,42,14
2020-04-07 19:46:25,-119.861483,0.161283,48,14
2020-04-07 19:46:30,-119.861483,0.161283,41,14
2020-04-07 19:46:35,-119.861483,0.161283,42,14
2020-04-07 19:46:40,-119.861483,0.161283,44,14
2020-04-07 19:46:45,-119.861483,0.161283,41,14
2020-04-07 19:46:50,-119.861483,0.161283,40,14
2020-04-07 19:46:55,-119.861483,0.161283,42,14
2020-04-07 19:47:00,-119.861483,0.161283,45,14
2020-04-07 19:47:05,-119.861483,0.161283,42,14
2020-04-07 19:47:10,-119.861483,0.161283,43,14
2020-04-07 19:47:15,-119.861483,0.161283,40,14
2020-04-07 19:47:20,-119.861483,0.161283,42,14
2020-04-07 19:47:25,-119.861483,0.161283,46,14
2020-04-07 19:47:30,-119.861483,0.161283,41,14
2020-04-07 19:47:35,-119.861483,0.161283,41,14
2020-04-07 19:47:40,-119.861483,0.161283,46,14
2020-04-07 19:47:45,-119.861483,0.161283,43,14
2020-04-07 19:47:50,-119.861483,0.161283,43,14
2020-04-07 19:47:55,-119.861483,0.161283,42,14
2020-04-07 19:48:00,-119.861483,0.161283,40,14
2020-04-07 19:48:05,-119.861483,0.161283,40,14
2020-04-07 19:48:10,-119.861483,0.161283,49,14
2020-04-07 19:48:15,-119.861483,0.161283,44,14
2020-04-07 19:48:20,-119.861483,0.161283,46,14
2020-04-07 19:48:25,-119.861483,0.161283,47,14
2020-04-07 19:48:30,-119.861483,0.161283,42,14
2020-04-07 19:48:35,-119.861483,0.161283,46,14
2020-04-07 19:48:40,-119.861483,0.161283,46,14
2020-04-07 19:48:45,-119.861483,0.161283,43,14
2020-04-07 19:48:50,-119.861483,0.161283,48,14
2020-04-07 19:48:55,-119.861483,0.161283,50,14
2020-04-07 19:49:00,-119.861483,0.161283,41,14
2020-04-07 19:49:05,-119.861483,0.161283,49,14
2020-04-07 19:49:10,-119.861483,0.161283,39,14
2020-04-07 19:49:15,-119.861483,0.161283,42,14
2020-04-07 19:49:20,-119.861483,0.161283,47,14
2020-04-07 19:49:25,-119.861483,0.161283,42,14
2020-04-07 19:49:30,-119.861483,0.161283,42,14
2020-04-07 19:49:35,-119.861483,0.161283,44,14
2020-04-07 19:49:40,-119.861483,0.161283,47,14
2020-04-07 19:49:45,-119.861483,0.161283,41,14
2020-04-07 19:49:50,-119.861483,0.161283,44,14
2020-04-07 19:49:55,-119.861483,0.161283,42,14
2020-04-07 19:50:00,-119.861483,0.161283,46,14
2020-04-07 19:50:05,-119.861483,0.161283,43,14
2020-04-07 19:50:10,-119.861483,0.161283,45,14
2020-04-07 19:50:15,-119.861483,0.161283,41,14
2020-04-07 19:50:20,-119.861483,0.161283,42,14
2020-04-07 19:50:25,-119.861483,0.161283,39,14
2020-04-07 19:50:30,-119.861483,0.161283,40,14
2020-04-07 19:50:35,-119.861483,0.161283,44,14
2020-04-07 19:50:40,-119.861483,0.161283,38,14
2020-04-07 19:50:45,-119.861483,0.161283,44,14
2020-04-07 19:50:50,-119.861483,0.161283,36,14
2020-04-07 19:50:55,-119.861483,0.161283,46,14
2020-04-07 19:51:00,-119.861483,0.161283,40,14
2020-04-07 19:51:05,-119.861483,0.161283,42,14
2020-04-07 19:51:10,-119.861483,0.161283,36,14
2020-04-07 19:51:15,-119.861483,0.161283,40,14
2020-04-07 19:51:20,-119.861483,0.161283,49,14
2020-04-07 19:51:25,-119.861483,0.161283,43,14
2020-04-07 19:51:30,-119.861483,0.161283,40,14
2020-04-07 19:51:35,-119.861483,0.161283,40,14
2020-04-07 19:51:40,-119.861483,0.161283,41,14
2020-04-07 19:51:45,-119.861483,0.161283,42,14
2020-04-07 19:51:50,-119.861483,0.161283,41,14
2020-04-07 19:51:55,-119.861483,0.161283,39,14
2020-04-07 19:52:00,-119.861483,0.161283,42,14
2020-04-07 19:52:05,-119.861483,0.161283,44,14
2020-04-07 19:52:10,-119.861483,0.161283,43,14
2020-04-07 19:52:15,-119.861483,0.161283,41,14
2020-04-07 19:52:20,-119.861483,0.161283,46,14
2020-04-07 19:52:25,-119.861483,0.161283,41,14
2020-04-07 19:52:30,-119.861483,0.161283,34,14
2020-04-07 19:52:35,-119.861483,0.161283,43,14
2020-04-07 19:52:40,-119.861483,0.161283,38,14
2020-04-07 19:52:45,-119.861483,0.161283,39,14
2020-04-07 19:52:50,-119.861483,0.161283,43,14
2020-04-07 19:52:55,-119.861483,0.161283,41,14
2020-04-07 19:53:00,-119.861483,0.161283,44,14
2020-04-07 19:53:05,-119.861483,0.161283,41,14
2020-04-07 19:53:10,-119.861483,0.161283,43,14
2020-04-07 19:53:15,-119.861483,0.161283,41,14
2020-04-07 19:53:20,-119.861483,0.161283,41,14
2020-04-07 19:53:25,-119.861483,0.161283,36,14
2020-04-07 19:53:30,-119.861483,0.161283,40,14
2020-04-07 19:53:35,-119.861483,0.161283,38,14
2020-04-07 19:53:40,-119.861483,0.161283,43,14
2020-04-07 19:53:45,-119.861483,0.161283,38,14
2020-04-07 19:53:50,-119.861483,0.161283,45,14
2020-04-07 19:53:55,-119.861483,0.161283,44,14
2020-04-07 19:54:00,-119.861483,0.161283,40,14
2020-04-07 19:54:05,-119.861483,0.161283,41,14
2020-04-07 19:54:10,-119.861483,0.161283,39,14
2020-04-07 19:54:15,-119.861483,0.161283,40,14
2020-04-07 19:54:20,-119.861483,0.161283,39,14
2020-04-07 19:54:25,-119.861483,0.161283,44,14
2020-04-07 19:54:30,-119.861483,0.161283,43,14
2020-04-07 19:54:35,-119.861483,0.161283,43,14
2020-04-07 19:54:40,-119.861483,0.161283,38,14
2020-04-07 19:54:45,-119.861483,0.161283,42,14
2020-04-07 19:54:50,-119.861483,0.161283,43,14
2020-04-07 19:54:55,-119.861483,0.161283,37,14
2020-04-07 19:55:00,-119.861483,0.161283,38,14
2020-04-07 19:55:05,-119.861483,0.161283,42,14
2020-04-07 19:55:10,-119.861483,0.161283,41,14
2020-04-07 19:55:15,-119.861483,0.161283,35,14
2020-04-07 19:55:20,-119.861483,0.161283,38,14
2020-04-07 19:55:25,-119.861483,0.161283,36,14
2020-04-07 19:55:30,-119.861483,0.161283,40,14
2020-04-07 19:55:35,-119.861483,0.161283,38,14
2020-04-07 19:55:40,-119.861483,0.161283,43,14
2020-04-07 19:55:45,-119.861483,0.161283,39,14
2020-04-07 19:55:50,-119.861483,0.161283,42,14
2020-04-07 19:55:55,-119.861483,0.161283,49,14
2020-04-07 19:56:00,-119.861483,0.161283,42,14
2020-04-07 19:56:05,-119.861483,0.161283,41,14
2020-04-07 19:56:10,-119.861483,0.161283,46,14
2020-04-07 19:56:15,-119.861483,0.161283,43,14
2020-04-07 19:56:20,-119.861483,0.161283,39,14
2020-04-07 19:56:25,-119.861483,0.161283,49,14
2020-04-07 19:56:30,-119.861483,0.161283,43,14
2020-04-07 19:56:35,-119.861483,0.161283,39,14
2020-04-07 19:56:40,-119.861483,0.161283,41,14
2020-04-07 19:56:45,-119.861483,0.161283,43,14
2020-04-07 19:56:50,-119.861483,0.161283,39,14
2020-04-07 19:56:55,-119.861483,0.161283,43,14
2020-04-07 19:57:00,-119.861483,0.161283,43,14
2020-04-07 19:57:05,-119.861483,0.161283,41,14
2020-04-07 19:57:10,-119.861483,0.161283,41,14
2020-04-07 19:57:15,-119.861483,0.161283,39,14
2020-04-07 19:57:20,-119.861483,0.161283,42,14
2020-04-07 19:57:25,-119.861483,0.161283,43,14
2020-04-07 19:57:30,-119.861483,0.161283,43,14
2020-04-07 19:57:35,-119.861483,0.161283,48,14
2020-04-07 19:57:40,-119.861483,0.161283,44,14
2020-04-07 19:57:45,-119.861483,0.161283,41,14
2020-04-07 19:57:50,-119.861483,0.161283,42,14
2020-04-07 19:57:55,-119.861483,0.161283,38,14
2020-04-07 19:58:00,-119.861483,0.161283,37,14
2020-04-07 19:58:05,-119.861483,0.161283,40,14
2020-04-07 19:58:10,-119.861483,0.161283,41,14
2020-04-07 19:58:15,-119.861483,0.161283,47,14
2020-04-07 19:58:20,-119.861483,0.161283,41,14
2020-04-07 19:58:25,-119.861483,0.161283,43,14
2020-04-07 19:58:30,-119.861483,0.161283,43,14
2020-04-07 19:58:35,-119.861483,0.161283,45,14
2020-04-07 19:58:40,-119.861483,0.161283,41,14
2020-04-07 19:58:45,-119.861483,0.161283,43,14
2020-04-07 19:58:50,-119.861483,0.161283,43,14
2020-04-07 19:58:55,-119.861483,0.161283,43,14
2020-04-07 19:59:00,-119.861483,0.161283,41,14
2020-04-07 19:59:05,-119.861483,0.161283,36,14
2020-04-07 19:59:10,-119.861483,0.161283,43,14
2020-04-07 19:59:15,-119.861483,0.161283,44,14
2020-04-07 19:59:20,-119.861483,0.161283,38,14
2020-04-07 19:59:25,-119.861483,0.161283,38,14
2020-04-07 19:59:30,-119.861483,0.161283,41,14
2020-04-07 19:59:35,-119.861483,0.161283,38,14
2020-04-07 19:59:40,-119.861483,0.161283,43,14
2020-04-07 19:59:45,-119.861483,0.161283,38,14
2020-04-07 19:59:50,-119.861483,0.161283,39,14
2020-04-07 19:59:55,-119.861483,0.161283,42,14
2020-04-07 20:00:00,-119.861483,0.161283,36,14
2020-04-07 20:00:05,-119.861483,0.161283,42,14
2020-04-07 20:00:10,-119.861483,0.161283,42,14
2020-04-07 20:00:15,-119.861483,0.161283,46,14
2020-04-07 20:00:20,-119.861483,0.161283,39,14
2020-04-07 20:00:25,-119.861483,0.161283,41,14
2020-04-07 20:00:30,-119.861483,0.161283,43,14
2020-04-07 20:00:35,-119.861483,0.161283,38,14
2020-04-07 20:00:40,-119.861483,0.161283,45,14
2020-04-07 20:00:45,-119.861483,0.161283,43,14
2020-04-07 20:00:50,-119.861483,0.161283,40,14
2020-04-07 20:00:55,-119.861483,0.161283,39,14
2020-04-07 20:01:00,-119.861483,0.161283,43,14
2020-04-07 20:01:05,-119.861483,0.161283,44,14
2020-04-07 20:01:10,-119.861483,0.161283,38,14
2020-04-07 20:01:15,-119.861483,0.161283,34,14
2020-04-07 20:01:20,-119.861483,0.161283,41,14
2020-04-07 20:01:25,-119.861483,0.161283,42,14
2020-04-07 20:01:30,-119.861483,0.161283,46,14
2020-04-07 20:01:35,-119.861483,0.161283,41,14
2020-04-07 20:01:40,-119.861483,0.161283,44,14
2020-04-07 20:01:45,-119.861483,0.161283,37,14
2020-04-07 20:01:50,-119.861483,0.161283,42,14
2020-04-07 20:01:55,-119.861483,0.161283,41,14
2020-04-07 20:02:00,-119.861483,0.161283,41,14
2020-04-07 20:02:05,-119.861483,0.161283,43,14
2020-04-07 20:02:10,-119.861483,0.161283,42,14
2020-04-07 20:02:15,-119.861483,0.161283,44,14
2020-04-07 20:02:20,-119.861483,0.161283,45,14
2020-04-07 20:02:25,-119.861483,0.161283,41,14
2020-04-07 20:02:30,-119.861483,0.161283,38,14
2020-04-07 20:02:35,-119.861483,0.161283,36,14
2020-04-07 20:02:40,-119.861483,0.161283,39,14
2020-04-07 20:02:45,-119.861483,0.161283,37,14
2020-04-07 20:02:50,-119.861483,0.161283,42,14
2020-04-07 20:02:55,-119.861483,0.161283,39,14
2020-04-07 20:03:00,-119.861483,0.161283,42,14
2020-04-07 20:03:05,-119.861483,0.161283,38,14
2020-04-07 20:03:10,-119.861483,0.161283,45,14
2020-04-07 20:03:15,-119.861483,0.161283,39,14
2020-04-07 20:03:20,-119.861483,0.161283,45,14
2020-04-07 20:03:25,-119.861483,0.161283,43,14
2020-04-07 20:03:30,-119.861483,0.161283,44,14
2020-04-07 20:03:35,-119.861483,0.161283,41,14
2020-04-07 20:03:40,-119.861483,0.161283,42,14
2020-04-07 20:03:45,-119.861483,0.161283,42,14
2020-04-07 20:03:50,-119.861483,0.161283,44,14
2020-04-07 20:03:55,-119.861483,0.161283,48,14
2020-04-07 20:04:00,-119.861483,0.161283,40,14
2020-04-07 20:04:05,-119.861483,0.161283,40,14
2020-04-07 20:04:10,-119.861483,0.161283,43,14
2020-04-07 20:04:15,-119.861483,0.161283,40,14
2020-04-07 20:04:20,-119.861483,0.161283,41,14
2020-04-07 20:04:25,-119.861483,0.161283,49,14
2020-04-07 20:04:30,-119.861483,0.161283,36,14
2020-04-07 20:04:35,-119.861483,0.161283,37,14
2020-04-07 20:04:40,-119.861483,0.161283,45,14
2020-04-07 20:04:45,-119.861483,0.161283,45,14
2020-04-07 20:04:50,-119.861483,0.161283,43,14
2020-04-07 20:04:55,-119.861483,0.161283,49,14
2020-04-07 20:05:00,-119.861483,0.161283,44,14
2020-04-07 20:05:05,-119.861483,0.161283,43,14
2020-04-07 20:05:10,-119.861483,0.161283,41,14
2020-04-07 20:05:15,-119.861483,0.161283,43,14
2020-04-07 20:05:20,-119.861483,0.161283,39,14
2020-04-07 20:05:25,-119.861483,0.161283,45,14
2020-04-07 20:05:30,-119.861483,0.161283,42,14
2020-04-07 20:05:35,-119.861483,0.161283,42,14
2020-04-07 20:05:40,-119.861483,0.161283,40,14
2020-04-07 20:05:45,-119.861483,0.161283,42,14
2020-04-07 20:05:50,-119.861483,0.161283,44,14
2020-04-07 20:05:55,-119.861483,0.161283,39,14
2020-04-07 20:06:00,-119.861483,0.161283,43,14
2020-04-07 20:06:05,-119.861483,0.161283,41,14
2020-04-07 20:06:10,-119.861483,0.161283,43,14
2020-04-07 20:06:15,-119.861483,0.161283,39,14
2020-04-07 20:06:20,-119.861483,0.161283,42,14
2020-04-07 20:06:25,-119.861483,0.161283,43,14
2020-04-07 20:06:30,-119.861483,0.161283,39,14
2020-04-07 20:06:35,-119.861483,0.161283,39,14
2020-04-07 20:06:40,-119.861483,0.161283,41,14
2020-04-07 20:06:45,-119.861483,0.161283,36,14
2020-04-07 20:06:50,-119.861483,0.161283,46,14
2020-04-07 20:06:55,-119.861483,0.161283,40,14
2020-04-07 20:07:00,-119.861483,0.161283,43,14
2020-04-07 20:07:05,-119.861483,0.161283,35,14
2020-04-07 20:07:10,-119.861483,0.161283,41,14
2020-04-07 20:07:15,-119.861483,0.161283,44,14
2020-04-07 20:07:20,-119.861483,0.161283,44,14
2020-04-07 20:07:25,-119.861483,0.161283,39,14
2020-04-07 20:07:30,-119.861483,0.161283,40,14
2020-04-07 20:07:35,-119.861483,0.161283,43,14
2020-04-07 20:07:40,-119.861483,0.161283,40,14
2020-04-07 20:07:45,-119.861483,0.161283,45,14
2020-04-07 20:07:50,-119.861483,0.161283,42,14
2020-04-07 20:07:55,-119.861483,0.161283,39,14
2020-04-07 20:08:00,-119.861483,0.161283,38,14
2020-04-07 20:08:05,-119.861483,0.161283,42,14
2020-04-07 20:08:10,-119.861483,0.161283,39,14
2020-04-07 20:08:15,-119.861483,0.161283,44,14
2020-04-07 20:08:20,-119.861483,0.161283,39,14
2020-04-07 20:08:25,-119.861483,0.161283,44,14
2020-04-07 20:08:30,-119.861483,0.161283,42,14
2020-04-07 20:08:35,-119.861483,0.161283,43,14
2020-04-07 20:08:40,-119.861483,0.161283,45,14
2020-04-07 20:08:45,-119.861483,0.161283,42,14
2020-04-07 20:08:50,-119.861483,0.161283,40,14
2020-04-07 20:08:55,-119.861483,0.161283,46,14
2020-04-07 20:09:00,-119.861483,0.161283,41,14
2020-04-07 20:09:05,-119.861483,0.161283,39,14
2020-04-07 20:09:10,-119.861483,0.161283,38,14
2020-04-07 20:09:15,-119.861483,0.161283,43,14
2020-04-07 20:09:20,-119.861483,0.161283,43,14
2020-04-07 20:09:25,-119.861483,0.161283,41,14
2020-04-07 20:09:30,-119.861483,0.161283,41,14
2020-04-07 20:09:35,-119.861483,0.161283,43,14
2020-04-07 20:09:40,-119.861483,0.161283,43,14
2020-04-07 20:09:45,-119.861483,0.161283,37,14
2020-04-07 20:09:50,-119.861483,0.161283,47,14
2020-04-07 20:09:55,-119.861483,0.161283,40,14
2020-04-07 20:10:00,-119.861483,0.161283,47,14
2020-04-07 20:10:05,-119.861483,0.161283,46,14
2020-04-07 20:10:10,-119.861483,0.161283,46,14
2020-04-07 20:10:15,-119.861483,0.161283,43,14
2020-04-07 20:10:20,-119.861483,0.161283,39,14
2020-04-07 20:10:25,-119.861483,0.161283,41,14
2020-04-07 20:10:30,-119.861483,0.161283,40,14
2020-04-07 20:10:35,-119.861483,0.161283,45,14
2020-04-07 20:10:40,-119.861483,0.161283,40,14
2020-04-07 20:10:45,-119.861483,0.161283,44,14
2020-04-07 20:10:50,-119.861483,0.161283,42,14
2020-04-07 20:10:55,-119.861483,0.161283,43,14
2020-04-07 20:11:00,-119.861483,0.161283,42,14
2020-04-07 20:11:05,-119.861483,0.161283,44,14
2020-04-07 20:11:10,-119.861483,0.161283,44,14
2020-04-07 20:11:15,-119.861483,0.161283,43,14
2020-04-07 20:11:20,-119.861483,0.161283,39,14
2020-04-07 20:11:25,-119.861483,0.161283,36,14
2020-04-07 20:11:30,-119.861483,0.161283,40,14
2020-04-07 20:11:35,-119.861483,0.161283,44,14
2020-04-07 20:11:40,-119.861483,0.161283,40,14
2020-04-07 20:11:45,-119.861483,0.161283,49,14
2020-04-07 20:11:50,-119.861483,0.161283,44,14
2020-04-07 20:11:55,-119.861483,0.161283,39,14
2020-04-07 20:12:00,-119.861483,0.161283,45,14
2020-04-07 20:12:05,-119.861483,0.161283,42,14
2020-04-07 20:12:10,-119.861483,0.161283,41,14
2020-04-07 20:12:15,-119.861483,0.161283,39,14
2020-04-07 20:12:20,-119.861483,0.161283,41,14
2020-04-07 20:12:25,-119.861483,0.161283,41,14
2020-04-07 20:12:30,-119.861483,0.161283,44,14
2020-04-07 20:12:35,-119.861483,0.161283,45,14
2020-04-07 20:12:40,-119.861483,0.161283,42,14
2020-04-07 20:12:45,-119.861483,0.161283,41,14
2020-04-07 20:12:50,-119.861483,0.161283,43,14
2020-04-07 20:12:55,-119.861483,0.161283,44,14
2020-04-07 20:13:00,-119.861483,0.161283,40,14
2020-04-07 20:13:05,-119.861483,0.161283,43,14
2020-04-07 20:13:10,-119.861483,0.161283,37,14
2020-04-07 20:13:15,-119.861483,0.161283,40,14
2020-04-07 20:13:20,-119.861483,0.161283,49,14
2020-04-07 20:13:25,-119.861483,0.161283,40,14
2020-04-07 20:13:30,-119.861483,0.161283,43,14
2020-04-07 20:13:35,-119.861483,0.161283,37,14
2020-04-07 20:13:40,-119.861483,0.161283,44,14
2020-04-07 20:13:45,-119.861483,0.161283,47,14
2020-04-07 20:13:50,-119.861483,0.161283,41,14
2020-04-07 20:13:55,-119.861483,0.161283,44,14
2020-04-07 20:14:00,-119.861483,0.161283,46,14
2020-04-07 20:14:05,-119.861483,0.161283,40,14
2020-04-07 20:14:10,-119.861483,0.161283,43,14
2020-04-07 20:14:15,-119.861483,0.161283,35,14
2020-04-07 20:14:20,-119.861483,0.161283,41,14
2020-04-07 20:14:25,-119.861483,0.161283,45,14
2020-04-07 20:14:30,-119.861483,0.161283,41,14
2020-04-07 20:14:35,-119.861483,0.161283,39,14
2020-04-07 20:14:40,-119.861483,0.161283,40,14
2020-04-07 20:14:45,-119.861483,0.161283,44,14
2020-04-07 20:14:50,-119.861483,0.161283,40,14
2020-04-07 20:14:55,-119.861483,0.161283,39,14
2020-04-07 20:15:00,-119.861483,0.161283,39,14
2020-04-07 20:15:05,-119.861483,0.161283,34,14
2020-04-07 20:15:10,-119.861483,0.161283,41,14
2020-04-07 20:15:15,-119.861483,0.161283,45,14
2020-04-07 20:15:20,-119.861483,0.161283,42,14
2020-04-07 20:15:25,-119.861483,0.161283,39,14
2020-04-07 20:15:30,-119.861483,0.161283,38,14
2020-04-07 20:15:35,-119.861483,0.161283,45,14
2020-04-07 20:15:40,-119.861483,0.161283,40,14
2020-04-07 20:15:45,-119.861483,0.161283,39,14
2020-04-07 20:15:50,-119.861483,0.161283,39,14
2020-04-07 20:15:55,-119.861483,0.161283,37,14
2020-04-07 20:16:00,-119.861483,0.161283,38,14
2020-04-07 20:16:05,-119.861483,0.161283,47,14
2020-04-07 20:16:10,-119.861483,0.161283,42,14
2020-04-07 20:16:15,-119.861483,0.161283,45,14
2020-04-07 20:16:20,-119.861483,0.161283,44,14
2020-04-07 20:16:25,-119.861483,0.161283,42,14
2020-04-07 20:16:30,-119.861483,0.161283,49,14
2020-04-07 20:16:35,-119.861483,0.161283,42,14
2020-04-07 20:16:40,-119.861483,0.161283,39,14
2020-04-07 20:16:45,-119.861483,0.161283,42,14
2020-04-07 20:16:50,-119.861483,0.161283,47,14
2020-04-07 20:16:55,-119.861483,0.161283,45,14
2020-04-07 20:17:00,-119.861483,0.161283,43,14
2020-04-07 20:17:05,-119.861483,0.161283,43,14
2020-04-07 20:17:10,-119.861483,0.161283,37,14
2020-04-07 20:17:15,-119.861483,0.161283,37,14
2020-04-07 20:17:20,-119.861483,0.161283,42,14
2020-04-07 20:17:25,-119.861483,0.161283,37,14
2020-04-07 20:17:30,-119.861483,0.161283,40,14
2020-04-07 20:17:35,-119.861483,0.161283,38,14
2020-04-07 20:17:40,-119.861483,0.161283,43,14
2020-04-07 20:17:45,-119.861483,0.161283,38,14
2020-04-07 20:17:50,-119.861483,0.161283,43,14
2020-04-07 20:17:55,-119.861483,0.161283,45,14
2020-04-07 20:18:00,-119.861483,0.161283,44,14
2020-04-07 20:18:05,-119.861483,0.161283,40,14
2020-04-07 20:18:10,-119.861483,0.161283,40,14
2020-04-07 20:18:15,-119.861483,0.161283,41,14
2020-04-07 20:18:20,-119.861483,0.161283,45,14
2020-04-07 20:18:25,-119.861483,0.161283,37,14
2020-04-07 20:18:30,-119.861483,0.161283,38,14
2020-04-07 20:18:35,-119.861483,0.161283,40,14
2020-04-07 20:18:40,-119.861483,0.161283,42,14
2020-04-07 20:18:45,-119.861483,0.161283,40,14
2020-04-07 20:18:50,-119.861483,0.161283,37,14
2020-04-07 20:18:55,-119.861483,0.161283,39,14
2020-04-07 20:19:00,-119.861483,0.161283,40,14
2020-04-07 20:19:05,-119.861483,0.161283,41,14
2020-04-07 20:19:10,-119.861483,0.161283,39,14
2020-04-07 20:19:15,-119.861483,0.161283,39,14
2020-04-07 20:19:20,-119.861483,0.161283,41,14
2020-04-07 20:19:25,-119.861483,0.161283,38,14
2020-04-07 20:19:30,-119.861483,0.161283,39,14
2020-04-07 20:19:35,-119.861483,0.161283,35,14
2020-04-07 20:19:40,-119.861483,0.161283,41,14
2020-04-07 20:19:45,-119.861483,0.161283,47,14
2020-04-07 20:19:50,-119.861483,0.161283,37,14
2020-04-07 20:19:55,-119.861483,0.161283,38,14
2020-04-07 20:20:00,-119.861483,0.161283,38,14
2020-04-07 20:20:05,-119.861483,0.161283,40,14
2020-04-07 20:20:10,-119.861483,0.161283,40,14
2020-04-07 20:20:15,-119.861483,0.161283,42,14
2020-04-07 20:20:20,-119.861483,0.161283,47,14
2020-04-07 20:20:25,-119.861483,0.161283,41,14
2020-04-07 20:20:30,-119.861483,0.161283,40,14
2020-04-07 20:20:35,-119.861483,0.161283,43,14
2020-04-07 20:20:40,-119.861483,0.161283,39,14
2020-04-07 20:20:45,-119.861483,0.161283,38,14
2020-04-07 20:20:50,-119.861483,0.161283,41,14
2020-04-07 20:20:55,-119.861483,0.161283,38,14
2020-04-07 20:21:00,-119.861483,0.161283,39,14
2020-04-07 20:21:05,-119.861483,0.161283,39,14
2020-04-07 20:21:10,-119.861483,0.161283,35,14
2020-04-07 20:21:15,-119.861483,0.161283,43,14
2020-04-07 20:21:20,-119.861483,0.161283,45,14
2020-04-07 20:21:25,-119.861483,0.161283,39,14
2020-04-07 20:21:30,-119.861483,0.161283,38,14
2020-04-07 20:21:35,-119.861483,0.161283,43,14
2020-04-07 20:21:40,-119.861483,0.161283,43,14
2020-04-07 20:21:45,-119.861483,0.161283,36,14
2020-04-07 20:21:50,-119.861483,0.161283,40,14
2020-04-07 20:21:55,-119.861483,0.161283,38,14
2020-04-07 20:22:00,-119.861483,0.161283,42,14
2020-04-07 20:22:05,-119.861483,0.161283,39,14
2020-04-07 20:22:10,-119.861483,0.161283,33,14
2020-04-07 20:22:15,-119.861483,0.161283,38,14
2020-04-07 20:22:20,-119.861483,0.161283,42,14
2020-04-07 20:22:25,-119.861483,0.161283,39,14
2020-04-07 20:22:30,-119.861483,0.161283,34,14
2020-04-07 20:22:35,-119.861483,0.161283,39,14
2020-04-07 20:22:40,-119.861483,0.161283,46,14
2020-04-07 20:22:45,-119.861483,0.161283,42,14
2020-04-07 20:22:50,-119.861483,0.161283,46,14
2020-04-07 20:22:55,-119.861483,0.161283,45,14
2020-04-07 20:23:00,-119.861483,0.161283,44,14
2020-04-07 20:23:05,-119.861483,0.161283,43,14
2020-04-07 20:23:10,-119.861483,0.161283,39,14
2020-04-07 20:23:15,-119.861483,0.161283,44,14
2020-04-07 20:23:20,-119.861483,0.161283,45,14
2020-04-07 20:23:25,-119.861483,0.161283,42,14
2020-04-07 20:23:30,-119.861483,0.161283,45,14
2020-04-07 20:23:35,-119.861483,0.161283,38,14
2020-04-07 20:23:40,-119.861483,0.161283,39,14
2020-04-07 20:23:45,-119.861483,0.161283,42,14
2020-04-07 20:23:50,-119.861483,0.161283,44,14
2020-04-07 20:23:55,-119.861483,0.161283,41,14
2020-04-07 20:24:00,-119.861483,0.161283,42,14
2020-04-07 20:24:05,-119.861483,0.161283,41,14
2020-04-07 20:24:10,-119.861483,0.161283,43,14
2020-04-07 20:24:15,-119.861483,0.161283,44,14
2020-04-07 20:24:20,-119.861483,0.161283,45,14
2020-04-07 20:24:25,-119.861483,0.161283,45,14
2020-04-07 20:24:30,-119.861483,0.161283,36,14
2020-04-07 20:24:35,-119.861483,0.161283,44,14
2020-04-07 20:24:40,-119.861483,0.161283,40,14
2020-04-07 20:24:45,-119.861483,0.161283,45,14
2020-04-07 20:24:50,-119.861483,0.161283,43,14
2020-04-07 20:24:55,-119.861483,0.161283,40,14
2020-04-07 20:25:00,-119.861483,0.161283,37,14
2020-04-07 20:25:05,-119.861483,0.161283,43,14
2020-04-07 20:25:10,-119.861483,0.161283,42,14
2020-04-07 20:25:15,-119.861483,0.161283,40,14
2020-04-07 20:25:20,-119.861483,0.161283,42,14
2020-04-07 20:25:25,-119.861483,0.161283,43,14
2020-04-07 20:25:30,-119.861483,0.161283,47,14
2020-04-07 20:25:35,-119.861483,0.161283,41,14
2020-04-07 20:25:40,-119.861483,0.161283,42,14
2020-04-07 20:25:45,-119.861483,0.161283,40,14
2020-04-07 20:25:50,-119.861483,0.161283,39,14
2020-04-07 20:25:55,-119.861483,0.161283,38,14
2020-04-07 20:26:00,-119.861483,0.161283,44,14
2020-04-07 20:26:05,-119.861483,0.161283,43,14
2020-04-07 20:26:10,-119.861483,0.161283,38,14
2020-04-07 20:26:15,-119.861483,0.161283,39,14
2020-04-07 20:26:20,-119.861483,0.161283,37,14
2020-04-07 20:26:25,-119.861483,0.161283,42,14
2020-04-07 20:26:30,-119.861483,0.161283,38,14
2020-04-07 20:26:35,-119.861483,0.161283,41,14
2020-04-07 20:26:40,-119.861483,0.161283,36,14
2020-04-07 20:26:45,-119.861483,0.161283,41,14
2020-04-07 20:26:50,-119.861483,0.161283,40,14
2020-04-07 20:26:55,-119.861483,0.161283,41,14
2020-04-07 20:27:00,-119.861483,0.161283,46,14
2020-04-07 20:27:05,-119.861483,0.161283,44,14
2020-04-07 20:27:10,-119.861483,0.161283,46,14
2020-04-07 20:27:15,-119.861483,0.161283,45,14
2020-04-07 20:27:20,-119.861483,0.161283,39,14
2020-04-07 20:27:25,-119.861483,0.161283,39,14
2020-04-07 20:27:30,-119.861483,0.161283,46,14
2020-04-07 20:27:35,-119.861483,0.161283,45,14
2020-04-07 20:27:40,-119.861483,0.161283,41,14
2020-04-07 20:27:45,-119.861483,0.161283,41,14
2020-04-07 20:27:50,-119.861483,0.161283,46,14
2020-04-07 20:27:55,-119.861483,0.161283,39,14
2020-04-07 20:28:00,-119.861483,0.161283,38,14
2020-04-07 20:28:05,-119.861483,0.161283,42,14
2020-04-07 20:28:10,-119.861483,0.161283,39,14
2020-04-07 20:28:15,-119.861483,0.161283,47,14
2020-04-07 20:28:20,-119.861483,0.161283,46,14
2020-04-07 20:28:25,-119.861483,0.161283,37,14
2020-04-07 20:28:30,-119.861483,0.161283,42,14
2020-04-07 20:28:35,-119.861483,0.161283,44,14
2020-04-07 20:28:40,-119.861483,0.161283,42,14
2020-04-07 20:28:45,-119.861483,0.161283,41,14
2020-04-07 20:28:50,-119.861483,0.161283,48,14
2020-04-07 20:28:55,-119.861483,0.161283,40,14
2020-04-07 20:29:00,-119.861483,0.161283,44,14
2020-04-07 20:29:05,-119.861483,0.161283,39,14
2020-04-07 20:29:10,-119.861483,0.161283,46,14
2020-04-07 20:29:15,-119.861483,0.161283,35,14
2020-04-07 20:29:20,-119.861483,0.161283,41,14
2020-04-07 20:29:25,-119.861483,0.161283,43,14
2020-04-07 20:29:30,-119.861483,0.161283,50,14
2020-04-07 20:29:35,-119.861483,0.161283,43,14
2020-04-07 20:29:40,-119.861483,0.161283,42,14
2020-04-07 20:29:45,-119.861483,0.161283,40,14
2020-04-07 20:29:50,-119.861483,0.161283,42,14
2020-04-07 20:29:55,-119.861483,0.161283,43,14
2020-04-07 20:30:00,-119.861483,0.161283,40,14
2020-04-07 20:30:05,-119.861483,0.161283,44,14
2020-04-07 20:30:10,-119.861483,0.161283,46,14
2020-04-07 20:30:15,-119.861483,0.161283,40,14
2020-04-07 20:30:20,-119.861483,0.161283,39,14
2020-04-07 20:30:25,-119.861483,0.161283,46,14
2020-04-07 20:30:30,-119.861483,0.161283,46,14
2020-04-07 20:30:35,-119.861483,0.161283,45,14
2020-04-07 20:30:40,-119.861483,0.161283,40,14
2020-04-07 20:30:45,-119.861483,0.161283,42,14
2020-04-07 20:30:50,-119.861483,0.161283,47,14
2020-04-07 20:30:55,-119.861483,0.161283,36,14
2020-04-07 20:31:00,-119.861483,0.161283,41,14
2020-04-07 20:31:05,-119.861483,0.161283,40,14
2020-04-07 20:31:10,-119.861483,0.161283,45,14
2020-04-07 20:31:15,-119.861483,0.161283,42,14
2020-04-07 20:31:20,-119.861483,0.161283,42,14
2020-04-07 20:31:25,-119.861483,0.161283,42,14
2020-04-07 20:31:30,-119.861483,0.161283,41,14
2020-04-07 20:31:35,-119.861483,0.161283,38,14
2020-04-07 20:31:40,-119.861483,0.161283,37,14
2020-04-07 20:31:45,-119.861483,0.161283,40,14
2020-04-07 20:31:50,-119.861483,0.161283,42,14
2020-04-07 20:31:55,-119.861483,0.161283,42,14
2020-04-07 20:32:00,-119.861483,0.161283,45,14
2020-04-07 20:32:05,-119.861483,0.161283,42,14
2020-04-07 20:32:10,-119.861483,0.161283,45,14
2020-04-07 20:32:15,-119.861483,0.161283,36,14
2020-04-07 20:32:20,-119.861483,0.161283,40,14
2020-04-07 20:32:25,-119.861483,0.161283,35,14
2020-04-07 20:32:30,-119.861483,0.161283,42,14
2020-04-07 20:32:35,-119.861483,0.161283,43,14
2020-04-07 20:32:40,-119.861483,0.161283,43,14
2020-04-07 20:32:45,-119.861483,0.161283,46,14
2020-04-07 20:32:50,-119.861483,0.161283,43,14
2020-04-07 20:32:55,-119.861483,0.161283,44,14
2020-04-07 20:33:00,-119.861483,0.161283,45,14
2020-04-07 20:33:05,-119.861483,0.161283,43,14
2020-04-07 20:33:10,-119.861483,0.161283,43,14
2020-04-07 20:33:15,-119.861483,0.161283,44,14
2020-04-07 20:33:20,-119.861483,0.161283,40,14
2020-04-07 20:33:25,-119.861483,0.161283,42,14
2020-04-07 20:33:30,-119.861483,0.161283,48,14
2020-04-07 20:33:35,-119.861483,0.161283,46,14
2020-04-07 20:33:40,-119.861483,0.161283,43,14
2020-04-07 20:33:45,-119.861483,0.161283,46,14
2020-04-07 20:33:50,-119.861483,0.161283,42,14
2020-04-07 20:33:55,-119.861483,0.161283,41,14
2020-04-07 20:34:00,-119.861483,0.161283,38,14
2020-04-07 20:34:05,-119.861483,0.161283,42,14
2020-04-07 20:34:10,-119.861483,0.161283,37,14
2020-04-07 20:34:15,-119.861483,0.161283,42,14
2020-04-07 20:34:20,-119.861483,0.161283,49,14
2020-04-07 20:34:25,-119.861483,0.161283,46,14
2020-04-07 20:34:30,-119.861483,0.161283,38,14
2020-04-07 20:34:35,-119.861483,0.161283,37,14
2020-04-07 20:34:40,-119.861483,0.161283,46,14
2020-04-07 20:34:45,-119.861483,0.161283,39,14
2020-04-07 20:34:50,-119.861483,0.161283,42,14
2020-04-07 20:34:55,-119.861483,0.161283,39,14
2020-04-07 20:35:00,-119.861483,0.161283,41,14
2020-04-07 20:35:05,-119.861483,0.161283,44,14
2020-04-07 20:35:10,-119.861483,0.161283,41,14
2020-04-07 20:35:15,-119.861483,0.161283,43,14
2020-04-07 20:35:20,-119.861483,0.161283,43,14
2020-04-07 20:35:25,-119.861483,0.161283,40,14
2020-04-07 20:35:30,-119.861483,0.161283,41,14
2020-04-07 20:35:35,-119.861483,0.161283,39,14
2020-04-07 20:35:40,-119.861483,0.161283,42,14
2020-04-07 20:35:45,-119.861483,0.161283,44,14
2020-04-07 20:35:50,-119.861483,0.161283,39,14
2020-04-07 20:35:55,-119.861483,0.161283,44,14
2020-04-07 20:36:00,-119.861483,0.161283,48,14
2020-04-07 20:36:05,-119.861483,0.161283,40,14
2020-04-07 20:36:10,-119.861483,0.161283,42,14
2020-04-07 20:36:15,-119.861483,0.161283,43,14
2020-04-07 20:36:20,-119.861483,0.161283,42,14
2020-04-07 20:36:25,-119.861483,0.161283,45,14
2020-04-07 20:36:30,-119.861483,0.161283,41,14
2020-04-07 20:36:35,-119.861483,0.161283,42,14
2020-04-07 20:36:40,-119.861483,0.161283,40,14
2020-04-07 20:36:45,-119.861483,0.161283,37,14
2020-04-07 20:36:50,-119.861483,0.161283,34,14
2020-04-07 20:36:55,-119.861483,0.161283,45,14
2020-04-07 20:37:00,-119.861483,0.161283,44,14
2020-04-07 20:37:05,-119.861483,0.161283,43,14
2020-04-07 20:37:10,-119.861483,0.161283,38,14
2020-04-07 20:37:15,-119.861483,0.161283,41,14
2020-04-07 20:37:20,-119.861483,0.161283,43,14
2020-04-07 20:37:25,-119.861483,0.161283,39,14
2020-04-07 20:37:30,-119.861483,0.161283,48,14
2020-04-07 20:37:35,-119.861483,0.161283,42,14
2020-04-07 20:37:40,-119.861483,0.161283,39,14
2020-04-07 20:37:45,-119.861483,0.161283,38,14
2020-04-07 20:37:50,-119.861483,0.161283,43,14
2020-04-07 20:37:55,-119.861483,0.161283,43,14
2020-04-07 20:38:00,-119.861483,0.161283,43,14
2020-04-07 20:38:05,-119.861483,0.161283,42,14
2020-04-07 20:38:10,-119.861483,0.161283,38,14
2020-04-07 20:38:15,-119.861483,0.161283,37,14
2020-04-07 20:38:20,-119.861483,0.161283,44,14
2020-04-07 20:38:25,-119.861483,0.161283,40,14
2020-04-07 20:38:30,-119.861483,0.161283,44,14
2020-04-07 20:38:35,-119.861483,0.161283,39,14
2020-04-07 20:38:40,-119.861483,0.161283,38,14
2020-04-07 20:38:45,-119.861483,0.161283,35,14
2020-04-07 20:38:50,-119.861483,0.161283,37,14
2020-04-07 20:38:55,-119.861483,0.161283,50,14
2020-04-07 20:39:00,-119.861483,0.161283,43,14
2020-04-07 20:39:05,-119.861483,0.161283,44,14
2020-04-07 20:39:10,-119.861483,0.161283,36,14
2020-04-07 20:39:15,-119.861483,0.161283,42,14
2020-04-07 20:39:20,-119.861483,0.161283,39,14
2020-04-07 20:39:25,-119.861483,0.161283,38,14
2020-04-07 20:39:30,-119.861483,0.161283,47,14
2020-04-07 20:39:35,-119.861483,0.161283,41,14
2020-04-07 20:39:40,-119.861483,0.161283,39,14
2020-04-07 20:39:45,-119.861483,0.161283,40,14
2020-04-07 20:39:50,-119.861483,0.161283,41,14
2020-04-07 20:39:55,-119.861483,0.161283,40,14
2020-04-07 20:40:00,-119.861483,0.161283,35,14
2020-04-07 20:40:05,-119.861483,0.161283,36,14
2020-04-07 20:40:10,-119.861483,0.161283,37,14
2020-04-07 20:40:15,-119.861483,0.161283,42,14
2020-04-07 20:40:20,-119.861483,0.161283,41,14
2020-04-07 20:40:25,-119.861483,0.161283,44,14
2020-04-07 20:40:30,-119.861483,0.161283,44,14
2020-04-07 20:40:35,-119.861483,0.161283,42,14
2020-04-07 20:40:40,-119.861483,0.161283,37,14
2020-04-07 20:40:45,-119.861483,0.161283,51,14
2020-04-07 20:40:50,-119.861483,0.161283,39,14
2020-04-07 20:40:55,-119.861483,0.161283,43,14
2020-04-07 20:41:00,-119.861483,0.161283,43,14
2020-04-07 20:41:05,-119.861483,0.161283,35,14
2020-04-07 20:41:10,-119.861483,0.161283,42,14
2020-04-07 20:41:15,-119.861483,0.161283,42,14
2020-04-07 20:41:20,-119.861483,0.161283,43,14
2020-04-07 20:41:25,-119.861483,0.161283,39,14
2020-04-07 20:41:30,-119.861483,0.161283,44,14
2020-04-07 20:41:35,-119.861483,0.161283,45,14
2020-04-07 20:41:40,-119.861483,0.161283,37,14
2020-04-07 20:41:45,-119.861483,0.161283,38,14
2020-04-07 20:41:50,-119.861483,0.161283,40,14
2020-04-07 20:41:55,-119.861483,0.161283,38,14
2020-04-07 20:42:00,-119.861483,0.161283,42,14
2020-04-07 20:42:05,-119.861483,0.161283,40,14
2020-04-07 20:42:10,-119.861483,0.161283,42,14
2020-04-07 20:42:15,-119.861483,0.161283,44,14
2020-04-07 20:42:20,-119.861483,0.161283,36,14
2020-04-07 20:42:25,-119.861483,0.161283,42,14
2020-04-07 20:42:30,-119.861483,0.161283,42,14
2020-04-07 20:42:35,-119.861483,0.161283,42,14
2020-04-07 20:42:40,-119.861483,0.161283,46,14
2020-04-07 20:42:45,-119.861483,0.161283,40,14
2020-04-07 20:42:50,-119.861483,0.161283,39,14
2020-04-07 20:42:55,-119.861483,0.161283,42,14
2020-04-07 20:43:00,-119.861483,0.161283,45,14
2020-04-07 20:43:05,-119.861483,0.161283,46,14
2020-04-07 20:43:10,-119.861483,0.161283,40,14
2020-04-07 20:43:15,-119.861483,0.161283,39,14
2020-04-07 20:43:20,-119.861483,0.161283,38,14
2020-04-07 20:43:25,-119.861483,0.161283,40,14
2020-04-07 20:43:30,-119.861483,0.161283,44,14
2020-04-07 20:43:35,-119.861483,0.161283,41,14
2020-04-07 20:43:40,-119.861483,0.161283,40,14
2020-04-07 20:43:45,-119.861483,0.161283,41,14
2020-04-07 20:43:50,-119.861483,0.161283,45,14
2020-04-07 20:43:55,-119.861483,0.161283,37,14
2020-04-07 20:44:00,-119.861483,0.161283,38,14
2020-04-07 20:44:05,-119.861483,0.161283,45,14
2020-04-07 20:44:10,-119.861483,0.161283,41,14
2020-04-07 20:44:15,-119.861483,0.161283,38,14
2020-04-07 20:44:20,-119.861483,0.161283,43,14
2020-04-07 20:44:25,-119.861483,0.161283,41,14
2020-04-07 20:44:30,-119.861483,0.161283,35,14
2020-04-07 20:44:35,-119.861483,0.161283,45,14
2020-04-07 20:44:40,-119.861483,0.161283,43,14
2020-04-07 20:44:45,-119.861483,0.161283,37,14
2020-04-07 20:44:50,-119.861483,0.161283,40,14
2020-04-07 20:44:55,-119.861483,0.161283,40,14
2020-04-07 20:45:00,-119.861483,0.161283,41,14
2020-04-07 20:45:05,-119.861483,0.161283,46,14
2020-04-07 20:45:10,-119.861483,0.161283,38,14
2020-04-07 20:45:15,-119.861483,0.161283,42,14
2020-04-07 20:45:20,-119.861483,0.161283,45,14
2020-04-07 20:45:25,-119.861483,0.161283,39,14
2020-04-07 20:45:30,-119.861483,0.161283,44,14
2020-04-07 20:45:35,-119.861483,0.161283,39,14
2020-04-07 20:45:40,-119.861483,0.161283,43,14
2020-04-07 20:45:45,-119.861483,0.161283,43,14
2020-04-07 20:45:50,-119.861483,0.161283,40,14
2020-04-07 20:45:55,-119.861483,0.161283,43,14
2020-04-07 20:46:00,-119.861483,0.161283,42,14
2020-04-07 20:46:05,-119.861483,0.161283,49,14
2020-04-07 20:46:10,-119.861483,0.161283,42,14
2020-04-07 20:46:15,-119.861483,0.161283,44,14
2020-04-07 20:46:20,-119.861483,0.161283,43,14
2020-04-07 20:46:25,-119.861483,0.161283,42,14
2020-04-07 20:46:30,-119.861483,0.161283,42,14
2020-04-07 20:46:35,-119.861483,0.161283,45,14
2020-04-07 20:46:40,-119.861483,0.161283,44,14
2020-04-07 20:46:45,-119.861483,0.161283,44,14
2020-04-07 20:46:50,-119.861483,0.161283,47,14
2020-04-07 20:46:55,-119.861483,0.161283,41,14
2020-04-07 20:47:00,-119.861483,0.161283,42,14
2020-04-07 20:47:05,-119.861483,0.161283,42,14
2020-04-07 20:47:10,-119.861483,0.161283,44,14
2020-04-07 20:47:15,-119.861483,0.161283,39,14
2020-04-07 20:47:20,-119.861483,0.161283,40,14
2020-04-07 20:47:25,-119.861483,0.161283,45,14
2020-04-07 20:47:30,-119.861483,0.161283,43,14
2020-04-07 20:47:35,-119.861483,0.161283,46,14
2020-04-07 20:47:40,-119.861483,0.161283,40,14
2020-04-07 20:47:45,-119.861483,0.161283,42,14
2020-04-07 20:47:50,-119.861483,0.161283,44,14
2020-04-07 20:47:55,-119.861483,0.161283,40,14
2020-04-07 20:48:00,-119.861483,0.161283,41,14
2020-04-07 20:48:05,-119.861483,0.161283,44,14
2020-04-07 20:48:10,-119.861483,0.161283,48,14
2020-04-07 20:48:15,-119.861483,0.161283,46,14
2020-04-07 20:48:20,-119.861483,0.161283,42,14
2020-04-07 20:48:25,-119.861483,0.161283,48,14
2020-04-07 20:48:30,-119.861483,0.161283,40,14
2020-04-07 20:48:35,-119.861483,0.161283,44,14
2020-04-07 20:48:40,-119.861483,0.161283,42,14
2020-04-07 20:48:45,-119.861483,0.161283,37,14
2020-04-07 20:48:50,-119.861483,0.161283,45,14
2020-04-07 20:48:55,-119.861483,0.161283,43,14
2020-04-07 20:49:00,-119.861483,0.161283,44,14
2020-04-07 20:49:05,-119.861483,0.161283,44,14
2020-04-07 20:49:10,-119.861483,0.161283,39,14
2020-04-07 20:49:15,-119.861483,0.161283,44,14
2020-04-07 20:49:20,-119.861483,0.161283,43,14
2020-04-07 20:49:25,-119.861483,0.161283,48,14
2020-04-07 20:49:30,-119.861483,0.161283,46,14
2020-04-07 20:49:35,-119.861483,0.161283,40,14
2020-04-07 20:49:40,-119.861483,0.161283,45,14
2020-04-07 20:49:45,-119.861483,0.161283,43,14
2020-04-07 20:49:50,-119.861483,0.161283,42,14
2020-04-07 20:49:55,-119.861483,0.161283,39,14
2020-04-07 20:50:00,-119.861483,0.161283,46,14
2020-04-07 20:50:05,-119.861483,0.161283,40,14
2020-04-07 20:50:10,-119.861483,0.161283,41,14
2020-04-07 20:50:15,-119.861483,0.161283,46,14
2020-04-07 20:50:20,-119.861483,0.161283,44,14
2020-04-07 20:50:25,-119.861483,0.161283,37,14
2020-04-07 20:50:30,-119.861483,0.161283,46,14
2020-04-07 20:50:35,-119.861483,0.161283,39,14
2020-04-07 20:50:40,-119.861483,0.161283,39,14
2020-04-07 20:50:45,-119.861483,0.161283,46,14
2020-04-07 20:50:50,-119.861483,0.161283,44,14
2020-04-07 20:50:55,-119.861483,0.161283,38,14
2020-04-07 20:51:00,-119.861483,0.161283,41,14
2020-04-07 20:51:05,-119.861483,0.161283,40,14
2020-04-07 20:51:10,-119.861483,0.161283,38,14
2020-04-07 20:51:15,-119.861483,0.161283,42,14
2020-04-07 20:51:20,-119.861483,0.161283,41,14
2020-04-07 20:51:25,-119.861483,0.161283,40,14
2020-04-07 20:51:30,-119.861483,0.161283,43,14
2020-04-07 20:51:35,-119.861483,0.161283,38,14
2020-04-07 20:51:40,-119.861483,0.161283,43,14
2020-04-07 20:51:45,-119.861483,0.161283,44,14
2020-04-07 20:51:50,-119.861483,0.161283,42,14
2020-04-07 20:51:55,-119.861483,0.161283,47,14
2020-04-07 20:52:00,-119.861483,0.161283,40,14
2020-04-07 20:52:05,-119.861483,0.161283,38,14
2020-04-07 20:52:10,-119.861483,0.161283,42,14
2020-04-07 20:52:15,-119.861483,0.161283,45,14
2020-04-07 20:52:20,-119.861483,0.161283,44,14
2020-04-07 20:52:25,-119.861483,0.161283,44,14
2020-04-07 20:52:30,-119.861483,0.161283,41,14
2020-04-07 20:52:35,-119.861483,0.161283,40,14
2020-04-07 20:52:40,-119.861483,0.161283,43,14
2020-04-07 20:52:45,-119.861483,0.161283,41,14
2020-04-07 20:52:50,-119.861483,0.161283,41,14
2020-04-07 20:52:55,-119.861483,0.161283,43,14
2020-04-07 20:53:00,-119.861483,0.161283,40,14
2020-04-07 20:53:05,-119.861483,0.161283,43,14
2020-04-07 20:53:10,-119.861483,0.161283,44,14
2020-04-07 20:53:15,-119.861483,0.161283,50,14
2020-04-07 20:53:20,-119.861483,0.161283,42,14
2020-04-07 20:53:25,-119.861483,0.161283,42,14
2020-04-07 20:53:30,-119.861483,0.161283,37,14
2020-04-07 20:53:35,-119.861483,0.161283,38,14
2020-04-07 20:53:40,-119.861483,0.161283,34,14
2020-04-07 20:53:45,-119.861483,0.161283,44,14
2020-04-07 20:53:50,-119.861483,0.161283,44,14
2020-04-07 20:53:55,-119.861483,0.161283,41,14
2020-04-07 20:54:00,-119.861483,0.161283,41,14
2020-04-07 20:54:05,-119.861483,0.161283,41,14
2020-04-07 20:54:10,-119.861483,0.161283,42,14
2020-04-07 20:54:15,-119.861483,0.161283,40,14
2020-04-07 20:54:20,-119.861483,0.161283,44,14
2020-04-07 20:54:25,-119.861483,0.161283,44,14
2020-04-07 20:54:30,-119.861483,0.161283,42,14
2020-04-07 20:54:35,-119.861483,0.161283,45,14
2020-04-07 20:54:40,-119.861483,0.161283,41,14
2020-04-07 20:54:45,-119.861483,0.161283,42,14
2020-04-07 20:54:50,-119.861483,0.161283,38,14
2020-04-07 20:54:55,-119.861483,0.161283,40,14
2020-04-07 20:55:00,-119.861483,0.161283,43,14
2020-04-07 20:55:05,-119.861483,0.161283,41,14
2020-04-07 20:55:10,-119.861483,0.161283,42,14
2020-04-07 20:55:15,-119.861483,0.161283,46,14
2020-04-07 20:55:20,-119.861483,0.161283,49,14
2020-04-07 20:55:25,-119.861483,0.161283,42,14
2020-04-07 20:55:30,-119.861483,0.161283,44,14
2020-04-07 20:55:35,-119.861483,0.161283,39,14
2020-04-07 20:55:40,-119.861483,0.161283,41,14
2020-04-07 20:55:45,-119.861483,0.161283,42,14
2020-04-07 20:55:50,-119.861483,0.161283,43,14
2020-04-07 20:55:55,-119.861483,0.161283,36,14
2020-04-07 20:56:00,-119.861483,0.161283,44,14
2020-04-07 20:56:05,-119.861483,0.161283,45,14
2020-04-07 20:56:10,-119.861483,0.161283,40,14
2020-04-07 20:56:15,-119.861483,0.161283,38,14
2020-04-07 20:56:20,-119.861483,0.161283,40,14
2020-04-07 20:56:25,-119.861483,0.161283,46,14
2020-04-07 20:56:30,-119.861483,0.161283,43,14
2020-04-07 20:56:35,-119.861483,0.161283,41,14
2020-04-07 20:56:40,-119.861483,0.161283,37,14
2020-04-07 20:56:45,-119.861483,0.161283,44,14
2020-04-07 20:56:50,-119.861483,0.161283,45,14
2020-04-07 20:56:55,-119.861483,0.161283,46,14
2020-04-07 20:57:00,-119.861483,0.161283,41,14
2020-04-07 20:57:05,-119.861483,0.161283,43,14
2020-04-07 20:57:10,-119.861483,0.161283,42,14
2020-04-07 20:57:15,-119.861483,0.161283,41,14
2020-04-07 20:57:20,-119.861483,0.161283,38,14
2020-04-07 20:57:25,-119.861483,0.161283,42,14
2020-04-07 20:57:30,-119.861483,0.161283,40,14
2020-04-07 20:57:35,-119.861483,0.161283,38,14
2020-04-07 20:57:40,-119.861483,0.161283,44,14
2020-04-07 20:57:45,-119.861483,0.161283,46,14
2020-04-07 20:57:50,-119.861483,0.161283,41,14
2020-04-07 20:57:55,-119.861483,0.161283,41,14
2020-04-07 20:58:00,-119.861483,0.161283,43,14
2020-04-07 20:58:05,-119.861483,0.161283,41,14
2020-04-07 20:58:10,-119.861483,0.161283,44,14
2020-04-07 20:58:15,-119.861483,0.161283,44,14
2020-04-07 20:58:20,-119.861483,0.161283,46,14
2020-04-07 20:58:25,-119.861483,0.161283,39,14
2020-04-07 20:58:30,-119.861483,0.161283,43,14
2020-04-07 20:58:35,-119.861483,0.161283,43,14
2020-04-07 20:58:40,-119.861483,0.161283,43,14
2020-04-07 20:58:45,-119.861483,0.161283,39,14
2020-04-07 20:58:50,-119.861483,0.161283,38,14
2020-04-07 20:58:55,-119.861483,0.161283,38,14
2020-04-07 20:59:00,-119.861483,0.161283,43,14
2020-04-07 20:59:05,-119.861483,0.161283,41,14
2020-04-07 20:59:10,-119.861483,0.161283,42,14
2020-04-07 20:59:15,-119.861483,0.161283,39,14
2020-04-07 20:59:20,-119.861483,0.161283,43,14
2020-04-07 20:59:25,-119.861483,0.161283,42,14
2020-04-07 20:59:30,-119.861483,0.161283,47,14
2020-04-07 20:59:35,-119.861483,0.161283,47,14
2020-04-07 20:59:40,-119.861483,0.161283,44,14
2020-04-07 20:59:45,-119.861483,0.161283,43,14
2020-04-07 20:59:50,-119.861483,0.161283,40,14
2020-04-07 20:59:55,-119.861483,0.161283,42,14
2020-04-07 21:00:00,-119.861483,0.161283,43,14
2020-04-07 21:00:05,-119.861483,0.161283,47,14
2020-04-07 21:00:10,-119.861483,0.161283,48,14
2020-04-07 21:00:15,-119.861483,0.161283,45,14
2020-04-07 21:00:20,-119.861483,0.161283,44,14
2020-04-07 21:00:25,-119.861483,0.161283,43,14
2020-04-07 21:00:30,-119.861483,0.161283,31,14
2020-04-07 21:00:35,-119.861483,0.161283,43,14
2020-04-07 21:00:40,-119.861483,0.161283,44,14
2020-04-07 21:00:45,-119.861483,0.161283,49,14
2020-04-07 21:00:50,-119.861483,0.161283,46,14
2020-04-07 21:00:55,-119.861483,0.161283,48,14
2020-04-07 21:01:00,-119.861483,0.161283,41,14
2020-04-07 21:01:05,-119.861483,0.161283,45,14
2020-04-07 21:01:10,-119.861483,0.161283,42,14
2020-04-07 21:01:15,-119.861483,0.161283,44,14
2020-04-07 21:01:20,-119.861483,0.161283,45,14
2020-04-07 21:01:25,-119.861483,0.161283,47,14
2020-04-07 21:01:30,-119.861483,0.161283,43,14
2020-04-07 21:01:35,-119.861483,0.161283,41,14
2020-04-07 21:01:40,-119.861483,0.161283,41,14
2020-04-07 21:01:45,-119.861483,0.161283,42,14
2020-04-07 21:01:50,-119.861483,0.161283,41,14
2020-04-07 21:01:55,-119.861483,0.161283,48,14
2020-04-07 21:02:00,-119.861483,0.161283,41,14
2020-04-07 21:02:05,-119.861483,0.161283,46,14
2020-04-07 21:02:10,-119.861483,0.161283,39,14
2020-04-07 21:02:15,-119.861483,0.161283,46,14
2020-04-07 21:02:20,-119.861483,0.161283,44,14
2020-04-07 21:02:25,-119.861483,0.161283,41,14
2020-04-07 21:02:30,-119.861483,0.161283,46,14
2020-04-07 21:02:35,-119.861483,0.161283,42,14
2020-04-07 21:02:40,-119.861483,0.161283,44,14
2020-04-07 21:02:45,-119.861483,0.161283,43,14
2020-04-07 21:02:50,-119.861483,0.161283,39,14
2020-04-07 21:02:55,-119.861483,0.161283,43,14
2020-04-07 21:03:00,-119.861483,0.161283,44,14
2020-04-07 21:03:05,-119.861483,0.161283,46,14
2020-04-07 21:03:10,-119.861483,0.161283,43,14
2020-04-07 21:03:15,-119.861483,0.161283,47,14
2020-04-07 21:03:20,-119.861483,0.161283,42,14
2020-04-07 21:03:25,-119.861483,0.161283,42,14
2020-04-07 21:03:30,-119.861483,0.161283,41,14
2020-04-07 21:03:35,-119.861483,0.161283,41,14
2020-04-07 21:03:40,-119.861483,0.161283,49,14
2020-04-07 21:03:45,-119.861483,0.161283,43,14
2020-04-07 21:03:50,-119.861483,0.161283,42,14
2020-04-07 21:03:55,-119.861483,0.161283,36,14
2020-04-07 21:04:00,-119.861483,0.161283,45,14
2020-04-07 21:04:05,-119.861483,0.161283,44,14
2020-04-07 21:04:10,-119.861483,0.161283,43,14
2020-04-07 21:04:15,-119.861483,0.161283,38,14
2020-04-07 21:04:20,-119.861483,0.161283,39,14
2020-04-07 21:04:25,-119.861483,0.161283,44,14
2020-04-07 21:04:30,-119.861483,0.161283,44,14
2020-04-07 21:04:35,-119.861483,0.161283,40,14
2020-04-07 21:04:40,-119.861483,0.161283,43,14
2020-04-07 21:04:45,-119.861483,0.161283,45,14
2020-04-07 21:04:50,-119.861483,0.161283,41,14
2020-04-07 21:04:55,-119.861483,0.161283,43,14
2020-04-07 21:05:00,-119.861483,0.161283,42,14
2020-04-07 21:05:05,-119.861483,0.161283,44,14
2020-04-07 21:05:10,-119.861483,0.161283,36,14
2020-04-07 21:05:15,-119.861483,0.161283,44,14
2020-04-07 21:05:20,-119.861483,0.161283,45,14
2020-04-07 21:05:25,-119.861483,0.161283,43,14
2020-04-07 21:05:30,-119.861483,0.161283,40,14
2020-04-07 21:05:35,-119.861483,0.161283,40,14
2020-04-07 21:05:40,-119.861483,0.161283,38,14
2020-04-07 21:05:45,-119.861483,0.161283,47,14
2020-04-07 21:05:50,-119.861483,0.161283,45,14
2020-04-07 21:05:55,-119.861483,0.161283,43,14
2020-04-07 21:06:00,-119.861483,0.161283,41,14
2020-04-07 21:06:05,-119.861483,0.161283,41,14
2020-04-07 21:06:10,-119.861483,0.161283,42,14
2020-04-07 21:06:15,-119.861483,0.161283,43,14
2020-04-07 21:06:20,-119.861483,0.161283,42,14
2020-04-07 21:06:25,-119.861483,0.161283,40,14
2020-04-07 21:06:30,-119.861483,0.161283,49,14
2020-04-07 21:06:35,-119.861483,0.161283,35,14
2020-04-07 21:06:40,-119.861483,0.161283,39,14
2020-04-07 21:06:45,-119.861483,0.161283,45,14
2020-04-07 21:06:50,-119.861483,0.161283,43,14
2020-04-07 21:06:55,-119.861483,0.161283,45,14
2020-04-07 21:07:00,-119.861483,0.161283,47,14
2020-04-07 21:07:05,-119.861483,0.161283,45,14
2020-04-07 21:07:10,-119.861483,0.161283,44,14
2020-04-07 21:07:15,-119.861483,0.161283,43,14
2020-04-07 21:07:20,-119.861483,0.161283,43,14
2020-04-07 21:07:25,-119.861483,0.161283,40,14
2020-04-07 21:07:30,-119.861483,0.161283,42,14
2020-04-07 21:07:35,-119.861483,0.161283,40,14
2020-04-07 21:07:40,-119.861483,0.161283,44,14
2020-04-07 21:07:45,-119.861483,0.161283,37,14
2020-04-07 21:07:50,-119.861483,0.161283,41,14
2020-04-07 21:07:55,-119.861483,0.161283,37,14
2020-04-07 21:08:00,-119.861483,0.161283,40,14
2020-04-07 21:08:05,-119.861483,0.161283,43,14
2020-04-07 21:08:10,-119.861483,0.161283,44,14
2020-04-07 21:08:15,-119.861483,0.161283,42,14
2020-04-07 21:08:20,-119.861483,0.161283,41,14
2020-04-07 21:08:25,-119.861483,0.161283,38,14
2020-04-07 21:08:30,-119.861483,0.161283,36,14
2020-04-07 21:08:35,-119.861483,0.161283,43,14
2020-04-07 21:08:40,-119.861483,0.161283,38,14
2020-04-07 21:08:45,-119.861483,0.161283,41,14
2020-04-07 21:08:50,-119.861483,0.161283,50,14
2020-04-07 21:08:55,-119.861483,0.161283,41,14
2020-04-07 21:09:00,-119.861483,0.161283,41,14
2020-04-07 21:09:05,-119.861483,0.161283,42,14
2020-04-07 21:09:10,-119.861483,0.161283,37,14
2020-04-07 21:09:15,-119.861483,0.161283,44,14
2020-04-07 21:09:20,-119.861483,0.161283,39,14
2020-04-07 21:09:25,-119.861483,0.161283,42,14
2020-04-07 21:09:30,-119.861483,0.161283,42,14
2020-04-07 21:09:35,-119.861483,0.161283,42,14
2020-04-07 21:09:40,-119.861483,0.161283,36,14
2020-04-07 21:09:45,-119.861483,0.161283,43,14
2020-04-07 21:09:50,-119.861483,0.161283,43,14
2020-04-07 21:09:55,-119.861483,0.161283,43,14
2020-04-07 21:10:00,-119.861483,0.161283,44,14
2020-04-07 21:10:05,-119.861483,0.161283,46,14
2020-04-07 21:10:10,-119.861483,0.161283,43,14
2020-04-07 21:10:15,-119.861483,0.161283,41,14
2020-04-07 21:10:20,-119.861483,0.161283,40,14
2020-04-07 21:10:25,-119.861483,0.161283,40,14
2020-04-07 21:10:30,-119.861483,0.161283,40,14
2020-04-07 21:10:35,-119.861483,0.161283,40,14
2020-04-07 21:10:40,-119.861483,0.161283,44,14
2020-04-07 21:10:45,-119.861483,0.161283,40,14
2020-04-07 21:10:50,-119.861483,0.161283,39,14
2020-04-07 21:10:55,-119.861483,0.161283,41,14
2020-04-07 21:11:00,-119.861483,0.161283,42,14
2020-04-07 21:11:05,-119.861483,0.161283,40,14
2020-04-07 21:11:10,-119.861483,0.161283,43,14
2020-04-07 21:11:15,-119.861483,0.161283,44,14
2020-04-07 21:11:20,-119.861483,0.161283,44,14
2020-04-07 21:11:25,-119.861483,0.161283,39,14
2020-04-07 21:11:30,-119.861483,0.161283,42,14
2020-04-07 21:11:35,-119.861483,0.161283,42,14
2020-04-07 21:11:40,-119.861483,0.161283,43,14
2020-04-07 21:11:45,-119.861483,0.161283,39,14
2020-04-07 21:11:50,-119.861483,0.161283,41,14
2020-04-07 21:11:55,-119.861483,0.161283,42,14
2020-04-07 21:12:00,-119.861483,0.161283,44,14
2020-04-07 21:12:05,-119.861483,0.161283,35,14
2020-04-07 21:12:10,-119.861483,0.161283,43,14
2020-04-07 21:12:15,-119.861483,0.161283,40,14
2020-04-07 21:12:20,-119.861483,0.161283,41,14
2020-04-07 21:12:25,-119.861483,0.161283,41,14
2020-04-07 21:12:30,-119.861483,0.161283,40,14
2020-04-07 21:12:35,-119.861483,0.161283,42,14
2020-04-07 21:12:40,-119.861483,0.161283,42,14
2020-04-07 21:12:45,-119.861483,0.161283,42,14
2020-04-07 21:12:50,-119.861483,0.161283,36,14
2020-04-07 21:12:55,-119.861483,0.161283,42,14
2020-04-07 21:13:00,-119.861483,0.161283,47,14
2020-04-07 21:13:05,-119.861483,0.161283,39,14
2020-04-07 21:13:10,-119.861483,0.161283,43,14
2020-04-07 21:13:15,-119.861483,0.161283,39,14
2020-04-07 21:13:20,-119.861483,0.161283,47,14
2020-04-07 21:13:25,-119.861483,0.161283,48,14
2020-04-07 21:13:30,-119.861483,0.161283,41,14
2020-04-07 21:13:35,-119.861483,0.161283,41,14
2020-04-07 21:13:40,-119.861483,0.161283,49,14
2020-04-07 21:13:45,-119.861483,0.161283,41,14
2020-04-07 21:13:50,-119.861483,0.161283,46,14
2020-04-07 21:13:55,-119.861483,0.161283,42,14
2020-04-07 21:14:00,-119.861483,0.161283,41,14
2020-04-07 21:14:05,-119.861483,0.161283,38,14
2020-04-07 21:14:10,-119.861483,0.161283,46,14
2020-04-07 21:14:15,-119.861483,0.161283,41,14
2020-04-07 21:14:20,-119.861483,0.161283,49,14
2020-04-07 21:14:25,-119.861483,0.161283,45,14
2020-04-07 21:14:30,-119.861483,0.161283,44,14
2020-04-07 21:14:35,-119.861483,0.161283,48,14
2020-04-07 21:14:40,-119.861483,0.161283,39,14
2020-04-07 21:14:45,-119.861483,0.161283,45,14
2020-04-07 21:14:50,-119.861483,0.161283,42,14
2020-04-07 21:14:55,-119.861483,0.161283,49,14
2020-04-07 21:15:00,-119.861483,0.161283,46,14
2020-04-07 21:15:05,-119.861483,0.161283,46,14
2020-04-07 21:15:10,-119.861483,0.161283,47,14
2020-04-07 21:15:15,-119.861483,0.161283,45,14
2020-04-07 21:15:20,-119.861483,0.161283,46,14
2020-04-07 21:15:25,-119.861483,0.161283,54,14
2020-04-07 21:15:30,-119.861483,0.161283,45,14
2020-04-07 21:15:35,-119.861483,0.161283,47,14
2020-04-07 21:15:40,-119.861483,0.161283,48,14
2020-04-07 21:15:45,-119.861483,0.161283,43,14
2020-04-07 21:15:50,-119.861483,0.161283,46,14
2020-04-07 21:15:55,-119.861483,0.161283,48,14
2020-04-07 21:16:00,-119.861483,0.161283,48,14
2020-04-07 21:16:05,-119.861483,0.161283,46,14
2020-04-07 21:16:10,-119.861483,0.161283,50,14
2020-04-07 21:16:15,-119.861483,0.161283,45,14
2020-04-07 21:16:20,-119.861483,0.161283,50,14
2020-04-07 21:16:25,-119.861483,0.161283,55,14
2020-04-07 21:16:30,-119.861483,0.161283,53,14
2020-04-07 21:16:35,-119.861483,0.161283,46,14
2020-04-07 21:16:40,-119.861483,0.161283,48,14
2020-04-07 21:16:45,-119.861483,0.161283,50,14
2020-04-07 21:16:50,-119.861483,0.161283,46,14
2020-04-07 21:16:55,-119.861483,0.161283,48,14
2020-04-07 21:17:00,-119.861483,0.161283,49,14
2020-04-07 21:17:05,-119.861483,0.161283,43,14
2020-04-07 21:17:10,-119.861483,0.161283,48,14
2020-04-07 21:17:15,-119.861483,0.161283,43,14
2020-04-07 21:17:20,-119.861483,0.161283,44,14
2020-04-07 21:17:25,-119.861483,0.161283,48,14
2020-04-07 21:17:30,-119.861483,0.161283,42,14
2020-04-07 21:17:35,-119.861483,0.161283,43,14
2020-04-07 21:17:40,-119.861483,0.161283,44,14
2020-04-07 21:17:45,-119.861483,0.161283,48,14
2020-04-07 21:17:50,-119.861483,0.161283,43,14
2020-04-07 21:17:55,-119.861483,0.161283,39,14
2020-04-07 21:18:00,-119.861483,0.161283,46,14
2020-04-07 21:18:05,-119.861483,0.161283,46,14
2020-04-07 21:18:10,-119.861483,0.161283,42,14
2020-04-07 21:18:15,-119.861483,0.161283,44,14
2020-04-07 21:18:20,-119.861483,0.161283,40,14
2020-04-07 21:18:25,-119.861483,0.161283,46,14
2020-04-07 21:18:30,-119.861483,0.161283,43,14
2020-04-07 21:18:35,-119.861483,0.161283,45,14
2020-04-07 21:18:40,-119.861483,0.161283,44,14
2020-04-07 21:18:45,-119.861483,0.161283,40,14
2020-04-07 21:18:50,-119.861483,0.161283,42,14
2020-04-07 21:18:55,-119.861483,0.161283,41,14
2020-04-07 21:19:00,-119.861483,0.161283,41,14
2020-04-07 21:19:05,-119.861483,0.161283,41,14
2020-04-07 21:19:10,-119.861483,0.161283,44,14
2020-04-07 21:19:15,-119.861483,0.161283,45,14
2020-04-07 21:19:20,-119.861483,0.161283,44,14
2020-04-07 21:19:25,-119.861483,0.161283,47,14
2020-04-07 21:19:30,-119.861483,0.161283,46,14
2020-04-07 21:19:35,-119.861483,0.161283,43,14
2020-04-07 21:19:40,-119.861483,0.161283,47,14
2020-04-07 21:19:45,-119.861483,0.161283,42,14
2020-04-07 21:19:50,-119.861483,0.161283,44,14
2020-04-07 21:19:55,-119.861483,0.161283,44,14
2020-04-07 21:20:00,-119.861483,0.161283,45,14
2020-04-07 21:20:05,-119.861483,0.161283,43,14
2020-04-07 21:20:10,-119.861483,0.161283,39,14
2020-04-07 21:20:15,-119.861483,0.161283,45,14
2020-04-07 21:20:20,-119.861483,0.161283,49,14
2020-04-07 21:20:25,-119.861483,0.161283,46,14
2020-04-07 21:20:30,-119.861483,0.161283,49,14
2020-04-07 21:20:35,-119.861483,0.161283,45,14
2020-04-07 21:20:40,-119.861483,0.161283,44,14
2020-04-07 21:20:45,-119.861483,0.161283,45,14
2020-04-07 21:20:50,-119.861483,0.161283,44,14
2020-04-07 21:20:55,-119.861483,0.161283,44,14
2020-04-07 21:21:00,-119.861483,0.161283,45,14
2020-04-07 21:21:05,-119.861483,0.161283,51,14
2020-04-07 21:21:10,-119.861483,0.161283,45,14
2020-04-07 21:21:15,-119.861483,0.161283,45,14
2020-04-07 21:21:20,-119.861483,0.161283,50,14
2020-04-07 21:21:25,-119.861483,0.161283,44,14
2020-04-07 21:21:30,-119.861483,0.161283,48,14
2020-04-07 21:21:35,-119.861483,0.161283,46,14
2020-04-07 21:21:40,-119.861483,0.161283,44,14
2020-04-07 21:21:45,-119.861483,0.161283,41,14
2020-04-07 21:21:50,-119.861483,0.161283,43,14
2020-04-07 21:21:55,-119.861483,0.161283,42,14
2020-04-07 21:22:00,-119.861483,0.161283,47,14
2020-04-07 21:22:05,-119.861483,0.161283,49,14
2020-04-07 21:22:10,-119.861483,0.161283,39,14
2020-04-07 21:22:15,-119.861483,0.161283,45,14
2020-04-07 21:22:20,-119.861483,0.161283,42,14
2020-04-07 21:22:25,-119.861483,0.161283,42,14
2020-04-07 21:22:30,-119.861483,0.161283,48,14
2020-04-07 21:22:35,-119.861483,0.161283,38,14
2020-04-07 21:22:40,-119.861483,0.161283,41,14
2020-04-07 21:22:45,-119.861483,0.161283,45,14
2020-04-07 21:22:50,-119.861483,0.161283,43,14
2020-04-07 21:22:55,-119.861483,0.161283,42,14
2020-04-07 21:23:00,-119.861483,0.161283,39,14
2020-04-07 21:23:05,-119.861483,0.161283,42,14
2020-04-07 21:23:10,-119.861483,0.161283,37,14
2020-04-07 21:23:15,-119.861483,0.161283,42,14
2020-04-07 21:23:20,-119.861483,0.161283,43,14
2020-04-07 21:23:25,-119.861483,0.161283,43,14
2020-04-07 21:23:30,-119.861483,0.161283,42,14
2020-04-07 21:23:35,-119.861483,0.161283,43,14
2020-04-07 21:23:40,-119.861483,0.161283,40,14
2020-04-07 21:23:45,-119.861483,0.161283,43,14
2020-04-07 21:23:50,-119.861483,0.161283,39,14
2020-04-07 21:23:55,-119.861483,0.161283,39,14
2020-04-07 21:24:00,-119.861483,0.161283,39,14
2020-04-07 21:24:05,-119.861483,0.161283,43,14
2020-04-07 21:24:10,-119.861483,0.161283,37,14
2020-04-07 21:24:15,-119.861483,0.161283,44,14
2020-04-07 21:24:20,-119.861483,0.161283,41,14
2020-04-07 21:24:25,-119.861483,0.161283,45,14
2020-04-07 21:24:30,-119.861483,0.161283,44,14
2020-04-07 21:24:35,-119.861483,0.161283,37,14
2020-04-07 21:24:40,-119.861483,0.161283,41,14
2020-04-07 21:24:45,-119.861483,0.161283,39,14
2020-04-07 21:24:50,-119.861483,0.161283,45,14
2020-04-07 21:24:55,-119.861483,0.161283,39,14
2020-04-07 21:25:00,-119.861483,0.161283,44,14
2020-04-07 21:25:05,-119.861483,0.161283,47,14
2020-04-07 21:25:10,-119.861483,0.161283,43,14
2020-04-07 21:25:15,-119.861483,0.161283,44,14
2020-04-07 21:25:20,-119.861483,0.161283,42,14
2020-04-07 21:25:25,-119.861483,0.161283,42,14
2020-04-07 21:25:30,-119.861483,0.161283,43,14
2020-04-07 21:25:35,-119.861483,0.161283,41,14
2020-04-07 21:25:40,-119.861483,0.161283,39,14
2020-04-07 21:25:45,-119.861483,0.161283,43,14
2020-04-07 21:25:50,-119.861483,0.161283,44,14
2020-04-07 21:25:55,-119.861483,0.161283,42,14
2020-04-07 21:26:00,-119.861483,0.161283,43,14
2020-04-07 21:26:05,-119.861483,0.161283,43,14
2020-04-07 21:26:10,-119.861483,0.161283,43,14
2020-04-07 21:26:15,-119.861483,0.161283,37,14
2020-04-07 21:26:20,-119.861483,0.161283,40,14
2020-04-07 21:26:25,-119.861483,0.161283,39,14
2020-04-07 21:26:30,-119.861483,0.161283,36,14
2020-04-07 21:26:35,-119.861483,0.161283,44,14
2020-04-07 21:26:40,-119.861483,0.161283,42,14
2020-04-07 21:26:45,-119.861483,0.161283,44,14
2020-04-07 21:26:50,-119.861483,0.161283,46,14
2020-04-07 21:26:55,-119.861483,0.161283,41,14
2020-04-07 21:27:00,-119.861483,0.161283,43,14
2020-04-07 21:27:05,-119.861483,0.161283,44,14
2020-04-07 21:27:10,-119.861483,0.161283,41,14
2020-04-07 21:27:15,-119.861483,0.161283,40,14
2020-04-07 21:27:20,-119.861483,0.161283,41,14
2020-04-07 21:27:25,-119.861483,0.161283,43,14
2020-04-07 21:27:30,-119.861483,0.161283,43,14
2020-04-07 21:27:35,-119.861483,0.161283,42,14
2020-04-07 21:27:40,-119.861483,0.161283,39,14
2020-04-07 21:27:45,-119.861483,0.161283,40,14
2020-04-07 21:27:50,-119.861483,0.161283,41,14
2020-04-07 21:27:55,-119.861483,0.161283,36,14
2020-04-07 21:28:00,-119.861483,0.161283,43,14
2020-04-07 21:28:05,-119.861483,0.161283,44,14
2020-04-07 21:28:10,-119.861483,0.161283,38,14
2020-04-07 21:28:15,-119.861483,0.161283,42,14
2020-04-07 21:28:20,-119.861483,0.161283,43,14
2020-04-07 21:28:25,-119.861483,0.161283,42,14
2020-04-07 21:28:30,-119.861483,0.161283,36,14
2020-04-07 21:28:35,-119.861483,0.161283,39,14
2020-04-07 21:28:40,-119.861483,0.161283,41,14
2020-04-07 21:28:45,-119.861483,0.161283,41,14
2020-04-07 21:28:50,-119.861483,0.161283,43,14
2020-04-07 21:28:55,-119.861483,0.161283,46,14
2020-04-07 21:29:00,-119.861483,0.161283,45,14
2020-04-07 21:29:05,-119.861483,0.161283,40,14
2020-04-07 21:29:10,-119.861483,0.161283,43,14
2020-04-07 21:29:15,-119.861483,0.161283,41,14
2020-04-07 21:29:20,-119.861483,0.161283,35,14
2020-04-07 21:29:25,-119.861483,0.161283,40,14
2020-04-07 21:29:30,-119.861483,0.161283,38,14
2020-04-07 21:29:35,-119.861483,0.161283,36,14
2020-04-07 21:29:40,-119.861483,0.161283,43,14
2020-04-07 21:29:45,-119.861483,0.161283,39,14
2020-04-07 21:29:50,-119.861483,0.161283,36,14
2020-04-07 21:29:55,-119.861483,0.161283,39,14
2020-04-07 21:30:00,-119.861483,0.161283,47,14
2020-04-07 21:30:05,-119.861483,0.161283,39,14
2020-04-07 21:30:10,-119.861483,0.161283,41,14
2020-04-07 21:30:15,-119.861483,0.161283,40,14
2020-04-07 21:30:20,-119.861483,0.161283,39,14
2020-04-07 21:30:25,-119.861483,0.161283,42,14
2020-04-07 21:30:30,-119.861483,0.161283,41,14
2020-04-07 21:30:35,-119.861483,0.161283,42,14
2020-04-07 21:30:40,-119.861483,0.161283,39,14
2020-04-07 21:30:45,-119.861483,0.161283,44,14
2020-04-07 21:30:50,-119.861483,0.161283,42,14
2020-04-07 21:30:55,-119.861483,0.161283,39,14
2020-04-07 21:31:00,-119.861483,0.161283,35,14
2020-04-07 21:31:05,-119.861483,0.161283,37,14
2020-04-07 21:31:10,-119.861483,0.161283,47,14
2020-04-07 21:31:15,-119.861483,0.161283,41,14
2020-04-07 21:31:20,-119.861483,0.161283,41,14
2020-04-07 21:31:25,-119.861483,0.161283,42,14
2020-04-07 21:31:30,-119.861483,0.161283,44,14
2020-04-07 21:31:35,-119.861483,0.161283,40,14
2020-04-07 21:31:40,-119.861483,0.161283,39,14
2020-04-07 21:31:45,-119.861483,0.161283,40,14
2020-04-07 21:31:50,-119.861483,0.161283,44,14
2020-04-07 21:31:55,-119.861483,0.161283,45,14
2020-04-07 21:32:00,-119.861483,0.161283,43,14
2020-04-07 21:32:05,-119.861483,0.161283,43,14
2020-04-07 21:32:10,-119.861483,0.161283,41,14
2020-04-07 21:32:15,-119.861483,0.161283,41,14
2020-04-07 21:32:20,-119.861483,0.161283,42,14
2020-04-07 21:32:25,-119.861483,0.161283,43,14
2020-04-07 21:32:30,-119.861483,0.161283,44,14
2020-04-07 21:32:35,-119.861483,0.161283,48,14
2020-04-07 21:32:40,-119.861483,0.161283,45,14
2020-04-07 21:32:45,-119.861483,0.161283,41,14
2020-04-07 21:32:50,-119.861483,0.161283,40,14
2020-04-07 21:32:55,-119.861483,0.161283,42,14
2020-04-07 21:33:00,-119.861483,0.161283,40,14
2020-04-07 21:33:05,-119.861483,0.161283,44,14
2020-04-07 21:33:10,-119.861483,0.161283,48,14
2020-04-07 21:33:15,-119.861483,0.161283,43,14
2020-04-07 21:33:20,-119.861483,0.161283,36,14
2020-04-07 21:33:25,-119.861483,0.161283,42,14
2020-04-07 21:33:30,-119.861483,0.161283,41,14
2020-04-07 21:33:35,-119.861483,0.161283,43,14
2020-04-07 21:33:40,-119.861483,0.161283,42,14
2020-04-07 21:33:45,-119.861483,0.161283,39,14
2020-04-07 21:33:50,-119.861483,0.161283,38,14
2020-04-07 21:33:55,-119.861483,0.161283,43,14
2020-04-07 21:34:00,-119.861483,0.161283,36,14
2020-04-07 21:34:05,-119.861483,0.161283,40,14
2020-04-07 21:34:10,-119.861483,0.161283,39,14
2020-04-07 21:34:15,-119.861483,0.161283,38,14
2020-04-07 21:34:20,-119.861483,0.161283,45,14
2020-04-07 21:34:25,-119.861483,0.161283,39,14
2020-04-07 21:34:30,-119.861483,0.161283,37,14
2020-04-07 21:34:35,-119.861483,0.161283,44,14
2020-04-07 21:34:40,-119.861483,0.161283,41,14
2020-04-07 21:34:45,-119.861483,0.161283,43,14
2020-04-07 21:34:50,-119.861483,0.161283,41,14
2020-04-07 21:34:55,-119.861483,0.161283,42,14
2020-04-07 21:35:00,-119.861483,0.161283,44,14
2020-04-07 21:35:05,-119.861483,0.161283,46,14
2020-04-07 21:35:10,-119.861483,0.161283,40,14
2020-04-07 21:35:15,-119.861483,0.161283,42,14
2020-04-07 21:35:20,-119.861483,0.161283,36,14
2020-04-07 21:35:25,-119.861483,0.161283,37,14
2020-04-07 21:35:30,-119.861483,0.161283,45,14
2020-04-07 21:35:35,-119.861483,0.161283,41,14
2020-04-07 21:35:40,-119.861483,0.161283,36,14
2020-04-07 21:35:45,-119.861483,0.161283,39,14
2020-04-07 21:35:50,-119.861483,0.161283,42,14
2020-04-07 21:35:55,-119.861483,0.161283,42,14
2020-04-07 21:36:00,-119.861483,0.161283,40,14
2020-04-07 21:36:05,-119.861483,0.161283,44,14
2020-04-07 21:36:10,-119.861483,0.161283,38,14
2020-04-07 21:36:15,-119.861483,0.161283,37,14
2020-04-07 21:36:20,-119.861483,0.161283,43,14
2020-04-07 21:36:25,-119.861483,0.161283,36,14
2020-04-07 21:36:30,-119.861483,0.161283,38,14
2020-04-07 21:36:35,-119.861483,0.161283,42,14
2020-04-07 21:36:40,-119.861483,0.161283,37,14
2020-04-07 21:36:45,-119.861483,0.161283,42,14
2020-04-07 21:36:50,-119.861483,0.161283,40,14
2020-04-07 21:36:55,-119.861483,0.161283,37,14
2020-04-07 21:37:00,-119.861483,0.161283,45,14
2020-04-07 21:37:05,-119.861483,0.161283,39,14
2020-04-07 21:37:10,-119.861483,0.161283,39,14
2020-04-07 21:37:15,-119.861483,0.161283,41,14
2020-04-07 21:37:20,-119.861483,0.161283,42,14
2020-04-07 21:37:25,-119.861483,0.161283,42,14
2020-04-07 21:37:30,-119.861483,0.161283,40,14
2020-04-07 21:37:35,-119.861483,0.161283,44,14
2020-04-07 21:37:40,-119.861483,0.161283,43,14
2020-04-07 21:37:45,-119.861483,0.161283,43,14
2020-04-07 21:37:50,-119.861483,0.161283,43,14
2020-04-07 21:37:55,-119.861483,0.161283,36,14
2020-04-07 21:38:00,-119.861483,0.161283,39,14
2020-04-07 21:38:05,-119.861483,0.161283,37,14
2020-04-07 21:38:10,-119.861483,0.161283,40,14
2020-04-07 21:38:15,-119.861483,0.161283,44,14
2020-04-07 21:38:20,-119.861483,0.161283,43,14
2020-04-07 21:38:25,-119.861483,0.161283,38,14
2020-04-07 21:38:30,-119.861483,0.161283,46,14
2020-04-07 21:38:35,-119.861483,0.161283,37,14
2020-04-07 21:38:40,-119.861483,0.161283,46,14
2020-04-07 21:38:45,-119.861483,0.161283,39,14
2020-04-07 21:38:50,-119.861483,0.161283,37,14
2020-04-07 21:38:55,-119.861483,0.161283,43,14
2020-04-07 21:39:00,-119.861483,0.161283,43,14
2020-04-07 21:39:05,-119.861483,0.161283,45,14
2020-04-07 21:39:10,-119.861483,0.161283,44,14
2020-04-07 21:39:15,-119.861483,0.161283,41,14
2020-04-07 21:39:20,-119.861483,0.161283,44,14
2020-04-07 21:39:25,-119.861483,0.161283,39,14
2020-04-07 21:39:30,-119.861483,0.161283,39,14
2020-04-07 21:39:35,-119.861483,0.161283,39,14
2020-04-07 21:39:40,-119.861483,0.161283,40,14
2020-04-07 21:39:45,-119.861483,0.161283,43,14
2020-04-07 21:39:50,-119.861483,0.161283,43,14
2020-04-07 21:39:55,-119.861483,0.161283,44,14
2020-04-07 21:40:00,-119.861483,0.161283,44,14
2020-04-07 21:40:05,-119.861483,0.161283,43,14
2020-04-07 21:40:10,-119.861483,0.161283,39,14
2020-04-07 21:40:15,-119.861483,0.161283,40,14
2020-04-07 21:40:20,-119.861483,0.161283,41,14
2020-04-07 21:40:25,-119.861483,0.161283,46,14
2020-04-07 21:40:30,-119.861483,0.161283,40,14
2020-04-07 21:40:35,-119.861483,0.161283,42,14
2020-04-07 21:40:40,-119.861483,0.161283,41,14
2020-04-07 21:40:45,-119.861483,0.161283,45,14
2020-04-07 21:40:50,-119.861483,0.161283,42,14
2020-04-07 21:40:55,-119.861483,0.161283,40,14
2020-04-07 21:41:00,-119.861483,0.161283,42,14
2020-04-07 21:41:05,-119.861483,0.161283,45,14
2020-04-07 21:41:10,-119.861483,0.161283,41,14
2020-04-07 21:41:15,-119.861483,0.161283,43,14
2020-04-07 21:41:20,-119.861483,0.161283,41,14
2020-04-07 21:41:25,-119.861483,0.161283,37,14
2020-04-07 21:41:30,-119.861483,0.161283,39,14
2020-04-07 21:41:35,-119.861483,0.161283,41,14
2020-04-07 21:41:40,-119.861483,0.161283,45,14
2020-04-07 21:41:45,-119.861483,0.161283,43,14
2020-04-07 21:41:50,-119.861483,0.161283,45,14
2020-04-07 21:41:55,-119.861483,0.161283,43,14
2020-04-07 21:42:00,-119.861483,0.161283,40,14
2020-04-07 21:42:05,-119.861483,0.161283,42,14
2020-04-07 21:42:10,-119.861483,0.161283,37,14
2020-04-07 21:42:15,-119.861483,0.161283,39,14
2020-04-07 21:42:20,-119.861483,0.161283,39,14
2020-04-07 21:42:25,-119.861483,0.161283,42,14
2020-04-07 21:42:30,-119.861483,0.161283,41,14
2020-04-07 21:42:35,-119.861483,0.161283,43,14
2020-04-07 21:42:40,-119.861483,0.161283,45,14
2020-04-07 21:42:45,-119.861483,0.161283,43,14
2020-04-07 21:42:50,-119.861483,0.161283,42,14
2020-04-07 21:42:55,-119.861483,0.161283,41,14
2020-04-07 21:43:00,-119.861483,0.161283,39,14
2020-04-07 21:43:05,-119.861483,0.161283,39,14
2020-04-07 21:43:10,-119.861483,0.161283,37,14
2020-04-07 21:43:15,-119.861483,0.161283,45,14
2020-04-07 21:43:20,-119.861483,0.161283,41,14
2020-04-07 21:43:25,-119.861483,0.161283,40,14
2020-04-07 21:43:30,-119.861483,0.161283,47,14
2020-04-07 21:43:35,-119.861483,0.161283,43,14
2020-04-07 21:43:40,-119.861483,0.161283,39,14
2020-04-07 21:43:45,-119.861483,0.161283,37,14
2020-04-07 21:43:50,-119.861483,0.161283,41,14
2020-04-07 21:43:55,-119.861483,0.161283,50,14
2020-04-07 21:44:00,-119.861483,0.161283,43,14
2020-04-07 21:44:05,-119.861483,0.161283,44,14
2020-04-07 21:44:10,-119.861483,0.161283,40,14
2020-04-07 21:44:15,-119.861483,0.161283,42,14
2020-04-07 21:44:20,-119.861483,0.161283,34,14
2020-04-07 21:44:25,-119.861483,0.161283,42,14
2020-04-07 21:44:30,-119.861483,0.161283,43,14
2020-04-07 21:44:35,-119.861483,0.161283,43,14
2020-04-07 21:44:40,-119.861483,0.161283,41,14
2020-04-07 21:44:45,-119.861483,0.161283,40,14
2020-04-07 21:44:50,-119.861483,0.161283,47,14
2020-04-07 21:44:55,-119.861483,0.161283,42,14
2020-04-07 21:45:00,-119.861483,0.161283,40,14
2020-04-07 21:45:05,-119.861483,0.161283,38,14
2020-04-07 21:45:10,-119.861483,0.161283,40,14
2020-04-07 21:45:15,-119.861483,0.161283,42,14
2020-04-07 21:45:20,-119.861483,0.161283,48,14
2020-04-07 21:45:25,-119.861483,0.161283,45,14
2020-04-07 21:45:30,-119.861483,0.161283,35,14
2020-04-07 21:45:35,-119.861483,0.161283,44,14
2020-04-07 21:45:40,-119.861483,0.161283,39,14
2020-04-07 21:45:45,-119.861483,0.161283,39,14
2020-04-07 21:45:50,-119.861483,0.161283,40,14
2020-04-07 21:45:55,-119.861483,0.161283,41,14
2020-04-07 21:46:00,-119.861483,0.161283,44,14
2020-04-07 21:46:05,-119.861483,0.161283,39,14
2020-04-07 21:46:10,-119.861483,0.161283,42,14
2020-04-07 21:46:15,-119.861483,0.161283,39,14
2020-04-07 21:46:20,-119.861483,0.161283,45,14
2020-04-07 21:46:25,-119.861483,0.161283,41,14
2020-04-07 21:46:30,-119.861483,0.161283,41,14
2020-04-07 21:46:35,-119.861483,0.161283,46,14
2020-04-07 21:46:40,-119.861483,0.161283,44,14
2020-04-07 21:46:45,-119.861483,0.161283,41,14
2020-04-07 21:46:50,-119.861483,0.161283,36,14
2020-04-07 21:46:55,-119.861483,0.161283,41,14
2020-04-07 21:47:00,-119.861483,0.161283,42,14
2020-04-07 21:47:05,-119.861483,0.161283,41,14
2020-04-07 21:47:10,-119.861483,0.161283,41,14
2020-04-07 21:47:15,-119.861483,0.161283,42,14
2020-04-07 21:47:20,-119.861483,0.161283,38,14
2020-04-07 21:47:25,-119.861483,0.161283,42,14
2020-04-07 21:47:30,-119.861483,0.161283,46,14
2020-04-07 21:47:35,-119.861483,0.161283,39,14
2020-04-07 21:47:40,-119.861483,0.161283,38,14
2020-04-07 21:47:45,-119.861483,0.161283,38,14
2020-04-07 21:47:50,-119.861483,0.161283,43,14
2020-04-07 21:47:55,-119.861483,0.161283,41,14
2020-04-07 21:48:00,-119.861483,0.161283,37,14
2020-04-07 21:48:05,-119.861483,0.161283,42,14
2020-04-07 21:48:10,-119.861483,0.161283,41,14
2020-04-07 21:48:15,-119.861483,0.161283,37,14
2020-04-07 21:48:20,-119.861483,0.161283,39,14
2020-04-07 21:48:25,-119.861483,0.161283,46,14
2020-04-07 21:48:30,-119.861483,0.161283,39,14
2020-04-07 21:48:35,-119.861483,0.161283,41,14
2020-04-07 21:48:40,-119.861483,0.161283,42,14
2020-04-07 21:48:45,-119.861483,0.161283,39,14
2020-04-07 21:48:50,-119.861483,0.161283,45,14
2020-04-07 21:48:55,-119.861483,0.161283,41,14
2020-04-07 21:49:00,-119.861483,0.161283,38,14
2020-04-07 21:49:05,-119.861483,0.161283,40,14
2020-04-07 21:49:10,-119.861483,0.161283,38,14
2020-04-07 21:49:15,-119.861483,0.161283,35,14
2020-04-07 21:49:20,-119.861483,0.161283,42,14
2020-04-07 21:49:25,-119.861483,0.161283,44,14
2020-04-07 21:49:30,-119.861483,0.161283,42,14
2020-04-07 21:49:35,-119.861483,0.161283,44,14
2020-04-07 21:49:40,-119.861483,0.161283,41,14
2020-04-07 21:49:45,-119.861483,0.161283,41,14
2020-04-07 21:49:50,-119.861483,0.161283,46,14
2020-04-07 21:49:55,-119.861483,0.161283,44,14
2020-04-07 21:50:00,-119.861483,0.161283,43,14
2020-04-07 21:50:05,-119.861483,0.161283,42,14
2020-04-07 21:50:10,-119.861483,0.161283,42,14
2020-04-07 21:50:15,-119.861483,0.161283,39,14
2020-04-07 21:50:20,-119.861483,0.161283,45,14
2020-04-07 21:50:25,-119.861483,0.161283,42,14
2020-04-07 21:50:30,-119.861483,0.161283,39,14
2020-04-07 21:50:35,-119.861483,0.161283,42,14
2020-04-07 21:50:40,-119.861483,0.161283,47,14
2020-04-07 21:50:45,-119.861483,0.161283,45,14
2020-04-07 21:50:50,-119.861483,0.161283,44,14
2020-04-07 21:50:55,-119.861483,0.161283,37,14
2020-04-07 21:51:00,-119.861483,0.161283,38,14
2020-04-07 21:51:05,-119.861483,0.161283,37,14
2020-04-07 21:51:10,-119.861483,0.161283,38,14
2020-04-07 21:51:15,-119.861483,0.161283,42,14
2020-04-07 21:51:20,-119.861483,0.161283,42,14
2020-04-07 21:51:25,-119.861483,0.161283,40,14
2020-04-07 21:51:30,-119.861483,0.161283,40,14
2020-04-07 21:51:35,-119.861483,0.161283,43,14
2020-04-07 21:51:40,-119.861483,0.161283,39,14
2020-04-07 21:51:45,-119.861483,0.161283,39,14
2020-04-07 21:51:50,-119.861483,0.161283,41,14
2020-04-07 21:51:55,-119.861483,0.161283,39,14
2020-04-07 21:52:00,-119.861483,0.161283,40,14
2020-04-07 21:52:05,-119.861483,0.161283,39,14
2020-04-07 21:52:10,-119.861483,0.161283,39,14
2020-04-07 21:52:15,-119.861483,0.161283,45,14
2020-04-07 21:52:20,-119.861483,0.161283,41,14
2020-04-07 21:52:25,-119.861483,0.161283,42,14
2020-04-07 21:52:30,-119.861483,0.161283,40,14
2020-04-07 21:52:35,-119.861483,0.161283,41,14
2020-04-07 21:52:40,-119.861483,0.161283,39,14
2020-04-07 21:52:45,-119.861483,0.161283,42,14
2020-04-07 21:52:50,-119.861483,0.161283,39,14
2020-04-07 21:52:55,-119.861483,0.161283,38,14
2020-04-07 21:53:00,-119.861483,0.161283,41,14
2020-04-07 21:53:05,-119.861483,0.161283,42,14
2020-04-07 21:53:10,-119.861483,0.161283,40,14
2020-04-07 21:53:15,-119.861483,0.161283,40,14
2020-04-07 21:53:20,-119.861483,0.161283,38,14
2020-04-07 21:53:25,-119.861483,0.161283,38,14
2020-04-07 21:53:30,-119.861483,0.161283,43,14
2020-04-07 21:53:35,-119.861483,0.161283,47,14
2020-04-07 21:53:40,-119.861483,0.161283,39,14
2020-04-07 21:53:45,-119.861483,0.161283,46,14
2020-04-07 21:53:50,-119.861483,0.161283,38,14
2020-04-07 21:53:55,-119.861483,0.161283,41,14
2020-04-07 21:54:00,-119.861483,0.161283,42,14
2020-04-07 21:54:05,-119.861483,0.161283,41,14
2020-04-07 21:54:10,-119.861483,0.161283,41,14
2020-04-07 21:54:15,-119.861483,0.161283,41,14
2020-04-07 21:54:20,-119.861483,0.161283,41,14
2020-04-07 21:54:25,-119.861483,0.161283,37,14
2020-04-07 21:54:30,-119.861483,0.161283,41,14
2020-04-07 21:54:35,-119.861483,0.161283,40,14
2020-04-07 21:54:40,-119.861483,0.161283,43,14
2020-04-07 21:54:45,-119.861483,0.161283,44,14
2020-04-07 21:54:50,-119.861483,0.161283,43,14
2020-04-07 21:54:55,-119.861483,0.161283,42,14
2020-04-07 21:55:00,-119.861483,0.161283,37,14
2020-04-07 21:55:05,-119.861483,0.161283,37,14
2020-04-07 21:55:10,-119.861483,0.161283,40,14
2020-04-07 21:55:15,-119.861483,0.161283,42,14
2020-04-07 21:55:20,-119.861483,0.161283,37,14
2020-04-07 21:55:25,-119.861483,0.161283,36,14
2020-04-07 21:55:30,-119.861483,0.161283,44,14
2020-04-07 21:55:35,-119.861483,0.161283,35,14
2020-04-07 21:55:40,-119.861483,0.161283,43,14
2020-04-07 21:55:45,-119.861483,0.161283,44,14
2020-04-07 21:55:50,-119.861483,0.161283,38,14
2020-04-07 21:55:55,-119.861483,0.161283,46,14
2020-04-07 21:56:00,-119.861483,0.161283,35,14
2020-04-07 21:56:05,-119.861483,0.161283,42,14
2020-04-07 21:56:10,-119.861483,0.161283,40,14
2020-04-07 21:56:15,-119.861483,0.161283,41,14
2020-04-07 21:56:20,-119.861483,0.161283,44,14
2020-04-07 21:56:25,-119.861483,0.161283,40,14
2020-04-07 21:56:30,-119.861483,0.161283,36,14
2020-04-07 21:56:35,-119.861483,0.161283,41,14
2020-04-07 21:56:40,-119.861483,0.161283,40,14
2020-04-07 21:56:45,-119.861483,0.161283,37,14
2020-04-07 21:56:50,-119.861483,0.161283,34,14
2020-04-07 21:56:55,-119.861483,0.161283,39,14
2020-04-07 21:57:00,-119.861483,0.161283,40,14
2020-04-07 21:57:05,-119.861483,0.161283,38,14
2020-04-07 21:57:10,-119.861483,0.161283,38,14
2020-04-07 21:57:15,-119.861483,0.161283,43,14
2020-04-07 21:57:20,-119.861483,0.161283,37,14
2020-04-07 21:57:25,-119.861483,0.161283,39,14
2020-04-07 21:57:30,-119.861483,0.161283,46,14
2020-04-07 21:57:35,-119.861483,0.161283,44,14
2020-04-07 21:57:40,-119.861483,0.161283,42,14
2020-04-07 21:57:45,-119.861483,0.161283,47,14
2020-04-07 21:57:50,-119.861483,0.161283,41,14
2020-04-07 21:57:55,-119.861483,0.161283,44,14
2020-04-07 21:58:00,-119.861483,0.161283,42,14
2020-04-07 21:58:05,-119.861483,0.161283,42,14
2020-04-07 21:58:10,-119.861483,0.161283,39,14
2020-04-07 21:58:15,-119.861483,0.161283,45,14
2020-04-07 21:58:20,-119.861483,0.161283,40,14
2020-04-07 21:58:25,-119.861483,0.161283,41,14
2020-04-07 21:58:30,-119.861483,0.161283,34,14
2020-04-07 21:58:35,-119.861483,0.161283,45,14
2020-04-07 21:58:40,-119.861483,0.161283,42,14
2020-04-07 21:58:45,-119.861483,0.161283,41,14
2020-04-07 21:58:50,-119.861483,0.161283,39,14
2020-04-07 21:58:55,-119.861483,0.161283,39,14
2020-04-07 21:59:00,-119.861483,0.161283,43,14
2020-04-07 21:59:05,-119.861483,0.161283,38,14
2020-04-07 21:59:10,-119.861483,0.161283,36,14
2020-04-07 21:59:15,-119.861483,0.161283,41,14
2020-04-07 21:59:20,-119.861483,0.161283,37,14
2020-04-07 21:59:25,-119.861483,0.161283,42,14
2020-04-07 21:59:30,-119.861483,0.161283,38,14
2020-04-07 21:59:35,-119.861483,0.161283,42,14
2020-04-07 21:59:40,-119.861483,0.161283,35,14
2020-04-07 21:59:45,-119.861483,0.161283,41,14
2020-04-07 21:59:50,-119.861483,0.161283,42,14
2020-04-07 21:59:55,-119.861483,0.161283,40,14
2020-04-07 22:00:00,-119.861483,0.161283,38,14
2020-04-07 22:00:05,-119.861483,0.161283,44,14
2020-04-07 22:00:10,-119.861483,0.161283,37,14
2020-04-07 22:00:15,-119.861483,0.161283,36,14
2020-04-07 22:00:20,-119.861483,0.161283,38,14
2020-04-07 22:00:25,-119.861483,0.161283,38,14
2020-04-07 22:00:30,-119.861483,0.161283,38,14
2020-04-07 22:00:35,-119.861483,0.161283,39,14
2020-04-07 22:00:40,-119.861483,0.161283,37,14
2020-04-07 22:00:45,-119.861483,0.161283,43,14
2020-04-07 22:00:50,-119.861483,0.161283,42,14
2020-04-07 22:00:55,-119.861483,0.161283,38,14
2020-04-07 22:01:00,-119.861483,0.161283,38,14
2020-04-07 22:01:05,-119.861483,0.161283,44,14
2020-04-07 22:01:10,-119.861483,0.161283,43,14
2020-04-07 22:01:15,-119.861483,0.161283,38,14
2020-04-07 22:01:20,-119.861483,0.161283,40,14
2020-04-07 22:01:25,-119.861483,0.161283,37,14
2020-04-07 22:01:30,-119.861483,0.161283,44,14
2020-04-07 22:01:35,-119.861483,0.161283,44,14
2020-04-07 22:01:40,-119.861483,0.161283,41,14
2020-04-07 22:01:45,-119.861483,0.161283,36,14
2020-04-07 22:01:50,-119.861483,0.161283,36,14
2020-04-07 22:01:55,-119.861483,0.161283,41,14
2020-04-07 22:02:00,-119.861483,0.161283,40,14
2020-04-07 22:02:05,-119.861483,0.161283,42,14
2020-04-07 22:02:10,-119.861483,0.161283,40,14
2020-04-07 22:02:15,-119.861483,0.161283,40,14
2020-04-07 22:02:20,-119.861483,0.161283,45,14
2020-04-07 22:02:25,-119.861483,0.161283,41,14
2020-04-07 22:02:30,-119.861483,0.161283,41,14
2020-04-07 22:02:35,-119.861483,0.161283,45,14
2020-04-07 22:02:40,-119.861483,0.161283,37,14
2020-04-07 22:02:45,-119.861483,0.161283,41,14
2020-04-07 22:02:50,-119.861483,0.161283,41,14
2020-04-07 22:02:55,-119.861483,0.161283,47,14
2020-04-07 22:03:00,-119.861483,0.161283,42,14
2020-04-07 22:03:05,-119.861483,0.161283,41,14
2020-04-07 22:03:10,-119.861483,0.161283,45,14
2020-04-07 22:03:15,-119.861483,0.161283,40,14
2020-04-07 22:03:20,-119.861483,0.161283,43,14
2020-04-07 22:03:25,-119.861483,0.161283,46,14
2020-04-07 22:03:30,-119.861483,0.161283,39,14
2020-04-07 22:03:35,-119.861483,0.161283,39,14
2020-04-07 22:03:40,-119.861483,0.161283,44,14
2020-04-07 22:03:45,-119.861483,0.161283,45,14
2020-04-07 22:03:50,-119.861483,0.161283,43,14
2020-04-07 22:03:55,-119.861483,0.161283,38,14
2020-04-07 22:04:00,-119.861483,0.161283,43,14
2020-04-07 22:04:05,-119.861483,0.161283,46,14
2020-04-07 22:04:10,-119.861483,0.161283,44,14
2020-04-07 22:04:15,-119.861483,0.161283,42,14
2020-04-07 22:04:20,-119.861483,0.161283,38,14
2020-04-07 22:04:25,-119.861483,0.161283,39,14
2020-04-07 22:04:30,-119.861483,0.161283,42,14
2020-04-07 22:04:35,-119.861483,0.161283,44,14
2020-04-07 22:04:40,-119.861483,0.161283,45,14
2020-04-07 22:04:45,-119.861483,0.161283,38,14
2020-04-07 22:04:50,-119.861483,0.161283,43,14
2020-04-07 22:04:55,-119.861483,0.161283,44,14
2020-04-07 22:05:00,-119.861483,0.161283,43,14
2020-04-07 22:05:05,-119.861483,0.161283,40,14
2020-04-07 22:05:10,-119.861483,0.161283,43,14
2020-04-07 22:05:15,-119.861483,0.161283,42,14
2020-04-07 22:05:20,-119.861483,0.161283,45,14
2020-04-07 22:05:25,-119.861483,0.161283,36,14
2020-04-07 22:05:30,-119.861483,0.161283,41,14
2020-04-07 22:05:35,-119.861483,0.161283,40,14
2020-04-07 22:05:40,-119.861483,0.161283,44,14
2020-04-07 22:05:45,-119.861483,0.161283,49,14
2020-04-07 22:05:50,-119.861483,0.161283,44,14
2020-04-07 22:05:55,-119.861483,0.161283,39,14
2020-04-07 22:06:00,-119.861483,0.161283,39,14
2020-04-07 22:06:05,-119.861483,0.161283,42,14
2020-04-07 22:06:10,-119.861483,0.161283,45,14
2020-04-07 22:06:15,-119.861483,0.161283,47,14
2020-04-07 22:06:20,-119.861483,0.161283,43,14
2020-04-07 22:06:25,-119.861483,0.161283,42,14
2020-04-07 22:06:30,-119.861483,0.161283,47,14
2020-04-07 22:06:35,-119.861483,0.161283,38,14
2020-04-07 22:06:40,-119.861483,0.161283,42,14
2020-04-07 22:06:45,-119.861483,0.161283,41,14
2020-04-07 22:06:50,-119.861483,0.161283,47,14
2020-04-07 22:06:55,-119.861483,0.161283,42,14
2020-04-07 22:07:00,-119.861483,0.161283,40,14
2020-04-07 22:07:05,-119.861483,0.161283,40,14
2020-04-07 22:07:10,-119.861483,0.161283,37,14
2020-04-07 22:07:15,-119.861483,0.161283,44,14
2020-04-07 22:07:20,-119.861483,0.161283,40,14
2020-04-07 22:07:25,-119.861483,0.161283,41,14
2020-04-07 22:07:30,-119.861483,0.161283,45,14
2020-04-07 22:07:35,-119.861483,0.161283,38,14
2020-04-07 22:07:40,-119.861483,0.161283,41,14
2020-04-07 22:07:45,-119.861483,0.161283,38,14
2020-04-07 22:07:50,-119.861483,0.161283,42,14
2020-04-07 22:07:55,-119.861483,0.161283,43,14
2020-04-07 22:08:00,-119.861483,0.161283,41,14
2020-04-07 22:08:05,-119.861483,0.161283,40,14
2020-04-07 22:08:10,-119.861483,0.161283,46,14
2020-04-07 22:08:15,-119.861483,0.161283,44,14
2020-04-07 22:08:20,-119.861483,0.161283,38,14
2020-04-07 22:08:25,-119.861483,0.161283,42,14
2020-04-07 22:08:30,-119.861483,0.161283,47,14
2020-04-07 22:08:35,-119.861483,0.161283,41,14
2020-04-07 22:08:40,-119.861483,0.161283,44,14
2020-04-07 22:08:45,-119.861483,0.161283,43,14
2020-04-07 22:08:50,-119.861483,0.161283,45,14
2020-04-07 22:08:55,-119.861483,0.161283,42,14
2020-04-07 22:09:00,-119.861483,0.161283,41,14
2020-04-07 22:09:05,-119.861483,0.161283,43,14
2020-04-07 22:09:10,-119.861483,0.161283,42,14
2020-04-07 22:09:15,-119.861483,0.161283,44,14
2020-04-07 22:09:20,-119.861483,0.161283,39,14
2020-04-07 22:09:25,-119.861483,0.161283,43,14
2020-04-07 22:09:30,-119.861483,0.161283,42,14
2020-04-07 22:09:35,-119.861483,0.161283,40,14
2020-04-07 22:09:40,-119.861483,0.161283,39,14
2020-04-07 22:09:45,-119.861483,0.161283,40,14
2020-04-07 22:09:50,-119.861483,0.161283,39,14
2020-04-07 22:09:55,-119.861483,0.161283,46,14
2020-04-07 22:10:00,-119.861483,0.161283,39,14
2020-04-07 22:10:05,-119.861483,0.161283,42,14
2020-04-07 22:10:10,-119.861483,0.161283,35,14
2020-04-07 22:10:15,-119.861483,0.161283,43,14
2020-04-07 22:10:20,-119.861483,0.161283,43,14
2020-04-07 22:10:25,-119.861483,0.161283,40,14
2020-04-07 22:10:30,-119.861483,0.161283,46,14
2020-04-07 22:10:35,-119.861483,0.161283,44,14
2020-04-07 22:10:40,-119.861483,0.161283,43,14
2020-04-07 22:10:45,-119.861483,0.161283,39,14
2020-04-07 22:10:50,-119.861483,0.161283,42,14
2020-04-07 22:10:55,-119.861483,0.161283,41,14
2020-04-07 22:11:00,-119.861483,0.161283,39,14
2020-04-07 22:11:05,-119.861483,0.161283,39,14
2020-04-07 22:11:10,-119.861483,0.161283,39,14
2020-04-07 22:11:15,-119.861483,0.161283,40,14
2020-04-07 22:11:20,-119.861483,0.161283,37,14
2020-04-07 22:11:25,-119.861483,0.161283,41,14
2020-04-07 22:11:30,-119.861483,0.161283,39,14
2020-04-07 22:11:35,-119.861483,0.161283,39,14
2020-04-07 22:11:40,-119.861483,0.161283,38,14
2020-04-07 22:11:45,-119.861483,0.161283,41,14
2020-04-07 22:11:50,-119.861483,0.161283,45,14
2020-04-07 22:11:55,-119.861483,0.161283,47,14
2020-04-07 22:12:00,-119.861483,0.161283,38,14
2020-04-07 22:12:05,-119.861483,0.161283,41,14
2020-04-07 22:12:10,-119.861483,0.161283,41,14
2020-04-07 22:12:15,-119.861483,0.161283,41,14
2020-04-07 22:12:20,-119.861483,0.161283,42,14
2020-04-07 22:12:25,-119.861483,0.161283,41,14
2020-04-07 22:12:30,-119.861483,0.161283,44,14
2020-04-07 22:12:35,-119.861483,0.161283,43,14
2020-04-07 22:12:40,-119.861483,0.161283,40,14
2020-04-07 22:12:45,-119.861483,0.161283,39,14
2020-04-07 22:12:50,-119.861483,0.161283,39,14
2020-04-07 22:12:55,-119.861483,0.161283,42,14
2020-04-07 22:13:00,-119.861483,0.161283,35,14
2020-04-07 22:13:05,-119.861483,0.161283,44,14
2020-04-07 22:13:10,-119.861483,0.161283,40,14
2020-04-07 22:13:15,-119.861483,0.161283,38,14
2020-04-07 22:13:20,-119.861483,0.161283,45,14
2020-04-07 22:13:25,-119.861483,0.161283,39,14
2020-04-07 22:13:30,-119.861483,0.161283,40,14
2020-04-07 22:13:35,-119.861483,0.161283,37,14
2020-04-07 22:13:40,-119.861483,0.161283,42,14
2020-04-07 22:13:45,-119.861483,0.161283,38,14
2020-04-07 22:13:50,-119.861483,0.161283,40,14
2020-04-07 22:13:55,-119.861483,0.161283,37,14
2020-04-07 22:14:00,-119.861483,0.161283,45,14
2020-04-07 22:14:05,-119.861483,0.161283,40,14
2020-04-07 22:14:10,-119.861483,0.161283,38,14
2020-04-07 22:14:15,-119.861483,0.161283,43,14
2020-04-07 22:14:20,-119.861483,0.161283,47,14
2020-04-07 22:14:25,-119.861483,0.161283,42,14
2020-04-07 22:14:30,-119.861483,0.161283,41,14
2020-04-07 22:14:35,-119.861483,0.161283,40,14
2020-04-07 22:14:40,-119.861483,0.161283,37,14
2020-04-07 22:14:45,-119.861483,0.161283,43,14
2020-04-07 22:14:50,-119.861483,0.161283,39,14
2020-04-07 22:14:55,-119.861483,0.161283,38,14
2020-04-07 22:15:00,-119.861483,0.161283,42,14
2020-04-07 22:15:05,-119.861483,0.161283,37,14
2020-04-07 22:15:10,-119.861483,0.161283,43,14
2020-04-07 22:15:15,-119.861483,0.161283,42,14
2020-04-07 22:15:20,-119.861483,0.161283,47,14
2020-04-07 22:15:25,-119.861483,0.161283,40,14
2020-04-07 22:15:30,-119.861483,0.161283,44,14
2020-04-07 22:15:35,-119.861483,0.161283,39,14
2020-04-07 22:15:40,-119.861483,0.161283,38,14
2020-04-07 22:15:45,-119.861483,0.161283,42,14
2020-04-07 22:15:50,-119.861483,0.161283,41,14
2020-04-07 22:15:55,-119.861483,0.161283,44,14
2020-04-07 22:16:00,-119.861483,0.161283,38,14
2020-04-07 22:16:05,-119.861483,0.161283,44,14
2020-04-07 22:16:10,-119.861483,0.161283,42,14
2020-04-07 22:16:15,-119.861483,0.161283,47,14
2020-04-07 22:16:20,-119.861483,0.161283,44,14
2020-04-07 22:16:25,-119.861483,0.161283,41,14
2020-04-07 22:16:30,-119.861483,0.161283,38,14
2020-04-07 22:16:35,-119.861483,0.161283,44,14
2020-04-07 22:16:40,-119.861483,0.161283,40,14
2020-04-07 22:16:45,-119.861483,0.161283,44,14
2020-04-07 22:16:50,-119.861483,0.161283,44,14
2020-04-07 22:16:55,-119.861483,0.161283,43,14
2020-04-07 22:17:00,-119.861483,0.161283,42,14
2020-04-07 22:17:05,-119.861483,0.161283,40,14
2020-04-07 22:17:10,-119.861483,0.161283,36,14
2020-04-07 22:17:15,-119.861483,0.161283,39,14
2020-04-07 22:17:20,-119.861483,0.161283,41,14
2020-04-07 22:17:25,-119.861483,0.161283,39,14
2020-04-07 22:17:30,-119.861483,0.161283,38,14
2020-04-07 22:17:35,-119.861483,0.161283,39,14
2020-04-07 22:17:40,-119.861483,0.161283,37,14
2020-04-07 22:17:45,-119.861483,0.161283,44,14
2020-04-07 22:17:50,-119.861483,0.161283,41,14
2020-04-07 22:17:55,-119.861483,0.161283,41,14
2020-04-07 22:18:00,-119.861483,0.161283,41,14
2020-04-07 22:18:05,-119.861483,0.161283,36,14
2020-04-07 22:18:10,-119.861483,0.161283,32,14
2020-04-07 22:18:15,-119.861483,0.161283,37,14
2020-04-07 22:18:20,-119.861483,0.161283,47,14
2020-04-07 22:18:25,-119.861483,0.161283,40,14
2020-04-07 22:18:30,-119.861483,0.161283,44,14
2020-04-07 22:18:35,-119.861483,0.161283,44,14
2020-04-07 22:18:40,-119.861483,0.161283,40,14
2020-04-07 22:18:45,-119.861483,0.161283,45,14
2020-04-07 22:18:50,-119.861483,0.161283,39,14
2020-04-07 22:18:55,-119.861483,0.161283,36,14
2020-04-07 22:19:00,-119.861483,0.161283,40,14
2020-04-07 22:19:05,-119.861483,0.161283,45,14
2020-04-07 22:19:10,-119.861483,0.161283,45,14
2020-04-07 22:19:15,-119.861483,0.161283,36,14
2020-04-07 22:19:20,-119.861483,0.161283,43,14
2020-04-07 22:19:25,-119.861483,0.161283,37,14
2020-04-07 22:19:30,-119.861483,0.161283,35,14
2020-04-07 22:19:35,-119.861483,0.161283,38,14
2020-04-07 22:19:40,-119.861483,0.161283,41,14
2020-04-07 22:19:45,-119.861483,0.161283,35,14
2020-04-07 22:19:50,-119.861483,0.161283,40,14
2020-04-07 22:19:55,-119.861483,0.161283,37,14
2020-04-07 22:20:00,-119.861483,0.161283,44,14
2020-04-07 22:20:05,-119.861483,0.161283,44,14
2020-04-07 22:20:10,-119.861483,0.161283,43,14
2020-04-07 22:20:15,-119.861483,0.161283,44,14
2020-04-07 22:20:20,-119.861483,0.161283,37,14
2020-04-07 22:20:25,-119.861483,0.161283,38,14
2020-04-07 22:20:30,-119.861483,0.161283,42,14
2020-04-07 22:20:35,-119.861483,0.161283,38,14
2020-04-07 22:20:40,-119.861483,0.161283,39,14
2020-04-07 22:20:45,-119.861483,0.161283,38,14
2020-04-07 22:20:50,-119.861483,0.161283,36,14
2020-04-07 22:20:55,-119.861483,0.161283,44,14
2020-04-07 22:21:00,-119.861483,0.161283,41,14
2020-04-07 22:21:05,-119.861483,0.161283,45,14
2020-04-07 22:21:10,-119.861483,0.161283,40,14
2020-04-07 22:21:15,-119.861483,0.161283,39,14
2020-04-07 22:21:20,-119.861483,0.161283,38,14
2020-04-07 22:21:25,-119.861483,0.161283,41,14
2020-04-07 22:21:30,-119.861483,0.161283,40,14
2020-04-07 22:21:35,-119.861483,0.161283,47,14
2020-04-07 22:21:40,-119.861483,0.161283,40,14
2020-04-07 22:21:45,-119.861483,0.161283,39,14
2020-04-07 22:21:50,-119.861483,0.161283,45,14
2020-04-07 22:21:55,-119.861483,0.161283,40,14
2020-04-07 22:22:00,-119.861483,0.161283,42,14
2020-04-07 22:22:05,-119.861483,0.161283,41,14
2020-04-07 22:22:10,-119.861483,0.161283,38,14
2020-04-07 22:22:15,-119.861483,0.161283,41,14
2020-04-07 22:22:20,-119.861483,0.161283,48,14
2020-04-07 22:22:25,-119.861483,0.161283,40,14
2020-04-07 22:22:30,-119.861483,0.161283,38,14
2020-04-07 22:22:35,-119.861483,0.161283,42,14
2020-04-07 22:22:40,-119.861483,0.161283,40,14
2020-04-07 22:22:45,-119.861483,0.161283,43,14
2020-04-07 22:22:50,-119.861483,0.161283,41,14
2020-04-07 22:22:55,-119.861483,0.161283,42,14
2020-04-07 22:23:00,-119.861483,0.161283,42,14
2020-04-07 22:23:05,-119.861483,0.161283,38,14
2020-04-07 22:23:10,-119.861483,0.161283,42,14
2020-04-07 22:23:15,-119.861483,0.161283,42,14
2020-04-07 22:23:20,-119.861483,0.161283,41,14
2020-04-07 22:23:25,-119.861483,0.161283,38,14
2020-04-07 22:23:30,-119.861483,0.161283,43,14
2020-04-07 22:23:35,-119.861483,0.161283,41,14
2020-04-07 22:23:40,-119.861483,0.161283,44,14
2020-04-07 22:23:45,-119.861483,0.161283,47,14
2020-04-07 22:23:50,-119.861483,0.161283,44,14
2020-04-07 22:23:55,-119.861483,0.161283,39,14
2020-04-07 22:24:00,-119.861483,0.161283,37,14
2020-04-07 22:24:05,-119.861483,0.161283,40,14
2020-04-07 22:24:10,-119.861483,0.161283,38,14
2020-04-07 22:24:15,-119.861483,0.161283,44,14
2020-04-07 22:24:20,-119.861483,0.161283,41,14
2020-04-07 22:24:25,-119.861483,0.161283,37,14
2020-04-07 22:24:30,-119.861483,0.161283,40,14
2020-04-07 22:24:35,-119.861483,0.161283,44,14
2020-04-07 22:24:40,-119.861483,0.161283,46,14
2020-04-07 22:24:45,-119.861483,0.161283,36,14
2020-04-07 22:24:50,-119.861483,0.161283,43,14
2020-04-07 22:24:55,-119.861483,0.161283,40,14
2020-04-07 22:25:00,-119.861483,0.161283,40,14
2020-04-07 22:25:05,-119.861483,0.161283,46,14
2020-04-07 22:25:10,-119.861483,0.161283,47,14
2020-04-07 22:25:15,-119.861483,0.161283,40,14
2020-04-07 22:25:20,-119.861483,0.161283,38,14
2020-04-07 22:25:25,-119.861483,0.161283,42,14
2020-04-07 22:25:30,-119.861483,0.161283,42,14
2020-04-07 22:25:35,-119.861483,0.161283,42,14
2020-04-07 22:25:40,-119.861483,0.161283,38,14
2020-04-07 22:25:45,-119.861483,0.161283,39,14
2020-04-07 22:25:50,-119.861483,0.161283,39,14
2020-04-07 22:25:55,-119.861483,0.161283,43,14
2020-04-07 22:26:00,-119.861483,0.161283,41,14
2020-04-07 22:26:05,-119.861483,0.161283,44,14
2020-04-07 22:26:10,-119.861483,0.161283,43,14
2020-04-07 22:26:15,-119.861483,0.161283,40,14
2020-04-07 22:26:20,-119.861483,0.161283,43,14
2020-04-07 22:26:25,-119.861483,0.161283,44,14
2020-04-07 22:26:30,-119.861483,0.161283,46,14
2020-04-07 22:26:35,-119.861483,0.161283,44,14
2020-04-07 22:26:40,-119.861483,0.161283,42,14
2020-04-07 22:26:45,-119.861483,0.161283,50,14
2020-04-07 22:26:50,-119.861483,0.161283,40,14
2020-04-07 22:26:55,-119.861483,0.161283,46,14
2020-04-07 22:27:00,-119.861483,0.161283,41,14
2020-04-07 22:27:05,-119.861483,0.161283,39,14
2020-04-07 22:27:10,-119.861483,0.161283,44,14
2020-04-07 22:27:15,-119.861483,0.161283,43,14
2020-04-07 22:27:20,-119.861483,0.161283,41,14
2020-04-07 22:27:25,-119.861483,0.161283,47,14
2020-04-07 22:27:30,-119.861483,0.161283,37,14
2020-04-07 22:27:35,-119.861483,0.161283,43,14
2020-04-07 22:27:40,-119.861483,0.161283,37,14
2020-04-07 22:27:45,-119.861483,0.161283,37,14
2020-04-07 22:27:50,-119.861483,0.161283,43,14
2020-04-07 22:27:55,-119.861483,0.161283,45,14
2020-04-07 22:28:00,-119.861483,0.161283,41,14
2020-04-07 22:28:05,-119.861483,0.161283,46,14
2020-04-07 22:28:10,-119.861483,0.161283,47,14
2020-04-07 22:28:15,-119.861483,0.161283,44,14
2020-04-07 22:28:20,-119.861483,0.161283,39,14
2020-04-07 22:28:25,-119.861483,0.161283,38,14
2020-04-07 22:28:30,-119.861483,0.161283,38,14
2020-04-07 22:28:35,-119.861483,0.161283,45,14
2020-04-07 22:28:40,-119.861483,0.161283,41,14
2020-04-07 22:28:45,-119.861483,0.161283,39,14
2020-04-07 22:28:50,-119.861483,0.161283,44,14
2020-04-07 22:28:55,-119.861483,0.161283,42,14
2020-04-07 22:29:00,-119.861483,0.161283,43,14
2020-04-07 22:29:05,-119.861483,0.161283,44,14
2020-04-07 22:29:10,-119.861483,0.161283,46,14
2020-04-07 22:29:15,-119.861483,0.161283,38,14
2020-04-07 22:29:20,-119.861483,0.161283,38,14
2020-04-07 22:29:25,-119.861483,0.161283,42,14
2020-04-07 22:29:30,-119.861483,0.161283,36,14
2020-04-07 22:29:35,-119.861483,0.161283,37,14
2020-04-07 22:29:40,-119.861483,0.161283,42,14
2020-04-07 22:29:45,-119.861483,0.161283,38,14
2020-04-07 22:29:50,-119.861483,0.161283,46,14
2020-04-07 22:29:55,-119.861483,0.161283,48,14
2020-04-07 22:30:00,-119.861483,0.161283,42,14
2020-04-07 22:30:05,-119.861483,0.161283,40,14
2020-04-07 22:30:10,-119.861483,0.161283,44,14
2020-04-07 22:30:15,-119.861483,0.161283,39,14
2020-04-07 22:30:20,-119.861483,0.161283,40,14
2020-04-07 22:30:25,-119.861483,0.161283,41,14
2020-04-07 22:30:30,-119.861483,0.161283,42,14
2020-04-07 22:30:35,-119.861483,0.161283,40,14
2020-04-07 22:30:40,-119.861483,0.161283,37,14
2020-04-07 22:30:45,-119.861483,0.161283,45,14
2020-04-07 22:30:50,-119.861483,0.161283,38,14
2020-04-07 22:30:55,-119.861483,0.161283,41,14
2020-04-07 22:31:00,-119.861483,0.161283,38,14
2020-04-07 22:31:05,-119.861483,0.161283,41,14
2020-04-07 22:31:10,-119.861483,0.161283,41,14
2020-04-07 22:31:15,-119.861483,0.161283,37,14
2020-04-07 22:31:20,-119.861483,0.161283,45,14
2020-04-07 22:31:25,-119.861483,0.161283,47,14
2020-04-07 22:31:30,-119.861483,0.161283,41,14
2020-04-07 22:31:35,-119.861483,0.161283,48,14
2020-04-07 22:31:40,-119.861483,0.161283,43,14
2020-04-07 22:31:45,-119.861483,0.161283,41,14
2020-04-07 22:31:50,-119.861483,0.161283,44,14
2020-04-07 22:31:55,-119.861483,0.161283,45,14
2020-04-07 22:32:00,-119.861483,0.161283,39,14
2020-04-07 22:32:05,-119.861483,0.161283,45,14
2020-04-07 22:32:10,-119.861483,0.161283,40,14
2020-04-07 22:32:15,-119.861483,0.161283,43,14
2020-04-07 22:32:20,-119.861483,0.161283,45,14
2020-04-07 22:32:25,-119.861483,0.161283,40,14
2020-04-07 22:32:30,-119.861483,0.161283,44,14
2020-04-07 22:32:35,-119.861483,0.161283,39,14
2020-04-07 22:32:40,-119.861483,0.161283,39,14
2020-04-07 22:32:45,-119.861483,0.161283,42,14
2020-04-07 22:32:50,-119.861483,0.161283,42,14
2020-04-07 22:32:55,-119.861483,0.161283,47,14
2020-04-07 22:33:00,-119.861483,0.161283,46,14
2020-04-07 22:33:05,-119.861483,0.161283,45,14
2020-04-07 22:33:10,-119.861483,0.161283,43,14
2020-04-07 22:33:15,-119.861483,0.161283,45,14
2020-04-07 22:33:20,-119.861483,0.161283,44,14
2020-04-07 22:33:25,-119.861483,0.161283,36,14
2020-04-07 22:33:30,-119.861483,0.161283,43,14
2020-04-07 22:33:35,-119.861483,0.161283,43,14
2020-04-07 22:33:40,-119.861483,0.161283,38,14
2020-04-07 22:33:45,-119.861483,0.161283,46,14
2020-04-07 22:33:50,-119.861483,0.161283,42,14
2020-04-07 22:33:55,-119.861483,0.161283,42,14
2020-04-07 22:34:00,-119.861483,0.161283,45,14
2020-04-07 22:34:05,-119.861483,0.161283,47,14
2020-04-07 22:34:10,-119.861483,0.161283,41,14
2020-04-07 22:34:15,-119.861483,0.161283,42,14
2020-04-07 22:34:20,-119.861483,0.161283,43,14
2020-04-07 22:34:25,-119.861483,0.161283,39,14
2020-04-07 22:34:30,-119.861483,0.161283,41,14
2020-04-07 22:34:35,-119.861483,0.161283,41,14
2020-04-07 22:34:40,-119.861483,0.161283,37,14
2020-04-07 22:34:45,-119.861483,0.161283,41,14
2020-04-07 22:34:50,-119.861483,0.161283,47,14
2020-04-07 22:34:55,-119.861483,0.161283,40,14
2020-04-07 22:35:00,-119.861483,0.161283,41,14
2020-04-07 22:35:05,-119.861483,0.161283,39,14
2020-04-07 22:35:10,-119.861483,0.161283,41,14
2020-04-07 22:35:15,-119.861483,0.161283,43,14
2020-04-07 22:35:20,-119.861483,0.161283,37,14
2020-04-07 22:35:25,-119.861483,0.161283,44,14
2020-04-07 22:35:30,-119.861483,0.161283,42,14
2020-04-07 22:35:35,-119.861483,0.161283,43,14
2020-04-07 22:35:40,-119.861483,0.161283,40,14
2020-04-07 22:35:45,-119.861483,0.161283,44,14
2020-04-07 22:35:50,-119.861483,0.161283,42,14
2020-04-07 22:35:55,-119.861483,0.161283,37,14
2020-04-07 22:36:00,-119.861483,0.161283,47,14
2020-04-07 22:36:05,-119.861483,0.161283,37,14
2020-04-07 22:36:10,-119.861483,0.161283,41,14
2020-04-07 22:36:15,-119.861483,0.161283,43,14
2020-04-07 22:36:20,-119.861483,0.161283,45,14
2020-04-07 22:36:25,-119.861483,0.161283,42,14
2020-04-07 22:36:30,-119.861483,0.161283,40,14
2020-04-07 22:36:35,-119.861483,0.161283,38,14
2020-04-07 22:36:40,-119.861483,0.161283,46,14
2020-04-07 22:36:45,-119.861483,0.161283,42,14
2020-04-07 22:36:50,-119.861483,0.161283,44,14
2020-04-07 22:36:55,-119.861483,0.161283,43,14
2020-04-07 22:37:00,-119.861483,0.161283,38,14
2020-04-07 22:37:05,-119.861483,0.161283,40,14
2020-04-07 22:37:10,-119.861483,0.161283,38,14
2020-04-07 22:37:15,-119.861483,0.161283,40,14
2020-04-07 22:37:20,-119.861483,0.161283,41,14
2020-04-07 22:37:25,-119.861483,0.161283,44,14
2020-04-07 22:37:30,-119.861483,0.161283,40,14
2020-04-07 22:37:35,-119.861483,0.161283,38,14
2020-04-07 22:37:40,-119.861483,0.161283,39,14
2020-04-07 22:37:45,-119.861483,0.161283,45,14
2020-04-07 22:37:50,-119.861483,0.161283,41,14
2020-04-07 22:37:55,-119.861483,0.161283,46,14
2020-04-07 22:38:00,-119.861483,0.161283,37,14
2020-04-07 22:38:05,-119.861483,0.161283,41,14
2020-04-07 22:38:10,-119.861483,0.161283,36,14
2020-04-07 22:38:15,-119.861483,0.161283,45,14
2020-04-07 22:38:20,-119.861483,0.161283,43,14
2020-04-07 22:38:25,-119.861483,0.161283,45,14
2020-04-07 22:38:30,-119.861483,0.161283,41,14
2020-04-07 22:38:35,-119.861483,0.161283,41,14
2020-04-07 22:38:40,-119.861483,0.161283,44,14
2020-04-07 22:38:45,-119.861483,0.161283,44,14
2020-04-07 22:38:50,-119.861483,0.161283,44,14
2020-04-07 22:38:55,-119.861483,0.161283,47,14
2020-04-07 22:39:00,-119.861483,0.161283,38,14
2020-04-07 22:39:05,-119.861483,0.161283,43,14
2020-04-07 22:39:10,-119.861483,0.161283,40,14
2020-04-07 22:39:15,-119.861483,0.161283,44,14
2020-04-07 22:39:20,-119.861483,0.161283,47,14
2020-04-07 22:39:25,-119.861483,0.161283,40,14
2020-04-07 22:39:30,-119.861483,0.161283,37,14
2020-04-07 22:39:35,-119.861483,0.161283,42,14
2020-04-07 22:39:40,-119.861483,0.161283,41,14
2020-04-07 22:39:45,-119.861483,0.161283,44,14
2020-04-07 22:39:50,-119.861483,0.161283,46,14
2020-04-07 22:39:55,-119.861483,0.161283,44,14
2020-04-07 22:40:00,-119.861483,0.161283,39,14
2020-04-07 22:40:05,-119.861483,0.161283,45,14
2020-04-07 22:40:10,-119.861483,0.161283,42,14
2020-04-07 22:40:15,-119.861483,0.161283,40,14
2020-04-07 22:40:20,-119.861483,0.161283,40,14
2020-04-07 22:40:25,-119.861483,0.161283,40,14
2020-04-07 22:40:30,-119.861483,0.161283,41,14
2020-04-07 22:40:35,-119.861483,0.161283,43,14
2020-04-07 22:40:40,-119.861483,0.161283,43,14
2020-04-07 22:40:45,-119.861483,0.161283,43,14
2020-04-07 22:40:50,-119.861483,0.161283,48,14
2020-04-07 22:40:55,-119.861483,0.161283,33,14
2020-04-07 22:41:00,-119.861483,0.161283,41,14
2020-04-07 22:41:05,-119.861483,0.161283,43,14
2020-04-07 22:41:10,-119.861483,0.161283,43,14
2020-04-07 22:41:15,-119.861483,0.161283,42,14
2020-04-07 22:41:20,-119.861483,0.161283,41,14
2020-04-07 22:41:25,-119.861483,0.161283,42,14
2020-04-07 22:41:30,-119.861483,0.161283,41,14
2020-04-07 22:41:35,-119.861483,0.161283,42,14
2020-04-07 22:41:40,-119.861483,0.161283,42,14
2020-04-07 22:41:45,-119.861483,0.161283,45,14
2020-04-07 22:41:50,-119.861483,0.161283,39,14
2020-04-07 22:41:55,-119.861483,0.161283,38,14
2020-04-07 22:42:00,-119.861483,0.161283,42,14
2020-04-07 22:42:05,-119.861483,0.161283,38,14
2020-04-07 22:42:10,-119.861483,0.161283,46,14
2020-04-07 22:42:15,-119.861483,0.161283,38,14
2020-04-07 22:42:20,-119.861483,0.161283,44,14
2020-04-07 22:42:25,-119.861483,0.161283,37,14
2020-04-07 22:42:30,-119.861483,0.161283,40,14
2020-04-07 22:42:35,-119.861483,0.161283,45,14
2020-04-07 22:42:40,-119.861483,0.161283,41,14
2020-04-07 22:42:45,-119.861483,0.161283,44,14
2020-04-07 22:42:50,-119.861483,0.161283,42,14
2020-04-07 22:42:55,-119.861483,0.161283,42,14
2020-04-07 22:43:00,-119.861483,0.161283,44,14
2020-04-07 22:43:05,-119.861483,0.161283,45,14
2020-04-07 22:43:10,-119.861483,0.161283,39,14
2020-04-07 22:43:15,-119.861483,0.161283,37,14
2020-04-07 22:43:20,-119.861483,0.161283,41,14
2020-04-07 22:43:25,-119.861483,0.161283,41,14
2020-04-07 22:43:30,-119.861483,0.161283,39,14
2020-04-07 22:43:35,-119.861483,0.161283,41,14
2020-04-07 22:43:40,-119.861483,0.161283,44,14
2020-04-07 22:43:45,-119.861483,0.161283,45,14
2020-04-07 22:43:50,-119.861483,0.161283,44,14
2020-04-07 22:43:55,-119.861483,0.161283,36,14
2020-04-07 22:44:00,-119.861483,0.161283,40,14
2020-04-07 22:44:05,-119.861483,0.161283,41,14
2020-04-07 22:44:10,-119.861483,0.161283,43,14
2020-04-07 22:44:15,-119.861483,0.161283,46,14
2020-04-07 22:44:20,-119.861483,0.161283,45,14
2020-04-07 22:44:25,-119.861483,0.161283,36,14
2020-04-07 22:44:30,-119.861483,0.161283,37,14
2020-04-07 22:44:35,-119.861483,0.161283,43,14
2020-04-07 22:44:40,-119.861483,0.161283,40,14
2020-04-07 22:44:45,-119.861483,0.161283,43,14
2020-04-07 22:44:50,-119.861483,0.161283,40,14
2020-04-07 22:44:55,-119.861483,0.161283,46,14
2020-04-07 22:45:00,-119.861483,0.161283,48,14
2020-04-07 22:45:05,-119.861483,0.161283,48,14
2020-04-07 22:45:10,-119.861483,0.161283,43,14
2020-04-07 22:45:15,-119.861483,0.161283,48,14
2020-04-07 22:45:20,-119.861483,0.161283,51,14
2020-04-07 22:45:25,-119.861483,0.161283,48,14
2020-04-07 22:45:30,-119.861483,0.161283,45,14
2020-04-07 22:45:35,-119.861483,0.161283,42,14
2020-04-07 22:45:40,-119.861483,0.161283,45,14
2020-04-07 22:45:45,-119.861483,0.161283,46,14
2020-04-07 22:45:50,-119.861483,0.161283,44,14
2020-04-07 22:45:55,-119.861483,0.161283,48,14
2020-04-07 22:46:00,-119.861483,0.161283,44,14
2020-04-07 22:46:05,-119.861483,0.161283,46,14
2020-04-07 22:46:10,-119.861483,0.161283,41,14
2020-04-07 22:46:15,-119.861483,0.161283,41,14
2020-04-07 22:46:20,-119.861483,0.161283,42,14
2020-04-07 22:46:25,-119.861483,0.161283,46,14
2020-04-07 22:46:30,-119.861483,0.161283,44,14
2020-04-07 22:46:35,-119.861483,0.161283,42,14
2020-04-07 22:46:40,-119.861483,0.161283,52,14
2020-04-07 22:46:45,-119.861483,0.161283,40,14
2020-04-07 22:46:50,-119.861483,0.161283,46,14
2020-04-07 22:46:55,-119.861483,0.161283,49,14
2020-04-07 22:47:00,-119.861483,0.161283,48,14
2020-04-07 22:47:05,-119.861483,0.161283,45,14
2020-04-07 22:47:10,-119.861483,0.161283,44,14
2020-04-07 22:47:15,-119.861483,0.161283,47,14
2020-04-07 22:47:20,-119.861483,0.161283,45,14
2020-04-07 22:47:25,-119.861483,0.161283,43,14
2020-04-07 22:47:30,-119.861483,0.161283,40,14
2020-04-07 22:47:35,-119.861483,0.161283,47,14
2020-04-07 22:47:40,-119.861483,0.161283,44,14
2020-04-07 22:47:45,-119.861483,0.161283,49,14
2020-04-07 22:47:50,-119.861483,0.161283,42,14
2020-04-07 22:47:55,-119.861483,0.161283,48,14
2020-04-07 22:48:00,-119.861483,0.161283,48,14
2020-04-07 22:48:05,-119.861483,0.161283,46,14
2020-04-07 22:48:10,-119.861483,0.161283,46,14
2020-04-07 22:48:15,-119.861483,0.161283,47,14
2020-04-07 22:48:20,-119.861483,0.161283,48,14
2020-04-07 22:48:25,-119.861483,0.161283,45,14
2020-04-07 22:48:30,-119.861483,0.161283,42,14
2020-04-07 22:48:35,-119.861483,0.161283,42,14
2020-04-07 22:48:40,-119.861483,0.161283,41,14
2020-04-07 22:48:45,-119.861483,0.161283,48,14
2020-04-07 22:48:50,-119.861483,0.161283,42,14
2020-04-07 22:48:55,-119.861483,0.161283,47,14
2020-04-07 22:49:00,-119.861483,0.161283,49,14
2020-04-07 22:49:05,-119.861483,0.161283,47,14
2020-04-07 22:49:10,-119.861483,0.161283,46,14
2020-04-07 22:49:15,-119.861483,0.161283,48,14
2020-04-07 22:49:20,-119.861483,0.161283,39,14
2020-04-07 22:49:25,-119.861483,0.161283,44,14
2020-04-07 22:49:30,-119.861483,0.161283,46,14
2020-04-07 22:49:35,-119.861483,0.161283,43,14
2020-04-07 22:49:40,-119.861483,0.161283,49,14
2020-04-07 22:49:45,-119.861483,0.161283,46,14
2020-04-07 22:49:50,-119.861483,0.161283,43,14
2020-04-07 22:49:55,-119.861483,0.161283,46,14
2020-04-07 22:50:00,-119.861483,0.161283,48,14
2020-04-07 22:50:05,-119.861483,0.161283,48,14
2020-04-07 22:50:10,-119.861483,0.161283,45,14
2020-04-07 22:50:15,-119.861483,0.161283,47,14
2020-04-07 22:50:20,-119.861483,0.161283,51,14
2020-04-07 22:50:25,-119.861483,0.161283,50,14
2020-04-07 22:50:30,-119.861483,0.161283,48,14
2020-04-07 22:50:35,-119.861483,0.161283,43,14
2020-04-07 22:50:40,-119.861483,0.161283,49,14
2020-04-07 22:50:45,-119.861483,0.161283,48,14
2020-04-07 22:50:50,-119.861483,0.161283,55,14
2020-04-07 22:50:55,-119.861483,0.161283,52,14
2020-04-07 22:51:00,-119.861483,0.161283,48,14
2020-04-07 22:51:05,-119.861483,0.161283,51,14
2020-04-07 22:51:10,-119.861483,0.161283,55,14
2020-04-07 22:51:15,-119.861483,0.161283,47,14
2020-04-07 22:51:20,-119.861483,0.161283,56,14
2020-04-07 22:51:25,-119.861483,0.161283,47,14
2020-04-07 22:51:30,-119.861483,0.161283,51,14
2020-04-07 22:51:35,-119.861483,0.161283,50,14
2020-04-07 22:51:40,-119.861483,0.161283,54,14
2020-04-07 22:51:45,-119.861483,0.161283,45,14
2020-04-07 22:51:50,-119.861483,0.161283,47,14
2020-04-07 22:51:55,-119.861483,0.161283,55,14
2020-04-07 22:52:00,-119.861483,0.161283,49,14
2020-04-07 22:52:05,-119.861483,0.161283,48,14
2020-04-07 22:52:10,-119.861483,0.161283,51,14
2020-04-07 22:52:15,-119.861483,0.161283,50,14
2020-04-07 22:52:20,-119.861483,0.161283,49,14
2020-04-07 22:52:25,-119.861483,0.161283,42,14
2020-04-07 22:52:30,-119.861483,0.161283,49,14
2020-04-07 22:52:35,-119.861483,0.161283,49,14
2020-04-07 22:52:40,-119.861483,0.161283,47,14
2020-04-07 22:52:45,-119.861483,0.161283,48,14
2020-04-07 22:52:50,-119.861483,0.161283,43,14
2020-04-07 22:52:55,-119.861483,0.161283,48,14
2020-04-07 22:53:00,-119.861483,0.161283,49,14
2020-04-07 22:53:05,-119.861483,0.161283,44,14
2020-04-07 22:53:10,-119.861483,0.161283,50,14
2020-04-07 22:53:15,-119.861483,0.161283,50,14
2020-04-07 22:53:20,-119.861483,0.161283,46,14
2020-04-07 22:53:25,-119.861483,0.161283,42,14
2020-04-07 22:53:30,-119.861483,0.161283,40,14
2020-04-07 22:53:35,-119.861483,0.161283,43,14
2020-04-07 22:53:40,-119.861483,0.161283,42,14
2020-04-07 22:53:45,-119.861483,0.161283,42,14
2020-04-07 22:53:50,-119.861483,0.161283,47,14
2020-04-07 22:53:55,-119.861483,0.161283,43,14
2020-04-07 22:54:00,-119.861483,0.161283,39,14
2020-04-07 22:54:05,-119.861483,0.161283,45,14
2020-04-07 22:54:10,-119.861483,0.161283,46,14
2020-04-07 22:54:15,-119.861483,0.161283,43,14
2020-04-07 22:54:20,-119.861483,0.161283,44,14
2020-04-07 22:54:25,-119.861483,0.161283,44,14
2020-04-07 22:54:30,-119.861483,0.161283,40,14
2020-04-07 22:54:35,-119.861483,0.161283,50,14
2020-04-07 22:54:40,-119.861483,0.161283,43,14
2020-04-07 22:54:45,-119.861483,0.161283,40,14
2020-04-07 22:54:50,-119.861483,0.161283,41,14
2020-04-07 22:54:55,-119.861483,0.161283,41,14
2020-04-07 22:55:00,-119.861483,0.161283,43,14
2020-04-07 22:55:05,-119.861483,0.161283,38,14
2020-04-07 22:55:10,-119.861483,0.161283,42,14
2020-04-07 22:55:15,-119.861483,0.161283,38,14
2020-04-07 22:55:20,-119.861483,0.161283,45,14
2020-04-07 22:55:25,-119.861483,0.161283,36,14
2020-04-07 22:55:30,-119.861483,0.161283,45,14
2020-04-07 22:55:35,-119.861483,0.161283,47,14
2020-04-07 22:55:40,-119.861483,0.161283,42,14
2020-04-07 22:55:45,-119.861483,0.161283,41,14
2020-04-07 22:55:50,-119.861483,0.161283,40,14
2020-04-07 22:55:55,-119.861483,0.161283,46,14
2020-04-07 22:56:00,-119.861483,0.161283,44,14
2020-04-07 22:56:05,-119.861483,0.161283,45,14
2020-04-07 22:56:10,-119.861483,0.161283,40,14
2020-04-07 22:56:15,-119.861483,0.161283,41,14
2020-04-07 22:56:20,-119.861483,0.161283,40,14
2020-04-07 22:56:25,-119.861483,0.161283,39,14
2020-04-07 22:56:30,-119.861483,0.161283,44,14
2020-04-07 22:56:35,-119.861483,0.161283,45,14
2020-04-07 22:56:40,-119.861483,0.161283,36,14
2020-04-07 22:56:45,-119.861483,0.161283,48,14
2020-04-07 22:56:50,-119.861483,0.161283,45,14
2020-04-07 22:56:55,-119.861483,0.161283,43,14
2020-04-07 22:57:00,-119.861483,0.161283,45,14
2020-04-07 22:57:05,-119.861483,0.161283,42,14
2020-04-07 22:57:10,-119.861483,0.161283,44,14
2020-04-07 22:57:15,-119.861483,0.161283,41,14
2020-04-07 22:57:20,-119.861483,0.161283,45,14
2020-04-07 22:57:25,-119.861483,0.161283,45,14
2020-04-07 22:57:30,-119.861483,0.161283,43,14
2020-04-07 22:57:35,-119.861483,0.161283,37,14
2020-04-07 22:57:40,-119.861483,0.161283,43,14
2020-04-07 22:57:45,-119.861483,0.161283,46,14
2020-04-07 22:57:50,-119.861483,0.161283,44,14
2020-04-07 22:57:55,-119.861483,0.161283,37,14
2020-04-07 22:58:00,-119.861483,0.161283,39,14
2020-04-07 22:58:05,-119.861483,0.161283,44,14
2020-04-07 22:58:10,-119.861483,0.161283,41,14
2020-04-07 22:58:15,-119.861483,0.161283,42,14
2020-04-07 22:58:20,-119.861483,0.161283,39,14
2020-04-07 22:58:25,-119.861483,0.161283,44,14
2020-04-07 22:58:30,-119.861483,0.161283,43,14
2020-04-07 22:58:35,-119.861483,0.161283,39,14
2020-04-07 22:58:40,-119.861483,0.161283,43,14
2020-04-07 22:58:45,-119.861483,0.161283,40,14
2020-04-07 22:58:50,-119.861483,0.161283,41,14
2020-04-07 22:58:55,-119.861483,0.161283,40,14
2020-04-07 22:59:00,-119.861483,0.161283,40,14
2020-04-07 22:59:05,-119.861483,0.161283,43,14
2020-04-07 22:59:10,-119.861483,0.161283,40,14
2020-04-07 22:59:15,-119.861483,0.161283,41,14
2020-04-07 22:59:20,-119.861483,0.161283,43,14
2020-04-07 22:59:25,-119.861483,0.161283,41,14
2020-04-07 22:59:30,-119.861483,0.161283,39,14
2020-04-07 22:59:35,-119.861483,0.161283,48,14
2020-04-07 22:59:40,-119.861483,0.161283,42,14
2020-04-07 22:59:45,-119.861483,0.161283,39,14
2020-04-07 22:59:50,-119.861483,0.161283,51,14
2020-04-07 22:59:55,-119.861483,0.161283,45,14
2020-04-07 23:00:00,-119.861483,0.161283,44,14
2020-04-07 23:00:05,-119.861483,0.161283,48,14
2020-04-07 23:00:10,-119.861483,0.161283,43,14
2020-04-07 23:00:15,-119.861483,0.161283,36,14
2020-04-07 23:00:20,-119.861483,0.161283,36,14
2020-04-07 23:00:25,-119.861483,0.161283,41,14
2020-04-07 23:00:30,-119.861483,0.161283,41,14
2020-04-07 23:00:35,-119.861483,0.161283,39,14
2020-04-07 23:00:40,-119.861483,0.161283,41,14
2020-04-07 23:00:45,-119.861483,0.161283,41,14
2020-04-07 23:00:50,-119.861483,0.161283,34,14
2020-04-07 23:00:55,-119.861483,0.161283,41,14
2020-04-07 23:01:00,-119.861483,0.161283,43,14
2020-04-07 23:01:05,-119.861483,0.161283,42,14
2020-04-07 23:01:10,-119.861483,0.161283,38,14
2020-04-07 23:01:15,-119.861483,0.161283,37,14
2020-04-07 23:01:20,-119.861483,0.161283,40,14
2020-04-07 23:01:25,-119.861483,0.161283,40,14
2020-04-07 23:01:30,-119.861483,0.161283,42,14
2020-04-07 23:01:35,-119.861483,0.161283,44,14
2020-04-07 23:01:40,-119.861483,0.161283,44,14
2020-04-07 23:01:45,-119.861483,0.161283,42,14
2020-04-07 23:01:50,-119.861483,0.161283,39,14
2020-04-07 23:01:55,-119.861483,0.161283,44,14
2020-04-07 23:02:00,-119.861483,0.161283,39,14
2020-04-07 23:02:05,-119.861483,0.161283,43,14
2020-04-07 23:02:10,-119.861483,0.161283,46,14
2020-04-07 23:02:15,-119.861483,0.161283,36,14
2020-04-07 23:02:20,-119.861483,0.161283,45,14
2020-04-07 23:02:25,-119.861483,0.161283,42,14
2020-04-07 23:02:30,-119.861483,0.161283,43,14
2020-04-07 23:02:35,-119.861483,0.161283,40,14
2020-04-07 23:02:40,-119.861483,0.161283,40,14
2020-04-07 23:02:45,-119.861483,0.161283,48,14
2020-04-07 23:02:50,-119.861483,0.161283,39,14
2020-04-07 23:02:55,-119.861483,0.161283,40,14
2020-04-07 23:03:00,-119.861483,0.161283,38,14
2020-04-07 23:03:05,-119.861483,0.161283,42,14
2020-04-07 23:03:10,-119.861483,0.161283,42,14
2020-04-07 23:03:15,-119.861483,0.161283,43,14
2020-04-07 23:03:20,-119.861483,0.161283,46,14
2020-04-07 23:03:25,-119.861483,0.161283,44,14
2020-04-07 23:03:30,-119.861483,0.161283,37,14
2020-04-07 23:03:35,-119.861483,0.161283,41,14
2020-04-07 23:03:40,-119.861483,0.161283,38,14
2020-04-07 23:03:45,-119.861483,0.161283,43,14
2020-04-07 23:03:50,-119.861483,0.161283,40,14
2020-04-07 23:03:55,-119.861483,0.161283,45,14
2020-04-07 23:04:00,-119.861483,0.161283,41,14
2020-04-07 23:04:05,-119.861483,0.161283,41,14
2020-04-07 23:04:10,-119.861483,0.161283,36,14
2020-04-07 23:04:15,-119.861483,0.161283,50,14
2020-04-07 23:04:20,-119.861483,0.161283,41,14
2020-04-07 23:04:25,-119.861483,0.161283,41,14
2020-04-07 23:04:30,-119.861483,0.161283,42,14
2020-04-07 23:04:35,-119.861483,0.161283,42,14
2020-04-07 23:04:40,-119.861483,0.161283,39,14
2020-04-07 23:04:45,-119.861483,0.161283,44,14
2020-04-07 23:04:50,-119.861483,0.161283,45,14
2020-04-07 23:04:55,-119.861483,0.161283,37,14
2020-04-07 23:05:00,-119.861483,0.161283,49,14
2020-04-07 23:05:05,-119.861483,0.161283,43,14
2020-04-07 23:05:10,-119.861483,0.161283,43,14
2020-04-07 23:05:15,-119.861483,0.161283,41,14
2020-04-07 23:05:20,-119.861483,0.161283,45,14
2020-04-07 23:05:25,-119.861483,0.161283,40,14
2020-04-07 23:05:30,-119.861483,0.161283,45,14
2020-04-07 23:05:35,-119.861483,0.161283,44,14
2020-04-07 23:05:40,-119.861483,0.161283,40,14
2020-04-07 23:05:45,-119.861483,0.161283,40,14
2020-04-07 23:05:50,-119.861483,0.161283,39,14
2020-04-07 23:05:55,-119.861483,0.161283,44,14
2020-04-07 23:06:00,-119.861483,0.161283,40,14
2020-04-07 23:06:05,-119.861483,0.161283,40,14
2020-04-07 23:06:10,-119.861483,0.161283,40,14
2020-04-07 23:06:15,-119.861483,0.161283,39,14
2020-04-07 23:06:20,-119.861483,0.161283,44,14
2020-04-07 23:06:25,-119.861483,0.161283,39,14
2020-04-07 23:06:30,-119.861483,0.161283,44,14
2020-04-07 23:06:35,-119.861483,0.161283,42,14
2020-04-07 23:06:40,-119.861483,0.161283,44,14
2020-04-07 23:06:45,-119.861483,0.161283,47,14
2020-04-07 23:06:50,-119.861483,0.161283,46,14
2020-04-07 23:06:55,-119.861483,0.161283,36,14
2020-04-07 23:07:00,-119.861483,0.161283,42,14
2020-04-07 23:07:05,-119.861483,0.161283,42,14
2020-04-07 23:07:10,-119.861483,0.161283,41,14
2020-04-07 23:07:15,-119.861483,0.161283,39,14
2020-04-07 23:07:20,-119.861483,0.161283,42,14
2020-04-07 23:07:25,-119.861483,0.161283,39,14
2020-04-07 23:07:30,-119.861483,0.161283,41,14
2020-04-07 23:07:35,-119.861483,0.161283,38,14
2020-04-07 23:07:40,-119.861483,0.161283,39,14
2020-04-07 23:07:45,-119.861483,0.161283,40,14
2020-04-07 23:07:50,-119.861483,0.161283,36,14
2020-04-07 23:07:55,-119.861483,0.161283,37,14
2020-04-07 23:08:00,-119.861483,0.161283,40,14
2020-04-07 23:08:05,-119.861483,0.161283,40,14
2020-04-07 23:08:10,-119.861483,0.161283,40,14
2020-04-07 23:08:15,-119.861483,0.161283,43,14
2020-04-07 23:08:20,-119.861483,0.161283,41,14
2020-04-07 23:08:25,-119.861483,0.161283,40,14
2020-04-07 23:08:30,-119.861483,0.161283,43,14
2020-04-07 23:08:35,-119.861483,0.161283,40,14
2020-04-07 23:08:40,-119.861483,0.161283,39,14
2020-04-07 23:08:45,-119.861483,0.161283,41,14
2020-04-07 23:08:50,-119.861483,0.161283,43,14
2020-04-07 23:08:55,-119.861483,0.161283,39,14
2020-04-07 23:09:00,-119.861483,0.161283,40,14
2020-04-07 23:09:05,-119.861483,0.161283,42,14
2020-04-07 23:09:10,-119.861483,0.161283,42,14
2020-04-07 23:09:15,-119.861483,0.161283,40,14
2020-04-07 23:09:20,-119.861483,0.161283,37,14
2020-04-07 23:09:25,-119.861483,0.161283,47,14
2020-04-07 23:09:30,-119.861483,0.161283,41,14
2020-04-07 23:09:35,-119.861483,0.161283,40,14
2020-04-07 23:09:40,-119.861483,0.161283,51,14
2020-04-07 23:09:45,-119.861483,0.161283,41,14
2020-04-07 23:09:50,-119.861483,0.161283,42,14
2020-04-07 23:09:55,-119.861483,0.161283,39,14
2020-04-07 23:10:00,-119.861483,0.161283,38,14
2020-04-07 23:10:05,-119.861483,0.161283,42,14
2020-04-07 23:10:10,-119.861483,0.161283,40,14
2020-04-07 23:10:15,-119.861483,0.161283,43,14
2020-04-07 23:10:20,-119.861483,0.161283,40,14
2020-04-07 23:10:25,-119.861483,0.161283,39,14
2020-04-07 23:10:30,-119.861483,0.161283,41,14
2020-04-07 23:10:35,-119.861483,0.161283,42,14
2020-04-07 23:10:40,-119.861483,0.161283,43,14
2020-04-07 23:10:45,-119.861483,0.161283,44,14
2020-04-07 23:10:50,-119.861483,0.161283,39,14
2020-04-07 23:10:55,-119.861483,0.161283,43,14
2020-04-07 23:11:00,-119.861483,0.161283,37,14
2020-04-07 23:11:05,-119.861483,0.161283,40,14
2020-04-07 23:11:10,-119.861483,0.161283,42,14
2020-04-07 23:11:15,-119.861483,0.161283,45,14
2020-04-07 23:11:20,-119.861483,0.161283,35,14
2020-04-07 23:11:25,-119.861483,0.161283,42,14
2020-04-07 23:11:30,-119.861483,0.161283,39,14
2020-04-07 23:11:35,-119.861483,0.161283,43,14
2020-04-07 23:11:40,-119.861483,0.161283,40,14
2020-04-07 23:11:45,-119.861483,0.161283,46,14
2020-04-07 23:11:50,-119.861483,0.161283,46,14
2020-04-07 23:11:55,-119.861483,0.161283,41,14
2020-04-07 23:12:00,-119.861483,0.161283,38,14
2020-04-07 23:12:05,-119.861483,0.161283,43,14
2020-04-07 23:12:10,-119.861483,0.161283,41,14
2020-04-07 23:12:15,-119.861483,0.161283,41,14
2020-04-07 23:12:20,-119.861483,0.161283,38,14
2020-04-07 23:12:25,-119.861483,0.161283,43,14
2020-04-07 23:12:30,-119.861483,0.161283,47,14
2020-04-07 23:12:35,-119.861483,0.161283,37,14
2020-04-07 23:12:40,-119.861483,0.161283,39,14
2020-04-07 23:12:45,-119.861483,0.161283,45,14
2020-04-07 23:12:50,-119.861483,0.161283,45,14
2020-04-07 23:12:55,-119.861483,0.161283,41,14
2020-04-07 23:13:00,-119.861483,0.161283,43,14
2020-04-07 23:13:05,-119.861483,0.161283,45,14
2020-04-07 23:13:10,-119.861483,0.161283,41,14
2020-04-07 23:13:15,-119.861483,0.161283,42,14
2020-04-07 23:13:20,-119.861483,0.161283,48,14
2020-04-07 23:13:25,-119.861483,0.161283,42,14
2020-04-07 23:13:30,-119.861483,0.161283,39,14
2020-04-07 23:13:35,-119.861483,0.161283,36,14
2020-04-07 23:13:40,-119.861483,0.161283,44,14
2020-04-07 23:13:45,-119.861483,0.161283,45,14
2020-04-07 23:13:50,-119.861483,0.161283,41,14
2020-04-07 23:13:55,-119.861483,0.161283,42,14
2020-04-07 23:14:00,-119.861483,0.161283,40,14
2020-04-07 23:14:05,-119.861483,0.161283,43,14
2020-04-07 23:14:10,-119.861483,0.161283,46,14
2020-04-07 23:14:15,-119.861483,0.161283,39,14
2020-04-07 23:14:20,-119.861483,0.161283,41,14
2020-04-07 23:14:25,-119.861483,0.161283,44,14
2020-04-07 23:14:30,-119.861483,0.161283,41,14
2020-04-07 23:14:35,-119.861483,0.161283,39,14
2020-04-07 23:14:40,-119.861483,0.161283,43,14
2020-04-07 23:14:45,-119.861483,0.161283,44,14
2020-04-07 23:14:50,-119.861483,0.161283,41,14
2020-04-07 23:14:55,-119.861483,0.161283,44,14
2020-04-07 23:15:00,-119.861483,0.161283,43,14
2020-04-07 23:15:05,-119.861483,0.161283,43,14
2020-04-07 23:15:10,-119.861483,0.161283,41,14
2020-04-07 23:15:15,-119.861483,0.161283,38,14
2020-04-07 23:15:20,-119.861483,0.161283,37,14
2020-04-07 23:15:25,-119.861483,0.161283,40,14
2020-04-07 23:15:30,-119.861483,0.161283,47,14
2020-04-07 23:15:35,-119.861483,0.161283,40,14
2020-04-07 23:15:40,-119.861483,0.161283,42,14
2020-04-07 23:15:45,-119.861483,0.161283,40,14
2020-04-07 23:15:50,-119.861483,0.161283,38,14
2020-04-07 23:15:55,-119.861483,0.161283,45,14
2020-04-07 23:16:00,-119.861483,0.161283,40,14
2020-04-07 23:16:05,-119.861483,0.161283,43,14
2020-04-07 23:16:10,-119.861483,0.161283,45,14
2020-04-07 23:16:15,-119.861483,0.161283,42,14
2020-04-07 23:16:20,-119.861483,0.161283,39,14
2020-04-07 23:16:25,-119.861483,0.161283,36,14
2020-04-07 23:16:30,-119.861483,0.161283,41,14
2020-04-07 23:16:35,-119.861483,0.161283,40,14
2020-04-07 23:16:40,-119.861483,0.161283,38,14
2020-04-07 23:16:45,-119.861483,0.161283,38,14
2020-04-07 23:16:50,-119.861483,0.161283,40,14
2020-04-07 23:16:55,-119.861483,0.161283,41,14
2020-04-07 23:17:00,-119.861483,0.161283,39,14
2020-04-07 23:17:05,-119.861483,0.161283,43,14
2020-04-07 23:17:10,-119.861483,0.161283,40,14
2020-04-07 23:17:15,-119.861483,0.161283,43,14
2020-04-07 23:17:20,-119.861483,0.161283,37,14
2020-04-07 23:17:25,-119.861483,0.161283,39,14
2020-04-07 23:17:30,-119.861483,0.161283,38,14
2020-04-07 23:17:35,-119.861483,0.161283,40,14
2020-04-07 23:17:40,-119.861483,0.161283,44,14
2020-04-07 23:17:45,-119.861483,0.161283,43,14
2020-04-07 23:17:50,-119.861483,0.161283,40,14
2020-04-07 23:17:55,-119.861483,0.161283,37,14
2020-04-07 23:18:00,-119.861483,0.161283,37,14
2020-04-07 23:18:05,-119.861483,0.161283,42,14
2020-04-07 23:18:10,-119.861483,0.161283,44,14
2020-04-07 23:18:15,-119.861483,0.161283,41,14
2020-04-07 23:18:20,-119.861483,0.161283,39,14
2020-04-07 23:18:25,-119.861483,0.161283,46,14
2020-04-07 23:18:30,-119.861483,0.161283,41,14
2020-04-07 23:18:35,-119.861483,0.161283,45,14
2020-04-07 23:18:40,-119.861483,0.161283,43,14
2020-04-07 23:18:45,-119.861483,0.161283,39,14
2020-04-07 23:18:50,-119.861483,0.161283,40,14
2020-04-07 23:18:55,-119.861483,0.161283,47,14
2020-04-07 23:19:00,-119.861483,0.161283,42,14
2020-04-07 23:19:05,-119.861483,0.161283,41,14
2020-04-07 23:19:10,-119.861483,0.161283,39,14
2020-04-07 23:19:15,-119.861483,0.161283,46,14
2020-04-07 23:19:20,-119.861483,0.161283,41,14
2020-04-07 23:19:25,-119.861483,0.161283,44,14
2020-04-07 23:19:30,-119.861483,0.161283,40,14
2020-04-07 23:19:35,-119.861483,0.161283,48,14
2020-04-07 23:19:40,-119.861483,0.161283,43,14
2020-04-07 23:19:45,-119.861483,0.161283,40,14
2020-04-07 23:19:50,-119.861483,0.161283,47,14
2020-04-07 23:19:55,-119.861483,0.161283,45,14
2020-04-07 23:20:00,-119.861483,0.161283,42,14
2020-04-07 23:20:05,-119.861483,0.161283,42,14
2020-04-07 23:20:10,-119.861483,0.161283,41,14
2020-04-07 23:20:15,-119.861483,0.161283,41,14
2020-04-07 23:20:20,-119.861483,0.161283,43,14
2020-04-07 23:20:25,-119.861483,0.161283,41,14
2020-04-07 23:20:30,-119.861483,0.161283,37,14
2020-04-07 23:20:35,-119.861483,0.161283,44,14
2020-04-07 23:20:40,-119.861483,0.161283,42,14
2020-04-07 23:20:45,-119.861483,0.161283,44,14
2020-04-07 23:20:50,-119.861483,0.161283,38,14
2020-04-07 23:20:55,-119.861483,0.161283,40,14
2020-04-07 23:21:00,-119.861483,0.161283,39,14
2020-04-07 23:21:05,-119.861483,0.161283,39,14
2020-04-07 23:21:10,-119.861483,0.161283,38,14
2020-04-07 23:21:15,-119.861483,0.161283,36,14
2020-04-07 23:21:20,-119.861483,0.161283,40,14
2020-04-07 23:21:25,-119.861483,0.161283,38,14
2020-04-07 23:21:30,-119.861483,0.161283,46,14
2020-04-07 23:21:35,-119.861483,0.161283,42,14
2020-04-07 23:21:40,-119.861483,0.161283,43,14
2020-04-07 23:21:45,-119.861483,0.161283,34,14
2020-04-07 23:21:50,-119.861483,0.161283,37,14
2020-04-07 23:21:55,-119.861483,0.161283,40,14
2020-04-07 23:22:00,-119.861483,0.161283,38,14
2020-04-07 23:22:05,-119.861483,0.161283,40,14
2020-04-07 23:22:10,-119.861483,0.161283,37,14
2020-04-07 23:22:15,-119.861483,0.161283,40,14
2020-04-07 23:22:20,-119.861483,0.161283,45,14
2020-04-07 23:22:25,-119.861483,0.161283,36,14
2020-04-07 23:22:30,-119.861483,0.161283,41,14
2020-04-07 23:22:35,-119.861483,0.161283,41,14
2020-04-07 23:22:40,-119.861483,0.161283,41,14
2020-04-07 23:22:45,-119.861483,0.161283,39,14
2020-04-07 23:22:50,-119.861483,0.161283,37,14
2020-04-07 23:22:55,-119.861483,0.161283,38,14
2020-04-07 23:23:00,-119.861483,0.161283,38,14
2020-04-07 23:23:05,-119.861483,0.161283,40,14
2020-04-07 23:23:10,-119.861483,0.161283,46,14
2020-04-07 23:23:15,-119.861483,0.161283,41,14
2020-04-07 23:23:20,-119.861483,0.161283,39,14
2020-04-07 23:23:25,-119.861483,0.161283,41,14
2020-04-07 23:23:30,-119.861483,0.161283,43,14
2020-04-07 23:23:35,-119.861483,0.161283,38,14
2020-04-07 23:23:40,-119.861483,0.161283,40,14
2020-04-07 23:23:45,-119.861483,0.161283,44,14
2020-04-07 23:23:50,-119.861483,0.161283,43,14
2020-04-07 23:23:55,-119.861483,0.161283,43,14
2020-04-07 23:24:00,-119.861483,0.161283,41,14
2020-04-07 23:24:05,-119.861483,0.161283,42,14
2020-04-07 23:24:10,-119.861483,0.161283,39,14
2020-04-07 23:24:15,-119.861483,0.161283,36,14
2020-04-07 23:24:20,-119.861483,0.161283,39,14
2020-04-07 23:24:25,-119.861483,0.161283,37,14
2020-04-07 23:24:30,-119.861483,0.161283,43,14
2020-04-07 23:24:35,-119.861483,0.161283,42,14
2020-04-07 23:24:40,-119.861483,0.161283,45,14
2020-04-07 23:24:45,-119.861483,0.161283,46,14
2020-04-07 23:24:50,-119.861483,0.161283,41,14
2020-04-07 23:24:55,-119.861483,0.161283,41,14
2020-04-07 23:25:00,-119.861483,0.161283,42,14
2020-04-07 23:25:05,-119.861483,0.161283,38,14
2020-04-07 23:25:10,-119.861483,0.161283,38,14
2020-04-07 23:25:15,-119.861483,0.161283,41,14
2020-04-07 23:25:20,-119.861483,0.161283,39,14
2020-04-07 23:25:25,-119.861483,0.161283,43,14
2020-04-07 23:25:30,-119.861483,0.161283,41,14
2020-04-07 23:25:35,-119.861483,0.161283,44,14
2020-04-07 23:25:40,-119.861483,0.161283,52,14
2020-04-07 23:25:45,-119.861483,0.161283,50,14
2020-04-07 23:25:50,-119.861483,0.161283,39,14
2020-04-07 23:25:55,-119.861483,0.161283,47,14
2020-04-07 23:26:00,-119.861483,0.161283,43,14
2020-04-07 23:26:05,-119.861483,0.161283,43,14
2020-04-07 23:26:10,-119.861483,0.161283,41,14
2020-04-07 23:26:15,-119.861483,0.161283,42,14
2020-04-07 23:26:20,-119.861483,0.161283,40,14
2020-04-07 23:26:25,-119.861483,0.161283,41,14
2020-04-07 23:26:30,-119.861483,0.161283,43,14
2020-04-07 23:26:35,-119.861483,0.161283,41,14
2020-04-07 23:26:40,-119.861483,0.161283,39,14
2020-04-07 23:26:45,-119.861483,0.161283,41,14
2020-04-07 23:26:50,-119.861483,0.161283,42,14
2020-04-07 23:26:55,-119.861483,0.161283,42,14
2020-04-07 23:27:00,-119.861483,0.161283,41,14
2020-04-07 23:27:05,-119.861483,0.161283,41,14
2020-04-07 23:27:10,-119.861483,0.161283,39,14
2020-04-07 23:27:15,-119.861483,0.161283,43,14
2020-04-07 23:27:20,-119.861483,0.161283,40,14
2020-04-07 23:27:25,-119.861483,0.161283,38,14
2020-04-07 23:27:30,-119.861483,0.161283,38,14
2020-04-07 23:27:35,-119.861483,0.161283,36,14
2020-04-07 23:27:40,-119.861483,0.161283,42,14
2020-04-07 23:27:45,-119.861483,0.161283,45,14
2020-04-07 23:27:50,-119.861483,0.161283,39,14
2020-04-07 23:27:55,-119.861483,0.161283,41,14
2020-04-07 23:28:00,-119.861483,0.161283,41,14
2020-04-07 23:28:05,-119.861483,0.161283,43,14
2020-04-07 23:28:10,-119.861483,0.161283,45,14
2020-04-07 23:28:15,-119.861483,0.161283,35,14
2020-04-07 23:28:20,-119.861483,0.161283,45,14
2020-04-07 23:28:25,-119.861483,0.161283,44,14
2020-04-07 23:28:30,-119.861483,0.161283,43,14
2020-04-07 23:28:35,-119.861483,0.161283,35,14
2020-04-07 23:28:40,-119.861483,0.161283,36,14
2020-04-07 23:28:45,-119.861483,0.161283,42,14
2020-04-07 23:28:50,-119.861483,0.161283,38,14
2020-04-07 23:28:55,-119.861483,0.161283,41,14
2020-04-07 23:29:00,-119.861483,0.161283,43,14
2020-04-07 23:29:05,-119.861483,0.161283,47,14
2020-04-07 23:29:10,-119.861483,0.161283,38,14
2020-04-07 23:29:15,-119.861483,0.161283,38,14
2020-04-07 23:29:20,-119.861483,0.161283,40,14
2020-04-07 23:29:25,-119.861483,0.161283,42,14
2020-04-07 23:29:30,-119.861483,0.161283,48,14
2020-04-07 23:29:35,-119.861483,0.161283,40,14
2020-04-07 23:29:40,-119.861483,0.161283,42,14
2020-04-07 23:29:45,-119.861483,0.161283,43,14
2020-04-07 23:29:50,-119.861483,0.161283,39,14
2020-04-07 23:29:55,-119.861483,0.161283,45,14
2020-04-07 23:30:00,-119.861483,0.161283,43,14
2020-04-07 23:30:05,-119.861483,0.161283,42,14
2020-04-07 23:30:10,-119.861483,0.161283,45,14
2020-04-07 23:30:15,-119.861483,0.161283,41,14
2020-04-07 23:30:20,-119.861483,0.161283,42,14
2020-04-07 23:30:25,-119.861483,0.161283,40,14
2020-04-07 23:30:30,-119.861483,0.161283,45,14
2020-04-07 23:30:35,-119.861483,0.161283,42,14
2020-04-07 23:30:40,-119.861483,0.161283,40,14
2020-04-07 23:30:45,-119.861483,0.161283,44,14
2020-04-07 23:30:50,-119.861483,0.161283,39,14
2020-04-07 23:30:55,-119.861483,0.161283,44,14
2020-04-07 23:31:00,-119.861483,0.161283,40,14
2020-04-07 23:31:05,-119.861483,0.161283,43,14
2020-04-07 23:31:10,-119.861483,0.161283,41,14
2020-04-07 23:31:15,-119.861483,0.161283,41,14
2020-04-07 23:31:20,-119.861483,0.161283,44,14
2020-04-07 23:31:25,-119.861483,0.161283,38,14
2020-04-07 23:31:30,-119.861483,0.161283,43,14
2020-04-07 23:31:35,-119.861483,0.161283,36,14
2020-04-07 23:31:40,-119.861483,0.161283,43,14
2020-04-07 23:31:45,-119.861483,0.161283,42,14
2020-04-07 23:31:50,-119.861483,0.161283,45,14
2020-04-07 23:31:55,-119.861483,0.161283,39,14
2020-04-07 23:32:00,-119.861483,0.161283,38,14
2020-04-07 23:32:05,-119.861483,0.161283,41,14
2020-04-07 23:32:10,-119.861483,0.161283,43,14
2020-04-07 23:32:15,-119.861483,0.161283,42,14
2020-04-07 23:32:20,-119.861483,0.161283,39,14
2020-04-07 23:32:25,-119.861483,0.161283,39,14
2020-04-07 23:32:30,-119.861483,0.161283,39,14
2020-04-07 23:32:35,-119.861483,0.161283,41,14
2020-04-07 23:32:40,-119.861483,0.161283,44,14
2020-04-07 23:32:45,-119.861483,0.161283,42,14
2020-04-07 23:32:50,-119.861483,0.161283,46,14
2020-04-07 23:32:55,-119.861483,0.161283,43,14
2020-04-07 23:33:00,-119.861483,0.161283,38,14
2020-04-07 23:33:05,-119.861483,0.161283,38,14
2020-04-07 23:33:10,-119.861483,0.161283,46,14
2020-04-07 23:33:15,-119.861483,0.161283,41,14
2020-04-07 23:33:20,-119.861483,0.161283,43,14
2020-04-07 23:33:25,-119.861483,0.161283,38,14
2020-04-07 23:33:30,-119.861483,0.161283,43,14
2020-04-07 23:33:35,-119.861483,0.161283,40,14
2020-04-07 23:33:40,-119.861483,0.161283,39,14
2020-04-07 23:33:45,-119.861483,0.161283,38,14
2020-04-07 23:33:50,-119.861483,0.161283,40,14
2020-04-07 23:33:55,-119.861483,0.161283,41,14
2020-04-07 23:34:00,-119.861483,0.161283,42,14
2020-04-07 23:34:05,-119.861483,0.161283,37,14
2020-04-07 23:34:10,-119.861483,0.161283,41,14
2020-04-07 23:34:15,-119.861483,0.161283,40,14
2020-04-07 23:34:20,-119.861483,0.161283,41,14
2020-04-07 23:34:25,-119.861483,0.161283,37,14
2020-04-07 23:34:30,-119.861483,0.161283,48,14
2020-04-07 23:34:35,-119.861483,0.161283,40,14
2020-04-07 23:34:40,-119.861483,0.161283,45,14
2020-04-07 23:34:45,-119.861483,0.161283,44,14
2020-04-07 23:34:50,-119.861483,0.161283,39,14
2020-04-07 23:34:55,-119.861483,0.161283,42,14
2020-04-07 23:35:00,-119.861483,0.161283,41,14
2020-04-07 23:35:05,-119.861483,0.161283,38,14
2020-04-07 23:35:10,-119.861483,0.161283,42,14
2020-04-07 23:35:15,-119.861483,0.161283,39,14
2020-04-07 23:35:20,-119.861483,0.161283,40,14
2020-04-07 23:35:25,-119.861483,0.161283,42,14
2020-04-07 23:35:30,-119.861483,0.161283,40,14
2020-04-07 23:35:35,-119.861483,0.161283,40,14
2020-04-07 23:35:40,-119.861483,0.161283,41,14
2020-04-07 23:35:45,-119.861483,0.161283,41,14
2020-04-07 23:35:50,-119.861483,0.161283,44,14
2020-04-07 23:35:55,-119.861483,0.161283,41,14
2020-04-07 23:36:00,-119.861483,0.161283,41,14
2020-04-07 23:36:05,-119.861483,0.161283,43,14
2020-04-07 23:36:10,-119.861483,0.161283,43,14
2020-04-07 23:36:15,-119.861483,0.161283,43,14
2020-04-07 23:36:20,-119.861483,0.161283,41,14
2020-04-07 23:36:25,-119.861483,0.161283,39,14
2020-04-07 23:36:30,-119.861483,0.161283,43,14
2020-04-07 23:36:35,-119.861483,0.161283,46,14
2020-04-07 23:36:40,-119.861483,0.161283,40,14
2020-04-07 23:36:45,-119.861483,0.161283,42,14
2020-04-07 23:36:50,-119.861483,0.161283,38,14
2020-04-07 23:36:55,-119.861483,0.161283,40,14
2020-04-07 23:37:00,-119.861483,0.161283,52,14
2020-04-07 23:37:05,-119.861483,0.161283,41,14
2020-04-07 23:37:10,-119.861483,0.161283,38,14
2020-04-07 23:37:15,-119.861483,0.161283,42,14
2020-04-07 23:37:20,-119.861483,0.161283,41,14
2020-04-07 23:37:25,-119.861483,0.161283,40,14
2020-04-07 23:37:30,-119.861483,0.161283,33,14
2020-04-07 23:37:35,-119.861483,0.161283,43,14
2020-04-07 23:37:40,-119.861483,0.161283,45,14
2020-04-07 23:37:45,-119.861483,0.161283,42,14
2020-04-07 23:37:50,-119.861483,0.161283,38,14
2020-04-07 23:37:55,-119.861483,0.161283,42,14
2020-04-07 23:38:00,-119.861483,0.161283,40,14
2020-04-07 23:38:05,-119.861483,0.161283,40,14
2020-04-07 23:38:10,-119.861483,0.161283,40,14
2020-04-07 23:38:15,-119.861483,0.161283,42,14
2020-04-07 23:38:20,-119.861483,0.161283,40,14
2020-04-07 23:38:25,-119.861483,0.161283,43,14
2020-04-07 23:38:30,-119.861483,0.161283,35,14
2020-04-07 23:38:35,-119.861483,0.161283,40,14
2020-04-07 23:38:40,-119.861483,0.161283,40,14
2020-04-07 23:38:45,-119.861483,0.161283,41,14
2020-04-07 23:38:50,-119.861483,0.161283,45,14
2020-04-07 23:38:55,-119.861483,0.161283,42,14
2020-04-07 23:39:00,-119.861483,0.161283,46,14
2020-04-07 23:39:05,-119.861483,0.161283,41,14
2020-04-07 23:39:10,-119.861483,0.161283,40,14
2020-04-07 23:39:15,-119.861483,0.161283,35,14
2020-04-07 23:39:20,-119.861483,0.161283,40,14
2020-04-07 23:39:25,-119.861483,0.161283,43,14
2020-04-07 23:39:30,-119.861483,0.161283,40,14
2020-04-07 23:39:35,-119.861483,0.161283,40,14
2020-04-07 23:39:40,-119.861483,0.161283,41,14
2020-04-07 23:39:45,-119.861483,0.161283,47,14
2020-04-07 23:39:50,-119.861483,0.161283,47,14
2020-04-07 23:39:55,-119.861483,0.161283,45,14
2020-04-07 23:40:00,-119.861483,0.161283,41,14
2020-04-07 23:40:05,-119.861483,0.161283,42,14
2020-04-07 23:40:10,-119.861483,0.161283,43,14
2020-04-07 23:40:15,-119.861483,0.161283,42,14
2020-04-07 23:40:20,-119.861483,0.161283,42,14
2020-04-07 23:40:25,-119.861483,0.161283,46,14
2020-04-07 23:40:30,-119.861483,0.161283,39,14
2020-04-07 23:40:35,-119.861483,0.161283,38,14
2020-04-07 23:40:40,-119.861483,0.161283,42,14
2020-04-07 23:40:45,-119.861483,0.161283,45,14
2020-04-07 23:40:50,-119.861483,0.161283,39,14
2020-04-07 23:40:55,-119.861483,0.161283,43,14
2020-04-07 23:41:00,-119.861483,0.161283,38,14
2020-04-07 23:41:05,-119.861483,0.161283,45,14
2020-04-07 23:41:10,-119.861483,0.161283,39,14
2020-04-07 23:41:15,-119.861483,0.161283,44,14
2020-04-07 23:41:20,-119.861483,0.161283,43,14
2020-04-07 23:41:25,-119.861483,0.161283,46,14
2020-04-07 23:41:30,-119.861483,0.161283,38,14
2020-04-07 23:41:35,-119.861483,0.161283,45,14
2020-04-07 23:41:40,-119.861483,0.161283,41,14
2020-04-07 23:41:45,-119.861483,0.161283,42,14
2020-04-07 23:41:50,-119.861483,0.161283,41,14
2020-04-07 23:41:55,-119.861483,0.161283,43,14
2020-04-07 23:42:00,-119.861483,0.161283,46,14
2020-04-07 23:42:05,-119.861483,0.161283,46,14
2020-04-07 23:42:10,-119.861483,0.161283,40,14
2020-04-07 23:42:15,-119.861483,0.161283,40,14
2020-04-07 23:42:20,-119.861483,0.161283,37,14
2020-04-07 23:42:25,-119.861483,0.161283,38,14
2020-04-07 23:42:30,-119.861483,0.161283,47,14
2020-04-07 23:42:35,-119.861483,0.161283,44,14
2020-04-07 23:42:40,-119.861483,0.161283,41,14
2020-04-07 23:42:45,-119.861483,0.161283,39,14
2020-04-07 23:42:50,-119.861483,0.161283,43,14
2020-04-07 23:42:55,-119.861483,0.161283,38,14
2020-04-07 23:43:00,-119.861483,0.161283,44,14
2020-04-07 23:43:05,-119.861483,0.161283,44,14
2020-04-07 23:43:10,-119.861483,0.161283,38,14
2020-04-07 23:43:15,-119.861483,0.161283,45,14
2020-04-07 23:43:20,-119.861483,0.161283,42,14
2020-04-07 23:43:25,-119.861483,0.161283,37,14
2020-04-07 23:43:30,-119.861483,0.161283,42,14
2020-04-07 23:43:35,-119.861483,0.161283,42,14
2020-04-07 23:43:40,-119.861483,0.161283,46,14
2020-04-07 23:43:45,-119.861483,0.161283,42,14
2020-04-07 23:43:50,-119.861483,0.161283,42,14
2020-04-07 23:43:55,-119.861483,0.161283,41,14
2020-04-07 23:44:00,-119.861483,0.161283,37,14
2020-04-07 23:44:05,-119.861483,0.161283,39,14
2020-04-07 23:44:10,-119.861483,0.161283,37,14
2020-04-07 23:44:15,-119.861483,0.161283,46,14
2020-04-07 23:44:20,-119.861483,0.161283,43,14
2020-04-07 23:44:25,-119.861483,0.161283,44,14
2020-04-07 23:44:30,-119.861483,0.161283,42,14
2020-04-07 23:44:35,-119.861483,0.161283,42,14
2020-04-07 23:44:40,-119.861483,0.161283,48,14
2020-04-07 23:44:45,-119.861483,0.161283,42,14
2020-04-07 23:44:50,-119.861483,0.161283,42,14
2020-04-07 23:44:55,-119.861483,0.161283,41,14
2020-04-07 23:45:00,-119.861483,0.161283,46,14
2020-04-07 23:45:05,-119.861483,0.161283,41,14
2020-04-07 23:45:10,-119.861483,0.161283,41,14
2020-04-07 23:45:15,-119.861483,0.161283,43,14
2020-04-07 23:45:20,-119.861483,0.161283,43,14
2020-04-07 23:45:25,-119.861483,0.161283,41,14
2020-04-07 23:45:30,-119.861483,0.161283,44,14
2020-04-07 23:45:35,-119.861483,0.161283,45,14
2020-04-07 23:45:40,-119.861483,0.161283,36,14
2020-04-07 23:45:45,-119.861483,0.161283,39,14
2020-04-07 23:45:50,-119.861483,0.161283,42,14
2020-04-07 23:45:55,-119.861483,0.161283,43,14
2020-04-07 23:46:00,-119.861483,0.161283,42,14
2020-04-07 23:46:05,-119.861483,0.161283,38,14
2020-04-07 23:46:10,-119.861483,0.161283,43,14
2020-04-07 23:46:15,-119.861483,0.161283,40,14
2020-04-07 23:46:20,-119.861483,0.161283,37,14
2020-04-07 23:46:25,-119.861483,0.161283,41,14
2020-04-07 23:46:30,-119.861483,0.161283,43,14
2020-04-07 23:46:35,-119.861483,0.161283,38,14
2020-04-07 23:46:40,-119.861483,0.161283,40,14
2020-04-07 23:46:45,-119.861483,0.161283,41,14
2020-04-07 23:46:50,-119.861483,0.161283,42,14
2020-04-07 23:46:55,-119.861483,0.161283,48,14
2020-04-07 23:47:00,-119.861483,0.161283,40,14
2020-04-07 23:47:05,-119.861483,0.161283,35,14
2020-04-07 23:47:10,-119.861483,0.161283,41,14
2020-04-07 23:47:15,-119.861483,0.161283,43,14
2020-04-07 23:47:20,-119.861483,0.161283,41,14
2020-04-07 23:47:25,-119.861483,0.161283,46,14
2020-04-07 23:47:30,-119.861483,0.161283,40,14
2020-04-07 23:47:35,-119.861483,0.161283,45,14
2020-04-07 23:47:40,-119.861483,0.161283,41,14
2020-04-07 23:47:45,-119.861483,0.161283,37,14
2020-04-07 23:47:50,-119.861483,0.161283,40,14
2020-04-07 23:47:55,-119.861483,0.161283,45,14
2020-04-07 23:48:00,-119.861483,0.161283,39,14
2020-04-07 23:48:05,-119.861483,0.161283,39,14
2020-04-07 23:48:10,-119.861483,0.161283,42,14
2020-04-07 23:48:15,-119.861483,0.161283,40,14
2020-04-07 23:48:20,-119.861483,0.161283,38,14
2020-04-07 23:48:25,-119.861483,0.161283,44,14
2020-04-07 23:48:30,-119.861483,0.161283,43,14
2020-04-07 23:48:35,-119.861483,0.161283,42,14
2020-04-07 23:48:40,-119.861483,0.161283,37,14
2020-04-07 23:48:45,-119.861483,0.161283,39,14
2020-04-07 23:48:50,-119.861483,0.161283,43,14
2020-04-07 23:48:55,-119.861483,0.161283,42,14
2020-04-07 23:49:00,-119.861483,0.161283,39,14
2020-04-07 23:49:05,-119.861483,0.161283,42,14
2020-04-07 23:49:10,-119.861483,0.161283,45,14
2020-04-07 23:49:15,-119.861483,0.161283,43,14
2020-04-07 23:49:20,-119.861483,0.161283,41,14
2020-04-07 23:49:25,-119.861483,0.161283,42,14
2020-04-07 23:49:30,-119.861483,0.161283,39,14
2020-04-07 23:49:35,-119.861483,0.161283,39,14
2020-04-07 23:49:40,-119.861483,0.161283,44,14
2020-04-07 23:49:45,-119.861483,0.161283,40,14
2020-04-07 23:49:50,-119.861483,0.161283,45,14
2020-04-07 23:49:55,-119.861483,0.161283,39,14
2020-04-07 23:50:00,-119.861483,0.161283,41,14
2020-04-07 23:50:05,-119.861483,0.161283,40,14
2020-04-07 23:50:10,-119.861483,0.161283,46,14
2020-04-07 23:50:15,-119.861483,0.161283,42,14
2020-04-07 23:50:20,-119.861483,0.161283,40,14
2020-04-07 23:50:25,-119.861483,0.161283,45,14
2020-04-07 23:50:30,-119.861483,0.161283,44,14
2020-04-07 23:50:35,-119.861483,0.161283,43,14
2020-04-07 23:50:40,-119.861483,0.161283,41,14
2020-04-07 23:50:45,-119.861483,0.161283,37,14
2020-04-07 23:50:50,-119.861483,0.161283,41,14
2020-04-07 23:50:55,-119.861483,0.161283,40,14
2020-04-07 23:51:00,-119.861483,0.161283,39,14
2020-04-07 23:51:05,-119.861483,0.161283,40,14
2020-04-07 23:51:10,-119.861483,0.161283,36,14
2020-04-07 23:51:15,-119.861483,0.161283,47,14
2020-04-07 23:51:20,-119.861483,0.161283,45,14
2020-04-07 23:51:25,-119.861483,0.161283,41,14
2020-04-07 23:51:30,-119.861483,0.161283,46,14
2020-04-07 23:51:35,-119.861483,0.161283,45,14
2020-04-07 23:51:40,-119.861483,0.161283,47,14
2020-04-07 23:51:45,-119.861483,0.161283,41,14
2020-04-07 23:51:50,-119.861483,0.161283,44,14
2020-04-07 23:51:55,-119.861483,0.161283,46,14
2020-04-07 23:52:00,-119.861483,0.161283,42,14
2020-04-07 23:52:05,-119.861483,0.161283,40,14
2020-04-07 23:52:10,-119.861483,0.161283,40,14
2020-04-07 23:52:15,-119.861483,0.161283,43,14
2020-04-07 23:52:20,-119.861483,0.161283,50,14
2020-04-07 23:52:25,-119.861483,0.161283,43,14
2020-04-07 23:52:30,-119.861483,0.161283,42,14
2020-04-07 23:52:35,-119.861483,0.161283,43,14
2020-04-07 23:52:40,-119.861483,0.161283,47,14
2020-04-07 23:52:45,-119.861483,0.161283,41,14
2020-04-07 23:52:50,-119.861483,0.161283,44,14
2020-04-07 23:52:55,-119.861483,0.161283,42,14
2020-04-07 23:53:00,-119.861483,0.161283,39,14
2020-04-07 23:53:05,-119.861483,0.161283,50,14
2020-04-07 23:53:10,-119.861483,0.161283,42,14
2020-04-07 23:53:15,-119.861483,0.161283,44,14
2020-04-07 23:53:20,-119.861483,0.161283,45,14
2020-04-07 23:53:25,-119.861483,0.161283,44,14
2020-04-07 23:53:30,-119.861483,0.161283,40,14
2020-04-07 23:53:35,-119.861483,0.161283,42,14
2020-04-07 23:53:40,-119.861483,0.161283,45,14
2020-04-07 23:53:45,-119.861483,0.161283,40,14
2020-04-07 23:53:50,-119.861483,0.161283,48,14
2020-04-07 23:53:55,-119.861483,0.161283,47,14
2020-04-07 23:54:00,-119.861483,0.161283,45,14
2020-04-07 23:54:05,-119.861483,0.161283,48,14
2020-04-07 23:54:10,-119.861483,0.161283,42,14
2020-04-07 23:54:15,-119.861483,0.161283,43,14
2020-04-07 23:54:20,-119.861483,0.161283,44,14
2020-04-07 23:54:25,-119.861483,0.161283,39,14
2020-04-07 23:54:30,-119.861483,0.161283,38,14
2020-04-07 23:54:35,-119.861483,0.161283,47,14
2020-04-07 23:54:40,-119.861483,0.161283,44,14
2020-04-07 23:54:45,-119.861483,0.161283,41,14
2020-04-07 23:54:50,-119.861483,0.161283,43,14
2020-04-07 23:54:55,-119.861483,0.161283,49,14
2020-04-07 23:55:00,-119.861483,0.161283,40,14
2020-04-07 23:55:05,-119.861483,0.161283,43,14
2020-04-07 23:55:10,-119.861483,0.161283,40,14
2020-04-07 23:55:15,-119.861483,0.161283,43,14
2020-04-07 23:55:20,-119.861483,0.161283,42,14
2020-04-07 23:55:25,-119.861483,0.161283,42,14
2020-04-07 23:55:30,-119.861483,0.161283,42,14
2020-04-07 23:55:35,-119.861483,0.161283,44,14
2020-04-07 23:55:40,-119.861483,0.161283,43,14
2020-04-07 23:55:45,-119.861483,0.161283,37,14
2020-04-07 23:55:50,-119.861483,0.161283,41,14
2020-04-07 23:55:55,-119.861483,0.161283,39,14
2020-04-07 23:56:00,-119.861483,0.161283,40,14
2020-04-07 23:56:05,-119.861483,0.161283,39,14
2020-04-07 23:56:10,-119.861483,0.161283,37,14
2020-04-07 23:56:15,-119.861483,0.161283,38,14
2020-04-07 23:56:20,-119.861483,0.161283,41,14
2020-04-07 23:56:25,-119.861483,0.161283,42,14
2020-04-07 23:56:30,-119.861483,0.161283,37,14
2020-04-07 23:56:35,-119.861483,0.161283,42,14
2020-04-07 23:56:40,-119.861483,0.161283,41,14
2020-04-07 23:56:45,-119.861483,0.161283,43,14
2020-04-07 23:56:50,-119.861483,0.161283,39,14
2020-04-07 23:56:55,-119.861483,0.161283,38,14
2020-04-07 23:57:00,-119.861483,0.161283,47,14
2020-04-07 23:57:05,-119.861483,0.161283,38,14
2020-04-07 23:57:10,-119.861483,0.161283,42,14
2020-04-07 23:57:15,-119.861483,0.161283,47,14
2020-04-07 23:57:20,-119.861483,0.161283,42,14
2020-04-07 23:57:25,-119.861483,0.161283,49,14
2020-04-07 23:57:30,-119.861483,0.161283,50,14
2020-04-07 23:57:35,-119.861483,0.161283,44,14
2020-04-07 23:57:40,-119.861483,0.161283,36,14
2020-04-07 23:57:45,-119.861483,0.161283,40,14
2020-04-07 23:57:50,-119.861483,0.161283,45,14
2020-04-07 23:57:55,-119.861483,0.161283,37,14
2020-04-07 23:58:00,-119.861483,0.161283,47,14
2020-04-07 23:58:05,-119.861483,0.161283,39,14
2020-04-07 23:58:10,-119.861483,0.161283,42,14
2020-04-07 23:58:15,-119.861483,0.161283,44,14
2020-04-07 23:58:20,-119.861483,0.161283,42,14
2020-04-07 23:58:25,-119.861483,0.161283,37,14
2020-04-07 23:58:30,-119.861483,0.161283,41,14
2020-04-07 23:58:35,-119.861483,0.161283,34,14
2020-04-07 23:58:40,-119.861483,0.161283,42,14
2020-04-07 23:58:45,-119.861483,0.161283,43,14
2020-04-07 23:58:50,-119.861483,0.161283,42,14
2020-04-07 23:58:55,-119.861483,0.161283,36,14
2020-04-07 23:59:00,-119.861483,0.161283,43,14
2020-04-07 23:59:05,-119.861483,0.161283,42,14
2020-04-07 23:59:10,-119.861483,0.161283,41,14
2020-04-07 23:59:15,-119.861483,0.161283,43,14
2020-04-07 23:59:20,-119.861483,0.161283,44,14
2020-04-07 23:59:25,-119.861483,0.161283,42,14
2020-04-07 23:59:30,-119.861483,0.161283,38,14
2020-04-07 23:59:35,-119.861483,0.161283,38,14
2020-04-07 23:59:40,-119.861483,0.161283,43,14
2020-04-07 23:59:45,-119.861483,0.161283,46,14
2020-04-07 23:59:50,-119.861483,0.161283,36,14
2020-04-07 23:59:55,-119.861483,0.161283,43,14
2020-04-08 00:00:00,-119.861483,0.161283,44,14
2020-04-08 00:00:05,-119.861483,0.161283,42,14
2020-04-08 00:00:10,-119.861483,0.161283,42,14
2020-04-08 00:00:15,-119.861483,0.161283,41,14
2020-04-08 00:00:20,-119.861483,0.161283,43,14
2020-04-08 00:00:25,-119.861483,0.161283,42,14
2020-04-08 00:00:30,-119.861483,0.161283,41,14
2020-04-08 00:00:35,-119.861483,0.161283,37,14
2020-04-08 00:00:40,-119.861483,0.161283,41,14
2020-04-08 00:00:45,-119.861483,0.161283,41,14
2020-04-08 00:00:50,-119.861483,0.161283,39,14
2020-04-08 00:00:55,-119.861483,0.161283,44,14
2020-04-08 00:01:00,-119.861483,0.161283,38,14
2020-04-08 00:01:05,-119.861483,0.161283,48,14
2020-04-08 00:01:10,-119.861483,0.161283,46,14
2020-04-08 00:01:15,-119.861483,0.161283,45,14
2020-04-08 00:01:20,-119.861483,0.161283,42,14
2020-04-08 00:01:25,-119.861483,0.161283,45,14
2020-04-08 00:01:30,-119.861483,0.161283,40,14
2020-04-08 00:01:35,-119.861483,0.161283,42,14
2020-04-08 00:01:40,-119.861483,0.161283,40,14
2020-04-08 00:01:45,-119.861483,0.161283,35,14
2020-04-08 00:01:50,-119.861483,0.161283,42,14
2020-04-08 00:01:55,-119.861483,0.161283,42,14
2020-04-08 00:02:00,-119.861483,0.161283,45,14
2020-04-08 00:02:05,-119.861483,0.161283,42,14
2020-04-08 00:02:10,-119.861483,0.161283,42,14
2020-04-08 00:02:15,-119.861483,0.161283,45,14
2020-04-08 00:02:20,-119.861483,0.161283,45,14
2020-04-08 00:02:25,-119.861483,0.161283,40,14
2020-04-08 00:02:30,-119.861483,0.161283,37,14
2020-04-08 00:02:35,-119.861483,0.161283,38,14
2020-04-08 00:02:40,-119.861483,0.161283,36,14
2020-04-08 00:02:45,-119.861483,0.161283,46,14
2020-04-08 00:02:50,-119.861483,0.161283,41,14
2020-04-08 00:02:55,-119.861483,0.161283,43,14
2020-04-08 00:03:00,-119.861483,0.161283,40,14
2020-04-08 00:03:05,-119.861483,0.161283,42,14
2020-04-08 00:03:10,-119.861483,0.161283,48,14
2020-04-08 00:03:15,-119.861483,0.161283,44,14
2020-04-08 00:03:20,-119.861483,0.161283,43,14
2020-04-08 00:03:25,-119.861483,0.161283,44,14
2020-04-08 00:03:30,-119.861483,0.161283,40,14
2020-04-08 00:03:35,-119.861483,0.161283,41,14
2020-04-08 00:03:40,-119.861483,0.161283,42,14
2020-04-08 00:03:45,-119.861483,0.161283,40,14
2020-04-08 00:03:50,-119.861483,0.161283,38,14
2020-04-08 00:03:55,-119.861483,0.161283,47,14
2020-04-08 00:04:00,-119.861483,0.161283,42,14
2020-04-08 00:04:05,-119.861483,0.161283,36,14
2020-04-08 00:04:10,-119.861483,0.161283,41,14
2020-04-08 00:04:15,-119.861483,0.161283,45,14
2020-04-08 00:04:20,-119.861483,0.161283,42,14
2020-04-08 00:04:25,-119.861483,0.161283,42,14
2020-04-08 00:04:30,-119.861483,0.161283,42,14
2020-04-08 00:04:35,-119.861483,0.161283,45,14
2020-04-08 00:04:40,-119.861483,0.161283,42,14
2020-04-08 00:04:45,-119.861483,0.161283,43,14
2020-04-08 00:04:50,-119.861483,0.161283,38,14
2020-04-08 00:04:55,-119.861483,0.161283,42,14
2020-04-08 00:05:00,-119.861483,0.161283,40,14
2020-04-08 00:05:05,-119.861483,0.161283,39,14
2020-04-08 00:05:10,-119.861483,0.161283,42,14
2020-04-08 00:05:15,-119.861483,0.161283,42,14
2020-04-08 00:05:20,-119.861483,0.161283,41,14
2020-04-08 00:05:25,-119.861483,0.161283,41,14
2020-04-08 00:05:30,-119.861483,0.161283,37,14
2020-04-08 00:05:35,-119.861483,0.161283,46,14
2020-04-08 00:05:40,-119.861483,0.161283,42,14
2020-04-08 00:05:45,-119.861483,0.161283,38,14
2020-04-08 00:05:50,-119.861483,0.161283,40,14
2020-04-08 00:05:55,-119.861483,0.161283,43,14
2020-04-08 00:06:00,-119.861483,0.161283,44,14
2020-04-08 00:06:05,-119.861483,0.161283,46,14
2020-04-08 00:06:10,-119.861483,0.161283,41,14
2020-04-08 00:06:15,-119.861483,0.161283,44,14
2020-04-08 00:06:20,-119.861483,0.161283,43,14
2020-04-08 00:06:25,-119.861483,0.161283,42,14
2020-04-08 00:06:30,-119.861483,0.161283,48,14
2020-04-08 00:06:35,-119.861483,0.161283,44,14
2020-04-08 00:06:40,-119.861483,0.161283,44,14
2020-04-08 00:06:45,-119.861483,0.161283,47,14
2020-04-08 00:06:50,-119.861483,0.161283,38,14
2020-04-08 00:06:55,-119.861483,0.161283,42,14
2020-04-08 00:07:00,-119.861483,0.161283,40,14
2020-04-08 00:07:05,-119.861483,0.161283,40,14
2020-04-08 00:07:10,-119.861483,0.161283,49,14
2020-04-08 00:07:15,-119.861483,0.161283,38,14
2020-04-08 00:07:20,-119.861483,0.161283,39,14
2020-04-08 00:07:25,-119.861483,0.161283,44,14
2020-04-08 00:07:30,-119.861483,0.161283,47,14
2020-04-08 00:07:35,-119.861483,0.161283,43,14
2020-04-08 00:07:40,-119.861483,0.161283,38,14
2020-04-08 00:07:45,-119.861483,0.161283,45,14
2020-04-08 00:07:50,-119.861483,0.161283,43,14
2020-04-08 00:07:55,-119.861483,0.161283,42,14
2020-04-08 00:08:00,-119.861483,0.161283,39,14
2020-04-08 00:08:05,-119.861483,0.161283,44,14
2020-04-08 00:08:10,-119.861483,0.161283,49,14
2020-04-08 00:08:15,-119.861483,0.161283,45,14
2020-04-08 00:08:20,-119.861483,0.161283,46,14
2020-04-08 00:08:25,-119.861483,0.161283,41,14
2020-04-08 00:08:30,-119.861483,0.161283,47,14
2020-04-08 00:08:35,-119.861483,0.161283,45,14
2020-04-08 00:08:40,-119.861483,0.161283,43,14
2020-04-08 00:08:45,-119.861483,0.161283,43,14
2020-04-08 00:08:50,-119.861483,0.161283,44,14
2020-04-08 00:08:55,-119.861483,0.161283,44,14
2020-04-08 00:09:00,-119.861483,0.161283,47,14
2020-04-08 00:09:05,-119.861483,0.161283,44,14
2020-04-08 00:09:10,-119.861483,0.161283,42,14
2020-04-08 00:09:15,-119.861483,0.161283,46,14
2020-04-08 00:09:20,-119.861483,0.161283,42,14
2020-04-08 00:09:25,-119.861483,0.161283,51,14
2020-04-08 00:09:30,-119.861483,0.161283,47,14
2020-04-08 00:09:35,-119.861483,0.161283,49,14
2020-04-08 00:09:40,-119.861483,0.161283,46,14
2020-04-08 00:09:45,-119.861483,0.161283,45,14
2020-04-08 00:09:50,-119.861483,0.161283,40,14
2020-04-08 00:09:55,-119.861483,0.161283,48,14
2020-04-08 00:10:00,-119.861483,0.161283,51,14
2020-04-08 00:10:05,-119.861483,0.161283,49,14
2020-04-08 00:10:10,-119.861483,0.161283,43,14
2020-04-08 00:10:15,-119.861483,0.161283,38,14
2020-04-08 00:10:20,-119.861483,0.161283,41,14
2020-04-08 00:10:25,-119.861483,0.161283,44,14
2020-04-08 00:10:30,-119.861483,0.161283,41,14
2020-04-08 00:10:35,-119.861483,0.161283,42,14
2020-04-08 00:10:40,-119.861483,0.161283,47,14
2020-04-08 00:10:45,-119.861483,0.161283,42,14
2020-04-08 00:10:50,-119.861483,0.161283,44,14
2020-04-08 00:10:55,-119.861483,0.161283,40,14
2020-04-08 00:11:00,-119.861483,0.161283,41,14
2020-04-08 00:11:05,-119.861483,0.161283,41,14
2020-04-08 00:11:10,-119.861483,0.161283,43,14
2020-04-08 00:11:15,-119.861483,0.161283,44,14
2020-04-08 00:11:20,-119.861483,0.161283,42,14
2020-04-08 00:11:25,-119.861483,0.161283,44,14
2020-04-08 00:11:30,-119.861483,0.161283,40,14
2020-04-08 00:11:35,-119.861483,0.161283,40,14
2020-04-08 00:11:40,-119.861483,0.161283,39,14
2020-04-08 00:11:45,-119.861483,0.161283,46,14
2020-04-08 00:11:50,-119.861483,0.161283,36,14
2020-04-08 00:11:55,-119.861483,0.161283,38,14
2020-04-08 00:12:00,-119.861483,0.161283,36,14
2020-04-08 00:12:05,-119.861483,0.161283,42,14
2020-04-08 00:12:10,-119.861483,0.161283,37,14
2020-04-08 00:12:15,-119.861483,0.161283,37,14
2020-04-08 00:12:20,-119.861483,0.161283,49,14
2020-04-08 00:12:25,-119.861483,0.161283,42,14
2020-04-08 00:12:30,-119.861483,0.161283,42,14
2020-04-08 00:12:35,-119.861483,0.161283,42,14
2020-04-08 00:12:40,-119.861483,0.161283,43,14
2020-04-08 00:12:45,-119.861483,0.161283,47,14
2020-04-08 00:12:50,-119.861483,0.161283,38,14
2020-04-08 00:12:55,-119.861483,0.161283,39,14
2020-04-08 00:13:00,-119.861483,0.161283,43,14
2020-04-08 00:13:05,-119.861483,0.161283,40,14
2020-04-08 00:13:10,-119.861483,0.161283,48,14
2020-04-08 00:13:15,-119.861483,0.161283,38,14
2020-04-08 00:13:20,-119.861483,0.161283,45,14
2020-04-08 00:13:25,-119.861483,0.161283,40,14
2020-04-08 00:13:30,-119.861483,0.161283,43,14
2020-04-08 00:13:35,-119.861483,0.161283,41,14
2020-04-08 00:13:40,-119.861483,0.161283,42,14
2020-04-08 00:13:45,-119.861483,0.161283,38,14
2020-04-08 00:13:50,-119.861483,0.161283,45,14
2020-04-08 00:13:55,-119.861483,0.161283,42,14
2020-04-08 00:14:00,-119.861483,0.161283,40,14
2020-04-08 00:14:05,-119.861483,0.161283,42,14
2020-04-08 00:14:10,-119.861483,0.161283,43,14
2020-04-08 00:14:15,-119.861483,0.161283,44,14
2020-04-08 00:14:20,-119.861483,0.161283,42,14
2020-04-08 00:14:25,-119.861483,0.161283,46,14
2020-04-08 00:14:30,-119.861483,0.161283,46,14
2020-04-08 00:14:35,-119.861483,0.161283,44,14
2020-04-08 00:14:40,-119.861483,0.161283,38,14
2020-04-08 00:14:45,-119.861483,0.161283,39,14
2020-04-08 00:14:50,-119.861483,0.161283,42,14
2020-04-08 00:14:55,-119.861483,0.161283,40,14
2020-04-08 00:15:00,-119.861483,0.161283,38,14
2020-04-08 00:15:05,-119.861483,0.161283,46,14
2020-04-08 00:15:10,-119.861483,0.161283,41,14
2020-04-08 00:15:15,-119.861483,0.161283,38,14
2020-04-08 00:15:20,-119.861483,0.161283,40,14
2020-04-08 00:15:25,-119.861483,0.161283,42,14
2020-04-08 00:15:30,-119.861483,0.161283,43,14
2020-04-08 00:15:35,-119.861483,0.161283,39,14
2020-04-08 00:15:40,-119.861483,0.161283,42,14
2020-04-08 00:15:45,-119.861483,0.161283,41,14
2020-04-08 00:15:50,-119.861483,0.161283,43,14
2020-04-08 00:15:55,-119.861483,0.161283,43,14
2020-04-08 00:16:00,-119.861483,0.161283,33,14
2020-04-08 00:16:05,-119.861483,0.161283,36,14
2020-04-08 00:16:10,-119.861483,0.161283,40,14
2020-04-08 00:16:15,-119.861483,0.161283,39,14
2020-04-08 00:16:20,-119.861483,0.161283,44,14
2020-04-08 00:16:25,-119.861483,0.161283,46,14
2020-04-08 00:16:30,-119.861483,0.161283,40,14
2020-04-08 00:16:35,-119.861483,0.161283,43,14
2020-04-08 00:16:40,-119.861483,0.161283,40,14
2020-04-08 00:16:45,-119.861483,0.161283,41,14
2020-04-08 00:16:50,-119.861483,0.161283,42,14
2020-04-08 00:16:55,-119.861483,0.161283,43,14
2020-04-08 00:17:00,-119.861483,0.161283,42,14
2020-04-08 00:17:05,-119.861483,0.161283,46,14
2020-04-08 00:17:10,-119.861483,0.161283,41,14
2020-04-08 00:17:15,-119.861483,0.161283,38,14
2020-04-08 00:17:20,-119.861483,0.161283,44,14
2020-04-08 00:17:25,-119.861483,0.161283,45,14
2020-04-08 00:17:30,-119.861483,0.161283,42,14
2020-04-08 00:17:35,-119.861483,0.161283,43,14
2020-04-08 00:17:40,-119.861483,0.161283,42,14
2020-04-08 00:17:45,-119.861483,0.161283,43,14
2020-04-08 00:17:50,-119.861483,0.161283,43,14
2020-04-08 00:17:55,-119.861483,0.161283,42,14
2020-04-08 00:18:00,-119.861483,0.161283,39,14
2020-04-08 00:18:05,-119.861483,0.161283,42,14
2020-04-08 00:18:10,-119.861483,0.161283,41,14
2020-04-08 00:18:15,-119.861483,0.161283,43,14
2020-04-08 00:18:20,-119.861483,0.161283,42,14
2020-04-08 00:18:25,-119.861483,0.161283,41,14
2020-04-08 00:18:30,-119.861483,0.161283,42,14
2020-04-08 00:18:35,-119.861483,0.161283,40,14
2020-04-08 00:18:40,-119.861483,0.161283,43,14
2020-04-08 00:18:45,-119.861483,0.161283,40,14
2020-04-08 00:18:50,-119.861483,0.161283,42,14
2020-04-08 00:18:55,-119.861483,0.161283,37,14
2020-04-08 00:19:00,-119.861483,0.161283,40,14
2020-04-08 00:19:05,-119.861483,0.161283,44,14
2020-04-08 00:19:10,-119.861483,0.161283,39,14
2020-04-08 00:19:15,-119.861483,0.161283,35,14
2020-04-08 00:19:20,-119.861483,0.161283,43,14
2020-04-08 00:19:25,-119.861483,0.161283,38,14
2020-04-08 00:19:30,-119.861483,0.161283,41,14
2020-04-08 00:19:35,-119.861483,0.161283,41,14
2020-04-08 00:19:40,-119.861483,0.161283,41,14
2020-04-08 00:19:45,-119.861483,0.161283,42,14
2020-04-08 00:19:50,-119.861483,0.161283,40,14
2020-04-08 00:19:55,-119.861483,0.161283,42,14
2020-04-08 00:20:00,-119.861483,0.161283,40,14
2020-04-08 00:20:05,-119.861483,0.161283,42,14
2020-04-08 00:20:10,-119.861483,0.161283,39,14
2020-04-08 00:20:15,-119.861483,0.161283,38,14
2020-04-08 00:20:20,-119.861483,0.161283,37,14
2020-04-08 00:20:25,-119.861483,0.161283,40,14
2020-04-08 00:20:30,-119.861483,0.161283,42,14
2020-04-08 00:20:35,-119.861483,0.161283,39,14
2020-04-08 00:20:40,-119.861483,0.161283,41,14
2020-04-08 00:20:45,-119.861483,0.161283,41,14
2020-04-08 00:20:50,-119.861483,0.161283,35,14
2020-04-08 00:20:55,-119.861483,0.161283,42,14
2020-04-08 00:21:00,-119.861483,0.161283,40,14
2020-04-08 00:21:05,-119.861483,0.161283,43,14
2020-04-08 00:21:10,-119.861483,0.161283,40,14
2020-04-08 00:21:15,-119.861483,0.161283,45,14
2020-04-08 00:21:20,-119.861483,0.161283,42,14
2020-04-08 00:21:25,-119.861483,0.161283,44,14
2020-04-08 00:21:30,-119.861483,0.161283,46,14
2020-04-08 00:21:35,-119.861483,0.161283,40,14
2020-04-08 00:21:40,-119.861483,0.161283,43,14
2020-04-08 00:21:45,-119.861483,0.161283,38,14
2020-04-08 00:21:50,-119.861483,0.161283,39,14
2020-04-08 00:21:55,-119.861483,0.161283,42,14
2020-04-08 00:22:00,-119.861483,0.161283,37,14
2020-04-08 00:22:05,-119.861483,0.161283,39,14
2020-04-08 00:22:10,-119.861483,0.161283,45,14
2020-04-08 00:22:15,-119.861483,0.161283,37,14
2020-04-08 00:22:20,-119.861483,0.161283,46,14
2020-04-08 00:22:25,-119.861483,0.161283,39,14
2020-04-08 00:22:30,-119.861483,0.161283,35,14
2020-04-08 00:22:35,-119.861483,0.161283,40,14
2020-04-08 00:22:40,-119.861483,0.161283,42,14
2020-04-08 00:22:45,-119.861483,0.161283,40,14
2020-04-08 00:22:50,-119.861483,0.161283,48,14
2020-04-08 00:22:55,-119.861483,0.161283,43,14
2020-04-08 00:23:00,-119.861483,0.161283,38,14
2020-04-08 00:23:05,-119.861483,0.161283,42,14
2020-04-08 00:23:10,-119.861483,0.161283,38,14
2020-04-08 00:23:15,-119.861483,0.161283,37,14
2020-04-08 00:23:20,-119.861483,0.161283,47,14
2020-04-08 00:23:25,-119.861483,0.161283,46,14
2020-04-08 00:23:30,-119.861483,0.161283,37,14
2020-04-08 00:23:35,-119.861483,0.161283,47,14
2020-04-08 00:23:40,-119.861483,0.161283,39,14
2020-04-08 00:23:45,-119.861483,0.161283,44,14
2020-04-08 00:23:50,-119.861483,0.161283,42,14
2020-04-08 00:23:55,-119.861483,0.161283,42,14
2020-04-08 00:24:00,-119.861483,0.161283,42,14
2020-04-08 00:24:05,-119.861483,0.161283,44,14
2020-04-08 00:24:10,-119.861483,0.161283,45,14
2020-04-08 00:24:15,-119.861483,0.161283,41,14
2020-04-08 00:24:20,-119.861483,0.161283,38,14
2020-04-08 00:24:25,-119.861483,0.161283,42,14
2020-04-08 00:24:30,-119.861483,0.161283,42,14
2020-04-08 00:24:35,-119.861483,0.161283,42,14
2020-04-08 00:24:40,-119.861483,0.161283,41,14
2020-04-08 00:24:45,-119.861483,0.161283,46,14
2020-04-08 00:24:50,-119.861483,0.161283,39,14
2020-04-08 00:24:55,-119.861483,0.161283,49,14
2020-04-08 00:25:00,-119.861483,0.161283,43,14
2020-04-08 00:25:05,-119.861483,0.161283,38,14
2020-04-08 00:25:10,-119.861483,0.161283,38,14
2020-04-08 00:25:15,-119.861483,0.161283,42,14
2020-04-08 00:25:20,-119.861483,0.161283,44,14
2020-04-08 00:25:25,-119.861483,0.161283,44,14
2020-04-08 00:25:30,-119.861483,0.161283,43,14
2020-04-08 00:25:35,-119.861483,0.161283,40,14
2020-04-08 00:25:40,-119.861483,0.161283,41,14
2020-04-08 00:25:45,-119.861483,0.161283,38,14
2020-04-08 00:25:50,-119.861483,0.161283,39,14
2020-04-08 00:25:55,-119.861483,0.161283,38,14
2020-04-08 00:26:00,-119.861483,0.161283,38,14
2020-04-08 00:26:05,-119.861483,0.161283,43,14
2020-04-08 00:26:10,-119.861483,0.161283,44,14
2020-04-08 00:26:15,-119.861483,0.161283,39,14
2020-04-08 00:26:20,-119.861483,0.161283,42,14
2020-04-08 00:26:25,-119.861483,0.161283,39,14
2020-04-08 00:26:30,-119.861483,0.161283,44,14
2020-04-08 00:26:35,-119.861483,0.161283,34,14
2020-04-08 00:26:40,-119.861483,0.161283,40,14
2020-04-08 00:26:45,-119.861483,0.161283,44,14
2020-04-08 00:26:50,-119.861483,0.161283,41,14
2020-04-08 00:26:55,-119.861483,0.161283,37,14
2020-04-08 00:27:00,-119.861483,0.161283,40,14
2020-04-08 00:27:05,-119.861483,0.161283,40,14
2020-04-08 00:27:10,-119.861483,0.161283,44,14
2020-04-08 00:27:15,-119.861483,0.161283,38,14
2020-04-08 00:27:20,-119.861483,0.161283,42,14
2020-04-08 00:27:25,-119.861483,0.161283,44,14
2020-04-08 00:27:30,-119.861483,0.161283,44,14
2020-04-08 00:27:35,-119.861483,0.161283,42,14
2020-04-08 00:27:40,-119.861483,0.161283,41,14
2020-04-08 00:27:45,-119.861483,0.161283,39,14
2020-04-08 00:27:50,-119.861483,0.161283,41,14
2020-04-08 00:27:55,-119.861483,0.161283,42,14
2020-04-08 00:28:00,-119.861483,0.161283,43,14
2020-04-08 00:28:05,-119.861483,0.161283,40,14
2020-04-08 00:28:10,-119.861483,0.161283,44,14
2020-04-08 00:28:15,-119.861483,0.161283,42,14
2020-04-08 00:28:20,-119.861483,0.161283,40,14
2020-04-08 00:28:25,-119.861483,0.161283,43,14
2020-04-08 00:28:30,-119.861483,0.161283,45,14
2020-04-08 00:28:35,-119.861483,0.161283,44,14
2020-04-08 00:28:40,-119.861483,0.161283,44,14
2020-04-08 00:28:45,-119.861483,0.161283,42,14
2020-04-08 00:28:50,-119.861483,0.161283,46,14
2020-04-08 00:28:55,-119.861483,0.161283,41,14
2020-04-08 00:29:00,-119.861483,0.161283,41,14
2020-04-08 00:29:05,-119.861483,0.161283,43,14
2020-04-08 00:29:10,-119.861483,0.161283,713.2709977064283,14
2020-04-08 00:29:15,-119.861483,0.161283,45,14
2020-04-08 00:29:20,-119.861483,0.161283,39,14
2020-04-08 00:29:25,-119.861483,0.161283,40,14
2020-04-08 00:29:30,-119.861483,0.161283,48,14
2020-04-08 00:29:35,-119.861483,0.161283,43,14
2020-04-08 00:29:40,-119.861483,0.161283,42,14
2020-04-08 00:29:45,-119.861483,0.161283,36,14
2020-04-08 00:29:50,-119.861483,0.161283,37,14
2020-04-08 00:29:55,-119.861483,0.161283,44,14
2020-04-08 00:30:00,-119.861483,0.161283,39,14
2020-04-08 00:30:05,-119.861483,0.161283,40,14
2020-04-08 00:30:10,-119.861483,0.161283,43,14
2020-04-08 00:30:15,-119.861483,0.161283,43,14
2020-04-08 00:30:20,-119.861483,0.161283,38,14
2020-04-08 00:30:25,-119.861483,0.161283,40,14
2020-04-08 00:30:30,-119.861483,0.161283,45,14
2020-04-08 00:30:35,-119.861483,0.161283,43,14
2020-04-08 00:30:40,-119.861483,0.161283,43,14
2020-04-08 00:30:45,-119.861483,0.161283,41,14
2020-04-08 00:30:50,-119.861483,0.161283,46,14
2020-04-08 00:30:55,-119.861483,0.161283,39,14
2020-04-08 00:31:00,-119.861483,0.161283,39,14
2020-04-08 00:31:05,-119.861483,0.161283,36,14
2020-04-08 00:31:10,-119.861483,0.161283,43,14
2020-04-08 00:31:15,-119.861483,0.161283,40,14
2020-04-08 00:31:20,-119.861483,0.161283,41,14
2020-04-08 00:31:25,-119.861483,0.161283,42,14
2020-04-08 00:31:30,-119.861483,0.161283,44,14
2020-04-08 00:31:35,-119.861483,0.161283,39,14
2020-04-08 00:31:40,-119.861483,0.161283,39,14
2020-04-08 00:31:45,-119.861483,0.161283,44,14
2020-04-08 00:31:50,-119.861483,0.161283,43,14
2020-04-08 00:31:55,-119.861483,0.161283,40,14
2020-04-08 00:32:00,-119.861483,0.161283,39,14
2020-04-08 00:32:05,-119.861483,0.161283,37,14
2020-04-08 00:32:10,-119.861483,0.161283,47,14
2020-04-08 00:32:15,-119.861483,0.161283,46,14
2020-04-08 00:32:20,-119.861483,0.161283,40,14
2020-04-08 00:32:25,-119.861483,0.161283,37,14
2020-04-08 00:32:30,-119.861483,0.161283,46,14
2020-04-08 00:32:35,-119.861483,0.161283,41,14
2020-04-08 00:32:40,-119.861483,0.161283,41,14
2020-04-08 00:32:45,-119.861483,0.161283,41,14
2020-04-08 00:32:50,-119.861483,0.161283,37,14
2020-04-08 00:32:55,-119.861483,0.161283,42,14
2020-04-08 00:33:00,-119.861483,0.161283,41,14
2020-04-08 00:33:05,-119.861483,0.161283,36,14
2020-04-08 00:33:10,-119.861483,0.161283,42,14
2020-04-08 00:33:15,-119.861483,0.161283,39,14
2020-04-08 00:33:20,-119.861483,0.161283,38,14
2020-04-08 00:33:25,-119.861483,0.161283,42,14
2020-04-08 00:33:30,-119.861483,0.161283,39,14
2020-04-08 00:33:35,-119.861483,0.161283,35,14
2020-04-08 00:33:40,-119.861483,0.161283,43,14
2020-04-08 00:33:45,-119.861483,0.161283,40,14
2020-04-08 00:33:50,-119.861483,0.161283,40,14
2020-04-08 00:33:55,-119.861483,0.161283,45,14
2020-04-08 00:34:00,-119.861483,0.161283,39,14
2020-04-08 00:34:05,-119.861483,0.161283,44,14
2020-04-08 00:34:10,-119.861483,0.161283,43,14
2020-04-08 00:34:15,-119.861483,0.161283,38,14
2020-04-08 00:34:20,-119.861483,0.161283,41,14
2020-04-08 00:34:25,-119.861483,0.161283,42,14
2020-04-08 00:34:30,-119.861483,0.161283,46,14
2020-04-08 00:34:35,-119.861483,0.161283,41,14
2020-04-08 00:34:40,-119.861483,0.161283,41,14
2020-04-08 00:34:45,-119.861483,0.161283,46,14
2020-04-08 00:34:50,-119.861483,0.161283,40,14
2020-04-08 00:34:55,-119.861483,0.161283,41,14
2020-04-08 00:35:00,-119.861483,0.161283,42,14
2020-04-08 00:35:05,-119.861483,0.161283,39,14
2020-04-08 00:35:10,-119.861483,0.161283,46,14
2020-04-08 00:35:15,-119.861483,0.161283,38,14
2020-04-08 00:35:20,-119.861483,0.161283,43,14
2020-04-08 00:35:25,-119.861483,0.161283,38,14
2020-04-08 00:35:30,-119.861483,0.161283,44,14
2020-04-08 00:35:35,-119.861483,0.161283,39,14
2020-04-08 00:35:40,-119.861483,0.161283,45,14
2020-04-08 00:35:45,-119.861483,0.161283,41,14
2020-04-08 00:35:50,-119.861483,0.161283,38,14
2020-04-08 00:35:55,-119.861483,0.161283,41,14
2020-04-08 00:36:00,-119.861483,0.161283,41,14
2020-04-08 00:36:05,-119.861483,0.161283,38,14
2020-04-08 00:36:10,-119.861483,0.161283,39,14
2020-04-08 00:36:15,-119.861483,0.161283,38,14
2020-04-08 00:36:20,-119.861483,0.161283,42,14
2020-04-08 00:36:25,-119.861483,0.161283,43,14
2020-04-08 00:36:30,-119.861483,0.161283,38,14
2020-04-08 00:36:35,-119.861483,0.161283,46,14
2020-04-08 00:36:40,-119.861483,0.161283,41,14
2020-04-08 00:36:45,-119.861483,0.161283,44,14
2020-04-08 00:36:50,-119.861483,0.161283,40,14
2020-04-08 00:36:55,-119.861483,0.161283,45,14
2020-04-08 00:37:00,-119.861483,0.161283,42,14
2020-04-08 00:37:05,-119.861483,0.161283,38,14
2020-04-08 00:37:10,-119.861483,0.161283,42,14
2020-04-08 00:37:15,-119.861483,0.161283,44,14
2020-04-08 00:37:20,-119.861483,0.161283,39,14
2020-04-08 00:37:25,-119.861483,0.161283,42,14
2020-04-08 00:37:30,-119.861483,0.161283,42,14
2020-04-08 00:37:35,-119.861483,0.161283,39,14
2020-04-08 00:37:40,-119.861483,0.161283,43,14
2020-04-08 00:37:45,-119.861483,0.161283,40,14
2020-04-08 00:37:50,-119.861483,0.161283,41,14
2020-04-08 00:37:55,-119.861483,0.161283,42,14
2020-04-08 00:38:00,-119.861483,0.161283,45,14
2020-04-08 00:38:05,-119.861483,0.161283,42,14
2020-04-08 00:38:10,-119.861483,0.161283,41,14
2020-04-08 00:38:15,-119.861483,0.161283,39,14
2020-04-08 00:38:20,-119.861483,0.161283,48,14
2020-04-08 00:38:25,-119.861483,0.161283,42,14
2020-04-08 00:38:30,-119.861483,0.161283,38,14
2020-04-08 00:38:35,-119.861483,0.161283,39,14
2020-04-08 00:38:40,-119.861483,0.161283,44,14
2020-04-08 00:38:45,-119.861483,0.161283,39,14
2020-04-08 00:38:50,-119.861483,0.161283,41,14
2020-04-08 00:38:55,-119.861483,0.161283,41,14
2020-04-08 00:39:00,-119.861483,0.161283,45,14
2020-04-08 00:39:05,-119.861483,0.161283,38,14
2020-04-08 00:39:10,-119.861483,0.161283,46,14
2020-04-08 00:39:15,-119.861483,0.161283,36,14
2020-04-08 00:39:20,-119.861483,0.161283,48,14
2020-04-08 00:39:25,-119.861483,0.161283,40,14
2020-04-08 00:39:30,-119.861483,0.161283,45,14
2020-04-08 00:39:35,-119.861483,0.161283,40,14
2020-04-08 00:39:40,-119.861483,0.161283,40,14
2020-04-08 00:39:45,-119.861483,0.161283,43,14
2020-04-08 00:39:50,-119.861483,0.161283,37,14
2020-04-08 00:39:55,-119.861483,0.161283,44,14
2020-04-08 00:40:00,-119.861483,0.161283,45,14
2020-04-08 00:40:05,-119.861483,0.161283,40,14
2020-04-08 00:40:10,-119.861483,0.161283,42,14
2020-04-08 00:40:15,-119.861483,0.161283,40,14
2020-04-08 00:40:20,-119.861483,0.161283,38,14
2020-04-08 00:40:25,-119.861483,0.161283,44,14
2020-04-08 00:40:30,-119.861483,0.161283,43,14
2020-04-08 00:40:35,-119.861483,0.161283,39,14
2020-04-08 00:40:40,-119.861483,0.161283,42,14
2020-04-08 00:40:45,-119.861483,0.161283,40,14
2020-04-08 00:40:50,-119.861483,0.161283,42,14
2020-04-08 00:40:55,-119.861483,0.161283,43,14
2020-04-08 00:41:00,-119.861483,0.161283,42,14
2020-04-08 00:41:05,-119.861483,0.161283,35,14
2020-04-08 00:41:10,-119.861483,0.161283,42,14
2020-04-08 00:41:15,-119.861483,0.161283,40,14
2020-04-08 00:41:20,-119.861483,0.161283,41,14
2020-04-08 00:41:25,-119.861483,0.161283,43,14
2020-04-08 00:41:30,-119.861483,0.161283,42,14
2020-04-08 00:41:35,-119.861483,0.161283,40,14
2020-04-08 00:41:40,-119.861483,0.161283,41,14
2020-04-08 00:41:45,-119.861483,0.161283,42,14
2020-04-08 00:41:50,-119.861483,0.161283,38,14
2020-04-08 00:41:55,-119.861483,0.161283,43,14
2020-04-08 00:42:00,-119.861483,0.161283,39,14
2020-04-08 00:42:05,-119.861483,0.161283,48,14
2020-04-08 00:42:10,-119.861483,0.161283,43,14
2020-04-08 00:42:15,-119.861483,0.161283,41,14
2020-04-08 00:42:20,-119.861483,0.161283,34,14
2020-04-08 00:42:25,-119.861483,0.161283,42,14
2020-04-08 00:42:30,-119.861483,0.161283,42,14
2020-04-08 00:42:35,-119.861483,0.161283,45,14
2020-04-08 00:42:40,-119.861483,0.161283,43,14
2020-04-08 00:42:45,-119.861483,0.161283,42,14
2020-04-08 00:42:50,-119.861483,0.161283,42,14
2020-04-08 00:42:55,-119.861483,0.161283,40,14
2020-04-08 00:43:00,-119.861483,0.161283,41,14
2020-04-08 00:43:05,-119.861483,0.161283,44,14
2020-04-08 00:43:10,-119.861483,0.161283,42,14
2020-04-08 00:43:15,-119.861483,0.161283,42,14
2020-04-08 00:43:20,-119.861483,0.161283,40,14
2020-04-08 00:43:25,-119.861483,0.161283,43,14
2020-04-08 00:43:30,-119.861483,0.161283,40,14
2020-04-08 00:43:35,-119.861483,0.161283,44,14
2020-04-08 00:43:40,-119.861483,0.161283,42,14
2020-04-08 00:43:45,-119.861483,0.161283,41,14
2020-04-08 00:43:50,-119.861483,0.161283,42,14
2020-04-08 00:43:55,-119.861483,0.161283,39,14
2020-04-08 00:44:00,-119.861483,0.161283,43,14
2020-04-08 00:44:05,-119.861483,0.161283,45,14
2020-04-08 00:44:10,-119.861483,0.161283,41,14
2020-04-08 00:44:15,-119.861483,0.161283,40,14
2020-04-08 00:44:20,-119.861483,0.161283,40,14
2020-04-08 00:44:25,-119.861483,0.161283,44,14
2020-04-08 00:44:30,-119.861483,0.161283,47,14
2020-04-08 00:44:35,-119.861483,0.161283,39,14
2020-04-08 00:44:40,-119.861483,0.161283,44,14
2020-04-08 00:44:45,-119.861483,0.161283,40,14
2020-04-08 00:44:50,-119.861483,0.161283,43,14
2020-04-08 00:44:55,-119.861483,0.161283,44,14
2020-04-08 00:45:00,-119.861483,0.161283,50,14
2020-04-08 00:45:05,-119.861483,0.161283,39,14
2020-04-08 00:45:10,-119.861483,0.161283,44,14
2020-04-08 00:45:15,-119.861483,0.161283,43,14
2020-04-08 00:45:20,-119.861483,0.161283,44,14
2020-04-08 00:45:25,-119.861483,0.161283,40,14
2020-04-08 00:45:30,-119.861483,0.161283,43,14
2020-04-08 00:45:35,-119.861483,0.161283,44,14
2020-04-08 00:45:40,-119.861483,0.161283,46,14
2020-04-08 00:45:45,-119.861483,0.161283,41,14
2020-04-08 00:45:50,-119.861483,0.161283,41,14
2020-04-08 00:45:55,-119.861483,0.161283,43,14
2020-04-08 00:46:00,-119.861483,0.161283,45,14
2020-04-08 00:46:05,-119.861483,0.161283,40,14
2020-04-08 00:46:10,-119.861483,0.161283,36,14
2020-04-08 00:46:15,-119.861483,0.161283,44,14
2020-04-08 00:46:20,-119.861483,0.161283,41,14
2020-04-08 00:46:25,-119.861483,0.161283,41,14
2020-04-08 00:46:30,-119.861483,0.161283,40,14
2020-04-08 00:46:35,-119.861483,0.161283,42,14
2020-04-08 00:46:40,-119.861483,0.161283,42,14
2020-04-08 00:46:45,-119.861483,0.161283,44,14
2020-04-08 00:46:50,-119.861483,0.161283,44,14
2020-04-08 00:46:55,-119.861483,0.161283,43,14
2020-04-08 00:47:00,-119.861483,0.161283,43,14
2020-04-08 00:47:05,-119.861483,0.161283,42,14
2020-04-08 00:47:10,-119.861483,0.161283,41,14
2020-04-08 00:47:15,-119.861483,0.161283,39,14
2020-04-08 00:47:20,-119.861483,0.161283,41,14
2020-04-08 00:47:25,-119.861483,0.161283,45,14
2020-04-08 00:47:30,-119.861483,0.161283,41,14
2020-04-08 00:47:35,-119.861483,0.161283,45,14
2020-04-08 00:47:40,-119.861483,0.161283,44,14
2020-04-08 00:47:45,-119.861483,0.161283,45,14
2020-04-08 00:47:50,-119.861483,0.161283,41,14
2020-04-08 00:47:55,-119.861483,0.161283,39,14
2020-04-08 00:48:00,-119.861483,0.161283,41,14
2020-04-08 00:48:05,-119.861483,0.161283,45,14
2020-04-08 00:48:10,-119.861483,0.161283,46,14
2020-04-08 00:48:15,-119.861483,0.161283,44,14
2020-04-08 00:48:20,-119.861483,0.161283,46,14
2020-04-08 00:48:25,-119.861483,0.161283,38,14
2020-04-08 00:48:30,-119.861483,0.161283,41,14
2020-04-08 00:48:35,-119.861483,0.161283,46,14
2020-04-08 00:48:40,-119.861483,0.161283,42,14
2020-04-08 00:48:45,-119.861483,0.161283,40,14
2020-04-08 00:48:50,-119.861483,0.161283,43,14
2020-04-08 00:48:55,-119.861483,0.161283,41,14
2020-04-08 00:49:00,-119.861483,0.161283,39,14
2020-04-08 00:49:05,-119.861483,0.161283,39,14
2020-04-08 00:49:10,-119.861483,0.161283,42,14
2020-04-08 00:49:15,-119.861483,0.161283,41,14
2020-04-08 00:49:20,-119.861483,0.161283,42,14
2020-04-08 00:49:25,-119.861483,0.161283,41,14
2020-04-08 00:49:30,-119.861483,0.161283,45,14
2020-04-08 00:49:35,-119.861483,0.161283,42,14
2020-04-08 00:49:40,-119.861483,0.161283,46,14
2020-04-08 00:49:45,-119.861483,0.161283,41,14
2020-04-08 00:49:50,-119.861483,0.161283,47,14
2020-04-08 00:49:55,-119.861483,0.161283,34,14
2020-04-08 00:50:00,-119.861483,0.161283,39,14
2020-04-08 00:50:05,-119.861483,0.161283,43,14
2020-04-08 00:50:10,-119.861483,0.161283,38,14
2020-04-08 00:50:15,-119.861483,0.161283,51,14
2020-04-08 00:50:20,-119.861483,0.161283,42,14
2020-04-08 00:50:25,-119.861483,0.161283,41,14
2020-04-08 00:50:30,-119.861483,0.161283,36,14
2020-04-08 00:50:35,-119.861483,0.161283,42,14
2020-04-08 00:50:40,-119.861483,0.161283,42,14
2020-04-08 00:50:45,-119.861483,0.161283,40,14
2020-04-08 00:50:50,-119.861483,0.161283,38,14
2020-04-08 00:50:55,-119.861483,0.161283,44,14
2020-04-08 00:51:00,-119.861483,0.161283,37,14
2020-04-08 00:51:05,-119.861483,0.161283,39,14
2020-04-08 00:51:10,-119.861483,0.161283,43,14
2020-04-08 00:51:15,-119.861483,0.161283,40,14
2020-04-08 00:51:20,-119.861483,0.161283,41,14
2020-04-08 00:51:25,-119.861483,0.161283,37,14
2020-04-08 00:51:30,-119.861483,0.161283,44,14
2020-04-08 00:51:35,-119.861483,0.161283,40,14
2020-04-08 00:51:40,-119.861483,0.161283,44,14
2020-04-08 00:51:45,-119.861483,0.161283,40,14
2020-04-08 00:51:50,-119.861483,0.161283,43,14
2020-04-08 00:51:55,-119.861483,0.161283,37,14
2020-04-08 00:52:00,-119.861483,0.161283,36,14
2020-04-08 00:52:05,-119.861483,0.161283,46,14
2020-04-08 00:52:10,-119.861483,0.161283,40,14
2020-04-08 00:52:15,-119.861483,0.161283,44,14
2020-04-08 00:52:20,-119.861483,0.161283,43,14
2020-04-08 00:52:25,-119.861483,0.161283,44,14
2020-04-08 00:52:30,-119.861483,0.161283,45,14
2020-04-08 00:52:35,-119.861483,0.161283,39,14
2020-04-08 00:52:40,-119.861483,0.161283,43,14
2020-04-08 00:52:45,-119.861483,0.161283,41,14
2020-04-08 00:52:50,-119.861483,0.161283,42,14
2020-04-08 00:52:55,-119.861483,0.161283,41,14
2020-04-08 00:53:00,-119.861483,0.161283,42,14
2020-04-08 00:53:05,-119.861483,0.161283,41,14
2020-04-08 00:53:10,-119.861483,0.161283,42,14
2020-04-08 00:53:15,-119.861483,0.161283,39,14
2020-04-08 00:53:20,-119.861483,0.161283,44,14
2020-04-08 00:53:25,-119.861483,0.161283,35,14
2020-04-08 00:53:30,-119.861483,0.161283,38,14
2020-04-08 00:53:35,-119.861483,0.161283,44,14
2020-04-08 00:53:40,-119.861483,0.161283,40,14
2020-04-08 00:53:45,-119.861483,0.161283,44,14
2020-04-08 00:53:50,-119.861483,0.161283,42,14
2020-04-08 00:53:55,-119.861483,0.161283,38,14
2020-04-08 00:54:00,-119.861483,0.161283,44,14
2020-04-08 00:54:05,-119.861483,0.161283,40,14
2020-04-08 00:54:10,-119.861483,0.161283,40,14
2020-04-08 00:54:15,-119.861483,0.161283,42,14
2020-04-08 00:54:20,-119.861483,0.161283,38,14
2020-04-08 00:54:25,-119.861483,0.161283,41,14
2020-04-08 00:54:30,-119.861483,0.161283,42,14
2020-04-08 00:54:35,-119.861483,0.161283,43,14
2020-04-08 00:54:40,-119.861483,0.161283,40,14
2020-04-08 00:54:45,-119.861483,0.161283,41,14
2020-04-08 00:54:50,-119.861483,0.161283,43,14
2020-04-08 00:54:55,-119.861483,0.161283,39,14
2020-04-08 00:55:00,-119.861483,0.161283,45,14
2020-04-08 00:55:05,-119.861483,0.161283,41,14
2020-04-08 00:55:10,-119.861483,0.161283,44,14
2020-04-08 00:55:15,-119.861483,0.161283,37,14
2020-04-08 00:55:20,-119.861483,0.161283,39,14
2020-04-08 00:55:25,-119.861483,0.161283,41,14
2020-04-08 00:55:30,-119.861483,0.161283,44,14
2020-04-08 00:55:35,-119.861483,0.161283,38,14
2020-04-08 00:55:40,-119.861483,0.161283,42,14
2020-04-08 00:55:45,-119.861483,0.161283,35,14
2020-04-08 00:55:50,-119.861483,0.161283,38,14
2020-04-08 00:55:55,-119.861483,0.161283,43,14
2020-04-08 00:56:00,-119.861483,0.161283,44,14
2020-04-08 00:56:05,-119.861483,0.161283,38,14
2020-04-08 00:56:10,-119.861483,0.161283,47,14
2020-04-08 00:56:15,-119.861483,0.161283,39,14
2020-04-08 00:56:20,-119.861483,0.161283,38,14
2020-04-08 00:56:25,-119.861483,0.161283,36,14
2020-04-08 00:56:30,-119.861483,0.161283,38,14
2020-04-08 00:56:35,-119.861483,0.161283,37,14
2020-04-08 00:56:40,-119.861483,0.161283,42,14
2020-04-08 00:56:45,-119.861483,0.161283,44,14
2020-04-08 00:56:50,-119.861483,0.161283,43,14
2020-04-08 00:56:55,-119.861483,0.161283,40,14
2020-04-08 00:57:00,-119.861483,0.161283,40,14
2020-04-08 00:57:05,-119.861483,0.161283,42,14
2020-04-08 00:57:10,-119.861483,0.161283,42,14
2020-04-08 00:57:15,-119.861483,0.161283,40,14
2020-04-08 00:57:20,-119.861483,0.161283,42,14
2020-04-08 00:57:25,-119.861483,0.161283,40,14
2020-04-08 00:57:30,-119.861483,0.161283,41,14
2020-04-08 00:57:35,-119.861483,0.161283,41,14
2020-04-08 00:57:40,-119.861483,0.161283,42,14
2020-04-08 00:57:45,-119.861483,0.161283,46,14
2020-04-08 00:57:50,-119.861483,0.161283,44,14
2020-04-08 00:57:55,-119.861483,0.161283,41,14
2020-04-08 00:58:00,-119.861483,0.161283,39,14
2020-04-08 00:58:05,-119.861483,0.161283,38,14
2020-04-08 00:58:10,-119.861483,0.161283,44,14
2020-04-08 00:58:15,-119.861483,0.161283,39,14
2020-04-08 00:58:20,-119.861483,0.161283,38,14
2020-04-08 00:58:25,-119.861483,0.161283,40,14
2020-04-08 00:58:30,-119.861483,0.161283,42,14
2020-04-08 00:58:35,-119.861483,0.161283,40,14
2020-04-08 00:58:40,-119.861483,0.161283,40,14
2020-04-08 00:58:45,-119.861483,0.161283,44,14
2020-04-08 00:58:50,-119.861483,0.161283,38,14
2020-04-08 00:58:55,-119.861483,0.161283,40,14
2020-04-08 00:59:00,-119.861483,0.161283,43,14
2020-04-08 00:59:05,-119.861483,0.161283,43,14
2020-04-08 00:59:10,-119.861483,0.161283,43,14
2020-04-08 00:59:15,-119.861483,0.161283,42,14
2020-04-08 00:59:20,-119.861483,0.161283,41,14
2020-04-08 00:59:25,-119.861483,0.161283,41,14
2020-04-08 00:59:30,-119.861483,0.161283,39,14
2020-04-08 00:59:35,-119.861483,0.161283,47,14
2020-04-08 00:59:40,-119.861483,0.161283,41,14
2020-04-08 00:59:45,-119.861483,0.161283,47,14
2020-04-08 00:59:50,-119.861483,0.161283,37,14
2020-04-08 00:59:55,-119.861483,0.161283,41,14
2020-04-08 01:00:00,-119.861483,0.161283,40,14
2020-04-08 01:00:05,-119.861483,0.161283,40,14
2020-04-08 01:00:10,-119.861483,0.161283,43,14
2020-04-08 01:00:15,-119.861483,0.161283,39,14
2020-04-08 01:00:20,-119.861483,0.161283,39,14
2020-04-08 01:00:25,-119.861483,0.161283,43,14
2020-04-08 01:00:30,-119.861483,0.161283,40,14
2020-04-08 01:00:35,-119.861483,0.161283,39,14
2020-04-08 01:00:40,-119.861483,0.161283,44,14
2020-04-08 01:00:45,-119.861483,0.161283,48,14
2020-04-08 01:00:50,-119.861483,0.161283,41,14
2020-04-08 01:00:55,-119.861483,0.161283,42,14
2020-04-08 01:01:00,-119.861483,0.161283,46,14
2020-04-08 01:01:05,-119.861483,0.161283,47,14
2020-04-08 01:01:10,-119.861483,0.161283,44,14
2020-04-08 01:01:15,-119.861483,0.161283,39,14
2020-04-08 01:01:20,-119.861483,0.161283,44,14
2020-04-08 01:01:25,-119.861483,0.161283,41,14
2020-04-08 01:01:30,-119.861483,0.161283,46,14
2020-04-08 01:01:35,-119.861483,0.161283,37,14
2020-04-08 01:01:40,-119.861483,0.161283,38,14
2020-04-08 01:01:45,-119.861483,0.161283,37,14
2020-04-08 01:01:50,-119.861483,0.161283,40,14
2020-04-08 01:01:55,-119.861483,0.161283,45,14
2020-04-08 01:02:00,-119.861483,0.161283,42,14
2020-04-08 01:02:05,-119.861483,0.161283,42,14
2020-04-08 01:02:10,-119.861483,0.161283,34,14
2020-04-08 01:02:15,-119.861483,0.161283,42,14
2020-04-08 01:02:20,-119.861483,0.161283,40,14
2020-04-08 01:02:25,-119.861483,0.161283,42,14
2020-04-08 01:02:30,-119.861483,0.161283,41,14
2020-04-08 01:02:35,-119.861483,0.161283,44,14
2020-04-08 01:02:40,-119.861483,0.161283,42,14
2020-04-08 01:02:45,-119.861483,0.161283,41,14
2020-04-08 01:02:50,-119.861483,0.161283,39,14
2020-04-08 01:02:55,-119.861483,0.161283,37,14
2020-04-08 01:03:00,-119.861483,0.161283,45,14
2020-04-08 01:03:05,-119.861483,0.161283,42,14
2020-04-08 01:03:10,-119.861483,0.161283,43,14
2020-04-08 01:03:15,-119.861483,0.161283,47,14
2020-04-08 01:03:20,-119.861483,0.161283,46,14
2020-04-08 01:03:25,-119.861483,0.161283,38,14
2020-04-08 01:03:30,-119.861483,0.161283,43,14
2020-04-08 01:03:35,-119.861483,0.161283,44,14
2020-04-08 01:03:40,-119.861483,0.161283,43,14
2020-04-08 01:03:45,-119.861483,0.161283,43,14
2020-04-08 01:03:50,-119.861483,0.161283,39,14
2020-04-08 01:03:55,-119.861483,0.161283,42,14
2020-04-08 01:04:00,-119.861483,0.161283,47,14
2020-04-08 01:04:05,-119.861483,0.161283,44,14
2020-04-08 01:04:10,-119.861483,0.161283,35,14
2020-04-08 01:04:15,-119.861483,0.161283,41,14
2020-04-08 01:04:20,-119.861483,0.161283,37,14
2020-04-08 01:04:25,-119.861483,0.161283,39,14
2020-04-08 01:04:30,-119.861483,0.161283,37,14
2020-04-08 01:04:35,-119.861483,0.161283,44,14
2020-04-08 01:04:40,-119.861483,0.161283,48,14
2020-04-08 01:04:45,-119.861483,0.161283,41,14
2020-04-08 01:04:50,-119.861483,0.161283,40,14
2020-04-08 01:04:55,-119.861483,0.161283,40,14
2020-04-08 01:05:00,-119.861483,0.161283,36,14
2020-04-08 01:05:05,-119.861483,0.161283,40,14
2020-04-08 01:05:10,-119.861483,0.161283,42,14
2020-04-08 01:05:15,-119.861483,0.161283,43,14
2020-04-08 01:05:20,-119.861483,0.161283,41,14
2020-04-08 01:05:25,-119.861483,0.161283,42,14
2020-04-08 01:05:30,-119.861483,0.161283,43,14
2020-04-08 01:05:35,-119.861483,0.161283,41,14
2020-04-08 01:05:40,-119.861483,0.161283,39,14
2020-04-08 01:05:45,-119.861483,0.161283,39,14
2020-04-08 01:05:50,-119.861483,0.161283,42,14
2020-04-08 01:05:55,-119.861483,0.161283,46,14
2020-04-08 01:06:00,-119.861483,0.161283,39,14
2020-04-08 01:06:05,-119.861483,0.161283,43,14
2020-04-08 01:06:10,-119.861483,0.161283,41,14
2020-04-08 01:06:15,-119.861483,0.161283,42,14
2020-04-08 01:06:20,-119.861483,0.161283,36,14
2020-04-08 01:06:25,-119.861483,0.161283,45,14
2020-04-08 01:06:30,-119.861483,0.161283,39,14
2020-04-08 01:06:35,-119.861483,0.161283,42,14
2020-04-08 01:06:40,-119.861483,0.161283,42,14
2020-04-08 01:06:45,-119.861483,0.161283,36,14
2020-04-08 01:06:50,-119.861483,0.161283,40,14
2020-04-08 01:06:55,-119.861483,0.161283,38,14
2020-04-08 01:07:00,-119.861483,0.161283,45,14
2020-04-08 01:07:05,-119.861483,0.161283,40,14
2020-04-08 01:07:10,-119.861483,0.161283,39,14
2020-04-08 01:07:15,-119.861483,0.161283,36,14
2020-04-08 01:07:20,-119.861483,0.161283,43,14
2020-04-08 01:07:25,-119.861483,0.161283,39,14
2020-04-08 01:07:30,-119.861483,0.161283,42,14
2020-04-08 01:07:35,-119.861483,0.161283,46,14
2020-04-08 01:07:40,-119.861483,0.161283,41,14
2020-04-08 01:07:45,-119.861483,0.161283,41,14
2020-04-08 01:07:50,-119.861483,0.161283,41,14
2020-04-08 01:07:55,-119.861483,0.161283,35,14
2020-04-08 01:08:00,-119.861483,0.161283,44,14
2020-04-08 01:08:05,-119.861483,0.161283,43,14
2020-04-08 01:08:10,-119.861483,0.161283,42,14
2020-04-08 01:08:15,-119.861483,0.161283,40,14
2020-04-08 01:08:20,-119.861483,0.161283,43,14
2020-04-08 01:08:25,-119.861483,0.161283,49,14
2020-04-08 01:08:30,-119.861483,0.161283,41,14
2020-04-08 01:08:35,-119.861483,0.161283,39,14
2020-04-08 01:08:40,-119.861483,0.161283,45,14
2020-04-08 01:08:45,-119.861483,0.161283,40,14
2020-04-08 01:08:50,-119.861483,0.161283,48,14
2020-04-08 01:08:55,-119.861483,0.161283,40,14
2020-04-08 01:09:00,-119.861483,0.161283,45,14
2020-04-08 01:09:05,-119.861483,0.161283,46,14
2020-04-08 01:09:10,-119.861483,0.161283,39,14
2020-04-08 01:09:15,-119.861483,0.161283,45,14
2020-04-08 01:09:20,-119.861483,0.161283,42,14
2020-04-08 01:09:25,-119.861483,0.161283,41,14
2020-04-08 01:09:30,-119.861483,0.161283,42,14
2020-04-08 01:09:35,-119.861483,0.161283,40,14
2020-04-08 01:09:40,-119.861483,0.161283,38,14
2020-04-08 01:09:45,-119.861483,0.161283,38,14
2020-04-08 01:09:50,-119.861483,0.161283,35,14
2020-04-08 01:09:55,-119.861483,0.161283,37,14
2020-04-08 01:10:00,-119.861483,0.161283,42,14
2020-04-08 01:10:05,-119.861483,0.161283,43,14
2020-04-08 01:10:10,-119.861483,0.161283,39,14
2020-04-08 01:10:15,-119.861483,0.161283,41,14
2020-04-08 01:10:20,-119.861483,0.161283,41,14
2020-04-08 01:10:25,-119.861483,0.161283,42,14
2020-04-08 01:10:30,-119.861483,0.161283,47,14
2020-04-08 01:10:35,-119.861483,0.161283,41,14
2020-04-08 01:10:40,-119.861483,0.161283,40,14
2020-04-08 01:10:45,-119.861483,0.161283,43,14
2020-04-08 01:10:50,-119.861483,0.161283,42,14
2020-04-08 01:10:55,-119.861483,0.161283,41,14
2020-04-08 01:11:00,-119.861483,0.161283,41,14
2020-04-08 01:11:05,-119.861483,0.161283,43,14
2020-04-08 01:11:10,-119.861483,0.161283,43,14
2020-04-08 01:11:15,-119.861483,0.161283,40,14
2020-04-08 01:11:20,-119.861483,0.161283,41,14
2020-04-08 01:11:25,-119.861483,0.161283,44,14
2020-04-08 01:11:30,-119.861483,0.161283,39,14
2020-04-08 01:11:35,-119.861483,0.161283,43,14
2020-04-08 01:11:40,-119.861483,0.161283,36,14
2020-04-08 01:11:45,-119.861483,0.161283,39,14
2020-04-08 01:11:50,-119.861483,0.161283,40,14
2020-04-08 01:11:55,-119.861483,0.161283,44,14
2020-04-08 01:12:00,-119.861483,0.161283,44,14
2020-04-08 01:12:05,-119.861483,0.161283,42,14
2020-04-08 01:12:10,-119.861483,0.161283,43,14
2020-04-08 01:12:15,-119.861483,0.161283,42,14
2020-04-08 01:12:20,-119.861483,0.161283,46,14
2020-04-08 01:12:25,-119.861483,0.161283,44,14
2020-04-08 01:12:30,-119.861483,0.161283,47,14
2020-04-08 01:12:35,-119.861483,0.161283,43,14
2020-04-08 01:12:40,-119.861483,0.161283,44,14
2020-04-08 01:12:45,-119.861483,0.161283,44,14
2020-04-08 01:12:50,-119.861483,0.161283,41,14
2020-04-08 01:12:55,-119.861483,0.161283,42,14
2020-04-08 01:13:00,-119.861483,0.161283,41,14
2020-04-08 01:13:05,-119.861483,0.161283,40,14
2020-04-08 01:13:10,-119.861483,0.161283,39,14
2020-04-08 01:13:15,-119.861483,0.161283,41,14
2020-04-08 01:13:20,-119.861483,0.161283,43,14
2020-04-08 01:13:25,-119.861483,0.161283,40,14
2020-04-08 01:13:30,-119.861483,0.161283,43,14
2020-04-08 01:13:35,-119.861483,0.161283,46,14
2020-04-08 01:13:40,-119.861483,0.161283,46,14
2020-04-08 01:13:45,-119.861483,0.161283,40,14
2020-04-08 01:13:50,-119.861483,0.161283,39,14
2020-04-08 01:13:55,-119.861483,0.161283,51,14
2020-04-08 01:14:00,-119.861483,0.161283,44,14
2020-04-08 01:14:05,-119.861483,0.161283,43,14
2020-04-08 01:14:10,-119.861483,0.161283,45,14
2020-04-08 01:14:15,-119.861483,0.161283,40,14
2020-04-08 01:14:20,-119.861483,0.161283,41,14
2020-04-08 01:14:25,-119.861483,0.161283,39,14
2020-04-08 01:14:30,-119.861483,0.161283,39,14
2020-04-08 01:14:35,-119.861483,0.161283,44,14
2020-04-08 01:14:40,-119.861483,0.161283,42,14
2020-04-08 01:14:45,-119.861483,0.161283,42,14
2020-04-08 01:14:50,-119.861483,0.161283,42,14
2020-04-08 01:14:55,-119.861483,0.161283,43,14
2020-04-08 01:15:00,-119.861483,0.161283,43,14
2020-04-08 01:15:05,-119.861483,0.161283,42,14
2020-04-08 01:15:10,-119.861483,0.161283,41,14
2020-04-08 01:15:15,-119.861483,0.161283,41,14
2020-04-08 01:15:20,-119.861483,0.161283,41,14
2020-04-08 01:15:25,-119.861483,0.161283,42,14
2020-04-08 01:15:30,-119.861483,0.161283,39,14
2020-04-08 01:15:35,-119.861483,0.161283,44,14
2020-04-08 01:15:40,-119.861483,0.161283,44,14
2020-04-08 01:15:45,-119.861483,0.161283,40,14
2020-04-08 01:15:50,-119.861483,0.161283,40,14
2020-04-08 01:15:55,-119.861483,0.161283,46,14
2020-04-08 01:16:00,-119.861483,0.161283,41,14
2020-04-08 01:16:05,-119.861483,0.161283,42,14
2020-04-08 01:16:10,-119.861483,0.161283,42,14
2020-04-08 01:16:15,-119.861483,0.161283,47,14
2020-04-08 01:16:20,-119.861483,0.161283,43,14
2020-04-08 01:16:25,-119.861483,0.161283,44,14
2020-04-08 01:16:30,-119.861483,0.161283,43,14
2020-04-08 01:16:35,-119.861483,0.161283,39,14
2020-04-08 01:16:40,-119.861483,0.161283,43,14
2020-04-08 01:16:45,-119.861483,0.161283,46,14
2020-04-08 01:16:50,-119.861483,0.161283,43,14
2020-04-08 01:16:55,-119.861483,0.161283,38,14
2020-04-08 01:17:00,-119.861483,0.161283,40,14
2020-04-08 01:17:05,-119.861483,0.161283,47,14
2020-04-08 01:17:10,-119.861483,0.161283,42,14
2020-04-08 01:17:15,-119.861483,0.161283,40,14
2020-04-08 01:17:20,-119.861483,0.161283,44,14
2020-04-08 01:17:25,-119.861483,0.161283,47,14
2020-04-08 01:17:30,-119.861483,0.161283,43,14
2020-04-08 01:17:35,-119.861483,0.161283,41,14
2020-04-08 01:17:40,-119.861483,0.161283,39,14
2020-04-08 01:17:45,-119.861483,0.161283,42,14
2020-04-08 01:17:50,-119.861483,0.161283,46,14
2020-04-08 01:17:55,-119.861483,0.161283,46,14
2020-04-08 01:18:00,-119.861483,0.161283,45,14
2020-04-08 01:18:05,-119.861483,0.161283,46,14
2020-04-08 01:18:10,-119.861483,0.161283,36,14
2020-04-08 01:18:15,-119.861483,0.161283,44,14
2020-04-08 01:18:20,-119.861483,0.161283,44,14
2020-04-08 01:18:25,-119.861483,0.161283,38,14
2020-04-08 01:18:30,-119.861483,0.161283,42,14
2020-04-08 01:18:35,-119.861483,0.161283,45,14
2020-04-08 01:18:40,-119.861483,0.161283,41,14
2020-04-08 01:18:45,-119.861483,0.161283,40,14
2020-04-08 01:18:50,-119.861483,0.161283,39,14
2020-04-08 01:18:55,-119.861483,0.161283,44,14
2020-04-08 01:19:00,-119.861483,0.161283,46,14
2020-04-08 01:19:05,-119.861483,0.161283,40,14
2020-04-08 01:19:10,-119.861483,0.161283,43,14
2020-04-08 01:19:15,-119.861483,0.161283,45,14
2020-04-08 01:19:20,-119.861483,0.161283,42,14
2020-04-08 01:19:25,-119.861483,0.161283,40,14
2020-04-08 01:19:30,-119.861483,0.161283,41,14
2020-04-08 01:19:35,-119.861483,0.161283,41,14
2020-04-08 01:19:40,-119.861483,0.161283,41,14
2020-04-08 01:19:45,-119.861483,0.161283,39,14
2020-04-08 01:19:50,-119.861483,0.161283,40,14
2020-04-08 01:19:55,-119.861483,0.161283,43,14
2020-04-08 01:20:00,-119.861483,0.161283,41,14
2020-04-08 01:20:05,-119.861483,0.161283,43,14
2020-04-08 01:20:10,-119.861483,0.161283,44,14
2020-04-08 01:20:15,-119.861483,0.161283,40,14
2020-04-08 01:20:20,-119.861483,0.161283,40,14
2020-04-08 01:20:25,-119.861483,0.161283,41,14
2020-04-08 01:20:30,-119.861483,0.161283,40,14
2020-04-08 01:20:35,-119.861483,0.161283,39,14
2020-04-08 01:20:40,-119.861483,0.161283,44,14
2020-04-08 01:20:45,-119.861483,0.161283,44,14
2020-04-08 01:20:50,-119.861483,0.161283,44,14
2020-04-08 01:20:55,-119.861483,0.161283,38,14
2020-04-08 01:21:00,-119.861483,0.161283,42,14
2020-04-08 01:21:05,-119.861483,0.161283,42,14
2020-04-08 01:21:10,-119.861483,0.161283,37,14
2020-04-08 01:21:15,-119.861483,0.161283,43,14
2020-04-08 01:21:20,-119.861483,0.161283,40,14
2020-04-08 01:21:25,-119.861483,0.161283,42,14
2020-04-08 01:21:30,-119.861483,0.161283,42,14
2020-04-08 01:21:35,-119.861483,0.161283,41,14
2020-04-08 01:21:40,-119.861483,0.161283,41,14
2020-04-08 01:21:45,-119.861483,0.161283,44,14
2020-04-08 01:21:50,-119.861483,0.161283,43,14
2020-04-08 01:21:55,-119.861483,0.161283,39,14
2020-04-08 01:22:00,-119.861483,0.161283,36,14
2020-04-08 01:22:05,-119.861483,0.161283,44,14
2020-04-08 01:22:10,-119.861483,0.161283,42,14
2020-04-08 01:22:15,-119.861483,0.161283,36,14
2020-04-08 01:22:20,-119.861483,0.161283,33,14
2020-04-08 01:22:25,-119.861483,0.161283,46,14
2020-04-08 01:22:30,-119.861483,0.161283,39,14
2020-04-08 01:22:35,-119.861483,0.161283,41,14
2020-04-08 01:22:40,-119.861483,0.161283,46,14
2020-04-08 01:22:45,-119.861483,0.161283,40,14
2020-04-08 01:22:50,-119.861483,0.161283,43,14
2020-04-08 01:22:55,-119.861483,0.161283,49,14
2020-04-08 01:23:00,-119.861483,0.161283,39,14
2020-04-08 01:23:05,-119.861483,0.161283,47,14
2020-04-08 01:23:10,-119.861483,0.161283,46,14
2020-04-08 01:23:15,-119.861483,0.161283,40,14
2020-04-08 01:23:20,-119.861483,0.161283,43,14
2020-04-08 01:23:25,-119.861483,0.161283,38,14
2020-04-08 01:23:30,-119.861483,0.161283,44,14
2020-04-08 01:23:35,-119.861483,0.161283,41,14
2020-04-08 01:23:40,-119.861483,0.161283,42,14
2020-04-08 01:23:45,-119.861483,0.161283,42,14
2020-04-08 01:23:50,-119.861483,0.161283,39,14
2020-04-08 01:23:55,-119.861483,0.161283,41,14
2020-04-08 01:24:00,-119.861483,0.161283,40,14
2020-04-08 01:24:05,-119.861483,0.161283,38,14
2020-04-08 01:24:10,-119.861483,0.161283,41,14
2020-04-08 01:24:15,-119.861483,0.161283,39,14
2020-04-08 01:24:20,-119.861483,0.161283,48,14
2020-04-08 01:24:25,-119.861483,0.161283,44,14
2020-04-08 01:24:30,-119.861483,0.161283,42,14
2020-04-08 01:24:35,-119.861483,0.161283,43,14
2020-04-08 01:24:40,-119.861483,0.161283,39,14
2020-04-08 01:24:45,-119.861483,0.161283,42,14
2020-04-08 01:24:50,-119.861483,0.161283,43,14
2020-04-08 01:24:55,-119.861483,0.161283,39,14
2020-04-08 01:25:00,-119.861483,0.161283,43,14
2020-04-08 01:25:05,-119.861483,0.161283,38,14
2020-04-08 01:25:10,-119.861483,0.161283,41,14
2020-04-08 01:25:15,-119.861483,0.161283,35,14
2020-04-08 01:25:20,-119.861483,0.161283,46,14
2020-04-08 01:25:25,-119.861483,0.161283,43,14
2020-04-08 01:25:30,-119.861483,0.161283,45,14
2020-04-08 01:25:35,-119.861483,0.161283,42,14
2020-04-08 01:25:40,-119.861483,0.161283,39,14
2020-04-08 01:25:45,-119.861483,0.161283,41,14
2020-04-08 01:25:50,-119.861483,0.161283,42,14
2020-04-08 01:25:55,-119.861483,0.161283,40,14
2020-04-08 01:26:00,-119.861483,0.161283,38,14
2020-04-08 01:26:05,-119.861483,0.161283,43,14
2020-04-08 01:26:10,-119.861483,0.161283,41,14
2020-04-08 01:26:15,-119.861483,0.161283,41,14
2020-04-08 01:26:20,-119.861483,0.161283,42,14
2020-04-08 01:26:25,-119.861483,0.161283,39,14
2020-04-08 01:26:30,-119.861483,0.161283,39,14
2020-04-08 01:26:35,-119.861483,0.161283,40,14
2020-04-08 01:26:40,-119.861483,0.161283,44,14
2020-04-08 01:26:45,-119.861483,0.161283,42,14
2020-04-08 01:26:50,-119.861483,0.161283,42,14
2020-04-08 01:26:55,-119.861483,0.161283,45,14
2020-04-08 01:27:00,-119.861483,0.161283,42,14
2020-04-08 01:27:05,-119.861483,0.161283,48,14
2020-04-08 01:27:10,-119.861483,0.161283,39,14
2020-04-08 01:27:15,-119.861483,0.161283,39,14
2020-04-08 01:27:20,-119.861483,0.161283,42,14
2020-04-08 01:27:25,-119.861483,0.161283,39,14
2020-04-08 01:27:30,-119.861483,0.161283,41,14
2020-04-08 01:27:35,-119.861483,0.161283,44,14
2020-04-08 01:27:40,-119.861483,0.161283,41,14
2020-04-08 01:27:45,-119.861483,0.161283,43,14
2020-04-08 01:27:50,-119.861483,0.161283,42,14
2020-04-08 01:27:55,-119.861483,0.161283,37,14
2020-04-08 01:28:00,-119.861483,0.161283,42,14
2020-04-08 01:28:05,-119.861483,0.161283,47,14
2020-04-08 01:28:10,-119.861483,0.161283,45,14
2020-04-08 01:28:15,-119.861483,0.161283,43,14
2020-04-08 01:28:20,-119.861483,0.161283,35,14
2020-04-08 01:28:25,-119.861483,0.161283,41,14
2020-04-08 01:28:30,-119.861483,0.161283,40,14
2020-04-08 01:28:35,-119.861483,0.161283,41,14
2020-04-08 01:28:40,-119.861483,0.161283,43,14
2020-04-08 01:28:45,-119.861483,0.161283,42,14
2020-04-08 01:28:50,-119.861483,0.161283,44,14
2020-04-08 01:28:55,-119.861483,0.161283,37,14
2020-04-08 01:29:00,-119.861483,0.161283,39,14
2020-04-08 01:29:05,-119.861483,0.161283,38,14
2020-04-08 01:29:10,-119.861483,0.161283,42,14
2020-04-08 01:29:15,-119.861483,0.161283,43,14
2020-04-08 01:29:20,-119.861483,0.161283,38,14
2020-04-08 01:29:25,-119.861483,0.161283,42,14
2020-04-08 01:29:30,-119.861483,0.161283,38,14
2020-04-08 01:29:35,-119.861483,0.161283,38,14
2020-04-08 01:29:40,-119.861483,0.161283,44,14
2020-04-08 01:29:45,-119.861483,0.161283,41,14
2020-04-08 01:29:50,-119.861483,0.161283,40,14
2020-04-08 01:29:55,-119.861483,0.161283,45,14
2020-04-08 01:30:00,-119.861483,0.161283,41,14
2020-04-08 01:30:05,-119.861483,0.161283,43,14
2020-04-08 01:30:10,-119.861483,0.161283,38,14
2020-04-08 01:30:15,-119.861483,0.161283,39,14
2020-04-08 01:30:20,-119.861483,0.161283,40,14
2020-04-08 01:30:25,-119.861483,0.161283,37,14
2020-04-08 01:30:30,-119.861483,0.161283,41,14
2020-04-08 01:30:35,-119.861483,0.161283,40,14
2020-04-08 01:30:40,-119.861483,0.161283,39,14
2020-04-08 01:30:45,-119.861483,0.161283,39,14
2020-04-08 01:30:50,-119.861483,0.161283,38,14
2020-04-08 01:30:55,-119.861483,0.161283,37,14
2020-04-08 01:31:00,-119.861483,0.161283,42,14
2020-04-08 01:31:05,-119.861483,0.161283,40,14
2020-04-08 01:31:10,-119.861483,0.161283,41,14
2020-04-08 01:31:15,-119.861483,0.161283,41,14
2020-04-08 01:31:20,-119.861483,0.161283,40,14
2020-04-08 01:31:25,-119.861483,0.161283,36,14
2020-04-08 01:31:30,-119.861483,0.161283,44,14
2020-04-08 01:31:35,-119.861483,0.161283,44,14
2020-04-08 01:31:40,-119.861483,0.161283,40,14
2020-04-08 01:31:45,-119.861483,0.161283,37,14
2020-04-08 01:31:50,-119.861483,0.161283,41,14
2020-04-08 01:31:55,-119.861483,0.161283,43,14
2020-04-08 01:32:00,-119.861483,0.161283,43,14
2020-04-08 01:32:05,-119.861483,0.161283,40,14
2020-04-08 01:32:10,-119.861483,0.161283,41,14
2020-04-08 01:32:15,-119.861483,0.161283,46,14
2020-04-08 01:32:20,-119.861483,0.161283,41,14
2020-04-08 01:32:25,-119.861483,0.161283,40,14
2020-04-08 01:32:30,-119.861483,0.161283,42,14
2020-04-08 01:32:35,-119.861483,0.161283,36,14
2020-04-08 01:32:40,-119.861483,0.161283,41,14
2020-04-08 01:32:45,-119.861483,0.161283,40,14
2020-04-08 01:32:50,-119.861483,0.161283,39,14
2020-04-08 01:32:55,-119.861483,0.161283,40,14
2020-04-08 01:33:00,-119.861483,0.161283,44,14
2020-04-08 01:33:05,-119.861483,0.161283,45,14
2020-04-08 01:33:10,-119.861483,0.161283,42,14
2020-04-08 01:33:15,-119.861483,0.161283,41,14
2020-04-08 01:33:20,-119.861483,0.161283,43,14
2020-04-08 01:33:25,-119.861483,0.161283,38,14
2020-04-08 01:33:30,-119.861483,0.161283,38,14
2020-04-08 01:33:35,-119.861483,0.161283,44,14
2020-04-08 01:33:40,-119.861483,0.161283,40,14
2020-04-08 01:33:45,-119.861483,0.161283,37,14
2020-04-08 01:33:50,-119.861483,0.161283,44,14
2020-04-08 01:33:55,-119.861483,0.161283,44,14
2020-04-08 01:34:00,-119.861483,0.161283,47,14
2020-04-08 01:34:05,-119.861483,0.161283,35,14
2020-04-08 01:34:10,-119.861483,0.161283,39,14
2020-04-08 01:34:15,-119.861483,0.161283,41,14
2020-04-08 01:34:20,-119.861483,0.161283,40,14
2020-04-08 01:34:25,-119.861483,0.161283,46,14
2020-04-08 01:34:30,-119.861483,0.161283,44,14
2020-04-08 01:34:35,-119.861483,0.161283,39,14
2020-04-08 01:34:40,-119.861483,0.161283,45,14
2020-04-08 01:34:45,-119.861483,0.161283,40,14
2020-04-08 01:34:50,-119.861483,0.161283,40,14
2020-04-08 01:34:55,-119.861483,0.161283,41,14
2020-04-08 01:35:00,-119.861483,0.161283,41,14
2020-04-08 01:35:05,-119.861483,0.161283,35,14
2020-04-08 01:35:10,-119.861483,0.161283,40,14
2020-04-08 01:35:15,-119.861483,0.161283,39,14
2020-04-08 01:35:20,-119.861483,0.161283,42,14
2020-04-08 01:35:25,-119.861483,0.161283,38,14
2020-04-08 01:35:30,-119.861483,0.161283,41,14
2020-04-08 01:35:35,-119.861483,0.161283,42,14
2020-04-08 01:35:40,-119.861483,0.161283,44,14
2020-04-08 01:35:45,-119.861483,0.161283,43,14
2020-04-08 01:35:50,-119.861483,0.161283,40,14
2020-04-08 01:35:55,-119.861483,0.161283,45,14
2020-04-08 01:36:00,-119.861483,0.161283,45,14
2020-04-08 01:36:05,-119.861483,0.161283,41,14
2020-04-08 01:36:10,-119.861483,0.161283,42,14
2020-04-08 01:36:15,-119.861483,0.161283,39,14
2020-04-08 01:36:20,-119.861483,0.161283,44,14
2020-04-08 01:36:25,-119.861483,0.161283,41,14
2020-04-08 01:36:30,-119.861483,0.161283,45,14
2020-04-08 01:36:35,-119.861483,0.161283,40,14
2020-04-08 01:36:40,-119.861483,0.161283,39,14
2020-04-08 01:36:45,-119.861483,0.161283,40,14
2020-04-08 01:36:50,-119.861483,0.161283,44,14
2020-04-08 01:36:55,-119.861483,0.161283,43,14
2020-04-08 01:37:00,-119.861483,0.161283,37,14
2020-04-08 01:37:05,-119.861483,0.161283,41,14
2020-04-08 01:37:10,-119.861483,0.161283,41,14
2020-04-08 01:37:15,-119.861483,0.161283,43,14
2020-04-08 01:37:20,-119.861483,0.161283,40,14
2020-04-08 01:37:25,-119.861483,0.161283,40,14
2020-04-08 01:37:30,-119.861483,0.161283,39,14
2020-04-08 01:37:35,-119.861483,0.161283,39,14
2020-04-08 01:37:40,-119.861483,0.161283,41,14
2020-04-08 01:37:45,-119.861483,0.161283,46,14
2020-04-08 01:37:50,-119.861483,0.161283,39,14
2020-04-08 01:37:55,-119.861483,0.161283,37,14
2020-04-08 01:38:00,-119.861483,0.161283,39,14
2020-04-08 01:38:05,-119.861483,0.161283,38,14
2020-04-08 01:38:10,-119.861483,0.161283,40,14
2020-04-08 01:38:15,-119.861483,0.161283,44,14
2020-04-08 01:38:20,-119.861483,0.161283,39,14
2020-04-08 01:38:25,-119.861483,0.161283,38,14
2020-04-08 01:38:30,-119.861483,0.161283,44,14
2020-04-08 01:38:35,-119.861483,0.161283,44,14
2020-04-08 01:38:40,-119.861483,0.161283,39,14
2020-04-08 01:38:45,-119.861483,0.161283,45,14
2020-04-08 01:38:50,-119.861483,0.161283,37,14
2020-04-08 01:38:55,-119.861483,0.161283,39,14
2020-04-08 01:39:00,-119.861483,0.161283,48,14
2020-04-08 01:39:05,-119.861483,0.161283,44,14
2020-04-08 01:39:10,-119.861483,0.161283,42,14
2020-04-08 01:39:15,-119.861483,0.161283,42,14
2020-04-08 01:39:20,-119.861483,0.161283,41,14
2020-04-08 01:39:25,-119.861483,0.161283,34,14
2020-04-08 01:39:30,-119.861483,0.161283,51,14
2020-04-08 01:39:35,-119.861483,0.161283,43,14
2020-04-08 01:39:40,-119.861483,0.161283,44,14
2020-04-08 01:39:45,-119.861483,0.161283,45,14
2020-04-08 01:39:50,-119.861483,0.161283,39,14
2020-04-08 01:39:55,-119.861483,0.161283,43,14
2020-04-08 01:40:00,-119.861483,0.161283,42,14
2020-04-08 01:40:05,-119.861483,0.161283,42,14
2020-04-08 01:40:10,-119.861483,0.161283,38,14
2020-04-08 01:40:15,-119.861483,0.161283,41,14
2020-04-08 01:40:20,-119.861483,0.161283,41,14
2020-04-08 01:40:25,-119.861483,0.161283,43,14
2020-04-08 01:40:30,-119.861483,0.161283,44,14
2020-04-08 01:40:35,-119.861483,0.161283,41,14
2020-04-08 01:40:40,-119.861483,0.161283,45,14
2020-04-08 01:40:45,-119.861483,0.161283,47,14
2020-04-08 01:40:50,-119.861483,0.161283,42,14
2020-04-08 01:40:55,-119.861483,0.161283,41,14
2020-04-08 01:41:00,-119.861483,0.161283,43,14
2020-04-08 01:41:05,-119.861483,0.161283,43,14
2020-04-08 01:41:10,-119.861483,0.161283,48,14
2020-04-08 01:41:15,-119.861483,0.161283,39,14
2020-04-08 01:41:20,-119.861483,0.161283,39,14
2020-04-08 01:41:25,-119.861483,0.161283,42,14
2020-04-08 01:41:30,-119.861483,0.161283,47,14
2020-04-08 01:41:35,-119.861483,0.161283,46,14
2020-04-08 01:41:40,-119.861483,0.161283,39,14
2020-04-08 01:41:45,-119.861483,0.161283,42,14
2020-04-08 01:41:50,-119.861483,0.161283,42,14
2020-04-08 01:41:55,-119.861483,0.161283,50,14
2020-04-08 01:42:00,-119.861483,0.161283,41,14
2020-04-08 01:42:05,-119.861483,0.161283,34,14
2020-04-08 01:42:10,-119.861483,0.161283,45,14
2020-04-08 01:42:15,-119.861483,0.161283,43,14
2020-04-08 01:42:20,-119.861483,0.161283,40,14
2020-04-08 01:42:25,-119.861483,0.161283,41,14
2020-04-08 01:42:30,-119.861483,0.161283,40,14
2020-04-08 01:42:35,-119.861483,0.161283,46,14
2020-04-08 01:42:40,-119.861483,0.161283,45,14
2020-04-08 01:42:45,-119.861483,0.161283,39,14
2020-04-08 01:42:50,-119.861483,0.161283,44,14
2020-04-08 01:42:55,-119.861483,0.161283,38,14
2020-04-08 01:43:00,-119.861483,0.161283,40,14
2020-04-08 01:43:05,-119.861483,0.161283,38,14
2020-04-08 01:43:10,-119.861483,0.161283,43,14
2020-04-08 01:43:15,-119.861483,0.161283,40,14
2020-04-08 01:43:20,-119.861483,0.161283,42,14
2020-04-08 01:43:25,-119.861483,0.161283,37,14
2020-04-08 01:43:30,-119.861483,0.161283,42,14
2020-04-08 01:43:35,-119.861483,0.161283,41,14
2020-04-08 01:43:40,-119.861483,0.161283,45,14
2020-04-08 01:43:45,-119.861483,0.161283,42,14
2020-04-08 01:43:50,-119.861483,0.161283,43,14
2020-04-08 01:43:55,-119.861483,0.161283,43,14
2020-04-08 01:44:00,-119.861483,0.161283,36,14
2020-04-08 01:44:05,-119.861483,0.161283,46,14
2020-04-08 01:44:10,-119.861483,0.161283,48,14
2020-04-08 01:44:15,-119.861483,0.161283,44,14
2020-04-08 01:44:20,-119.861483,0.161283,37,14
2020-04-08 01:44:25,-119.861483,0.161283,38,14
2020-04-08 01:44:30,-119.861483,0.161283,40,14
2020-04-08 01:44:35,-119.861483,0.161283,42,14
2020-04-08 01:44:40,-119.861483,0.161283,41,14
2020-04-08 01:44:45,-119.861483,0.161283,39,14
2020-04-08 01:44:50,-119.861483,0.161283,44,14
2020-04-08 01:44:55,-119.861483,0.161283,43,14
2020-04-08 01:45:00,-119.861483,0.161283,41,14
2020-04-08 01:45:05,-119.861483,0.161283,44,14
2020-04-08 01:45:10,-119.861483,0.161283,47,14
2020-04-08 01:45:15,-119.861483,0.161283,43,14
2020-04-08 01:45:20,-119.861483,0.161283,40,14
2020-04-08 01:45:25,-119.861483,0.161283,44,14
2020-04-08 01:45:30,-119.861483,0.161283,47,14
2020-04-08 01:45:35,-119.861483,0.161283,42,14
2020-04-08 01:45:40,-119.861483,0.161283,41,14
2020-04-08 01:45:45,-119.861483,0.161283,42,14
2020-04-08 01:45:50,-119.861483,0.161283,38,14
2020-04-08 01:45:55,-119.861483,0.161283,44,14
2020-04-08 01:46:00,-119.861483,0.161283,45,14
2020-04-08 01:46:05,-119.861483,0.161283,37,14
2020-04-08 01:46:10,-119.861483,0.161283,43,14
2020-04-08 01:46:15,-119.861483,0.161283,42,14
2020-04-08 01:46:20,-119.861483,0.161283,44,14
2020-04-08 01:46:25,-119.861483,0.161283,40,14
2020-04-08 01:46:30,-119.861483,0.161283,42,14
2020-04-08 01:46:35,-119.861483,0.161283,39,14
2020-04-08 01:46:40,-119.861483,0.161283,42,14
2020-04-08 01:46:45,-119.861483,0.161283,40,14
2020-04-08 01:46:50,-119.861483,0.161283,42,14
2020-04-08 01:46:55,-119.861483,0.161283,47,14
2020-04-08 01:47:00,-119.861483,0.161283,49,14
2020-04-08 01:47:05,-119.861483,0.161283,39,14
2020-04-08 01:47:10,-119.861483,0.161283,41,14
2020-04-08 01:47:15,-119.861483,0.161283,40,14
2020-04-08 01:47:20,-119.861483,0.161283,38,14
2020-04-08 01:47:25,-119.861483,0.161283,44,14
2020-04-08 01:47:30,-119.861483,0.161283,44,14
2020-04-08 01:47:35,-119.861483,0.161283,37,14
2020-04-08 01:47:40,-119.861483,0.161283,43,14
2020-04-08 01:47:45,-119.861483,0.161283,38,14
2020-04-08 01:47:50,-119.861483,0.161283,43,14
2020-04-08 01:47:55,-119.861483,0.161283,39,14
2020-04-08 01:48:00,-119.861483,0.161283,38,14
2020-04-08 01:48:05,-119.861483,0.161283,35,14
2020-04-08 01:48:10,-119.861483,0.161283,40,14
2020-04-08 01:48:15,-119.861483,0.161283,40,14
2020-04-08 01:48:20,-119.861483,0.161283,39,14
2020-04-08 01:48:25,-119.861483,0.161283,42,14
2020-04-08 01:48:30,-119.861483,0.161283,41,14
2020-04-08 01:48:35,-119.861483,0.161283,38,14
2020-04-08 01:48:40,-119.861483,0.161283,43,14
2020-04-08 01:48:45,-119.861483,0.161283,39,14
2020-04-08 01:48:50,-119.861483,0.161283,41,14
2020-04-08 01:48:55,-119.861483,0.161283,38,14
2020-04-08 01:49:00,-119.861483,0.161283,45,14
2020-04-08 01:49:05,-119.861483,0.161283,41,14
2020-04-08 01:49:10,-119.861483,0.161283,37,14
2020-04-08 01:49:15,-119.861483,0.161283,41,14
2020-04-08 01:49:20,-119.861483,0.161283,46,14
2020-04-08 01:49:25,-119.861483,0.161283,40,14
2020-04-08 01:49:30,-119.861483,0.161283,44,14
2020-04-08 01:49:35,-119.861483,0.161283,39,14
2020-04-08 01:49:40,-119.861483,0.161283,41,14
2020-04-08 01:49:45,-119.861483,0.161283,43,14
2020-04-08 01:49:50,-119.861483,0.161283,44,14
2020-04-08 01:49:55,-119.861483,0.161283,40,14
2020-04-08 01:50:00,-119.861483,0.161283,45,14
2020-04-08 01:50:05,-119.861483,0.161283,46,14
2020-04-08 01:50:10,-119.861483,0.161283,41,14
2020-04-08 01:50:15,-119.861483,0.161283,43,14
2020-04-08 01:50:20,-119.861483,0.161283,43,14
2020-04-08 01:50:25,-119.861483,0.161283,41,14
2020-04-08 01:50:30,-119.861483,0.161283,40,14
2020-04-08 01:50:35,-119.861483,0.161283,47,14
2020-04-08 01:50:40,-119.861483,0.161283,49,14
2020-04-08 01:50:45,-119.861483,0.161283,44,14
2020-04-08 01:50:50,-119.861483,0.161283,42,14
2020-04-08 01:50:55,-119.861483,0.161283,38,14
2020-04-08 01:51:00,-119.861483,0.161283,40,14
2020-04-08 01:51:05,-119.861483,0.161283,40,14
2020-04-08 01:51:10,-119.861483,0.161283,39,14
2020-04-08 01:51:15,-119.861483,0.161283,42,14
2020-04-08 01:51:20,-119.861483,0.161283,44,14
2020-04-08 01:51:25,-119.861483,0.161283,41,14
2020-04-08 01:51:30,-119.861483,0.161283,43,14
2020-04-08 01:51:35,-119.861483,0.161283,41,14
2020-04-08 01:51:40,-119.861483,0.161283,39,14
2020-04-08 01:51:45,-119.861483,0.161283,43,14
2020-04-08 01:51:50,-119.861483,0.161283,41,14
2020-04-08 01:51:55,-119.861483,0.161283,37,14
2020-04-08 01:52:00,-119.861483,0.161283,40,14
2020-04-08 01:52:05,-119.861483,0.161283,41,14
2020-04-08 01:52:10,-119.861483,0.161283,40,14
2020-04-08 01:52:15,-119.861483,0.161283,40,14
2020-04-08 01:52:20,-119.861483,0.161283,44,14
2020-04-08 01:52:25,-119.861483,0.161283,40,14
2020-04-08 01:52:30,-119.861483,0.161283,43,14
2020-04-08 01:52:35,-119.861483,0.161283,39,14
2020-04-08 01:52:40,-119.861483,0.161283,39,14
2020-04-08 01:52:45,-119.861483,0.161283,45,14
2020-04-08 01:52:50,-119.861483,0.161283,43,14
2020-04-08 01:52:55,-119.861483,0.161283,36,14
2020-04-08 01:53:00,-119.861483,0.161283,42,14
2020-04-08 01:53:05,-119.861483,0.161283,37,14
2020-04-08 01:53:10,-119.861483,0.161283,43,14
2020-04-08 01:53:15,-119.861483,0.161283,45,14
2020-04-08 01:53:20,-119.861483,0.161283,37,14
2020-04-08 01:53:25,-119.861483,0.161283,43,14
2020-04-08 01:53:30,-119.861483,0.161283,42,14
2020-04-08 01:53:35,-119.861483,0.161283,41,14
2020-04-08 01:53:40,-119.861483,0.161283,39,14
2020-04-08 01:53:45,-119.861483,0.161283,46,14
2020-04-08 01:53:50,-119.861483,0.161283,39,14
2020-04-08 01:53:55,-119.861483,0.161283,41,14
2020-04-08 01:54:00,-119.861483,0.161283,36,14
2020-04-08 01:54:05,-119.861483,0.161283,45,14
2020-04-08 01:54:10,-119.861483,0.161283,44,14
2020-04-08 01:54:15,-119.861483,0.161283,37,14
2020-04-08 01:54:20,-119.861483,0.161283,37,14
2020-04-08 01:54:25,-119.861483,0.161283,41,14
2020-04-08 01:54:30,-119.861483,0.161283,48,14
2020-04-08 01:54:35,-119.861483,0.161283,39,14
2020-04-08 01:54:40,-119.861483,0.161283,41,14
2020-04-08 01:54:45,-119.861483,0.161283,39,14
2020-04-08 01:54:50,-119.861483,0.161283,40,14
2020-04-08 01:54:55,-119.861483,0.161283,40,14
2020-04-08 01:55:00,-119.861483,0.161283,42,14
2020-04-08 01:55:05,-119.861483,0.161283,38,14
2020-04-08 01:55:10,-119.861483,0.161283,44,14
2020-04-08 01:55:15,-119.861483,0.161283,45,14
2020-04-08 01:55:20,-119.861483,0.161283,42,14
2020-04-08 01:55:25,-119.861483,0.161283,38,14
2020-04-08 01:55:30,-119.861483,0.161283,42,14
2020-04-08 01:55:35,-119.861483,0.161283,39,14
2020-04-08 01:55:40,-119.861483,0.161283,39,14
2020-04-08 01:55:45,-119.861483,0.161283,34,14
2020-04-08 01:55:50,-119.861483,0.161283,40,14
2020-04-08 01:55:55,-119.861483,0.161283,40,14
2020-04-08 01:56:00,-119.861483,0.161283,37,14
2020-04-08 01:56:05,-119.861483,0.161283,41,14
2020-04-08 01:56:10,-119.861483,0.161283,38,14
2020-04-08 01:56:15,-119.861483,0.161283,38,14
2020-04-08 01:56:20,-119.861483,0.161283,43,14
2020-04-08 01:56:25,-119.861483,0.161283,40,14
2020-04-08 01:56:30,-119.861483,0.161283,36,14
2020-04-08 01:56:35,-119.861483,0.161283,39,14
2020-04-08 01:56:40,-119.861483,0.161283,41,14
2020-04-08 01:56:45,-119.861483,0.161283,40,14
2020-04-08 01:56:50,-119.861483,0.161283,33,14
2020-04-08 01:56:55,-119.861483,0.161283,40,14
2020-04-08 01:57:00,-119.861483,0.161283,43,14
2020-04-08 01:57:05,-119.861483,0.161283,40,14
2020-04-08 01:57:10,-119.861483,0.161283,42,14
2020-04-08 01:57:15,-119.861483,0.161283,44,14
2020-04-08 01:57:20,-119.861483,0.161283,41,14
2020-04-08 01:57:25,-119.861483,0.161283,43,14
2020-04-08 01:57:30,-119.861483,0.161283,45,14
2020-04-08 01:57:35,-119.861483,0.161283,43,14
2020-04-08 01:57:40,-119.861483,0.161283,41,14
2020-04-08 01:57:45,-119.861483,0.161283,45,14
2020-04-08 01:57:50,-119.861483,0.161283,38,14
2020-04-08 01:57:55,-119.861483,0.161283,44,14
2020-04-08 01:58:00,-119.861483,0.161283,41,14
2020-04-08 01:58:05,-119.861483,0.161283,40,14
2020-04-08 01:58:10,-119.861483,0.161283,37,14
2020-04-08 01:58:15,-119.861483,0.161283,44,14
2020-04-08 01:58:20,-119.861483,0.161283,43,14
2020-04-08 01:58:25,-119.861483,0.161283,43,14
2020-04-08 01:58:30,-119.861483,0.161283,38,14
2020-04-08 01:58:35,-119.861483,0.161283,42,14
2020-04-08 01:58:40,-119.861483,0.161283,43,14
2020-04-08 01:58:45,-119.861483,0.161283,46,14
2020-04-08 01:58:50,-119.861483,0.161283,39,14
2020-04-08 01:58:55,-119.861483,0.161283,38,14
2020-04-08 01:59:00,-119.861483,0.161283,39,14
2020-04-08 01:59:05,-119.861483,0.161283,37,14
2020-04-08 01:59:10,-119.861483,0.161283,44,14
2020-04-08 01:59:15,-119.861483,0.161283,43,14
2020-04-08 01:59:20,-119.861483,0.161283,42,14
2020-04-08 01:59:25,-119.861483,0.161283,44,14
2020-04-08 01:59:30,-119.861483,0.161283,38,14
2020-04-08 01:59:35,-119.861483,0.161283,43,14
2020-04-08 01:59:40,-119.861483,0.161283,43,14
2020-04-08 01:59:45,-119.861483,0.161283,40,14
2020-04-08 01:59:50,-119.861483,0.161283,41,14
2020-04-08 01:59:55,-119.861483,0.161283,39,14
2020-04-08 02:00:00,-119.861483,0.161283,42,14
2020-04-08 02:00:05,-119.861483,0.161283,46,14
2020-04-08 02:00:10,-119.861483,0.161283,43,14
2020-04-08 02:00:15,-119.861483,0.161283,42,14
2020-04-08 02:00:20,-119.861483,0.161283,39,14
2020-04-08 02:00:25,-119.861483,0.161283,39,14
2020-04-08 02:00:30,-119.861483,0.161283,37,14
2020-04-08 02:00:35,-119.861483,0.161283,44,14
2020-04-08 02:00:40,-119.861483,0.161283,45,14
2020-04-08 02:00:45,-119.861483,0.161283,38,14
2020-04-08 02:00:50,-119.861483,0.161283,37,14
2020-04-08 02:00:55,-119.861483,0.161283,41,14
2020-04-08 02:01:00,-119.861483,0.161283,43,14
2020-04-08 02:01:05,-119.861483,0.161283,42,14
2020-04-08 02:01:10,-119.861483,0.161283,41,14
2020-04-08 02:01:15,-119.861483,0.161283,40,14
2020-04-08 02:01:20,-119.861483,0.161283,42,14
2020-04-08 02:01:25,-119.861483,0.161283,44,14
2020-04-08 02:01:30,-119.861483,0.161283,43,14
2020-04-08 02:01:35,-119.861483,0.161283,40,14
2020-04-08 02:01:40,-119.861483,0.161283,45,14
2020-04-08 02:01:45,-119.861483,0.161283,42,14
2020-04-08 02:01:50,-119.861483,0.161283,37,14
2020-04-08 02:01:55,-119.861483,0.161283,41,14
2020-04-08 02:02:00,-119.861483,0.161283,43,14
2020-04-08 02:02:05,-119.861483,0.161283,42,14
2020-04-08 02:02:10,-119.861483,0.161283,39,14
2020-04-08 02:02:15,-119.861483,0.161283,41,14
2020-04-08 02:02:20,-119.861483,0.161283,38,14
2020-04-08 02:02:25,-119.861483,0.161283,40,14
2020-04-08 02:02:30,-119.861483,0.161283,41,14
2020-04-08 02:02:35,-119.861483,0.161283,45,14
2020-04-08 02:02:40,-119.861483,0.161283,37,14
2020-04-08 02:02:45,-119.861483,0.161283,40,14
2020-04-08 02:02:50,-119.861483,0.161283,42,14
2020-04-08 02:02:55,-119.861483,0.161283,45,14
2020-04-08 02:03:00,-119.861483,0.161283,43,14
2020-04-08 02:03:05,-119.861483,0.161283,37,14
2020-04-08 02:03:10,-119.861483,0.161283,41,14
2020-04-08 02:03:15,-119.861483,0.161283,43,14
2020-04-08 02:03:20,-119.861483,0.161283,42,14
2020-04-08 02:03:25,-119.861483,0.161283,43,14
2020-04-08 02:03:30,-119.861483,0.161283,44,14
2020-04-08 02:03:35,-119.861483,0.161283,42,14
2020-04-08 02:03:40,-119.861483,0.161283,37,14
2020-04-08 02:03:45,-119.861483,0.161283,38,14
2020-04-08 02:03:50,-119.861483,0.161283,44,14
2020-04-08 02:03:55,-119.861483,0.161283,39,14
2020-04-08 02:04:00,-119.861483,0.161283,43,14
2020-04-08 02:04:05,-119.861483,0.161283,43,14
2020-04-08 02:04:10,-119.861483,0.161283,39,14
2020-04-08 02:04:15,-119.861483,0.161283,47,14
2020-04-08 02:04:20,-119.861483,0.161283,46,14
2020-04-08 02:04:25,-119.861483,0.161283,38,14
2020-04-08 02:04:30,-119.861483,0.161283,44,14
2020-04-08 02:04:35,-119.861483,0.161283,41,14
2020-04-08 02:04:40,-119.861483,0.161283,43,14
2020-04-08 02:04:45,-119.861483,0.161283,44,14
2020-04-08 02:04:50,-119.861483,0.161283,43,14
2020-04-08 02:04:55,-119.861483,0.161283,45,14
2020-04-08 02:05:00,-119.861483,0.161283,43,14
2020-04-08 02:05:05,-119.861483,0.161283,48,14
2020-04-08 02:05:10,-119.861483,0.161283,41,14
2020-04-08 02:05:15,-119.861483,0.161283,41,14
2020-04-08 02:05:20,-119.861483,0.161283,40,14
2020-04-08 02:05:25,-119.861483,0.161283,41,14
2020-04-08 02:05:30,-119.861483,0.161283,37,14
2020-04-08 02:05:35,-119.861483,0.161283,42,14
2020-04-08 02:05:40,-119.861483,0.161283,40,14
2020-04-08 02:05:45,-119.861483,0.161283,47,14
2020-04-08 02:05:50,-119.861483,0.161283,39,14
2020-04-08 02:05:55,-119.861483,0.161283,37,14
2020-04-08 02:06:00,-119.861483,0.161283,45,14
2020-04-08 02:06:05,-119.861483,0.161283,43,14
2020-04-08 02:06:10,-119.861483,0.161283,43,14
2020-04-08 02:06:15,-119.861483,0.161283,38,14
2020-04-08 02:06:20,-119.861483,0.161283,41,14
2020-04-08 02:06:25,-119.861483,0.161283,41,14
2020-04-08 02:06:30,-119.861483,0.161283,42,14
2020-04-08 02:06:35,-119.861483,0.161283,40,14
2020-04-08 02:06:40,-119.861483,0.161283,42,14
2020-04-08 02:06:45,-119.861483,0.161283,34,14
2020-04-08 02:06:50,-119.861483,0.161283,41,14
2020-04-08 02:06:55,-119.861483,0.161283,41,14
2020-04-08 02:07:00,-119.861483,0.161283,41,14
2020-04-08 02:07:05,-119.861483,0.161283,41,14
2020-04-08 02:07:10,-119.861483,0.161283,42,14
2020-04-08 02:07:15,-119.861483,0.161283,43,14
2020-04-08 02:07:20,-119.861483,0.161283,42,14
2020-04-08 02:07:25,-119.861483,0.161283,42,14
2020-04-08 02:07:30,-119.861483,0.161283,47,14
2020-04-08 02:07:35,-119.861483,0.161283,46,14
2020-04-08 02:07:40,-119.861483,0.161283,43,14
2020-04-08 02:07:45,-119.861483,0.161283,42,14
2020-04-08 02:07:50,-119.861483,0.161283,39,14
2020-04-08 02:07:55,-119.861483,0.161283,41,14
2020-04-08 02:08:00,-119.861483,0.161283,40,14
2020-04-08 02:08:05,-119.861483,0.161283,42,14
2020-04-08 02:08:10,-119.861483,0.161283,38,14
2020-04-08 02:08:15,-119.861483,0.161283,40,14
2020-04-08 02:08:20,-119.861483,0.161283,45,14
2020-04-08 02:08:25,-119.861483,0.161283,42,14
2020-04-08 02:08:30,-119.861483,0.161283,41,14
2020-04-08 02:08:35,-119.861483,0.161283,41,14
2020-04-08 02:08:40,-119.861483,0.161283,40,14
2020-04-08 02:08:45,-119.861483,0.161283,41,14
2020-04-08 02:08:50,-119.861483,0.161283,39,14
2020-04-08 02:08:55,-119.861483,0.161283,46,14
2020-04-08 02:09:00,-119.861483,0.161283,39,14
2020-04-08 02:09:05,-119.861483,0.161283,44,14
2020-04-08 02:09:10,-119.861483,0.161283,40,14
2020-04-08 02:09:15,-119.861483,0.161283,45,14
2020-04-08 02:09:20,-119.861483,0.161283,42,14
2020-04-08 02:09:25,-119.861483,0.161283,39,14
2020-04-08 02:09:30,-119.861483,0.161283,42,14
2020-04-08 02:09:35,-119.861483,0.161283,40,14
2020-04-08 02:09:40,-119.861483,0.161283,39,14
2020-04-08 02:09:45,-119.861483,0.161283,40,14
2020-04-08 02:09:50,-119.861483,0.161283,45,14
2020-04-08 02:09:55,-119.861483,0.161283,43,14
2020-04-08 02:10:00,-119.861483,0.161283,43,14
2020-04-08 02:10:05,-119.861483,0.161283,42,14
2020-04-08 02:10:10,-119.861483,0.161283,45,14
2020-04-08 02:10:15,-119.861483,0.161283,46,14
2020-04-08 02:10:20,-119.861483,0.161283,38,14
2020-04-08 02:10:25,-119.861483,0.161283,43,14
2020-04-08 02:10:30,-119.861483,0.161283,48,14
2020-04-08 02:10:35,-119.861483,0.161283,44,14
2020-04-08 02:10:40,-119.861483,0.161283,40,14
2020-04-08 02:10:45,-119.861483,0.161283,45,14
2020-04-08 02:10:50,-119.861483,0.161283,41,14
2020-04-08 02:10:55,-119.861483,0.161283,40,14
2020-04-08 02:11:00,-119.861483,0.161283,47,14
2020-04-08 02:11:05,-119.861483,0.161283,40,14
2020-04-08 02:11:10,-119.861483,0.161283,43,14
2020-04-08 02:11:15,-119.861483,0.161283,41,14
2020-04-08 02:11:20,-119.861483,0.161283,40,14
2020-04-08 02:11:25,-119.861483,0.161283,45,14
2020-04-08 02:11:30,-119.861483,0.161283,43,14
2020-04-08 02:11:35,-119.861483,0.161283,41,14
2020-04-08 02:11:40,-119.861483,0.161283,45,14
2020-04-08 02:11:45,-119.861483,0.161283,38,14
2020-04-08 02:11:50,-119.861483,0.161283,41,14
2020-04-08 02:11:55,-119.861483,0.161283,45,14
2020-04-08 02:12:00,-119.861483,0.161283,45,14
2020-04-08 02:12:05,-119.861483,0.161283,41,14
2020-04-08 02:12:10,-119.861483,0.161283,44,14
2020-04-08 02:12:15,-119.861483,0.161283,41,14
2020-04-08 02:12:20,-119.861483,0.161283,39,14
2020-04-08 02:12:25,-119.861483,0.161283,42,14
2020-04-08 02:12:30,-119.861483,0.161283,46,14
2020-04-08 02:12:35,-119.861483,0.161283,45,14
2020-04-08 02:12:40,-119.861483,0.161283,36,14
2020-04-08 02:12:45,-119.861483,0.161283,43,14
2020-04-08 02:12:50,-119.861483,0.161283,44,14
2020-04-08 02:12:55,-119.861483,0.161283,44,14
2020-04-08 02:13:00,-119.861483,0.161283,38,14
2020-04-08 02:13:05,-119.861483,0.161283,41,14
2020-04-08 02:13:10,-119.861483,0.161283,46,14
2020-04-08 02:13:15,-119.861483,0.161283,40,14
2020-04-08 02:13:20,-119.861483,0.161283,40,14
2020-04-08 02:13:25,-119.861483,0.161283,44,14
2020-04-08 02:13:30,-119.861483,0.161283,40,14
2020-04-08 02:13:35,-119.861483,0.161283,41,14
2020-04-08 02:13:40,-119.861483,0.161283,43,14
2020-04-08 02:13:45,-119.861483,0.161283,39,14
2020-04-08 02:13:50,-119.861483,0.161283,40,14
2020-04-08 02:13:55,-119.861483,0.161283,38,14
2020-04-08 02:14:00,-119.861483,0.161283,41,14
2020-04-08 02:14:05,-119.861483,0.161283,41,14
2020-04-08 02:14:10,-119.861483,0.161283,46,14
2020-04-08 02:14:15,-119.861483,0.161283,44,14
2020-04-08 02:14:20,-119.861483,0.161283,41,14
2020-04-08 02:14:25,-119.861483,0.161283,41,14
2020-04-08 02:14:30,-119.861483,0.161283,40,14
2020-04-08 02:14:35,-119.861483,0.161283,41,14
2020-04-08 02:14:40,-119.861483,0.161283,40,14
2020-04-08 02:14:45,-119.861483,0.161283,42,14
2020-04-08 02:14:50,-119.861483,0.161283,43,14
2020-04-08 02:14:55,-119.861483,0.161283,38,14
2020-04-08 02:15:00,-119.861483,0.161283,47,14
2020-04-08 02:15:05,-119.861483,0.161283,42,14
2020-04-08 02:15:10,-119.861483,0.161283,43,14
2020-04-08 02:15:15,-119.861483,0.161283,38,14
2020-04-08 02:15:20,-119.861483,0.161283,42,14
2020-04-08 02:15:25,-119.861483,0.161283,38,14
2020-04-08 02:15:30,-119.861483,0.161283,41,14
2020-04-08 02:15:35,-119.861483,0.161283,42,14
2020-04-08 02:15:40,-119.861483,0.161283,44,14
2020-04-08 02:15:45,-119.861483,0.161283,39,14
2020-04-08 02:15:50,-119.861483,0.161283,43,14
2020-04-08 02:15:55,-119.861483,0.161283,40,14
2020-04-08 02:16:00,-119.861483,0.161283,42,14
2020-04-08 02:16:05,-119.861483,0.161283,43,14
2020-04-08 02:16:10,-119.861483,0.161283,40,14
2020-04-08 02:16:15,-119.861483,0.161283,43,14
2020-04-08 02:16:20,-119.861483,0.161283,42,14
2020-04-08 02:16:25,-119.861483,0.161283,38,14
2020-04-08 02:16:30,-119.861483,0.161283,44,14
2020-04-08 02:16:35,-119.861483,0.161283,41,14
2020-04-08 02:16:40,-119.861483,0.161283,41,14
2020-04-08 02:16:45,-119.861483,0.161283,41,14
2020-04-08 02:16:50,-119.861483,0.161283,40,14
2020-04-08 02:16:55,-119.861483,0.161283,42,14
2020-04-08 02:17:00,-119.861483,0.161283,40,14
2020-04-08 02:17:05,-119.861483,0.161283,43,14
2020-04-08 02:17:10,-119.861483,0.161283,37,14
2020-04-08 02:17:15,-119.861483,0.161283,43,14
2020-04-08 02:17:20,-119.861483,0.161283,41,14
2020-04-08 02:17:25,-119.861483,0.161283,39,14
2020-04-08 02:17:30,-119.861483,0.161283,48,14
2020-04-08 02:17:35,-119.861483,0.161283,39,14
2020-04-08 02:17:40,-119.861483,0.161283,38,14
2020-04-08 02:17:45,-119.861483,0.161283,44,14
2020-04-08 02:17:50,-119.861483,0.161283,40,14
2020-04-08 02:17:55,-119.861483,0.161283,39,14
2020-04-08 02:18:00,-119.861483,0.161283,40,14
2020-04-08 02:18:05,-119.861483,0.161283,37,14
2020-04-08 02:18:10,-119.861483,0.161283,43,14
2020-04-08 02:18:15,-119.861483,0.161283,41,14
2020-04-08 02:18:20,-119.861483,0.161283,41,14
2020-04-08 02:18:25,-119.861483,0.161283,42,14
2020-04-08 02:18:30,-119.861483,0.161283,42,14
2020-04-08 02:18:35,-119.861483,0.161283,45,14
2020-04-08 02:18:40,-119.861483,0.161283,36,14
2020-04-08 02:18:45,-119.861483,0.161283,40,14
2020-04-08 02:18:50,-119.861483,0.161283,40,14
2020-04-08 02:18:55,-119.861483,0.161283,43,14
2020-04-08 02:19:00,-119.861483,0.161283,40,14
2020-04-08 02:19:05,-119.861483,0.161283,42,14
2020-04-08 02:19:10,-119.861483,0.161283,43,14
2020-04-08 02:19:15,-119.861483,0.161283,38,14
2020-04-08 02:19:20,-119.861483,0.161283,34,14
2020-04-08 02:19:25,-119.861483,0.161283,46,14
2020-04-08 02:19:30,-119.861483,0.161283,44,14
2020-04-08 02:19:35,-119.861483,0.161283,43,14
2020-04-08 02:19:40,-119.861483,0.161283,46,14
2020-04-08 02:19:45,-119.861483,0.161283,43,14
2020-04-08 02:19:50,-119.861483,0.161283,37,14
2020-04-08 02:19:55,-119.861483,0.161283,39,14
2020-04-08 02:20:00,-119.861483,0.161283,42,14
2020-04-08 02:20:05,-119.861483,0.161283,39,14
2020-04-08 02:20:10,-119.861483,0.161283,41,14
2020-04-08 02:20:15,-119.861483,0.161283,43,14
2020-04-08 02:20:20,-119.861483,0.161283,35,14
2020-04-08 02:20:25,-119.861483,0.161283,43,14
2020-04-08 02:20:30,-119.861483,0.161283,42,14
2020-04-08 02:20:35,-119.861483,0.161283,41,14
2020-04-08 02:20:40,-119.861483,0.161283,36,14
2020-04-08 02:20:45,-119.861483,0.161283,41,14
2020-04-08 02:20:50,-119.861483,0.161283,38,14
2020-04-08 02:20:55,-119.861483,0.161283,37,14
2020-04-08 02:21:00,-119.861483,0.161283,39,14
2020-04-08 02:21:05,-119.861483,0.161283,39,14
2020-04-08 02:21:10,-119.861483,0.161283,43,14
2020-04-08 02:21:15,-119.861483,0.161283,44,14
2020-04-08 02:21:20,-119.861483,0.161283,38,14
2020-04-08 02:21:25,-119.861483,0.161283,40,14
2020-04-08 02:21:30,-119.861483,0.161283,43,14
2020-04-08 02:21:35,-119.861483,0.161283,37,14
2020-04-08 02:21:40,-119.861483,0.161283,41,14
2020-04-08 02:21:45,-119.861483,0.161283,47,14
2020-04-08 02:21:50,-119.861483,0.161283,43,14
2020-04-08 02:21:55,-119.861483,0.161283,40,14
2020-04-08 02:22:00,-119.861483,0.161283,40,14
2020-04-08 02:22:05,-119.861483,0.161283,44,14
2020-04-08 02:22:10,-119.861483,0.161283,46,14
2020-04-08 02:22:15,-119.861483,0.161283,42,14
2020-04-08 02:22:20,-119.861483,0.161283,38,14
2020-04-08 02:22:25,-119.861483,0.161283,41,14
2020-04-08 02:22:30,-119.861483,0.161283,42,14
2020-04-08 02:22:35,-119.861483,0.161283,40,14
2020-04-08 02:22:40,-119.861483,0.161283,38,14
2020-04-08 02:22:45,-119.861483,0.161283,44,14
2020-04-08 02:22:50,-119.861483,0.161283,35,14
2020-04-08 02:22:55,-119.861483,0.161283,41,14
2020-04-08 02:23:00,-119.861483,0.161283,42,14
2020-04-08 02:23:05,-119.861483,0.161283,45,14
2020-04-08 02:23:10,-119.861483,0.161283,38,14
2020-04-08 02:23:15,-119.861483,0.161283,43,14
2020-04-08 02:23:20,-119.861483,0.161283,45,14
2020-04-08 02:23:25,-119.861483,0.161283,40,14
2020-04-08 02:23:30,-119.861483,0.161283,42,14
2020-04-08 02:23:35,-119.861483,0.161283,43,14
2020-04-08 02:23:40,-119.861483,0.161283,38,14
2020-04-08 02:23:45,-119.861483,0.161283,37,14
2020-04-08 02:23:50,-119.861483,0.161283,38,14
2020-04-08 02:23:55,-119.861483,0.161283,43,14
2020-04-08 02:24:00,-119.861483,0.161283,44,14
2020-04-08 02:24:05,-119.861483,0.161283,43,14
2020-04-08 02:24:10,-119.861483,0.161283,39,14
2020-04-08 02:24:15,-119.861483,0.161283,39,14
2020-04-08 02:24:20,-119.861483,0.161283,38,14
2020-04-08 02:24:25,-119.861483,0.161283,40,14
2020-04-08 02:24:30,-119.861483,0.161283,40,14
2020-04-08 02:24:35,-119.861483,0.161283,43,14
2020-04-08 02:24:40,-119.861483,0.161283,40,14
2020-04-08 02:24:45,-119.861483,0.161283,39,14
2020-04-08 02:24:50,-119.861483,0.161283,43,14
2020-04-08 02:24:55,-119.861483,0.161283,43,14
2020-04-08 02:25:00,-119.861483,0.161283,42,14
2020-04-08 02:25:05,-119.861483,0.161283,44,14
2020-04-08 02:25:10,-119.861483,0.161283,44,14
2020-04-08 02:25:15,-119.861483,0.161283,42,14
2020-04-08 02:25:20,-119.861483,0.161283,43,14
2020-04-08 02:25:25,-119.861483,0.161283,39,14
2020-04-08 02:25:30,-119.861483,0.161283,39,14
2020-04-08 02:25:35,-119.861483,0.161283,34,14
2020-04-08 02:25:40,-119.861483,0.161283,35,14
2020-04-08 02:25:45,-119.861483,0.161283,36,14
2020-04-08 02:25:50,-119.861483,0.161283,47,14
2020-04-08 02:25:55,-119.861483,0.161283,45,14
2020-04-08 02:26:00,-119.861483,0.161283,46,14
2020-04-08 02:26:05,-119.861483,0.161283,42,14
2020-04-08 02:26:10,-119.861483,0.161283,42,14
2020-04-08 02:26:15,-119.861483,0.161283,40,14
2020-04-08 02:26:20,-119.861483,0.161283,33,14
2020-04-08 02:26:25,-119.861483,0.161283,46,14
2020-04-08 02:26:30,-119.861483,0.161283,46,14
2020-04-08 02:26:35,-119.861483,0.161283,37,14
2020-04-08 02:26:40,-119.861483,0.161283,41,14
2020-04-08 02:26:45,-119.861483,0.161283,46,14
2020-04-08 02:26:50,-119.861483,0.161283,36,14
2020-04-08 02:26:55,-119.861483,0.161283,41,14
2020-04-08 02:27:00,-119.861483,0.161283,42,14
2020-04-08 02:27:05,-119.861483,0.161283,37,14
2020-04-08 02:27:10,-119.861483,0.161283,47,14
2020-04-08 02:27:15,-119.861483,0.161283,42,14
2020-04-08 02:27:20,-119.861483,0.161283,40,14
2020-04-08 02:27:25,-119.861483,0.161283,37,14
2020-04-08 02:27:30,-119.861483,0.161283,42,14
2020-04-08 02:27:35,-119.861483,0.161283,39,14
2020-04-08 02:27:40,-119.861483,0.161283,43,14
2020-04-08 02:27:45,-119.861483,0.161283,41,14
2020-04-08 02:27:50,-119.861483,0.161283,46,14
2020-04-08 02:27:55,-119.861483,0.161283,43,14
2020-04-08 02:28:00,-119.861483,0.161283,39,14
2020-04-08 02:28:05,-119.861483,0.161283,39,14
2020-04-08 02:28:10,-119.861483,0.161283,42,14
2020-04-08 02:28:15,-119.861483,0.161283,35,14
2020-04-08 02:28:20,-119.861483,0.161283,46,14
2020-04-08 02:28:25,-119.861483,0.161283,38,14
2020-04-08 02:28:30,-119.861483,0.161283,36,14
2020-04-08 02:28:35,-119.861483,0.161283,43,14
2020-04-08 02:28:40,-119.861483,0.161283,43,14
2020-04-08 02:28:45,-119.861483,0.161283,39,14
2020-04-08 02:28:50,-119.861483,0.161283,42,14
2020-04-08 02:28:55,-119.861483,0.161283,40,14
2020-04-08 02:29:00,-119.861483,0.161283,39,14
2020-04-08 02:29:05,-119.861483,0.161283,40,14
2020-04-08 02:29:10,-119.861483,0.161283,39,14
2020-04-08 02:29:15,-119.861483,0.161283,36,14
2020-04-08 02:29:20,-119.861483,0.161283,42,14
2020-04-08 02:29:25,-119.861483,0.161283,35,14
2020-04-08 02:29:30,-119.861483,0.161283,45,14
2020-04-08 02:29:35,-119.861483,0.161283,42,14
2020-04-08 02:29:40,-119.861483,0.161283,44,14
2020-04-08 02:29:45,-119.861483,0.161283,43,14
2020-04-08 02:29:50,-119.861483,0.161283,39,14
2020-04-08 02:29:55,-119.861483,0.161283,42,14
2020-04-08 02:30:00,-119.861483,0.161283,38,14
2020-04-08 02:30:05,-119.861483,0.161283,42,14
2020-04-08 02:30:10,-119.861483,0.161283,38,14
2020-04-08 02:30:15,-119.861483,0.161283,43,14
2020-04-08 02:30:20,-119.861483,0.161283,41,14
2020-04-08 02:30:25,-119.861483,0.161283,39,14
2020-04-08 02:30:30,-119.861483,0.161283,44,14
2020-04-08 02:30:35,-119.861483,0.161283,40,14
2020-04-08 02:30:40,-119.861483,0.161283,38,14
2020-04-08 02:30:45,-119.861483,0.161283,41,14
2020-04-08 02:30:50,-119.861483,0.161283,39,14
2020-04-08 02:30:55,-119.861483,0.161283,42,14
2020-04-08 02:31:00,-119.861483,0.161283,40,14
2020-04-08 02:31:05,-119.861483,0.161283,43,14
2020-04-08 02:31:10,-119.861483,0.161283,39,14
2020-04-08 02:31:15,-119.861483,0.161283,43,14
2020-04-08 02:31:20,-119.861483,0.161283,36,14
2020-04-08 02:31:25,-119.861483,0.161283,45,14
2020-04-08 02:31:30,-119.861483,0.161283,34,14
2020-04-08 02:31:35,-119.861483,0.161283,39,14
2020-04-08 02:31:40,-119.861483,0.161283,40,14
2020-04-08 02:31:45,-119.861483,0.161283,42,14
2020-04-08 02:31:50,-119.861483,0.161283,45,14
2020-04-08 02:31:55,-119.861483,0.161283,41,14
2020-04-08 02:32:00,-119.861483,0.161283,42,14
2020-04-08 02:32:05,-119.861483,0.161283,40,14
2020-04-08 02:32:10,-119.861483,0.161283,45,14
2020-04-08 02:32:15,-119.861483,0.161283,41,14
2020-04-08 02:32:20,-119.861483,0.161283,37,14
2020-04-08 02:32:25,-119.861483,0.161283,39,14
2020-04-08 02:32:30,-119.861483,0.161283,42,14
2020-04-08 02:32:35,-119.861483,0.161283,42,14
2020-04-08 02:32:40,-119.861483,0.161283,41,14
2020-04-08 02:32:45,-119.861483,0.161283,43,14
2020-04-08 02:32:50,-119.861483,0.161283,43,14
2020-04-08 02:32:55,-119.861483,0.161283,39,14
2020-04-08 02:33:00,-119.861483,0.161283,42,14
2020-04-08 02:33:05,-119.861483,0.161283,47,14
2020-04-08 02:33:10,-119.861483,0.161283,38,14
2020-04-08 02:33:15,-119.861483,0.161283,42,14
2020-04-08 02:33:20,-119.861483,0.161283,42,14
2020-04-08 02:33:25,-119.861483,0.161283,41,14
2020-04-08 02:33:30,-119.861483,0.161283,39,14
2020-04-08 02:33:35,-119.861483,0.161283,41,14
2020-04-08 02:33:40,-119.861483,0.161283,41,14
2020-04-08 02:33:45,-119.861483,0.161283,42,14
2020-04-08 02:33:50,-119.861483,0.161283,44,14
2020-04-08 02:33:55,-119.861483,0.161283,43,14
2020-04-08 02:34:00,-119.861483,0.161283,43,14
2020-04-08 02:34:05,-119.861483,0.161283,42,14
2020-04-08 02:34:10,-119.861483,0.161283,38,14
2020-04-08 02:34:15,-119.861483,0.161283,38,14
2020-04-08 02:34:20,-119.861483,0.161283,45,14
2020-04-08 02:34:25,-119.861483,0.161283,41,14
2020-04-08 02:34:30,-119.861483,0.161283,40,14
2020-04-08 02:34:35,-119.861483,0.161283,38,14
2020-04-08 02:34:40,-119.861483,0.161283,39,14
2020-04-08 02:34:45,-119.861483,0.161283,41,14
2020-04-08 02:34:50,-119.861483,0.161283,36,14
2020-04-08 02:34:55,-119.861483,0.161283,41,14
2020-04-08 02:35:00,-119.861483,0.161283,44,14
2020-04-08 02:35:05,-119.861483,0.161283,40,14
2020-04-08 02:35:10,-119.861483,0.161283,45,14
2020-04-08 02:35:15,-119.861483,0.161283,43,14
2020-04-08 02:35:20,-119.861483,0.161283,38,14
2020-04-08 02:35:25,-119.861483,0.161283,36,14
2020-04-08 02:35:30,-119.861483,0.161283,38,14
2020-04-08 02:35:35,-119.861483,0.161283,43,14
2020-04-08 02:35:40,-119.861483,0.161283,39,14
2020-04-08 02:35:45,-119.861483,0.161283,43,14
2020-04-08 02:35:50,-119.861483,0.161283,36,14
2020-04-08 02:35:55,-119.861483,0.161283,39,14
2020-04-08 02:36:00,-119.861483,0.161283,45,14
2020-04-08 02:36:05,-119.861483,0.161283,37,14
2020-04-08 02:36:10,-119.861483,0.161283,43,14
2020-04-08 02:36:15,-119.861483,0.161283,42,14
2020-04-08 02:36:20,-119.861483,0.161283,36,14
2020-04-08 02:36:25,-119.861483,0.161283,40,14
2020-04-08 02:36:30,-119.861483,0.161283,42,14
2020-04-08 02:36:35,-119.861483,0.161283,34,14
2020-04-08 02:36:40,-119.861483,0.161283,39,14
2020-04-08 02:36:45,-119.861483,0.161283,40,14
2020-04-08 02:36:50,-119.861483,0.161283,40,14
2020-04-08 02:36:55,-119.861483,0.161283,40,14
2020-04-08 02:37:00,-119.861483,0.161283,38,14
2020-04-08 02:37:05,-119.861483,0.161283,46,14
2020-04-08 02:37:10,-119.861483,0.161283,38,14
2020-04-08 02:37:15,-119.861483,0.161283,44,14
2020-04-08 02:37:20,-119.861483,0.161283,40,14
2020-04-08 02:37:25,-119.861483,0.161283,44,14
2020-04-08 02:37:30,-119.861483,0.161283,41,14
2020-04-08 02:37:35,-119.861483,0.161283,45,14
2020-04-08 02:37:40,-119.861483,0.161283,42,14
2020-04-08 02:37:45,-119.861483,0.161283,36,14
2020-04-08 02:37:50,-119.861483,0.161283,40,14
2020-04-08 02:37:55,-119.861483,0.161283,39,14
2020-04-08 02:38:00,-119.861483,0.161283,42,14
2020-04-08 02:38:05,-119.861483,0.161283,43,14
2020-04-08 02:38:10,-119.861483,0.161283,43,14
2020-04-08 02:38:15,-119.861483,0.161283,39,14
2020-04-08 02:38:20,-119.861483,0.161283,43,14
2020-04-08 02:38:25,-119.861483,0.161283,38,14
2020-04-08 02:38:30,-119.861483,0.161283,42,14
2020-04-08 02:38:35,-119.861483,0.161283,46,14
2020-04-08 02:38:40,-119.861483,0.161283,41,14
2020-04-08 02:38:45,-119.861483,0.161283,42,14
2020-04-08 02:38:50,-119.861483,0.161283,45,14
2020-04-08 02:38:55,-119.861483,0.161283,39,14
2020-04-08 02:39:00,-119.861483,0.161283,45,14
2020-04-08 02:39:05,-119.861483,0.161283,42,14
2020-04-08 02:39:10,-119.861483,0.161283,44,14
2020-04-08 02:39:15,-119.861483,0.161283,47,14
2020-04-08 02:39:20,-119.861483,0.161283,42,14
2020-04-08 02:39:25,-119.861483,0.161283,42,14
2020-04-08 02:39:30,-119.861483,0.161283,37,14
2020-04-08 02:39:35,-119.861483,0.161283,44,14
2020-04-08 02:39:40,-119.861483,0.161283,44,14
2020-04-08 02:39:45,-119.861483,0.161283,40,14
2020-04-08 02:39:50,-119.861483,0.161283,47,14
2020-04-08 02:39:55,-119.861483,0.161283,40,14
2020-04-08 02:40:00,-119.861483,0.161283,37,14
2020-04-08 02:40:05,-119.861483,0.161283,43,14
2020-04-08 02:40:10,-119.861483,0.161283,45,14
2020-04-08 02:40:15,-119.861483,0.161283,45,14
2020-04-08 02:40:20,-119.861483,0.161283,39,14
2020-04-08 02:40:25,-119.861483,0.161283,39,14
2020-04-08 02:40:30,-119.861483,0.161283,39,14
2020-04-08 02:40:35,-119.861483,0.161283,42,14
2020-04-08 02:40:40,-119.861483,0.161283,43,14
2020-04-08 02:40:45,-119.861483,0.161283,45,14
2020-04-08 02:40:50,-119.861483,0.161283,44,14
2020-04-08 02:40:55,-119.861483,0.161283,43,14
2020-04-08 02:41:00,-119.861483,0.161283,41,14
2020-04-08 02:41:05,-119.861483,0.161283,40,14
2020-04-08 02:41:10,-119.861483,0.161283,40,14
2020-04-08 02:41:15,-119.861483,0.161283,39,14
2020-04-08 02:41:20,-119.861483,0.161283,38,14
2020-04-08 02:41:25,-119.861483,0.161283,41,14
2020-04-08 02:41:30,-119.861483,0.161283,47,14
2020-04-08 02:41:35,-119.861483,0.161283,41,14
2020-04-08 02:41:40,-119.861483,0.161283,42,14
2020-04-08 02:41:45,-119.861483,0.161283,44,14
2020-04-08 02:41:50,-119.861483,0.161283,40,14
2020-04-08 02:41:55,-119.861483,0.161283,37,14
2020-04-08 02:42:00,-119.861483,0.161283,41,14
2020-04-08 02:42:05,-119.861483,0.161283,36,14
2020-04-08 02:42:10,-119.861483,0.161283,46,14
2020-04-08 02:42:15,-119.861483,0.161283,43,14
2020-04-08 02:42:20,-119.861483,0.161283,41,14
2020-04-08 02:42:25,-119.861483,0.161283,44,14
2020-04-08 02:42:30,-119.861483,0.161283,43,14
2020-04-08 02:42:35,-119.861483,0.161283,41,14
2020-04-08 02:42:40,-119.861483,0.161283,39,14
2020-04-08 02:42:45,-119.861483,0.161283,39,14
2020-04-08 02:42:50,-119.861483,0.161283,36,14
2020-04-08 02:42:55,-119.861483,0.161283,39,14
2020-04-08 02:43:00,-119.861483,0.161283,37,14
2020-04-08 02:43:05,-119.861483,0.161283,42,14
2020-04-08 02:43:10,-119.861483,0.161283,41,14
2020-04-08 02:43:15,-119.861483,0.161283,44,14
2020-04-08 02:43:20,-119.861483,0.161283,43,14
2020-04-08 02:43:25,-119.861483,0.161283,39,14
2020-04-08 02:43:30,-119.861483,0.161283,42,14
2020-04-08 02:43:35,-119.861483,0.161283,44,14
2020-04-08 02:43:40,-119.861483,0.161283,41,14
2020-04-08 02:43:45,-119.861483,0.161283,43,14
2020-04-08 02:43:50,-119.861483,0.161283,46,14
2020-04-08 02:43:55,-119.861483,0.161283,39,14
2020-04-08 02:44:00,-119.861483,0.161283,46,14
2020-04-08 02:44:05,-119.861483,0.161283,40,14
2020-04-08 02:44:10,-119.861483,0.161283,42,14
2020-04-08 02:44:15,-119.861483,0.161283,40,14
2020-04-08 02:44:20,-119.861483,0.161283,39,14
2020-04-08 02:44:25,-119.861483,0.161283,38,14
2020-04-08 02:44:30,-119.861483,0.161283,40,14
2020-04-08 02:44:35,-119.861483,0.161283,41,14
2020-04-08 02:44:40,-119.861483,0.161283,44,14
2020-04-08 02:44:45,-119.861483,0.161283,40,14
2020-04-08 02:44:50,-119.861483,0.161283,42,14
2020-04-08 02:44:55,-119.861483,0.161283,45,14
2020-04-08 02:45:00,-119.861483,0.161283,42,14
2020-04-08 02:45:05,-119.861483,0.161283,43,14
2020-04-08 02:45:10,-119.861483,0.161283,47,14
2020-04-08 02:45:15,-119.861483,0.161283,40,14
2020-04-08 02:45:20,-119.861483,0.161283,40,14
2020-04-08 02:45:25,-119.861483,0.161283,39,14
2020-04-08 02:45:30,-119.861483,0.161283,39,14
2020-04-08 02:45:35,-119.861483,0.161283,39,14
2020-04-08 02:45:40,-119.861483,0.161283,42,14
2020-04-08 02:45:45,-119.861483,0.161283,40,14
2020-04-08 02:45:50,-119.861483,0.161283,39,14
2020-04-08 02:45:55,-119.861483,0.161283,40,14
2020-04-08 02:46:00,-119.861483,0.161283,38,14
2020-04-08 02:46:05,-119.861483,0.161283,42,14
2020-04-08 02:46:10,-119.861483,0.161283,38,14
2020-04-08 02:46:15,-119.861483,0.161283,43,14
2020-04-08 02:46:20,-119.861483,0.161283,45,14
2020-04-08 02:46:25,-119.861483,0.161283,39,14
2020-04-08 02:46:30,-119.861483,0.161283,41,14
2020-04-08 02:46:35,-119.861483,0.161283,38,14
2020-04-08 02:46:40,-119.861483,0.161283,43,14
2020-04-08 02:46:45,-119.861483,0.161283,44,14
2020-04-08 02:46:50,-119.861483,0.161283,44,14
2020-04-08 02:46:55,-119.861483,0.161283,45,14
2020-04-08 02:47:00,-119.861483,0.161283,47,14
2020-04-08 02:47:05,-119.861483,0.161283,40,14
2020-04-08 02:47:10,-119.861483,0.161283,44,14
2020-04-08 02:47:15,-119.861483,0.161283,44,14
2020-04-08 02:47:20,-119.861483,0.161283,40,14
2020-04-08 02:47:25,-119.861483,0.161283,42,14
2020-04-08 02:47:30,-119.861483,0.161283,44,14
2020-04-08 02:47:35,-119.861483,0.161283,44,14
2020-04-08 02:47:40,-119.861483,0.161283,39,14
2020-04-08 02:47:45,-119.861483,0.161283,43,14
2020-04-08 02:47:50,-119.861483,0.161283,42,14
2020-04-08 02:47:55,-119.861483,0.161283,42,14
2020-04-08 02:48:00,-119.861483,0.161283,41,14
2020-04-08 02:48:05,-119.861483,0.161283,39,14
2020-04-08 02:48:10,-119.861483,0.161283,42,14
2020-04-08 02:48:15,-119.861483,0.161283,45,14
2020-04-08 02:48:20,-119.861483,0.161283,37,14
2020-04-08 02:48:25,-119.861483,0.161283,43,14
2020-04-08 02:48:30,-119.861483,0.161283,41,14
2020-04-08 02:48:35,-119.861483,0.161283,43,14
2020-04-08 02:48:40,-119.861483,0.161283,38,14
2020-04-08 02:48:45,-119.861483,0.161283,41,14
2020-04-08 02:48:50,-119.861483,0.161283,39,14
2020-04-08 02:48:55,-119.861483,0.161283,41,14
2020-04-08 02:49:00,-119.861483,0.161283,39,14
2020-04-08 02:49:05,-119.861483,0.161283,38,14
2020-04-08 02:49:10,-119.861483,0.161283,37,14
2020-04-08 02:49:15,-119.861483,0.161283,43,14
2020-04-08 02:49:20,-119.861483,0.161283,41,14
2020-04-08 02:49:25,-119.861483,0.161283,37,14
2020-04-08 02:49:30,-119.861483,0.161283,45,14
2020-04-08 02:49:35,-119.861483,0.161283,42,14
2020-04-08 02:49:40,-119.861483,0.161283,39,14
2020-04-08 02:49:45,-119.861483,0.161283,39,14
2020-04-08 02:49:50,-119.861483,0.161283,44,14
2020-04-08 02:49:55,-119.861483,0.161283,39,14
2020-04-08 02:50:00,-119.861483,0.161283,42,14
2020-04-08 02:50:05,-119.861483,0.161283,44,14
2020-04-08 02:50:10,-119.861483,0.161283,38,14
2020-04-08 02:50:15,-119.861483,0.161283,43,14
2020-04-08 02:50:20,-119.861483,0.161283,50,14
2020-04-08 02:50:25,-119.861483,0.161283,44,14
2020-04-08 02:50:30,-119.861483,0.161283,40,14
2020-04-08 02:50:35,-119.861483,0.161283,38,14
2020-04-08 02:50:40,-119.861483,0.161283,42,14
2020-04-08 02:50:45,-119.861483,0.161283,43,14
2020-04-08 02:50:50,-119.861483,0.161283,41,14
2020-04-08 02:50:55,-119.861483,0.161283,42,14
2020-04-08 02:51:00,-119.861483,0.161283,45,14
2020-04-08 02:51:05,-119.861483,0.161283,37,14
2020-04-08 02:51:10,-119.861483,0.161283,41,14
2020-04-08 02:51:15,-119.861483,0.161283,41,14
2020-04-08 02:51:20,-119.861483,0.161283,39,14
2020-04-08 02:51:25,-119.861483,0.161283,40,14
2020-04-08 02:51:30,-119.861483,0.161283,40,14
2020-04-08 02:51:35,-119.861483,0.161283,41,14
2020-04-08 02:51:40,-119.861483,0.161283,42,14
2020-04-08 02:51:45,-119.861483,0.161283,40,14
2020-04-08 02:51:50,-119.861483,0.161283,40,14
2020-04-08 02:51:55,-119.861483,0.161283,37,14
2020-04-08 02:52:00,-119.861483,0.161283,39,14
2020-04-08 02:52:05,-119.861483,0.161283,43,14
2020-04-08 02:52:10,-119.861483,0.161283,41,14
2020-04-08 02:52:15,-119.861483,0.161283,43,14
2020-04-08 02:52:20,-119.861483,0.161283,43,14
2020-04-08 02:52:25,-119.861483,0.161283,37,14
2020-04-08 02:52:30,-119.861483,0.161283,41,14
2020-04-08 02:52:35,-119.861483,0.161283,39,14
2020-04-08 02:52:40,-119.861483,0.161283,41,14
2020-04-08 02:52:45,-119.861483,0.161283,46,14
2020-04-08 02:52:50,-119.861483,0.161283,45,14
2020-04-08 02:52:55,-119.861483,0.161283,46,14
2020-04-08 02:53:00,-119.861483,0.161283,42,14
2020-04-08 02:53:05,-119.861483,0.161283,41,14
2020-04-08 02:53:10,-119.861483,0.161283,43,14
2020-04-08 02:53:15,-119.861483,0.161283,45,14
2020-04-08 02:53:20,-119.861483,0.161283,45,14
2020-04-08 02:53:25,-119.861483,0.161283,42,14
2020-04-08 02:53:30,-119.861483,0.161283,39,14
2020-04-08 02:53:35,-119.861483,0.161283,45,14
2020-04-08 02:53:40,-119.861483,0.161283,39,14
2020-04-08 02:53:45,-119.861483,0.161283,43,14
2020-04-08 02:53:50,-119.861483,0.161283,38,14
2020-04-08 02:53:55,-119.861483,0.161283,40,14
2020-04-08 02:54:00,-119.861483,0.161283,39,14
2020-04-08 02:54:05,-119.861483,0.161283,45,14
2020-04-08 02:54:10,-119.861483,0.161283,40,14
2020-04-08 02:54:15,-119.861483,0.161283,41,14
2020-04-08 02:54:20,-119.861483,0.161283,40,14
2020-04-08 02:54:25,-119.861483,0.161283,39,14
2020-04-08 02:54:30,-119.861483,0.161283,45,14
2020-04-08 02:54:35,-119.861483,0.161283,45,14
2020-04-08 02:54:40,-119.861483,0.161283,38,14
2020-04-08 02:54:45,-119.861483,0.161283,40,14
2020-04-08 02:54:50,-119.861483,0.161283,42,14
2020-04-08 02:54:55,-119.861483,0.161283,41,14
2020-04-08 02:55:00,-119.861483,0.161283,43,14
2020-04-08 02:55:05,-119.861483,0.161283,41,14
2020-04-08 02:55:10,-119.861483,0.161283,45,14
2020-04-08 02:55:15,-119.861483,0.161283,43,14
2020-04-08 02:55:20,-119.861483,0.161283,36,14
2020-04-08 02:55:25,-119.861483,0.161283,42,14
2020-04-08 02:55:30,-119.861483,0.161283,42,14
2020-04-08 02:55:35,-119.861483,0.161283,42,14
2020-04-08 02:55:40,-119.861483,0.161283,46,14
2020-04-08 02:55:45,-119.861483,0.161283,42,14
2020-04-08 02:55:50,-119.861483,0.161283,43,14
2020-04-08 02:55:55,-119.861483,0.161283,39,14
2020-04-08 02:56:00,-119.861483,0.161283,42,14
2020-04-08 02:56:05,-119.861483,0.161283,39,14
2020-04-08 02:56:10,-119.861483,0.161283,42,14
2020-04-08 02:56:15,-119.861483,0.161283,45,14
2020-04-08 02:56:20,-119.861483,0.161283,42,14
2020-04-08 02:56:25,-119.861483,0.161283,39,14
2020-04-08 02:56:30,-119.861483,0.161283,39,14
2020-04-08 02:56:35,-119.861483,0.161283,40,14
2020-04-08 02:56:40,-119.861483,0.161283,42,14
2020-04-08 02:56:45,-119.861483,0.161283,43,14
2020-04-08 02:56:50,-119.861483,0.161283,39,14
2020-04-08 02:56:55,-119.861483,0.161283,46,14
2020-04-08 02:57:00,-119.861483,0.161283,37,14
2020-04-08 02:57:05,-119.861483,0.161283,42,14
2020-04-08 02:57:10,-119.861483,0.161283,42,14
2020-04-08 02:57:15,-119.861483,0.161283,45,14
2020-04-08 02:57:20,-119.861483,0.161283,44,14
2020-04-08 02:57:25,-119.861483,0.161283,48,14
2020-04-08 02:57:30,-119.861483,0.161283,45,14
2020-04-08 02:57:35,-119.861483,0.161283,44,14
2020-04-08 02:57:40,-119.861483,0.161283,41,14
2020-04-08 02:57:45,-119.861483,0.161283,41,14
2020-04-08 02:57:50,-119.861483,0.161283,45,14
2020-04-08 02:57:55,-119.861483,0.161283,40,14
2020-04-08 02:58:00,-119.861483,0.161283,47,14
2020-04-08 02:58:05,-119.861483,0.161283,41,14
2020-04-08 02:58:10,-119.861483,0.161283,40,14
2020-04-08 02:58:15,-119.861483,0.161283,43,14
2020-04-08 02:58:20,-119.861483,0.161283,47,14
2020-04-08 02:58:25,-119.861483,0.161283,39,14
2020-04-08 02:58:30,-119.861483,0.161283,39,14
2020-04-08 02:58:35,-119.861483,0.161283,45,14
2020-04-08 02:58:40,-119.861483,0.161283,41,14
2020-04-08 02:58:45,-119.861483,0.161283,46,14
2020-04-08 02:58:50,-119.861483,0.161283,42,14
2020-04-08 02:58:55,-119.861483,0.161283,43,14
2020-04-08 02:59:00,-119.861483,0.161283,40,14
2020-04-08 02:59:05,-119.861483,0.161283,40,14
2020-04-08 02:59:10,-119.861483,0.161283,38,14
2020-04-08 02:59:15,-119.861483,0.161283,41,14
2020-04-08 02:59:20,-119.861483,0.161283,44,14
2020-04-08 02:59:25,-119.861483,0.161283,42,14
2020-04-08 02:59:30,-119.861483,0.161283,47,14
2020-04-08 02:59:35,-119.861483,0.161283,39,14
2020-04-08 02:59:40,-119.861483,0.161283,41,14
2020-04-08 02:59:45,-119.861483,0.161283,45,14
2020-04-08 02:59:50,-119.861483,0.161283,47,14
2020-04-08 02:59:55,-119.861483,0.161283,44,14
2020-04-08 03:00:00,-119.861483,0.161283,38,14
2020-04-08 03:00:05,-119.861483,0.161283,37,14
2020-04-08 03:00:10,-119.861483,0.161283,42,14
2020-04-08 03:00:15,-119.861483,0.161283,41,14
2020-04-08 03:00:20,-119.861483,0.161283,43,14
2020-04-08 03:00:25,-119.861483,0.161283,42,14
2020-04-08 03:00:30,-119.861483,0.161283,37,14
2020-04-08 03:00:35,-119.861483,0.161283,35,14
2020-04-08 03:00:40,-119.861483,0.161283,39,14
2020-04-08 03:00:45,-119.861483,0.161283,40,14
2020-04-08 03:00:50,-119.861483,0.161283,41,14
2020-04-08 03:00:55,-119.861483,0.161283,40,14
2020-04-08 03:01:00,-119.861483,0.161283,43,14
2020-04-08 03:01:05,-119.861483,0.161283,42,14
2020-04-08 03:01:10,-119.861483,0.161283,41,14
2020-04-08 03:01:15,-119.861483,0.161283,37,14
2020-04-08 03:01:20,-119.861483,0.161283,41,14
2020-04-08 03:01:25,-119.861483,0.161283,41,14
2020-04-08 03:01:30,-119.861483,0.161283,41,14
2020-04-08 03:01:35,-119.861483,0.161283,46,14
2020-04-08 03:01:40,-119.861483,0.161283,37,14
2020-04-08 03:01:45,-119.861483,0.161283,40,14
2020-04-08 03:01:50,-119.861483,0.161283,43,14
2020-04-08 03:01:55,-119.861483,0.161283,44,14
2020-04-08 03:02:00,-119.861483,0.161283,41,14
2020-04-08 03:02:05,-119.861483,0.161283,41,14
2020-04-08 03:02:10,-119.861483,0.161283,41,14
2020-04-08 03:02:15,-119.861483,0.161283,42,14
2020-04-08 03:02:20,-119.861483,0.161283,43,14
2020-04-08 03:02:25,-119.861483,0.161283,42,14
2020-04-08 03:02:30,-119.861483,0.161283,46,14
2020-04-08 03:02:35,-119.861483,0.161283,42,14
2020-04-08 03:02:40,-119.861483,0.161283,42,14
2020-04-08 03:02:45,-119.861483,0.161283,42,14
2020-04-08 03:02:50,-119.861483,0.161283,39,14
2020-04-08 03:02:55,-119.861483,0.161283,41,14
2020-04-08 03:03:00,-119.861483,0.161283,40,14
2020-04-08 03:03:05,-119.861483,0.161283,39,14
2020-04-08 03:03:10,-119.861483,0.161283,46,14
2020-04-08 03:03:15,-119.861483,0.161283,38,14
2020-04-08 03:03:20,-119.861483,0.161283,44,14
2020-04-08 03:03:25,-119.861483,0.161283,41,14
2020-04-08 03:03:30,-119.861483,0.161283,39,14
2020-04-08 03:03:35,-119.861483,0.161283,39,14
2020-04-08 03:03:40,-119.861483,0.161283,43,14
2020-04-08 03:03:45,-119.861483,0.161283,47,14
2020-04-08 03:03:50,-119.861483,0.161283,41,14
2020-04-08 03:03:55,-119.861483,0.161283,43,14
2020-04-08 03:04:00,-119.861483,0.161283,42,14
2020-04-08 03:04:05,-119.861483,0.161283,46,14
2020-04-08 03:04:10,-119.861483,0.161283,40,14
2020-04-08 03:04:15,-119.861483,0.161283,38,14
2020-04-08 03:04:20,-119.861483,0.161283,41,14
2020-04-08 03:04:25,-119.861483,0.161283,46,14
2020-04-08 03:04:30,-119.861483,0.161283,41,14
2020-04-08 03:04:35,-119.861483,0.161283,41,14
2020-04-08 03:04:40,-119.861483,0.161283,39,14
2020-04-08 03:04:45,-119.861483,0.161283,37,14
2020-04-08 03:04:50,-119.861483,0.161283,41,14
2020-04-08 03:04:55,-119.861483,0.161283,41,14
2020-04-08 03:05:00,-119.861483,0.161283,40,14
2020-04-08 03:05:05,-119.861483,0.161283,41,14
2020-04-08 03:05:10,-119.861483,0.161283,41,14
2020-04-08 03:05:15,-119.861483,0.161283,47,14
2020-04-08 03:05:20,-119.861483,0.161283,40,14
2020-04-08 03:05:25,-119.861483,0.161283,40,14
2020-04-08 03:05:30,-119.861483,0.161283,43,14
2020-04-08 03:05:35,-119.861483,0.161283,39,14
2020-04-08 03:05:40,-119.861483,0.161283,34,14
2020-04-08 03:05:45,-119.861483,0.161283,36,14
2020-04-08 03:05:50,-119.861483,0.161283,39,14
2020-04-08 03:05:55,-119.861483,0.161283,44,14
2020-04-08 03:06:00,-119.861483,0.161283,43,14
2020-04-08 03:06:05,-119.861483,0.161283,46,14
2020-04-08 03:06:10,-119.861483,0.161283,44,14
2020-04-08 03:06:15,-119.861483,0.161283,41,14
2020-04-08 03:06:20,-119.861483,0.161283,36,14
2020-04-08 03:06:25,-119.861483,0.161283,40,14
2020-04-08 03:06:30,-119.861483,0.161283,44,14
2020-04-08 03:06:35,-119.861483,0.161283,41,14
2020-04-08 03:06:40,-119.861483,0.161283,40,14
2020-04-08 03:06:45,-119.861483,0.161283,43,14
2020-04-08 03:06:50,-119.861483,0.161283,44,14
2020-04-08 03:06:55,-119.861483,0.161283,43,14
2020-04-08 03:07:00,-119.861483,0.161283,38,14
2020-04-08 03:07:05,-119.861483,0.161283,43,14
2020-04-08 03:07:10,-119.861483,0.161283,46,14
2020-04-08 03:07:15,-119.861483,0.161283,37,14
2020-04-08 03:07:20,-119.861483,0.161283,38,14
2020-04-08 03:07:25,-119.861483,0.161283,40,14
2020-04-08 03:07:30,-119.861483,0.161283,44,14
2020-04-08 03:07:35,-119.861483,0.161283,41,14
2020-04-08 03:07:40,-119.861483,0.161283,40,14
2020-04-08 03:07:45,-119.861483,0.161283,35,14
2020-04-08 03:07:50,-119.861483,0.161283,41,14
2020-04-08 03:07:55,-119.861483,0.161283,41,14
2020-04-08 03:08:00,-119.861483,0.161283,40,14
2020-04-08 03:08:05,-119.861483,0.161283,36,14
2020-04-08 03:08:10,-119.861483,0.161283,37,14
2020-04-08 03:08:15,-119.861483,0.161283,46,14
2020-04-08 03:08:20,-119.861483,0.161283,45,14
2020-04-08 03:08:25,-119.861483,0.161283,39,14
2020-04-08 03:08:30,-119.861483,0.161283,43,14
2020-04-08 03:08:35,-119.861483,0.161283,38,14
2020-04-08 03:08:40,-119.861483,0.161283,40,14
2020-04-08 03:08:45,-119.861483,0.161283,45,14
2020-04-08 03:08:50,-119.861483,0.161283,41,14
2020-04-08 03:08:55,-119.861483,0.161283,35,14
2020-04-08 03:09:00,-119.861483,0.161283,43,14
2020-04-08 03:09:05,-119.861483,0.161283,42,14
2020-04-08 03:09:10,-119.861483,0.161283,45,14
2020-04-08 03:09:15,-119.861483,0.161283,39,14
2020-04-08 03:09:20,-119.861483,0.161283,44,14
2020-04-08 03:09:25,-119.861483,0.161283,47,14
2020-04-08 03:09:30,-119.861483,0.161283,46,14
2020-04-08 03:09:35,-119.861483,0.161283,41,14
2020-04-08 03:09:40,-119.861483,0.161283,41,14
2020-04-08 03:09:45,-119.861483,0.161283,40,14
2020-04-08 03:09:50,-119.861483,0.161283,40,14
2020-04-08 03:09:55,-119.861483,0.161283,40,14
2020-04-08 03:10:00,-119.861483,0.161283,36,14
2020-04-08 03:10:05,-119.861483,0.161283,45,14
2020-04-08 03:10:10,-119.861483,0.161283,41,14
2020-04-08 03:10:15,-119.861483,0.161283,43,14
2020-04-08 03:10:20,-119.861483,0.161283,43,14
2020-04-08 03:10:25,-119.861483,0.161283,41,14
2020-04-08 03:10:30,-119.861483,0.161283,40,14
2020-04-08 03:10:35,-119.861483,0.161283,41,14
2020-04-08 03:10:40,-119.861483,0.161283,45,14
2020-04-08 03:10:45,-119.861483,0.161283,48,14
2020-04-08 03:10:50,-119.861483,0.161283,41,14
2020-04-08 03:10:55,-119.861483,0.161283,39,14
2020-04-08 03:11:00,-119.861483,0.161283,44,14
2020-04-08 03:11:05,-119.861483,0.161283,43,14
2020-04-08 03:11:10,-119.861483,0.161283,41,14
2020-04-08 03:11:15,-119.861483,0.161283,40,14
2020-04-08 03:11:20,-119.861483,0.161283,45,14
2020-04-08 03:11:25,-119.861483,0.161283,43,14
2020-04-08 03:11:30,-119.861483,0.161283,40,14
2020-04-08 03:11:35,-119.861483,0.161283,42,14
2020-04-08 03:11:40,-119.861483,0.161283,39,14
2020-04-08 03:11:45,-119.861483,0.161283,39,14
2020-04-08 03:11:50,-119.861483,0.161283,38,14
2020-04-08 03:11:55,-119.861483,0.161283,40,14
2020-04-08 03:12:00,-119.861483,0.161283,42,14
2020-04-08 03:12:05,-119.861483,0.161283,46,14
2020-04-08 03:12:10,-119.861483,0.161283,43,14
2020-04-08 03:12:15,-119.861483,0.161283,40,14
2020-04-08 03:12:20,-119.861483,0.161283,42,14
2020-04-08 03:12:25,-119.861483,0.161283,41,14
2020-04-08 03:12:30,-119.861483,0.161283,43,14
2020-04-08 03:12:35,-119.861483,0.161283,37,14
2020-04-08 03:12:40,-119.861483,0.161283,43,14
2020-04-08 03:12:45,-119.861483,0.161283,39,14
2020-04-08 03:12:50,-119.861483,0.161283,45,14
2020-04-08 03:12:55,-119.861483,0.161283,41,14
2020-04-08 03:13:00,-119.861483,0.161283,40,14
2020-04-08 03:13:05,-119.861483,0.161283,38,14
2020-04-08 03:13:10,-119.861483,0.161283,41,14
2020-04-08 03:13:15,-119.861483,0.161283,42,14
2020-04-08 03:13:20,-119.861483,0.161283,42,14
2020-04-08 03:13:25,-119.861483,0.161283,40,14
2020-04-08 03:13:30,-119.861483,0.161283,40,14
2020-04-08 03:13:35,-119.861483,0.161283,43,14
2020-04-08 03:13:40,-119.861483,0.161283,40,14
2020-04-08 03:13:45,-119.861483,0.161283,39,14
2020-04-08 03:13:50,-119.861483,0.161283,40,14
2020-04-08 03:13:55,-119.861483,0.161283,42,14
2020-04-08 03:14:00,-119.861483,0.161283,36,14
2020-04-08 03:14:05,-119.861483,0.161283,39,14
2020-04-08 03:14:10,-119.861483,0.161283,43,14
2020-04-08 03:14:15,-119.861483,0.161283,47,14
2020-04-08 03:14:20,-119.861483,0.161283,46,14
2020-04-08 03:14:25,-119.861483,0.161283,44,14
2020-04-08 03:14:30,-119.861483,0.161283,39,14
2020-04-08 03:14:35,-119.861483,0.161283,43,14
2020-04-08 03:14:40,-119.861483,0.161283,44,14
2020-04-08 03:14:45,-119.861483,0.161283,41,14
2020-04-08 03:14:50,-119.861483,0.161283,40,14
2020-04-08 03:14:55,-119.861483,0.161283,41,14
2020-04-08 03:15:00,-119.861483,0.161283,44,14
2020-04-08 03:15:05,-119.861483,0.161283,47,14
2020-04-08 03:15:10,-119.861483,0.161283,43,14
2020-04-08 03:15:15,-119.861483,0.161283,38,14
2020-04-08 03:15:20,-119.861483,0.161283,41,14
2020-04-08 03:15:25,-119.861483,0.161283,38,14
2020-04-08 03:15:30,-119.861483,0.161283,36,14
2020-04-08 03:15:35,-119.861483,0.161283,42,14
2020-04-08 03:15:40,-119.861483,0.161283,39,14
2020-04-08 03:15:45,-119.861483,0.161283,40,14
2020-04-08 03:15:50,-119.861483,0.161283,40,14
2020-04-08 03:15:55,-119.861483,0.161283,43,14
2020-04-08 03:16:00,-119.861483,0.161283,43,14
2020-04-08 03:16:05,-119.861483,0.161283,45,14
2020-04-08 03:16:10,-119.861483,0.161283,43,14
2020-04-08 03:16:15,-119.861483,0.161283,44,14
2020-04-08 03:16:20,-119.861483,0.161283,40,14
2020-04-08 03:16:25,-119.861483,0.161283,43,14
2020-04-08 03:16:30,-119.861483,0.161283,38,14
2020-04-08 03:16:35,-119.861483,0.161283,44,14
2020-04-08 03:16:40,-119.861483,0.161283,48,14
2020-04-08 03:16:45,-119.861483,0.161283,41,14
2020-04-08 03:16:50,-119.861483,0.161283,45,14
2020-04-08 03:16:55,-119.861483,0.161283,39,14
2020-04-08 03:17:00,-119.861483,0.161283,43,14
2020-04-08 03:17:05,-119.861483,0.161283,47,14
2020-04-08 03:17:10,-119.861483,0.161283,48,14
2020-04-08 03:17:15,-119.861483,0.161283,42,14
2020-04-08 03:17:20,-119.861483,0.161283,44,14
2020-04-08 03:17:25,-119.861483,0.161283,44,14
2020-04-08 03:17:30,-119.861483,0.161283,41,14
2020-04-08 03:17:35,-119.861483,0.161283,48,14
2020-04-08 03:17:40,-119.861483,0.161283,42,14
2020-04-08 03:17:45,-119.861483,0.161283,43,14
2020-04-08 03:17:50,-119.861483,0.161283,38,14
2020-04-08 03:17:55,-119.861483,0.161283,40,14
2020-04-08 03:18:00,-119.861483,0.161283,38,14
2020-04-08 03:18:05,-119.861483,0.161283,41,14
2020-04-08 03:18:10,-119.861483,0.161283,45,14
2020-04-08 03:18:15,-119.861483,0.161283,43,14
2020-04-08 03:18:20,-119.861483,0.161283,43,14
2020-04-08 03:18:25,-119.861483,0.161283,44,14
2020-04-08 03:18:30,-119.861483,0.161283,41,14
2020-04-08 03:18:35,-119.861483,0.161283,41,14
2020-04-08 03:18:40,-119.861483,0.161283,39,14
2020-04-08 03:18:45,-119.861483,0.161283,41,14
2020-04-08 03:18:50,-119.861483,0.161283,42,14
2020-04-08 03:18:55,-119.861483,0.161283,41,14
2020-04-08 03:19:00,-119.861483,0.161283,46,14
2020-04-08 03:19:05,-119.861483,0.161283,45,14
2020-04-08 03:19:10,-119.861483,0.161283,38,14
2020-04-08 03:19:15,-119.861483,0.161283,39,14
2020-04-08 03:19:20,-119.861483,0.161283,40,14
2020-04-08 03:19:25,-119.861483,0.161283,40,14
2020-04-08 03:19:30,-119.861483,0.161283,41,14
2020-04-08 03:19:35,-119.861483,0.161283,43,14
2020-04-08 03:19:40,-119.861483,0.161283,42,14
2020-04-08 03:19:45,-119.861483,0.161283,40,14
2020-04-08 03:19:50,-119.861483,0.161283,42,14
2020-04-08 03:19:55,-119.861483,0.161283,45,14
2020-04-08 03:20:00,-119.861483,0.161283,44,14
2020-04-08 03:20:05,-119.861483,0.161283,42,14
2020-04-08 03:20:10,-119.861483,0.161283,39,14
2020-04-08 03:20:15,-119.861483,0.161283,43,14
2020-04-08 03:20:20,-119.861483,0.161283,47,14
2020-04-08 03:20:25,-119.861483,0.161283,39,14
2020-04-08 03:20:30,-119.861483,0.161283,39,14
2020-04-08 03:20:35,-119.861483,0.161283,41,14
2020-04-08 03:20:40,-119.861483,0.161283,43,14
2020-04-08 03:20:45,-119.861483,0.161283,43,14
2020-04-08 03:20:50,-119.861483,0.161283,40,14
2020-04-08 03:20:55,-119.861483,0.161283,40,14
2020-04-08 03:21:00,-119.861483,0.161283,38,14
2020-04-08 03:21:05,-119.861483,0.161283,46,14
2020-04-08 03:21:10,-119.861483,0.161283,38,14
2020-04-08 03:21:15,-119.861483,0.161283,40,14
2020-04-08 03:21:20,-119.861483,0.161283,40,14
2020-04-08 03:21:25,-119.861483,0.161283,40,14
2020-04-08 03:21:30,-119.861483,0.161283,35,14
2020-04-08 03:21:35,-119.861483,0.161283,42,14
2020-04-08 03:21:40,-119.861483,0.161283,41,14
2020-04-08 03:21:45,-119.861483,0.161283,44,14
2020-04-08 03:21:50,-119.861483,0.161283,40,14
2020-04-08 03:21:55,-119.861483,0.161283,45,14
2020-04-08 03:22:00,-119.861483,0.161283,41,14
2020-04-08 03:22:05,-119.861483,0.161283,40,14
2020-04-08 03:22:10,-119.861483,0.161283,45,14
2020-04-08 03:22:15,-119.861483,0.161283,41,14
2020-04-08 03:22:20,-119.861483,0.161283,43,14
2020-04-08 03:22:25,-119.861483,0.161283,38,14
2020-04-08 03:22:30,-119.861483,0.161283,45,14
2020-04-08 03:22:35,-119.861483,0.161283,43,14
2020-04-08 03:22:40,-119.861483,0.161283,38,14
2020-04-08 03:22:45,-119.861483,0.161283,41,14
2020-04-08 03:22:50,-119.861483,0.161283,44,14
2020-04-08 03:22:55,-119.861483,0.161283,40,14
2020-04-08 03:23:00,-119.861483,0.161283,39,14
2020-04-08 03:23:05,-119.861483,0.161283,43,14
2020-04-08 03:23:10,-119.861483,0.161283,40,14
2020-04-08 03:23:15,-119.861483,0.161283,40,14
2020-04-08 03:23:20,-119.861483,0.161283,38,14
2020-04-08 03:23:25,-119.861483,0.161283,46,14
2020-04-08 03:23:30,-119.861483,0.161283,47,14
2020-04-08 03:23:35,-119.861483,0.161283,45,14
2020-04-08 03:23:40,-119.861483,0.161283,41,14
2020-04-08 03:23:45,-119.861483,0.161283,46,14
2020-04-08 03:23:50,-119.861483,0.161283,44,14
2020-04-08 03:23:55,-119.861483,0.161283,37,14
2020-04-08 03:24:00,-119.861483,0.161283,43,14
2020-04-08 03:24:05,-119.861483,0.161283,47,14
2020-04-08 03:24:10,-119.861483,0.161283,40,14
2020-04-08 03:24:15,-119.861483,0.161283,39,14
2020-04-08 03:24:20,-119.861483,0.161283,37,14
2020-04-08 03:24:25,-119.861483,0.161283,46,14
2020-04-08 03:24:30,-119.861483,0.161283,44,14
2020-04-08 03:24:35,-119.861483,0.161283,44,14
2020-04-08 03:24:40,-119.861483,0.161283,45,14
2020-04-08 03:24:45,-119.861483,0.161283,43,14
2020-04-08 03:24:50,-119.861483,0.161283,47,14
2020-04-08 03:24:55,-119.861483,0.161283,37,14
2020-04-08 03:25:00,-119.861483,0.161283,36,14
2020-04-08 03:25:05,-119.861483,0.161283,42,14
2020-04-08 03:25:10,-119.861483,0.161283,43,14
2020-04-08 03:25:15,-119.861483,0.161283,44,14
2020-04-08 03:25:20,-119.861483,0.161283,47,14
2020-04-08 03:25:25,-119.861483,0.161283,41,14
2020-04-08 03:25:30,-119.861483,0.161283,37,14
2020-04-08 03:25:35,-119.861483,0.161283,43,14
2020-04-08 03:25:40,-119.861483,0.161283,42,14
2020-04-08 03:25:45,-119.861483,0.161283,36,14
2020-04-08 03:25:50,-119.861483,0.161283,43,14
2020-04-08 03:25:55,-119.861483,0.161283,43,14
2020-04-08 03:26:00,-119.861483,0.161283,37,14
2020-04-08 03:26:05,-119.861483,0.161283,39,14
2020-04-08 03:26:10,-119.861483,0.161283,44,14
2020-04-08 03:26:15,-119.861483,0.161283,41,14
2020-04-08 03:26:20,-119.861483,0.161283,44,14
2020-04-08 03:26:25,-119.861483,0.161283,35,14
2020-04-08 03:26:30,-119.861483,0.161283,36,14
2020-04-08 03:26:35,-119.861483,0.161283,38,14
2020-04-08 03:26:40,-119.861483,0.161283,49,14
2020-04-08 03:26:45,-119.861483,0.161283,39,14
2020-04-08 03:26:50,-119.861483,0.161283,44,14
2020-04-08 03:26:55,-119.861483,0.161283,44,14
2020-04-08 03:27:00,-119.861483,0.161283,44,14
2020-04-08 03:27:05,-119.861483,0.161283,43,14
2020-04-08 03:27:10,-119.861483,0.161283,38,14
2020-04-08 03:27:15,-119.861483,0.161283,40,14
2020-04-08 03:27:20,-119.861483,0.161283,42,14
2020-04-08 03:27:25,-119.861483,0.161283,44,14
2020-04-08 03:27:30,-119.861483,0.161283,40,14
2020-04-08 03:27:35,-119.861483,0.161283,35,14
2020-04-08 03:27:40,-119.861483,0.161283,46,14
2020-04-08 03:27:45,-119.861483,0.161283,44,14
2020-04-08 03:27:50,-119.861483,0.161283,37,14
2020-04-08 03:27:55,-119.861483,0.161283,39,14
2020-04-08 03:28:00,-119.861483,0.161283,41,14
2020-04-08 03:28:05,-119.861483,0.161283,35,14
2020-04-08 03:28:10,-119.861483,0.161283,34,14
2020-04-08 03:28:15,-119.861483,0.161283,47,14
2020-04-08 03:28:20,-119.861483,0.161283,44,14
2020-04-08 03:28:25,-119.861483,0.161283,40,14
2020-04-08 03:28:30,-119.861483,0.161283,39,14
2020-04-08 03:28:35,-119.861483,0.161283,39,14
2020-04-08 03:28:40,-119.861483,0.161283,40,14
2020-04-08 03:28:45,-119.861483,0.161283,42,14
2020-04-08 03:28:50,-119.861483,0.161283,38,14
2020-04-08 03:28:55,-119.861483,0.161283,42,14
2020-04-08 03:29:00,-119.861483,0.161283,37,14
2020-04-08 03:29:05,-119.861483,0.161283,43,14
2020-04-08 03:29:10,-119.861483,0.161283,42,14
2020-04-08 03:29:15,-119.861483,0.161283,43,14
2020-04-08 03:29:20,-119.861483,0.161283,41,14
2020-04-08 03:29:25,-119.861483,0.161283,42,14
2020-04-08 03:29:30,-119.861483,0.161283,39,14
2020-04-08 03:29:35,-119.861483,0.161283,42,14
2020-04-08 03:29:40,-119.861483,0.161283,39,14
2020-04-08 03:29:45,-119.861483,0.161283,42,14
2020-04-08 03:29:50,-119.861483,0.161283,44,14
2020-04-08 03:29:55,-119.861483,0.161283,41,14
2020-04-08 03:30:00,-119.861483,0.161283,44,14
2020-04-08 03:30:05,-119.861483,0.161283,36,14
2020-04-08 03:30:10,-119.861483,0.161283,44,14
2020-04-08 03:30:15,-119.861483,0.161283,41,14
2020-04-08 03:30:20,-119.861483,0.161283,40,14
2020-04-08 03:30:25,-119.861483,0.161283,41,14
2020-04-08 03:30:30,-119.861483,0.161283,41,14
2020-04-08 03:30:35,-119.861483,0.161283,39,14
2020-04-08 03:30:40,-119.861483,0.161283,46,14
2020-04-08 03:30:45,-119.861483,0.161283,35,14
2020-04-08 03:30:50,-119.861483,0.161283,43,14
2020-04-08 03:30:55,-119.861483,0.161283,38,14
2020-04-08 03:31:00,-119.861483,0.161283,36,14
2020-04-08 03:31:05,-119.861483,0.161283,40,14
2020-04-08 03:31:10,-119.861483,0.161283,41,14
2020-04-08 03:31:15,-119.861483,0.161283,45,14
2020-04-08 03:31:20,-119.861483,0.161283,43,14
2020-04-08 03:31:25,-119.861483,0.161283,43,14
2020-04-08 03:31:30,-119.861483,0.161283,39,14
2020-04-08 03:31:35,-119.861483,0.161283,47,14
2020-04-08 03:31:40,-119.861483,0.161283,35,14
2020-04-08 03:31:45,-119.861483,0.161283,43,14
2020-04-08 03:31:50,-119.861483,0.161283,39,14
2020-04-08 03:31:55,-119.861483,0.161283,39,14
2020-04-08 03:32:00,-119.861483,0.161283,45,14
2020-04-08 03:32:05,-119.861483,0.161283,40,14
2020-04-08 03:32:10,-119.861483,0.161283,40,14
2020-04-08 03:32:15,-119.861483,0.161283,43,14
2020-04-08 03:32:20,-119.861483,0.161283,42,14
2020-04-08 03:32:25,-119.861483,0.161283,38,14
2020-04-08 03:32:30,-119.861483,0.161283,36,14
2020-04-08 03:32:35,-119.861483,0.161283,40,14
2020-04-08 03:32:40,-119.861483,0.161283,40,14
2020-04-08 03:32:45,-119.861483,0.161283,40,14
2020-04-08 03:32:50,-119.861483,0.161283,35,14
2020-04-08 03:32:55,-119.861483,0.161283,42,14
2020-04-08 03:33:00,-119.861483,0.161283,39,14
2020-04-08 03:33:05,-119.861483,0.161283,46,14
2020-04-08 03:33:10,-119.861483,0.161283,41,14
2020-04-08 03:33:15,-119.861483,0.161283,41,14
2020-04-08 03:33:20,-119.861483,0.161283,38,14
2020-04-08 03:33:25,-119.861483,0.161283,38,14
2020-04-08 03:33:30,-119.861483,0.161283,38,14
2020-04-08 03:33:35,-119.861483,0.161283,41,14
2020-04-08 03:33:40,-119.861483,0.161283,41,14
2020-04-08 03:33:45,-119.861483,0.161283,39,14
2020-04-08 03:33:50,-119.861483,0.161283,43,14
2020-04-08 03:33:55,-119.861483,0.161283,40,14
2020-04-08 03:34:00,-119.861483,0.161283,45,14
2020-04-08 03:34:05,-119.861483,0.161283,38,14
2020-04-08 03:34:10,-119.861483,0.161283,40,14
2020-04-08 03:34:15,-119.861483,0.161283,38,14
2020-04-08 03:34:20,-119.861483,0.161283,45,14
2020-04-08 03:34:25,-119.861483,0.161283,43,14
2020-04-08 03:34:30,-119.861483,0.161283,40,14
2020-04-08 03:34:35,-119.861483,0.161283,42,14
2020-04-08 03:34:40,-119.861483,0.161283,43,14
2020-04-08 03:34:45,-119.861483,0.161283,44,14
2020-04-08 03:34:50,-119.861483,0.161283,45,14
2020-04-08 03:34:55,-119.861483,0.161283,40,14
2020-04-08 03:35:00,-119.861483,0.161283,41,14
2020-04-08 03:35:05,-119.861483,0.161283,44,14
2020-04-08 03:35:10,-119.861483,0.161283,41,14
2020-04-08 03:35:15,-119.861483,0.161283,42,14
2020-04-08 03:35:20,-119.861483,0.161283,40,14
2020-04-08 03:35:25,-119.861483,0.161283,45,14
2020-04-08 03:35:30,-119.861483,0.161283,45,14
2020-04-08 03:35:35,-119.861483,0.161283,44,14
2020-04-08 03:35:40,-119.861483,0.161283,40,14
2020-04-08 03:35:45,-119.861483,0.161283,39,14
2020-04-08 03:35:50,-119.861483,0.161283,42,14
2020-04-08 03:35:55,-119.861483,0.161283,35,14
2020-04-08 03:36:00,-119.861483,0.161283,44,14
2020-04-08 03:36:05,-119.861483,0.161283,50,14
2020-04-08 03:36:10,-119.861483,0.161283,41,14
2020-04-08 03:36:15,-119.861483,0.161283,43,14
2020-04-08 03:36:20,-119.861483,0.161283,44,14
2020-04-08 03:36:25,-119.861483,0.161283,37,14
2020-04-08 03:36:30,-119.861483,0.161283,44,14
2020-04-08 03:36:35,-119.861483,0.161283,41,14
2020-04-08 03:36:40,-119.861483,0.161283,36,14
2020-04-08 03:36:45,-119.861483,0.161283,41,14
2020-04-08 03:36:50,-119.861483,0.161283,44,14
2020-04-08 03:36:55,-119.861483,0.161283,44,14
2020-04-08 03:37:00,-119.861483,0.161283,39,14
2020-04-08 03:37:05,-119.861483,0.161283,42,14
2020-04-08 03:37:10,-119.861483,0.161283,39,14
2020-04-08 03:37:15,-119.861483,0.161283,45,14
2020-04-08 03:37:20,-119.861483,0.161283,41,14
2020-04-08 03:37:25,-119.861483,0.161283,38,14
2020-04-08 03:37:30,-119.861483,0.161283,40,14
2020-04-08 03:37:35,-119.861483,0.161283,45,14
2020-04-08 03:37:40,-119.861483,0.161283,40,14
2020-04-08 03:37:45,-119.861483,0.161283,41,14
2020-04-08 03:37:50,-119.861483,0.161283,39,14
2020-04-08 03:37:55,-119.861483,0.161283,38,14
2020-04-08 03:38:00,-119.861483,0.161283,45,14
2020-04-08 03:38:05,-119.861483,0.161283,42,14
2020-04-08 03:38:10,-119.861483,0.161283,42,14
2020-04-08 03:38:15,-119.861483,0.161283,40,14
2020-04-08 03:38:20,-119.861483,0.161283,43,14
2020-04-08 03:38:25,-119.861483,0.161283,43,14
2020-04-08 03:38:30,-119.861483,0.161283,42,14
2020-04-08 03:38:35,-119.861483,0.161283,39,14
2020-04-08 03:38:40,-119.861483,0.161283,40,14
2020-04-08 03:38:45,-119.861483,0.161283,43,14
2020-04-08 03:38:50,-119.861483,0.161283,41,14
2020-04-08 03:38:55,-119.861483,0.161283,50,14
2020-04-08 03:39:00,-119.861483,0.161283,39,14
2020-04-08 03:39:05,-119.861483,0.161283,41,14
2020-04-08 03:39:10,-119.861483,0.161283,44,14
2020-04-08 03:39:15,-119.861483,0.161283,42,14
2020-04-08 03:39:20,-119.861483,0.161283,42,14
2020-04-08 03:39:25,-119.861483,0.161283,46,14
2020-04-08 03:39:30,-119.861483,0.161283,38,14
2020-04-08 03:39:35,-119.861483,0.161283,39,14
2020-04-08 03:39:40,-119.861483,0.161283,41,14
2020-04-08 03:39:45,-119.861483,0.161283,42,14
2020-04-08 03:39:50,-119.861483,0.161283,39,14
2020-04-08 03:39:55,-119.861483,0.161283,46,14
2020-04-08 03:40:00,-119.861483,0.161283,37,14
2020-04-08 03:40:05,-119.861483,0.161283,33,14
2020-04-08 03:40:10,-119.861483,0.161283,39,14
2020-04-08 03:40:15,-119.861483,0.161283,43,14
2020-04-08 03:40:20,-119.861483,0.161283,39,14
2020-04-08 03:40:25,-119.861483,0.161283,43,14
2020-04-08 03:40:30,-119.861483,0.161283,40,14
2020-04-08 03:40:35,-119.861483,0.161283,38,14
2020-04-08 03:40:40,-119.861483,0.161283,40,14
2020-04-08 03:40:45,-119.861483,0.161283,43,14
2020-04-08 03:40:50,-119.861483,0.161283,44,14
2020-04-08 03:40:55,-119.861483,0.161283,42,14
2020-04-08 03:41:00,-119.861483,0.161283,42,14
2020-04-08 03:41:05,-119.861483,0.161283,43,14
2020-04-08 03:41:10,-119.861483,0.161283,39,14
2020-04-08 03:41:15,-119.861483,0.161283,41,14
2020-04-08 03:41:20,-119.861483,0.161283,41,14
2020-04-08 03:41:25,-119.861483,0.161283,47,14
2020-04-08 03:41:30,-119.861483,0.161283,41,14
2020-04-08 03:41:35,-119.861483,0.161283,42,14
2020-04-08 03:41:40,-119.861483,0.161283,37,14
2020-04-08 03:41:45,-119.861483,0.161283,40,14
2020-04-08 03:41:50,-119.861483,0.161283,40,14
2020-04-08 03:41:55,-119.861483,0.161283,43,14
2020-04-08 03:42:00,-119.861483,0.161283,39,14
2020-04-08 03:42:05,-119.861483,0.161283,38,14
2020-04-08 03:42:10,-119.861483,0.161283,43,14
2020-04-08 03:42:15,-119.861483,0.161283,43,14
2020-04-08 03:42:20,-119.861483,0.161283,42,14
2020-04-08 03:42:25,-119.861483,0.161283,44,14
2020-04-08 03:42:30,-119.861483,0.161283,37,14
2020-04-08 03:42:35,-119.861483,0.161283,40,14
2020-04-08 03:42:40,-119.861483,0.161283,45,14
2020-04-08 03:42:45,-119.861483,0.161283,42,14
2020-04-08 03:42:50,-119.861483,0.161283,46,14
2020-04-08 03:42:55,-119.861483,0.161283,42,14
2020-04-08 03:43:00,-119.861483,0.161283,42,14
2020-04-08 03:43:05,-119.861483,0.161283,42,14
2020-04-08 03:43:10,-119.861483,0.161283,41,14
2020-04-08 03:43:15,-119.861483,0.161283,43,14
2020-04-08 03:43:20,-119.861483,0.161283,40,14
2020-04-08 03:43:25,-119.861483,0.161283,39,14
2020-04-08 03:43:30,-119.861483,0.161283,42,14
2020-04-08 03:43:35,-119.861483,0.161283,40,14
2020-04-08 03:43:40,-119.861483,0.161283,39,14
2020-04-08 03:43:45,-119.861483,0.161283,37,14
2020-04-08 03:43:50,-119.861483,0.161283,46,14
2020-04-08 03:43:55,-119.861483,0.161283,36,14
2020-04-08 03:44:00,-119.861483,0.161283,47,14
2020-04-08 03:44:05,-119.861483,0.161283,34,14
2020-04-08 03:44:10,-119.861483,0.161283,37,14
2020-04-08 03:44:15,-119.861483,0.161283,40,14
2020-04-08 03:44:20,-119.861483,0.161283,36,14
2020-04-08 03:44:25,-119.861483,0.161283,46,14
2020-04-08 03:44:30,-119.861483,0.161283,38,14
2020-04-08 03:44:35,-119.861483,0.161283,42,14
2020-04-08 03:44:40,-119.861483,0.161283,44,14
2020-04-08 03:44:45,-119.861483,0.161283,39,14
2020-04-08 03:44:50,-119.861483,0.161283,47,14
2020-04-08 03:44:55,-119.861483,0.161283,44,14
2020-04-08 03:45:00,-119.861483,0.161283,36,14
2020-04-08 03:45:05,-119.861483,0.161283,39,14
2020-04-08 03:45:10,-119.861483,0.161283,40,14
2020-04-08 03:45:15,-119.861483,0.161283,40,14
2020-04-08 03:45:20,-119.861483,0.161283,42,14
2020-04-08 03:45:25,-119.861483,0.161283,38,14
2020-04-08 03:45:30,-119.861483,0.161283,45,14
2020-04-08 03:45:35,-119.861483,0.161283,36,14
2020-04-08 03:45:40,-119.861483,0.161283,41,14
2020-04-08 03:45:45,-119.861483,0.161283,46,14
2020-04-08 03:45:50,-119.861483,0.161283,41,14
2020-04-08 03:45:55,-119.861483,0.161283,44,14
2020-04-08 03:46:00,-119.861483,0.161283,36,14
2020-04-08 03:46:05,-119.861483,0.161283,40,14
2020-04-08 03:46:10,-119.861483,0.161283,42,14
2020-04-08 03:46:15,-119.861483,0.161283,41,14
2020-04-08 03:46:20,-119.861483,0.161283,47,14
2020-04-08 03:46:25,-119.861483,0.161283,38,14
2020-04-08 03:46:30,-119.861483,0.161283,40,14
2020-04-08 03:46:35,-119.861483,0.161283,45,14
2020-04-08 03:46:40,-119.861483,0.161283,42,14
2020-04-08 03:46:45,-119.861483,0.161283,37,14
2020-04-08 03:46:50,-119.861483,0.161283,43,14
2020-04-08 03:46:55,-119.861483,0.161283,41,14
2020-04-08 03:47:00,-119.861483,0.161283,38,14
2020-04-08 03:47:05,-119.861483,0.161283,43,14
2020-04-08 03:47:10,-119.861483,0.161283,37,14
2020-04-08 03:47:15,-119.861483,0.161283,41,14
2020-04-08 03:47:20,-119.861483,0.161283,37,14
2020-04-08 03:47:25,-119.861483,0.161283,40,14
2020-04-08 03:47:30,-119.861483,0.161283,44,14
2020-04-08 03:47:35,-119.861483,0.161283,45,14
2020-04-08 03:47:40,-119.861483,0.161283,47,14
2020-04-08 03:47:45,-119.861483,0.161283,43,14
2020-04-08 03:47:50,-119.861483,0.161283,43,14
2020-04-08 03:47:55,-119.861483,0.161283,43,14
2020-04-08 03:48:00,-119.861483,0.161283,40,14
2020-04-08 03:48:05,-119.861483,0.161283,46,14
2020-04-08 03:48:10,-119.861483,0.161283,39,14
2020-04-08 03:48:15,-119.861483,0.161283,45,14
2020-04-08 03:48:20,-119.861483,0.161283,39,14
2020-04-08 03:48:25,-119.861483,0.161283,38,14
2020-04-08 03:48:30,-119.861483,0.161283,38,14
2020-04-08 03:48:35,-119.861483,0.161283,37,14
2020-04-08 03:48:40,-119.861483,0.161283,45,14
2020-04-08 03:48:45,-119.861483,0.161283,43,14
2020-04-08 03:48:50,-119.861483,0.161283,40,14
2020-04-08 03:48:55,-119.861483,0.161283,45,14
2020-04-08 03:49:00,-119.861483,0.161283,38,14
2020-04-08 03:49:05,-119.861483,0.161283,42,14
2020-04-08 03:49:10,-119.861483,0.161283,38,14
2020-04-08 03:49:15,-119.861483,0.161283,44,14
2020-04-08 03:49:20,-119.861483,0.161283,43,14
2020-04-08 03:49:25,-119.861483,0.161283,40,14
2020-04-08 03:49:30,-119.861483,0.161283,39,14
2020-04-08 03:49:35,-119.861483,0.161283,44,14
2020-04-08 03:49:40,-119.861483,0.161283,44,14
2020-04-08 03:49:45,-119.861483,0.161283,39,14
2020-04-08 03:49:50,-119.861483,0.161283,44,14
2020-04-08 03:49:55,-119.861483,0.161283,45,14
2020-04-08 03:50:00,-119.861483,0.161283,43,14
2020-04-08 03:50:05,-119.861483,0.161283,36,14
2020-04-08 03:50:10,-119.861483,0.161283,39,14
2020-04-08 03:50:15,-119.861483,0.161283,41,14
2020-04-08 03:50:20,-119.861483,0.161283,37,14
2020-04-08 03:50:25,-119.861483,0.161283,43,14
2020-04-08 03:50:30,-119.861483,0.161283,38,14
2020-04-08 03:50:35,-119.861483,0.161283,41,14
2020-04-08 03:50:40,-119.861483,0.161283,43,14
2020-04-08 03:50:45,-119.861483,0.161283,40,14
2020-04-08 03:50:50,-119.861483,0.161283,38,14
2020-04-08 03:50:55,-119.861483,0.161283,43,14
2020-04-08 03:51:00,-119.861483,0.161283,42,14
2020-04-08 03:51:05,-119.861483,0.161283,41,14
2020-04-08 03:51:10,-119.861483,0.161283,43,14
2020-04-08 03:51:15,-119.861483,0.161283,46,14
2020-04-08 03:51:20,-119.861483,0.161283,44,14
2020-04-08 03:51:25,-119.861483,0.161283,41,14
2020-04-08 03:51:30,-119.861483,0.161283,38,14
2020-04-08 03:51:35,-119.861483,0.161283,43,14
2020-04-08 03:51:40,-119.861483,0.161283,42,14
2020-04-08 03:51:45,-119.861483,0.161283,44,14
2020-04-08 03:51:50,-119.861483,0.161283,47,14
2020-04-08 03:51:55,-119.861483,0.161283,41,14
2020-04-08 03:52:00,-119.861483,0.161283,41,14
2020-04-08 03:52:05,-119.861483,0.161283,45,14
2020-04-08 03:52:10,-119.861483,0.161283,39,14
2020-04-08 03:52:15,-119.861483,0.161283,42,14
2020-04-08 03:52:20,-119.861483,0.161283,42,14
2020-04-08 03:52:25,-119.861483,0.161283,37,14
2020-04-08 03:52:30,-119.861483,0.161283,41,14
2020-04-08 03:52:35,-119.861483,0.161283,40,14
2020-04-08 03:52:40,-119.861483,0.161283,41,14
2020-04-08 03:52:45,-119.861483,0.161283,43,14
2020-04-08 03:52:50,-119.861483,0.161283,40,14
2020-04-08 03:52:55,-119.861483,0.161283,40,14
2020-04-08 03:53:00,-119.861483,0.161283,40,14
2020-04-08 03:53:05,-119.861483,0.161283,45,14
2020-04-08 03:53:10,-119.861483,0.161283,39,14
2020-04-08 03:53:15,-119.861483,0.161283,44,14
2020-04-08 03:53:20,-119.861483,0.161283,39,14
2020-04-08 03:53:25,-119.861483,0.161283,44,14
2020-04-08 03:53:30,-119.861483,0.161283,45,14
2020-04-08 03:53:35,-119.861483,0.161283,42,14
2020-04-08 03:53:40,-119.861483,0.161283,38,14
2020-04-08 03:53:45,-119.861483,0.161283,42,14
2020-04-08 03:53:50,-119.861483,0.161283,40,14
2020-04-08 03:53:55,-119.861483,0.161283,41,14
2020-04-08 03:54:00,-119.861483,0.161283,42,14
2020-04-08 03:54:05,-119.861483,0.161283,43,14
2020-04-08 03:54:10,-119.861483,0.161283,39,14
2020-04-08 03:54:15,-119.861483,0.161283,38,14
2020-04-08 03:54:20,-119.861483,0.161283,44,14
2020-04-08 03:54:25,-119.861483,0.161283,41,14
2020-04-08 03:54:30,-119.861483,0.161283,36,14
2020-04-08 03:54:35,-119.861483,0.161283,45,14
2020-04-08 03:54:40,-119.861483,0.161283,38,14
2020-04-08 03:54:45,-119.861483,0.161283,39,14
2020-04-08 03:54:50,-119.861483,0.161283,40,14
2020-04-08 03:54:55,-119.861483,0.161283,37,14
2020-04-08 03:55:00,-119.861483,0.161283,37,14
2020-04-08 03:55:05,-119.861483,0.161283,41,14
2020-04-08 03:55:10,-119.861483,0.161283,44,14
2020-04-08 03:55:15,-119.861483,0.161283,39,14
2020-04-08 03:55:20,-119.861483,0.161283,46,14
2020-04-08 03:55:25,-119.861483,0.161283,44,14
2020-04-08 03:55:30,-119.861483,0.161283,34,14
2020-04-08 03:55:35,-119.861483,0.161283,38,14
2020-04-08 03:55:40,-119.861483,0.161283,41,14
2020-04-08 03:55:45,-119.861483,0.161283,43,14
2020-04-08 03:55:50,-119.861483,0.161283,40,14
2020-04-08 03:55:55,-119.861483,0.161283,42,14
2020-04-08 03:56:00,-119.861483,0.161283,37,14
2020-04-08 03:56:05,-119.861483,0.161283,41,14
2020-04-08 03:56:10,-119.861483,0.161283,46,14
2020-04-08 03:56:15,-119.861483,0.161283,43,14
2020-04-08 03:56:20,-119.861483,0.161283,42,14
2020-04-08 03:56:25,-119.861483,0.161283,41,14
2020-04-08 03:56:30,-119.861483,0.161283,40,14
2020-04-08 03:56:35,-119.861483,0.161283,42,14
2020-04-08 03:56:40,-119.861483,0.161283,47,14
2020-04-08 03:56:45,-119.861483,0.161283,41,14
2020-04-08 03:56:50,-119.861483,0.161283,42,14
2020-04-08 03:56:55,-119.861483,0.161283,47,14
2020-04-08 03:57:00,-119.861483,0.161283,45,14
2020-04-08 03:57:05,-119.861483,0.161283,44,14
2020-04-08 03:57:10,-119.861483,0.161283,40,14
2020-04-08 03:57:15,-119.861483,0.161283,45,14
2020-04-08 03:57:20,-119.861483,0.161283,36,14
2020-04-08 03:57:25,-119.861483,0.161283,40,14
2020-04-08 03:57:30,-119.861483,0.161283,40,14
2020-04-08 03:57:35,-119.861483,0.161283,42,14
2020-04-08 03:57:40,-119.861483,0.161283,42,14
2020-04-08 03:57:45,-119.861483,0.161283,44,14
2020-04-08 03:57:50,-119.861483,0.161283,41,14
2020-04-08 03:57:55,-119.861483,0.161283,43,14
2020-04-08 03:58:00,-119.861483,0.161283,40,14
2020-04-08 03:58:05,-119.861483,0.161283,44,14
2020-04-08 03:58:10,-119.861483,0.161283,40,14
2020-04-08 03:58:15,-119.861483,0.161283,38,14
2020-04-08 03:58:20,-119.861483,0.161283,43,14
2020-04-08 03:58:25,-119.861483,0.161283,39,14
2020-04-08 03:58:30,-119.861483,0.161283,42,14
2020-04-08 03:58:35,-119.861483,0.161283,44,14
2020-04-08 03:58:40,-119.861483,0.161283,41,14
2020-04-08 03:58:45,-119.861483,0.161283,46,14
2020-04-08 03:58:50,-119.861483,0.161283,41,14
2020-04-08 03:58:55,-119.861483,0.161283,44,14
2020-04-08 03:59:00,-119.861483,0.161283,40,14
2020-04-08 03:59:05,-119.861483,0.161283,40,14
2020-04-08 03:59:10,-119.861483,0.161283,46,14
2020-04-08 03:59:15,-119.861483,0.161283,40,14
2020-04-08 03:59:20,-119.861483,0.161283,42,14
2020-04-08 03:59:25,-119.861483,0.161283,35,14
2020-04-08 03:59:30,-119.861483,0.161283,42,14
2020-04-08 03:59:35,-119.861483,0.161283,33,14
2020-04-08 03:59:40,-119.861483,0.161283,43,14
2020-04-08 03:59:45,-119.861483,0.161283,43,14
2020-04-08 03:59:50,-119.861483,0.161283,44,14
2020-04-08 03:59:55,-119.861483,0.161283,44,14
2020-04-08 04:00:00,-119.861483,0.161283,42,14
2020-04-08 04:00:05,-119.861483,0.161283,42,14
2020-04-08 04:00:10,-119.861483,0.161283,45,14
2020-04-08 04:00:15,-119.861483,0.161283,46,14
2020-04-08 04:00:20,-119.861483,0.161283,42,14
2020-04-08 04:00:25,-119.861483,0.161283,45,14
2020-04-08 04:00:30,-119.861483,0.161283,41,14
2020-04-08 04:00:35,-119.861483,0.161283,44,14
2020-04-08 04:00:40,-119.861483,0.161283,37,14
2020-04-08 04:00:45,-119.861483,0.161283,39,14
2020-04-08 04:00:50,-119.861483,0.161283,39,14
2020-04-08 04:00:55,-119.861483,0.161283,42,14
2020-04-08 04:01:00,-119.861483,0.161283,43,14
2020-04-08 04:01:05,-119.861483,0.161283,42,14
2020-04-08 04:01:10,-119.861483,0.161283,39,14
2020-04-08 04:01:15,-119.861483,0.161283,43,14
2020-04-08 04:01:20,-119.861483,0.161283,46,14
2020-04-08 04:01:25,-119.861483,0.161283,36,14
2020-04-08 04:01:30,-119.861483,0.161283,38,14
2020-04-08 04:01:35,-119.861483,0.161283,42,14
2020-04-08 04:01:40,-119.861483,0.161283,48,14
2020-04-08 04:01:45,-119.861483,0.161283,42,14
2020-04-08 04:01:50,-119.861483,0.161283,41,14
2020-04-08 04:01:55,-119.861483,0.161283,38,14
2020-04-08 04:02:00,-119.861483,0.161283,43,14
2020-04-08 04:02:05,-119.861483,0.161283,39,14
2020-04-08 04:02:10,-119.861483,0.161283,37,14
2020-04-08 04:02:15,-119.861483,0.161283,39,14
2020-04-08 04:02:20,-119.861483,0.161283,41,14
2020-04-08 04:02:25,-119.861483,0.161283,39,14
2020-04-08 04:02:30,-119.861483,0.161283,36,14
2020-04-08 04:02:35,-119.861483,0.161283,38,14
2020-04-08 04:02:40,-119.861483,0.161283,40,14
2020-04-08 04:02:45,-119.861483,0.161283,45,14
2020-04-08 04:02:50,-119.861483,0.161283,40,14
2020-04-08 04:02:55,-119.861483,0.161283,43,14
2020-04-08 04:03:00,-119.861483,0.161283,46,14
2020-04-08 04:03:05,-119.861483,0.161283,37,14
2020-04-08 04:03:10,-119.861483,0.161283,43,14
2020-04-08 04:03:15,-119.861483,0.161283,40,14
2020-04-08 04:03:20,-119.861483,0.161283,44,14
2020-04-08 04:03:25,-119.861483,0.161283,40,14
2020-04-08 04:03:30,-119.861483,0.161283,40,14
2020-04-08 04:03:35,-119.861483,0.161283,41,14
2020-04-08 04:03:40,-119.861483,0.161283,41,14
2020-04-08 04:03:45,-119.861483,0.161283,43,14
2020-04-08 04:03:50,-119.861483,0.161283,40,14
2020-04-08 04:03:55,-119.861483,0.161283,34,14
2020-04-08 04:04:00,-119.861483,0.161283,41,14
2020-04-08 04:04:05,-119.861483,0.161283,42,14
2020-04-08 04:04:10,-119.861483,0.161283,39,14
2020-04-08 04:04:15,-119.861483,0.161283,42,14
2020-04-08 04:04:20,-119.861483,0.161283,38,14
2020-04-08 04:04:25,-119.861483,0.161283,41,14
2020-04-08 04:04:30,-119.861483,0.161283,37,14
2020-04-08 04:04:35,-119.861483,0.161283,43,14
2020-04-08 04:04:40,-119.861483,0.161283,41,14
2020-04-08 04:04:45,-119.861483,0.161283,43,14
2020-04-08 04:04:50,-119.861483,0.161283,42,14
2020-04-08 04:04:55,-119.861483,0.161283,42,14
2020-04-08 04:05:00,-119.861483,0.161283,41,14
2020-04-08 04:05:05,-119.861483,0.161283,42,14
2020-04-08 04:05:10,-119.861483,0.161283,44,14
2020-04-08 04:05:15,-119.861483,0.161283,42,14
2020-04-08 04:05:20,-119.861483,0.161283,45,14
2020-04-08 04:05:25,-119.861483,0.161283,42,14
2020-04-08 04:05:30,-119.861483,0.161283,41,14
2020-04-08 04:05:35,-119.861483,0.161283,45,14
2020-04-08 04:05:40,-119.861483,0.161283,40,14
2020-04-08 04:05:45,-119.861483,0.161283,39,14
2020-04-08 04:05:50,-119.861483,0.161283,41,14
2020-04-08 04:05:55,-119.861483,0.161283,43,14
2020-04-08 04:06:00,-119.861483,0.161283,39,14
2020-04-08 04:06:05,-119.861483,0.161283,43,14
2020-04-08 04:06:10,-119.861483,0.161283,46,14
2020-04-08 04:06:15,-119.861483,0.161283,44,14
2020-04-08 04:06:20,-119.861483,0.161283,42,14
2020-04-08 04:06:25,-119.861483,0.161283,43,14
2020-04-08 04:06:30,-119.861483,0.161283,37,14
2020-04-08 04:06:35,-119.861483,0.161283,44,14
2020-04-08 04:06:40,-119.861483,0.161283,37,14
2020-04-08 04:06:45,-119.861483,0.161283,41,14
2020-04-08 04:06:50,-119.861483,0.161283,42,14
2020-04-08 04:06:55,-119.861483,0.161283,37,14
2020-04-08 04:07:00,-119.861483,0.161283,42,14
2020-04-08 04:07:05,-119.861483,0.161283,38,14
2020-04-08 04:07:10,-119.861483,0.161283,39,14
2020-04-08 04:07:15,-119.861483,0.161283,41,14
2020-04-08 04:07:20,-119.861483,0.161283,41,14
2020-04-08 04:07:25,-119.861483,0.161283,43,14
2020-04-08 04:07:30,-119.861483,0.161283,40,14
2020-04-08 04:07:35,-119.861483,0.161283,46,14
2020-04-08 04:07:40,-119.861483,0.161283,42,14
2020-04-08 04:07:45,-119.861483,0.161283,43,14
2020-04-08 04:07:50,-119.861483,0.161283,39,14
2020-04-08 04:07:55,-119.861483,0.161283,38,14
2020-04-08 04:08:00,-119.861483,0.161283,42,14
2020-04-08 04:08:05,-119.861483,0.161283,42,14
2020-04-08 04:08:10,-119.861483,0.161283,39,14
2020-04-08 04:08:15,-119.861483,0.161283,48,14
2020-04-08 04:08:20,-119.861483,0.161283,45,14
2020-04-08 04:08:25,-119.861483,0.161283,34,14
2020-04-08 04:08:30,-119.861483,0.161283,43,14
2020-04-08 04:08:35,-119.861483,0.161283,46,14
2020-04-08 04:08:40,-119.861483,0.161283,40,14
2020-04-08 04:08:45,-119.861483,0.161283,38,14
2020-04-08 04:08:50,-119.861483,0.161283,39,14
2020-04-08 04:08:55,-119.861483,0.161283,42,14
2020-04-08 04:09:00,-119.861483,0.161283,42,14
2020-04-08 04:09:05,-119.861483,0.161283,43,14
2020-04-08 04:09:10,-119.861483,0.161283,43,14
2020-04-08 04:09:15,-119.861483,0.161283,40,14
2020-04-08 04:09:20,-119.861483,0.161283,45,14
2020-04-08 04:09:25,-119.861483,0.161283,43,14
2020-04-08 04:09:30,-119.861483,0.161283,38,14
2020-04-08 04:09:35,-119.861483,0.161283,39,14
2020-04-08 04:09:40,-119.861483,0.161283,38,14
2020-04-08 04:09:45,-119.861483,0.161283,36,14
2020-04-08 04:09:50,-119.861483,0.161283,41,14
2020-04-08 04:09:55,-119.861483,0.161283,33,14
2020-04-08 04:10:00,-119.861483,0.161283,43,14
2020-04-08 04:10:05,-119.861483,0.161283,41,14
2020-04-08 04:10:10,-119.861483,0.161283,42,14
2020-04-08 04:10:15,-119.861483,0.161283,44,14
2020-04-08 04:10:20,-119.861483,0.161283,39,14
2020-04-08 04:10:25,-119.861483,0.161283,38,14
2020-04-08 04:10:30,-119.861483,0.161283,40,14
2020-04-08 04:10:35,-119.861483,0.161283,37,14
2020-04-08 04:10:40,-119.861483,0.161283,42,14
2020-04-08 04:10:45,-119.861483,0.161283,40,14
2020-04-08 04:10:50,-119.861483,0.161283,40,14
2020-04-08 04:10:55,-119.861483,0.161283,40,14
2020-04-08 04:11:00,-119.861483,0.161283,39,14
2020-04-08 04:11:05,-119.861483,0.161283,39,14
2020-04-08 04:11:10,-119.861483,0.161283,38,14
2020-04-08 04:11:15,-119.861483,0.161283,43,14
2020-04-08 04:11:20,-119.861483,0.161283,44,14
2020-04-08 04:11:25,-119.861483,0.161283,45,14
2020-04-08 04:11:30,-119.861483,0.161283,41,14
2020-04-08 04:11:35,-119.861483,0.161283,40,14
2020-04-08 04:11:40,-119.861483,0.161283,48,14
2020-04-08 04:11:45,-119.861483,0.161283,41,14
2020-04-08 04:11:50,-119.861483,0.161283,39,14
2020-04-08 04:11:55,-119.861483,0.161283,41,14
2020-04-08 04:12:00,-119.861483,0.161283,41,14
2020-04-08 04:12:05,-119.861483,0.161283,38,14
2020-04-08 04:12:10,-119.861483,0.161283,43,14
2020-04-08 04:12:15,-119.861483,0.161283,41,14
2020-04-08 04:12:20,-119.861483,0.161283,39,14
2020-04-08 04:12:25,-119.861483,0.161283,42,14
2020-04-08 04:12:30,-119.861483,0.161283,42,14
2020-04-08 04:12:35,-119.861483,0.161283,44,14
2020-04-08 04:12:40,-119.861483,0.161283,41,14
2020-04-08 04:12:45,-119.861483,0.161283,37,14
2020-04-08 04:12:50,-119.861483,0.161283,40,14
2020-04-08 04:12:55,-119.861483,0.161283,42,14
2020-04-08 04:13:00,-119.861483,0.161283,42,14
2020-04-08 04:13:05,-119.861483,0.161283,40,14
2020-04-08 04:13:10,-119.861483,0.161283,43,14
2020-04-08 04:13:15,-119.861483,0.161283,39,14
2020-04-08 04:13:20,-119.861483,0.161283,42,14
2020-04-08 04:13:25,-119.861483,0.161283,39,14
2020-04-08 04:13:30,-119.861483,0.161283,37,14
2020-04-08 04:13:35,-119.861483,0.161283,39,14
2020-04-08 04:13:40,-119.861483,0.161283,42,14
2020-04-08 04:13:45,-119.861483,0.161283,42,14
2020-04-08 04:13:50,-119.861483,0.161283,43,14
2020-04-08 04:13:55,-119.861483,0.161283,42,14
2020-04-08 04:14:00,-119.861483,0.161283,43,14
2020-04-08 04:14:05,-119.861483,0.161283,35,14
2020-04-08 04:14:10,-119.861483,0.161283,45,14
2020-04-08 04:14:15,-119.861483,0.161283,42,14
2020-04-08 04:14:20,-119.861483,0.161283,36,14
2020-04-08 04:14:25,-119.861483,0.161283,41,14
2020-04-08 04:14:30,-119.861483,0.161283,44,14
2020-04-08 04:14:35,-119.861483,0.161283,42,14
2020-04-08 04:14:40,-119.861483,0.161283,43,14
2020-04-08 04:14:45,-119.861483,0.161283,46,14
2020-04-08 04:14:50,-119.861483,0.161283,35,14
2020-04-08 04:14:55,-119.861483,0.161283,43,14
2020-04-08 04:15:00,-119.861483,0.161283,40,14
2020-04-08 04:15:05,-119.861483,0.161283,48,14
2020-04-08 04:15:10,-119.861483,0.161283,41,14
2020-04-08 04:15:15,-119.861483,0.161283,38,14
2020-04-08 04:15:20,-119.861483,0.161283,46,14
2020-04-08 04:15:25,-119.861483,0.161283,40,14
2020-04-08 04:15:30,-119.861483,0.161283,41,14
2020-04-08 04:15:35,-119.861483,0.161283,42,14
2020-04-08 04:15:40,-119.861483,0.161283,46,14
2020-04-08 04:15:45,-119.861483,0.161283,40,14
2020-04-08 04:15:50,-119.861483,0.161283,40,14
2020-04-08 04:15:55,-119.861483,0.161283,37,14
2020-04-08 04:16:00,-119.861483,0.161283,43,14
2020-04-08 04:16:05,-119.861483,0.161283,37,14
2020-04-08 04:16:10,-119.861483,0.161283,39,14
2020-04-08 04:16:15,-119.861483,0.161283,42,14
2020-04-08 04:16:20,-119.861483,0.161283,40,14
2020-04-08 04:16:25,-119.861483,0.161283,43,14
2020-04-08 04:16:30,-119.861483,0.161283,42,14
2020-04-08 04:16:35,-119.861483,0.161283,40,14
2020-04-08 04:16:40,-119.861483,0.161283,41,14
2020-04-08 04:16:45,-119.861483,0.161283,34,14
2020-04-08 04:16:50,-119.861483,0.161283,39,14
2020-04-08 04:16:55,-119.861483,0.161283,41,14
2020-04-08 04:17:00,-119.861483,0.161283,42,14
2020-04-08 04:17:05,-119.861483,0.161283,41,14
2020-04-08 04:17:10,-119.861483,0.161283,44,14
2020-04-08 04:17:15,-119.861483,0.161283,41,14
2020-04-08 04:17:20,-119.861483,0.161283,42,14
2020-04-08 04:17:25,-119.861483,0.161283,38,14
2020-04-08 04:17:30,-119.861483,0.161283,43,14
2020-04-08 04:17:35,-119.861483,0.161283,40,14
2020-04-08 04:17:40,-119.861483,0.161283,44,14
2020-04-08 04:17:45,-119.861483,0.161283,36,14
2020-04-08 04:17:50,-119.861483,0.161283,40,14
2020-04-08 04:17:55,-119.861483,0.161283,40,14
2020-04-08 04:18:00,-119.861483,0.161283,42,14
2020-04-08 04:18:05,-119.861483,0.161283,42,14
2020-04-08 04:18:10,-119.861483,0.161283,42,14
2020-04-08 04:18:15,-119.861483,0.161283,38,14
2020-04-08 04:18:20,-119.861483,0.161283,39,14
2020-04-08 04:18:25,-119.861483,0.161283,44,14
2020-04-08 04:18:30,-119.861483,0.161283,43,14
2020-04-08 04:18:35,-119.861483,0.161283,40,14
2020-04-08 04:18:40,-119.861483,0.161283,48,14
2020-04-08 04:18:45,-119.861483,0.161283,41,14
2020-04-08 04:18:50,-119.861483,0.161283,45,14
2020-04-08 04:18:55,-119.861483,0.161283,40,14
2020-04-08 04:19:00,-119.861483,0.161283,43,14
2020-04-08 04:19:05,-119.861483,0.161283,45,14
2020-04-08 04:19:10,-119.861483,0.161283,44,14
2020-04-08 04:19:15,-119.861483,0.161283,42,14
2020-04-08 04:19:20,-119.861483,0.161283,39,14
2020-04-08 04:19:25,-119.861483,0.161283,43,14
2020-04-08 04:19:30,-119.861483,0.161283,43,14
2020-04-08 04:19:35,-119.861483,0.161283,42,14
2020-04-08 04:19:40,-119.861483,0.161283,39,14
2020-04-08 04:19:45,-119.861483,0.161283,38,14
2020-04-08 04:19:50,-119.861483,0.161283,40,14
2020-04-08 04:19:55,-119.861483,0.161283,43,14
2020-04-08 04:20:00,-119.861483,0.161283,40,14
2020-04-08 04:20:05,-119.861483,0.161283,37,14
2020-04-08 04:20:10,-119.861483,0.161283,38,14
2020-04-08 04:20:15,-119.861483,0.161283,40,14
2020-04-08 04:20:20,-119.861483,0.161283,42,14
2020-04-08 04:20:25,-119.861483,0.161283,40,14
2020-04-08 04:20:30,-119.861483,0.161283,44,14
2020-04-08 04:20:35,-119.861483,0.161283,38,14
2020-04-08 04:20:40,-119.861483,0.161283,43,14
2020-04-08 04:20:45,-119.861483,0.161283,41,14
2020-04-08 04:20:50,-119.861483,0.161283,42,14
2020-04-08 04:20:55,-119.861483,0.161283,41,14
2020-04-08 04:21:00,-119.861483,0.161283,43,14
2020-04-08 04:21:05,-119.861483,0.161283,40,14
2020-04-08 04:21:10,-119.861483,0.161283,45,14
2020-04-08 04:21:15,-119.861483,0.161283,42,14
2020-04-08 04:21:20,-119.861483,0.161283,38,14
2020-04-08 04:21:25,-119.861483,0.161283,40,14
2020-04-08 04:21:30,-119.861483,0.161283,39,14
2020-04-08 04:21:35,-119.861483,0.161283,37,14
2020-04-08 04:21:40,-119.861483,0.161283,38,14
2020-04-08 04:21:45,-119.861483,0.161283,37,14
2020-04-08 04:21:50,-119.861483,0.161283,40,14
2020-04-08 04:21:55,-119.861483,0.161283,41,14
2020-04-08 04:22:00,-119.861483,0.161283,46,14
2020-04-08 04:22:05,-119.861483,0.161283,39,14
2020-04-08 04:22:10,-119.861483,0.161283,40,14
2020-04-08 04:22:15,-119.861483,0.161283,42,14
2020-04-08 04:22:20,-119.861483,0.161283,41,14
2020-04-08 04:22:25,-119.861483,0.161283,40,14
2020-04-08 04:22:30,-119.861483,0.161283,47,14
2020-04-08 04:22:35,-119.861483,0.161283,40,14
2020-04-08 04:22:40,-119.861483,0.161283,42,14
2020-04-08 04:22:45,-119.861483,0.161283,40,14
2020-04-08 04:22:50,-119.861483,0.161283,42,14
2020-04-08 04:22:55,-119.861483,0.161283,42,14
2020-04-08 04:23:00,-119.861483,0.161283,42,14
2020-04-08 04:23:05,-119.861483,0.161283,44,14
2020-04-08 04:23:10,-119.861483,0.161283,40,14
2020-04-08 04:23:15,-119.861483,0.161283,43,14
2020-04-08 04:23:20,-119.861483,0.161283,44,14
2020-04-08 04:23:25,-119.861483,0.161283,38,14
2020-04-08 04:23:30,-119.861483,0.161283,39,14
2020-04-08 04:23:35,-119.861483,0.161283,41,14
2020-04-08 04:23:40,-119.861483,0.161283,36,14
2020-04-08 04:23:45,-119.861483,0.161283,41,14
2020-04-08 04:23:50,-119.861483,0.161283,46,14
2020-04-08 04:23:55,-119.861483,0.161283,38,14
2020-04-08 04:24:00,-119.861483,0.161283,40,14
2020-04-08 04:24:05,-119.861483,0.161283,43,14
2020-04-08 04:24:10,-119.861483,0.161283,42,14
2020-04-08 04:24:15,-119.861483,0.161283,41,14
2020-04-08 04:24:20,-119.861483,0.161283,42,14
2020-04-08 04:24:25,-119.861483,0.161283,38,14
2020-04-08 04:24:30,-119.861483,0.161283,39,14
2020-04-08 04:24:35,-119.861483,0.161283,36,14
2020-04-08 04:24:40,-119.861483,0.161283,42,14
2020-04-08 04:24:45,-119.861483,0.161283,41,14
2020-04-08 04:24:50,-119.861483,0.161283,42,14
2020-04-08 04:24:55,-119.861483,0.161283,44,14
2020-04-08 04:25:00,-119.861483,0.161283,41,14
2020-04-08 04:25:05,-119.861483,0.161283,46,14
2020-04-08 04:25:10,-119.861483,0.161283,41,14
2020-04-08 04:25:15,-119.861483,0.161283,41,14
2020-04-08 04:25:20,-119.861483,0.161283,40,14
2020-04-08 04:25:25,-119.861483,0.161283,40,14
2020-04-08 04:25:30,-119.861483,0.161283,44,14
2020-04-08 04:25:35,-119.861483,0.161283,39,14
2020-04-08 04:25:40,-119.861483,0.161283,42,14
2020-04-08 04:25:45,-119.861483,0.161283,40,14
2020-04-08 04:25:50,-119.861483,0.161283,41,14
2020-04-08 04:25:55,-119.861483,0.161283,39,14
2020-04-08 04:26:00,-119.861483,0.161283,44,14
2020-04-08 04:26:05,-119.861483,0.161283,45,14
2020-04-08 04:26:10,-119.861483,0.161283,42,14
2020-04-08 04:26:15,-119.861483,0.161283,39,14
2020-04-08 04:26:20,-119.861483,0.161283,41,14
2020-04-08 04:26:25,-119.861483,0.161283,39,14
2020-04-08 04:26:30,-119.861483,0.161283,42,14
2020-04-08 04:26:35,-119.861483,0.161283,44,14
2020-04-08 04:26:40,-119.861483,0.161283,41,14
2020-04-08 04:26:45,-119.861483,0.161283,42,14
2020-04-08 04:26:50,-119.861483,0.161283,41,14
2020-04-08 04:26:55,-119.861483,0.161283,42,14
2020-04-08 04:27:00,-119.861483,0.161283,45,14
2020-04-08 04:27:05,-119.861483,0.161283,39,14
2020-04-08 04:27:10,-119.861483,0.161283,40,14
2020-04-08 04:27:15,-119.861483,0.161283,42,14
2020-04-08 04:27:20,-119.861483,0.161283,48,14
2020-04-08 04:27:25,-119.861483,0.161283,46,14
2020-04-08 04:27:30,-119.861483,0.161283,42,14
2020-04-08 04:27:35,-119.861483,0.161283,36,14
2020-04-08 04:27:40,-119.861483,0.161283,48,14
2020-04-08 04:27:45,-119.861483,0.161283,40,14
2020-04-08 04:27:50,-119.861483,0.161283,40,14
2020-04-08 04:27:55,-119.861483,0.161283,42,14
2020-04-08 04:28:00,-119.861483,0.161283,47,14
2020-04-08 04:28:05,-119.861483,0.161283,39,14
2020-04-08 04:28:10,-119.861483,0.161283,38,14
2020-04-08 04:28:15,-119.861483,0.161283,43,14
2020-04-08 04:28:20,-119.861483,0.161283,42,14
2020-04-08 04:28:25,-119.861483,0.161283,42,14
2020-04-08 04:28:30,-119.861483,0.161283,42,14
2020-04-08 04:28:35,-119.861483,0.161283,37,14
2020-04-08 04:28:40,-119.861483,0.161283,37,14
2020-04-08 04:28:45,-119.861483,0.161283,39,14
2020-04-08 04:28:50,-119.861483,0.161283,44,14
2020-04-08 04:28:55,-119.861483,0.161283,38,14
2020-04-08 04:29:00,-119.861483,0.161283,43,14
2020-04-08 04:29:05,-119.861483,0.161283,41,14
2020-04-08 04:29:10,-119.861483,0.161283,40,14
2020-04-08 04:29:15,-119.861483,0.161283,40,14
2020-04-08 04:29:20,-119.861483,0.161283,40,14
2020-04-08 04:29:25,-119.861483,0.161283,38,14
2020-04-08 04:29:30,-119.861483,0.161283,42,14
2020-04-08 04:29:35,-119.861483,0.161283,44,14
2020-04-08 04:29:40,-119.861483,0.161283,36,14
2020-04-08 04:29:45,-119.861483,0.161283,37,14
2020-04-08 04:29:50,-119.861483,0.161283,41,14
2020-04-08 04:29:55,-119.861483,0.161283,39,14
2020-04-08 04:30:00,-119.861483,0.161283,41,14
2020-04-08 04:30:05,-119.861483,0.161283,40,14
2020-04-08 04:30:10,-119.861483,0.161283,42,14
2020-04-08 04:30:15,-119.861483,0.161283,42,14
2020-04-08 04:30:20,-119.861483,0.161283,40,14
2020-04-08 04:30:25,-119.861483,0.161283,39,14
2020-04-08 04:30:30,-119.861483,0.161283,40,14
2020-04-08 04:30:35,-119.861483,0.161283,41,14
2020-04-08 04:30:40,-119.861483,0.161283,40,14
2020-04-08 04:30:45,-119.861483,0.161283,38,14
2020-04-08 04:30:50,-119.861483,0.161283,43,14
2020-04-08 04:30:55,-119.861483,0.161283,49,14
2020-04-08 04:31:00,-119.861483,0.161283,51,14
2020-04-08 04:31:05,-119.861483,0.161283,40,14
2020-04-08 04:31:10,-119.861483,0.161283,50,14
2020-04-08 04:31:15,-119.861483,0.161283,46,14
2020-04-08 04:31:20,-119.861483,0.161283,41,14
2020-04-08 04:31:25,-119.861483,0.161283,46,14
2020-04-08 04:31:30,-119.861483,0.161283,41,14
2020-04-08 04:31:35,-119.861483,0.161283,41,14
2020-04-08 04:31:40,-119.861483,0.161283,42,14
2020-04-08 04:31:45,-119.861483,0.161283,43,14
2020-04-08 04:31:50,-119.861483,0.161283,42,14
2020-04-08 04:31:55,-119.861483,0.161283,42,14
2020-04-08 04:32:00,-119.861483,0.161283,42,14
2020-04-08 04:32:05,-119.861483,0.161283,46,14
2020-04-08 04:32:10,-119.861483,0.161283,39,14
2020-04-08 04:32:15,-119.861483,0.161283,46,14
2020-04-08 04:32:20,-119.861483,0.161283,39,14
2020-04-08 04:32:25,-119.861483,0.161283,40,14
2020-04-08 04:32:30,-119.861483,0.161283,43,14
2020-04-08 04:32:35,-119.861483,0.161283,41,14
2020-04-08 04:32:40,-119.861483,0.161283,45,14
2020-04-08 04:32:45,-119.861483,0.161283,40,14
2020-04-08 04:32:50,-119.861483,0.161283,41,14
2020-04-08 04:32:55,-119.861483,0.161283,37,14
2020-04-08 04:33:00,-119.861483,0.161283,38,14
2020-04-08 04:33:05,-119.861483,0.161283,45,14
2020-04-08 04:33:10,-119.861483,0.161283,39,14
2020-04-08 04:33:15,-119.861483,0.161283,42,14
2020-04-08 04:33:20,-119.861483,0.161283,42,14
2020-04-08 04:33:25,-119.861483,0.161283,37,14
2020-04-08 04:33:30,-119.861483,0.161283,37,14
2020-04-08 04:33:35,-119.861483,0.161283,41,14
2020-04-08 04:33:40,-119.861483,0.161283,38,14
2020-04-08 04:33:45,-119.861483,0.161283,46,14
2020-04-08 04:33:50,-119.861483,0.161283,44,14
2020-04-08 04:33:55,-119.861483,0.161283,32,14
2020-04-08 04:34:00,-119.861483,0.161283,40,14
2020-04-08 04:34:05,-119.861483,0.161283,38,14
2020-04-08 04:34:10,-119.861483,0.161283,45,14
2020-04-08 04:34:15,-119.861483,0.161283,40,14
2020-04-08 04:34:20,-119.861483,0.161283,46,14
2020-04-08 04:34:25,-119.861483,0.161283,40,14
2020-04-08 04:34:30,-119.861483,0.161283,43,14
2020-04-08 04:34:35,-119.861483,0.161283,44,14
2020-04-08 04:34:40,-119.861483,0.161283,42,14
2020-04-08 04:34:45,-119.861483,0.161283,45,14
2020-04-08 04:34:50,-119.861483,0.161283,44,14
2020-04-08 04:34:55,-119.861483,0.161283,44,14
2020-04-08 04:35:00,-119.861483,0.161283,41,14
2020-04-08 04:35:05,-119.861483,0.161283,45,14
2020-04-08 04:35:10,-119.861483,0.161283,41,14
2020-04-08 04:35:15,-119.861483,0.161283,37,14
2020-04-08 04:35:20,-119.861483,0.161283,38,14
2020-04-08 04:35:25,-119.861483,0.161283,41,14
2020-04-08 04:35:30,-119.861483,0.161283,35,14
2020-04-08 04:35:35,-119.861483,0.161283,37,14
2020-04-08 04:35:40,-119.861483,0.161283,44,14
2020-04-08 04:35:45,-119.861483,0.161283,44,14
2020-04-08 04:35:50,-119.861483,0.161283,38,14
2020-04-08 04:35:55,-119.861483,0.161283,41,14
2020-04-08 04:36:00,-119.861483,0.161283,42,14
2020-04-08 04:36:05,-119.861483,0.161283,37,14
2020-04-08 04:36:10,-119.861483,0.161283,39,14
2020-04-08 04:36:15,-119.861483,0.161283,44,14
2020-04-08 04:36:20,-119.861483,0.161283,43,14
2020-04-08 04:36:25,-119.861483,0.161283,42,14
2020-04-08 04:36:30,-119.861483,0.161283,43,14
2020-04-08 04:36:35,-119.861483,0.161283,40,14
2020-04-08 04:36:40,-119.861483,0.161283,43,14
2020-04-08 04:36:45,-119.861483,0.161283,40,14
2020-04-08 04:36:50,-119.861483,0.161283,41,14
2020-04-08 04:36:55,-119.861483,0.161283,39,14
2020-04-08 04:37:00,-119.861483,0.161283,39,14
2020-04-08 04:37:05,-119.861483,0.161283,44,14
2020-04-08 04:37:10,-119.861483,0.161283,44,14
2020-04-08 04:37:15,-119.861483,0.161283,40,14
2020-04-08 04:37:20,-119.861483,0.161283,41,14
2020-04-08 04:37:25,-119.861483,0.161283,40,14
2020-04-08 04:37:30,-119.861483,0.161283,44,14
2020-04-08 04:37:35,-119.861483,0.161283,38,14
2020-04-08 04:37:40,-119.861483,0.161283,43,14
2020-04-08 04:37:45,-119.861483,0.161283,37,14
2020-04-08 04:37:50,-119.861483,0.161283,42,14
2020-04-08 04:37:55,-119.861483,0.161283,40,14
2020-04-08 04:38:00,-119.861483,0.161283,49,14
2020-04-08 04:38:05,-119.861483,0.161283,35,14
2020-04-08 04:38:10,-119.861483,0.161283,42,14
2020-04-08 04:38:15,-119.861483,0.161283,44,14
2020-04-08 04:38:20,-119.861483,0.161283,38,14
2020-04-08 04:38:25,-119.861483,0.161283,39,14
2020-04-08 04:38:30,-119.861483,0.161283,39,14
2020-04-08 04:38:35,-119.861483,0.161283,38,14
2020-04-08 04:38:40,-119.861483,0.161283,38,14
2020-04-08 04:38:45,-119.861483,0.161283,43,14
2020-04-08 04:38:50,-119.861483,0.161283,38,14
2020-04-08 04:38:55,-119.861483,0.161283,39,14
2020-04-08 04:39:00,-119.861483,0.161283,36,14
2020-04-08 04:39:05,-119.861483,0.161283,42,14
2020-04-08 04:39:10,-119.861483,0.161283,38,14
2020-04-08 04:39:15,-119.861483,0.161283,42,14
2020-04-08 04:39:20,-119.861483,0.161283,41,14
2020-04-08 04:39:25,-119.861483,0.161283,36,14
2020-04-08 04:39:30,-119.861483,0.161283,39,14
2020-04-08 04:39:35,-119.861483,0.161283,41,14
2020-04-08 04:39:40,-119.861483,0.161283,43,14
2020-04-08 04:39:45,-119.861483,0.161283,43,14
2020-04-08 04:39:50,-119.861483,0.161283,42,14
2020-04-08 04:39:55,-119.861483,0.161283,40,14
2020-04-08 04:40:00,-119.861483,0.161283,38,14
2020-04-08 04:40:05,-119.861483,0.161283,40,14
2020-04-08 04:40:10,-119.861483,0.161283,45,14
2020-04-08 04:40:15,-119.861483,0.161283,41,14
2020-04-08 04:40:20,-119.861483,0.161283,45,14
2020-04-08 04:40:25,-119.861483,0.161283,38,14
2020-04-08 04:40:30,-119.861483,0.161283,39,14
2020-04-08 04:40:35,-119.861483,0.161283,40,14
2020-04-08 04:40:40,-119.861483,0.161283,40,14
2020-04-08 04:40:45,-119.861483,0.161283,41,14
2020-04-08 04:40:50,-119.861483,0.161283,49,14
2020-04-08 04:40:55,-119.861483,0.161283,42,14
2020-04-08 04:41:00,-119.861483,0.161283,39,14
2020-04-08 04:41:05,-119.861483,0.161283,39,14
2020-04-08 04:41:10,-119.861483,0.161283,43,14
2020-04-08 04:41:15,-119.861483,0.161283,39,14
2020-04-08 04:41:20,-119.861483,0.161283,41,14
2020-04-08 04:41:25,-119.861483,0.161283,42,14
2020-04-08 04:41:30,-119.861483,0.161283,41,14
2020-04-08 04:41:35,-119.861483,0.161283,41,14
2020-04-08 04:41:40,-119.861483,0.161283,40,14
2020-04-08 04:41:45,-119.861483,0.161283,42,14
2020-04-08 04:41:50,-119.861483,0.161283,45,14
2020-04-08 04:41:55,-119.861483,0.161283,38,14
2020-04-08 04:42:00,-119.861483,0.161283,39,14
2020-04-08 04:42:05,-119.861483,0.161283,40,14
2020-04-08 04:42:10,-119.861483,0.161283,44,14
2020-04-08 04:42:15,-119.861483,0.161283,40,14
2020-04-08 04:42:20,-119.861483,0.161283,37,14
2020-04-08 04:42:25,-119.861483,0.161283,43,14
2020-04-08 04:42:30,-119.861483,0.161283,47,14
2020-04-08 04:42:35,-119.861483,0.161283,40,14
2020-04-08 04:42:40,-119.861483,0.161283,41,14
2020-04-08 04:42:45,-119.861483,0.161283,41,14
2020-04-08 04:42:50,-119.861483,0.161283,45,14
2020-04-08 04:42:55,-119.861483,0.161283,41,14
2020-04-08 04:43:00,-119.861483,0.161283,38,14
2020-04-08 04:43:05,-119.861483,0.161283,37,14
2020-04-08 04:43:10,-119.861483,0.161283,42,14
2020-04-08 04:43:15,-119.861483,0.161283,40,14
2020-04-08 04:43:20,-119.861483,0.161283,41,14
2020-04-08 04:43:25,-119.861483,0.161283,43,14
2020-04-08 04:43:30,-119.861483,0.161283,42,14
2020-04-08 04:43:35,-119.861483,0.161283,44,14
2020-04-08 04:43:40,-119.861483,0.161283,35,14
2020-04-08 04:43:45,-119.861483,0.161283,42,14
2020-04-08 04:43:50,-119.861483,0.161283,41,14
2020-04-08 04:43:55,-119.861483,0.161283,45,14
2020-04-08 04:44:00,-119.861483,0.161283,40,14
2020-04-08 04:44:05,-119.861483,0.161283,37,14
2020-04-08 04:44:10,-119.861483,0.161283,39,14
2020-04-08 04:44:15,-119.861483,0.161283,36,14
2020-04-08 04:44:20,-119.861483,0.161283,38,14
2020-04-08 04:44:25,-119.861483,0.161283,44,14
2020-04-08 04:44:30,-119.861483,0.161283,45,14
2020-04-08 04:44:35,-119.861483,0.161283,41,14
2020-04-08 04:44:40,-119.861483,0.161283,39,14
2020-04-08 04:44:45,-119.861483,0.161283,36,14
2020-04-08 04:44:50,-119.861483,0.161283,40,14
2020-04-08 04:44:55,-119.861483,0.161283,42,14
2020-04-08 04:45:00,-119.861483,0.161283,45,14
2020-04-08 04:45:05,-119.861483,0.161283,45,14
2020-04-08 04:45:10,-119.861483,0.161283,38,14
2020-04-08 04:45:15,-119.861483,0.161283,39,14
2020-04-08 04:45:20,-119.861483,0.161283,40,14
2020-04-08 04:45:25,-119.861483,0.161283,42,14
2020-04-08 04:45:30,-119.861483,0.161283,41,14
2020-04-08 04:45:35,-119.861483,0.161283,44,14
2020-04-08 04:45:40,-119.861483,0.161283,38,14
2020-04-08 04:45:45,-119.861483,0.161283,38,14
2020-04-08 04:45:50,-119.861483,0.161283,43,14
2020-04-08 04:45:55,-119.861483,0.161283,34,14
2020-04-08 04:46:00,-119.861483,0.161283,40,14
2020-04-08 04:46:05,-119.861483,0.161283,40,14
2020-04-08 04:46:10,-119.861483,0.161283,41,14
2020-04-08 04:46:15,-119.861483,0.161283,46,14
2020-04-08 04:46:20,-119.861483,0.161283,41,14
2020-04-08 04:46:25,-119.861483,0.161283,39,14
2020-04-08 04:46:30,-119.861483,0.161283,46,14
2020-04-08 04:46:35,-119.861483,0.161283,41,14
2020-04-08 04:46:40,-119.861483,0.161283,39,14
2020-04-08 04:46:45,-119.861483,0.161283,42,14
2020-04-08 04:46:50,-119.861483,0.161283,42,14
2020-04-08 04:46:55,-119.861483,0.161283,42,14
2020-04-08 04:47:00,-119.861483,0.161283,43,14
2020-04-08 04:47:05,-119.861483,0.161283,42,14
2020-04-08 04:47:10,-119.861483,0.161283,45,14
2020-04-08 04:47:15,-119.861483,0.161283,44,14
2020-04-08 04:47:20,-119.861483,0.161283,43,14
2020-04-08 04:47:25,-119.861483,0.161283,35,14
2020-04-08 04:47:30,-119.861483,0.161283,44,14
2020-04-08 04:47:35,-119.861483,0.161283,43,14
2020-04-08 04:47:40,-119.861483,0.161283,45,14
2020-04-08 04:47:45,-119.861483,0.161283,47,14
2020-04-08 04:47:50,-119.861483,0.161283,43,14
2020-04-08 04:47:55,-119.861483,0.161283,38,14
2020-04-08 04:48:00,-119.861483,0.161283,46,14
2020-04-08 04:48:05,-119.861483,0.161283,40,14
2020-04-08 04:48:10,-119.861483,0.161283,45,14
2020-04-08 04:48:15,-119.861483,0.161283,43,14
2020-04-08 04:48:20,-119.861483,0.161283,46,14
2020-04-08 04:48:25,-119.861483,0.161283,41,14
2020-04-08 04:48:30,-119.861483,0.161283,41,14
2020-04-08 04:48:35,-119.861483,0.161283,38,14
2020-04-08 04:48:40,-119.861483,0.161283,41,14
2020-04-08 04:48:45,-119.861483,0.161283,44,14
2020-04-08 04:48:50,-119.861483,0.161283,42,14
2020-04-08 04:48:55,-119.861483,0.161283,38,14
2020-04-08 04:49:00,-119.861483,0.161283,43,14
2020-04-08 04:49:05,-119.861483,0.161283,41,14
2020-04-08 04:49:10,-119.861483,0.161283,43,14
2020-04-08 04:49:15,-119.861483,0.161283,39,14
2020-04-08 04:49:20,-119.861483,0.161283,49,14
2020-04-08 04:49:25,-119.861483,0.161283,40,14
2020-04-08 04:49:30,-119.861483,0.161283,39,14
2020-04-08 04:49:35,-119.861483,0.161283,40,14
2020-04-08 04:49:40,-119.861483,0.161283,40,14
2020-04-08 04:49:45,-119.861483,0.161283,37,14
2020-04-08 04:49:50,-119.861483,0.161283,41,14
2020-04-08 04:49:55,-119.861483,0.161283,41,14
2020-04-08 04:50:00,-119.861483,0.161283,35,14
2020-04-08 04:50:05,-119.861483,0.161283,41,14
2020-04-08 04:50:10,-119.861483,0.161283,35,14
2020-04-08 04:50:15,-119.861483,0.161283,40,14
2020-04-08 04:50:20,-119.861483,0.161283,43,14
2020-04-08 04:50:25,-119.861483,0.161283,41,14
2020-04-08 04:50:30,-119.861483,0.161283,38,14
2020-04-08 04:50:35,-119.861483,0.161283,40,14
2020-04-08 04:50:40,-119.861483,0.161283,40,14
2020-04-08 04:50:45,-119.861483,0.161283,39,14
2020-04-08 04:50:50,-119.861483,0.161283,41,14
2020-04-08 04:50:55,-119.861483,0.161283,42,14
2020-04-08 04:51:00,-119.861483,0.161283,44,14
2020-04-08 04:51:05,-119.861483,0.161283,45,14
2020-04-08 04:51:10,-119.861483,0.161283,34,14
2020-04-08 04:51:15,-119.861483,0.161283,36,14
2020-04-08 04:51:20,-119.861483,0.161283,46,14
2020-04-08 04:51:25,-119.861483,0.161283,44,14
2020-04-08 04:51:30,-119.861483,0.161283,42,14
2020-04-08 04:51:35,-119.861483,0.161283,39,14
2020-04-08 04:51:40,-119.861483,0.161283,43,14
2020-04-08 04:51:45,-119.861483,0.161283,39,14
2020-04-08 04:51:50,-119.861483,0.161283,40,14
2020-04-08 04:51:55,-119.861483,0.161283,39,14
2020-04-08 04:52:00,-119.861483,0.161283,42,14
2020-04-08 04:52:05,-119.861483,0.161283,45,14
2020-04-08 04:52:10,-119.861483,0.161283,45,14
2020-04-08 04:52:15,-119.861483,0.161283,38,14
2020-04-08 04:52:20,-119.861483,0.161283,40,14
2020-04-08 04:52:25,-119.861483,0.161283,39,14
2020-04-08 04:52:30,-119.861483,0.161283,42,14
2020-04-08 04:52:35,-119.861483,0.161283,42,14
2020-04-08 04:52:40,-119.861483,0.161283,45,14
2020-04-08 04:52:45,-119.861483,0.161283,44,14
2020-04-08 04:52:50,-119.861483,0.161283,44,14
2020-04-08 04:52:55,-119.861483,0.161283,44,14
2020-04-08 04:53:00,-119.861483,0.161283,40,14
2020-04-08 04:53:05,-119.861483,0.161283,42,14
2020-04-08 04:53:10,-119.861483,0.161283,34,14
2020-04-08 04:53:15,-119.861483,0.161283,37,14
2020-04-08 04:53:20,-119.861483,0.161283,40,14
2020-04-08 04:53:25,-119.861483,0.161283,50,14
2020-04-08 04:53:30,-119.861483,0.161283,41,14
2020-04-08 04:53:35,-119.861483,0.161283,49,14
2020-04-08 04:53:40,-119.861483,0.161283,43,14
2020-04-08 04:53:45,-119.861483,0.161283,44,14
2020-04-08 04:53:50,-119.861483,0.161283,40,14
2020-04-08 04:53:55,-119.861483,0.161283,41,14
2020-04-08 04:54:00,-119.861483,0.161283,44,14
2020-04-08 04:54:05,-119.861483,0.161283,42,14
2020-04-08 04:54:10,-119.861483,0.161283,41,14
2020-04-08 04:54:15,-119.861483,0.161283,45,14
2020-04-08 04:54:20,-119.861483,0.161283,35,14
2020-04-08 04:54:25,-119.861483,0.161283,44,14
2020-04-08 04:54:30,-119.861483,0.161283,40,14
2020-04-08 04:54:35,-119.861483,0.161283,43,14
2020-04-08 04:54:40,-119.861483,0.161283,40,14
2020-04-08 04:54:45,-119.861483,0.161283,43,14
2020-04-08 04:54:50,-119.861483,0.161283,46,14
2020-04-08 04:54:55,-119.861483,0.161283,45,14
2020-04-08 04:55:00,-119.861483,0.161283,46,14
2020-04-08 04:55:05,-119.861483,0.161283,38,14
2020-04-08 04:55:10,-119.861483,0.161283,45,14
2020-04-08 04:55:15,-119.861483,0.161283,40,14
2020-04-08 04:55:20,-119.861483,0.161283,45,14
2020-04-08 04:55:25,-119.861483,0.161283,45,14
2020-04-08 04:55:30,-119.861483,0.161283,39,14
2020-04-08 04:55:35,-119.861483,0.161283,43,14
2020-04-08 04:55:40,-119.861483,0.161283,42,14
2020-04-08 04:55:45,-119.861483,0.161283,43,14
2020-04-08 04:55:50,-119.861483,0.161283,48,14
2020-04-08 04:55:55,-119.861483,0.161283,37,14
2020-04-08 04:56:00,-119.861483,0.161283,40,14
2020-04-08 04:56:05,-119.861483,0.161283,40,14
2020-04-08 04:56:10,-119.861483,0.161283,39,14
2020-04-08 04:56:15,-119.861483,0.161283,46,14
2020-04-08 04:56:20,-119.861483,0.161283,41,14
2020-04-08 04:56:25,-119.861483,0.161283,43,14
2020-04-08 04:56:30,-119.861483,0.161283,42,14
2020-04-08 04:56:35,-119.861483,0.161283,47,14
2020-04-08 04:56:40,-119.861483,0.161283,38,14
2020-04-08 04:56:45,-119.861483,0.161283,41,14
2020-04-08 04:56:50,-119.861483,0.161283,43,14
2020-04-08 04:56:55,-119.861483,0.161283,42,14
2020-04-08 04:57:00,-119.861483,0.161283,40,14
2020-04-08 04:57:05,-119.861483,0.161283,38,14
2020-04-08 04:57:10,-119.861483,0.161283,38,14
2020-04-08 04:57:15,-119.861483,0.161283,43,14
2020-04-08 04:57:20,-119.861483,0.161283,45,14
2020-04-08 04:57:25,-119.861483,0.161283,42,14
2020-04-08 04:57:30,-119.861483,0.161283,43,14
2020-04-08 04:57:35,-119.861483,0.161283,42,14
2020-04-08 04:57:40,-119.861483,0.161283,37,14
2020-04-08 04:57:45,-119.861483,0.161283,40,14
2020-04-08 04:57:50,-119.861483,0.161283,43,14
2020-04-08 04:57:55,-119.861483,0.161283,36,14
2020-04-08 04:58:00,-119.861483,0.161283,46,14
2020-04-08 04:58:05,-119.861483,0.161283,43,14
2020-04-08 04:58:10,-119.861483,0.161283,38,14
2020-04-08 04:58:15,-119.861483,0.161283,40,14
2020-04-08 04:58:20,-119.861483,0.161283,43,14
2020-04-08 04:58:25,-119.861483,0.161283,44,14
2020-04-08 04:58:30,-119.861483,0.161283,38,14
2020-04-08 04:58:35,-119.861483,0.161283,42,14
2020-04-08 04:58:40,-119.861483,0.161283,42,14
2020-04-08 04:58:45,-119.861483,0.161283,37,14
2020-04-08 04:58:50,-119.861483,0.161283,38,14
2020-04-08 04:58:55,-119.861483,0.161283,43,14
2020-04-08 04:59:00,-119.861483,0.161283,47,14
2020-04-08 04:59:05,-119.861483,0.161283,47,14
2020-04-08 04:59:10,-119.861483,0.161283,42,14
2020-04-08 04:59:15,-119.861483,0.161283,43,14
2020-04-08 04:59:20,-119.861483,0.161283,41,14
2020-04-08 04:59:25,-119.861483,0.161283,42,14
2020-04-08 04:59:30,-119.861483,0.161283,34,14
2020-04-08 04:59:35,-119.861483,0.161283,43,14
2020-04-08 04:59:40,-119.861483,0.161283,37,14
2020-04-08 04:59:45,-119.861483,0.161283,43,14
2020-04-08 04:59:50,-119.861483,0.161283,36,14
2020-04-08 04:59:55,-119.861483,0.161283,48,14
2020-04-08 05:00:00,-119.861483,0.161283,41,14
2020-04-08 05:00:05,-119.861483,0.161283,40,14
2020-04-08 05:00:10,-119.861483,0.161283,45,14
2020-04-08 05:00:15,-119.861483,0.161283,44,14
2020-04-08 05:00:20,-119.861483,0.161283,41,14
2020-04-08 05:00:25,-119.861483,0.161283,41,14
2020-04-08 05:00:30,-119.861483,0.161283,43,14
2020-04-08 05:00:35,-119.861483,0.161283,43,14
2020-04-08 05:00:40,-119.861483,0.161283,44,14
2020-04-08 05:00:45,-119.861483,0.161283,42,14
2020-04-08 05:00:50,-119.861483,0.161283,43,14
2020-04-08 05:00:55,-119.861483,0.161283,42,14
2020-04-08 05:01:00,-119.861483,0.161283,40,14
2020-04-08 05:01:05,-119.861483,0.161283,39,14
2020-04-08 05:01:10,-119.861483,0.161283,41,14
2020-04-08 05:01:15,-119.861483,0.161283,40,14
2020-04-08 05:01:20,-119.861483,0.161283,42,14
2020-04-08 05:01:25,-119.861483,0.161283,39,14
2020-04-08 05:01:30,-119.861483,0.161283,46,14
2020-04-08 05:01:35,-119.861483,0.161283,40,14
2020-04-08 05:01:40,-119.861483,0.161283,42,14
2020-04-08 05:01:45,-119.861483,0.161283,39,14
2020-04-08 05:01:50,-119.861483,0.161283,39,14
2020-04-08 05:01:55,-119.861483,0.161283,41,14
2020-04-08 05:02:00,-119.861483,0.161283,42,14
2020-04-08 05:02:05,-119.861483,0.161283,47,14
2020-04-08 05:02:10,-119.861483,0.161283,43,14
2020-04-08 05:02:15,-119.861483,0.161283,41,14
2020-04-08 05:02:20,-119.861483,0.161283,38,14
2020-04-08 05:02:25,-119.861483,0.161283,41,14
2020-04-08 05:02:30,-119.861483,0.161283,43,14
2020-04-08 05:02:35,-119.861483,0.161283,37,14
2020-04-08 05:02:40,-119.861483,0.161283,41,14
2020-04-08 05:02:45,-119.861483,0.161283,39,14
2020-04-08 05:02:50,-119.861483,0.161283,39,14
2020-04-08 05:02:55,-119.861483,0.161283,42,14
2020-04-08 05:03:00,-119.861483,0.161283,44,14
2020-04-08 05:03:05,-119.861483,0.161283,43,14
2020-04-08 05:03:10,-119.861483,0.161283,41,14
2020-04-08 05:03:15,-119.861483,0.161283,39,14
2020-04-08 05:03:20,-119.861483,0.161283,45,14
2020-04-08 05:03:25,-119.861483,0.161283,38,14
2020-04-08 05:03:30,-119.861483,0.161283,42,14
2020-04-08 05:03:35,-119.861483,0.161283,41,14
2020-04-08 05:03:40,-119.861483,0.161283,44,14
2020-04-08 05:03:45,-119.861483,0.161283,46,14
2020-04-08 05:03:50,-119.861483,0.161283,38,14
2020-04-08 05:03:55,-119.861483,0.161283,41,14
2020-04-08 05:04:00,-119.861483,0.161283,42,14
2020-04-08 05:04:05,-119.861483,0.161283,38,14
2020-04-08 05:04:10,-119.861483,0.161283,41,14
2020-04-08 05:04:15,-119.861483,0.161283,50,14
2020-04-08 05:04:20,-119.861483,0.161283,40,14
2020-04-08 05:04:25,-119.861483,0.161283,37,14
2020-04-08 05:04:30,-119.861483,0.161283,44,14
2020-04-08 05:04:35,-119.861483,0.161283,39,14
2020-04-08 05:04:40,-119.861483,0.161283,47,14
2020-04-08 05:04:45,-119.861483,0.161283,38,14
2020-04-08 05:04:50,-119.861483,0.161283,39,14
2020-04-08 05:04:55,-119.861483,0.161283,42,14
2020-04-08 05:05:00,-119.861483,0.161283,42,14
2020-04-08 05:05:05,-119.861483,0.161283,36,14
2020-04-08 05:05:10,-119.861483,0.161283,38,14
2020-04-08 05:05:15,-119.861483,0.161283,43,14
2020-04-08 05:05:20,-119.861483,0.161283,41,14
2020-04-08 05:05:25,-119.861483,0.161283,44,14
2020-04-08 05:05:30,-119.861483,0.161283,38,14
2020-04-08 05:05:35,-119.861483,0.161283,43,14
2020-04-08 05:05:40,-119.861483,0.161283,44,14
2020-04-08 05:05:45,-119.861483,0.161283,37,14
2020-04-08 05:05:50,-119.861483,0.161283,43,14
2020-04-08 05:05:55,-119.861483,0.161283,43,14
2020-04-08 05:06:00,-119.861483,0.161283,43,14
2020-04-08 05:06:05,-119.861483,0.161283,41,14
2020-04-08 05:06:10,-119.861483,0.161283,43,14
2020-04-08 05:06:15,-119.861483,0.161283,39,14
2020-04-08 05:06:20,-119.861483,0.161283,47,14
2020-04-08 05:06:25,-119.861483,0.161283,45,14
2020-04-08 05:06:30,-119.861483,0.161283,40,14
2020-04-08 05:06:35,-119.861483,0.161283,44,14
2020-04-08 05:06:40,-119.861483,0.161283,48,14
2020-04-08 05:06:45,-119.861483,0.161283,42,14
2020-04-08 05:06:50,-119.861483,0.161283,42,14
2020-04-08 05:06:55,-119.861483,0.161283,45,14
2020-04-08 05:07:00,-119.861483,0.161283,44,14
2020-04-08 05:07:05,-119.861483,0.161283,45,14
2020-04-08 05:07:10,-119.861483,0.161283,45,14
2020-04-08 05:07:15,-119.861483,0.161283,39,14
2020-04-08 05:07:20,-119.861483,0.161283,44,14
2020-04-08 05:07:25,-119.861483,0.161283,43,14
2020-04-08 05:07:30,-119.861483,0.161283,45,14
2020-04-08 05:07:35,-119.861483,0.161283,46,14
2020-04-08 05:07:40,-119.861483,0.161283,41,14
2020-04-08 05:07:45,-119.861483,0.161283,47,14
2020-04-08 05:07:50,-119.861483,0.161283,47,14
2020-04-08 05:07:55,-119.861483,0.161283,47,14
2020-04-08 05:08:00,-119.861483,0.161283,39,14
2020-04-08 05:08:05,-119.861483,0.161283,45,14
2020-04-08 05:08:10,-119.861483,0.161283,46,14
2020-04-08 05:08:15,-119.861483,0.161283,41,14
2020-04-08 05:08:20,-119.861483,0.161283,44,14
2020-04-08 05:08:25,-119.861483,0.161283,39,14
2020-04-08 05:08:30,-119.861483,0.161283,43,14
2020-04-08 05:08:35,-119.861483,0.161283,37,14
2020-04-08 05:08:40,-119.861483,0.161283,45,14
2020-04-08 05:08:45,-119.861483,0.161283,46,14
2020-04-08 05:08:50,-119.861483,0.161283,42,14
2020-04-08 05:08:55,-119.861483,0.161283,48,14
2020-04-08 05:09:00,-119.861483,0.161283,45,14
2020-04-08 05:09:05,-119.861483,0.161283,45,14
2020-04-08 05:09:10,-119.861483,0.161283,42,14
2020-04-08 05:09:15,-119.861483,0.161283,42,14
2020-04-08 05:09:20,-119.861483,0.161283,47,14
2020-04-08 05:09:25,-119.861483,0.161283,46,14
2020-04-08 05:09:30,-119.861483,0.161283,41,14
2020-04-08 05:09:35,-119.861483,0.161283,44,14
2020-04-08 05:09:40,-119.861483,0.161283,44,14
2020-04-08 05:09:45,-119.861483,0.161283,43,14
2020-04-08 05:09:50,-119.861483,0.161283,46,14
2020-04-08 05:09:55,-119.861483,0.161283,39,14
2020-04-08 05:10:00,-119.861483,0.161283,41,14
2020-04-08 05:10:05,-119.861483,0.161283,42,14
2020-04-08 05:10:10,-119.861483,0.161283,41,14
2020-04-08 05:10:15,-119.861483,0.161283,43,14
2020-04-08 05:10:20,-119.861483,0.161283,40,14
2020-04-08 05:10:25,-119.861483,0.161283,51,14
2020-04-08 05:10:30,-119.861483,0.161283,41,14
2020-04-08 05:10:35,-119.861483,0.161283,43,14
2020-04-08 05:10:40,-119.861483,0.161283,43,14
2020-04-08 05:10:45,-119.861483,0.161283,43,14
2020-04-08 05:10:50,-119.861483,0.161283,39,14
2020-04-08 05:10:55,-119.861483,0.161283,43,14
2020-04-08 05:11:00,-119.861483,0.161283,43,14
2020-04-08 05:11:05,-119.861483,0.161283,39,14
2020-04-08 05:11:10,-119.861483,0.161283,42,14
2020-04-08 05:11:15,-119.861483,0.161283,42,14
2020-04-08 05:11:20,-119.861483,0.161283,44,14
2020-04-08 05:11:25,-119.861483,0.161283,41,14
2020-04-08 05:11:30,-119.861483,0.161283,42,14
2020-04-08 05:11:35,-119.861483,0.161283,46,14
2020-04-08 05:11:40,-119.861483,0.161283,45,14
2020-04-08 05:11:45,-119.861483,0.161283,41,14
2020-04-08 05:11:50,-119.861483,0.161283,39,14
2020-04-08 05:11:55,-119.861483,0.161283,41,14
2020-04-08 05:12:00,-119.861483,0.161283,40,14
2020-04-08 05:12:05,-119.861483,0.161283,41,14
2020-04-08 05:12:10,-119.861483,0.161283,46,14
2020-04-08 05:12:15,-119.861483,0.161283,44,14
2020-04-08 05:12:20,-119.861483,0.161283,35,14
2020-04-08 05:12:25,-119.861483,0.161283,44,14
2020-04-08 05:12:30,-119.861483,0.161283,44,14
2020-04-08 05:12:35,-119.861483,0.161283,42,14
2020-04-08 05:12:40,-119.861483,0.161283,42,14
2020-04-08 05:12:45,-119.861483,0.161283,42,14
2020-04-08 05:12:50,-119.861483,0.161283,43,14
2020-04-08 05:12:55,-119.861483,0.161283,41,14
2020-04-08 05:13:00,-119.861483,0.161283,39,14
2020-04-08 05:13:05,-119.861483,0.161283,46,14
2020-04-08 05:13:10,-119.861483,0.161283,43,14
2020-04-08 05:13:15,-119.861483,0.161283,43,14
2020-04-08 05:13:20,-119.861483,0.161283,38,14
2020-04-08 05:13:25,-119.861483,0.161283,37,14
2020-04-08 05:13:30,-119.861483,0.161283,44,14
2020-04-08 05:13:35,-119.861483,0.161283,38,14
2020-04-08 05:13:40,-119.861483,0.161283,40,14
2020-04-08 05:13:45,-119.861483,0.161283,39,14
2020-04-08 05:13:50,-119.861483,0.161283,47,14
2020-04-08 05:13:55,-119.861483,0.161283,36,14
2020-04-08 05:14:00,-119.861483,0.161283,43,14
2020-04-08 05:14:05,-119.861483,0.161283,40,14
2020-04-08 05:14:10,-119.861483,0.161283,44,14
2020-04-08 05:14:15,-119.861483,0.161283,41,14
2020-04-08 05:14:20,-119.861483,0.161283,41,14
2020-04-08 05:14:25,-119.861483,0.161283,45,14
2020-04-08 05:14:30,-119.861483,0.161283,40,14
2020-04-08 05:14:35,-119.861483,0.161283,45,14
2020-04-08 05:14:40,-119.861483,0.161283,39,14
2020-04-08 05:14:45,-119.861483,0.161283,49,14
2020-04-08 05:14:50,-119.861483,0.161283,48,14
2020-04-08 05:14:55,-119.861483,0.161283,45,14
2020-04-08 05:15:00,-119.861483,0.161283,36,14
2020-04-08 05:15:05,-119.861483,0.161283,46,14
2020-04-08 05:15:10,-119.861483,0.161283,37,14
2020-04-08 05:15:15,-119.861483,0.161283,36,14
2020-04-08 05:15:20,-119.861483,0.161283,43,14
2020-04-08 05:15:25,-119.861483,0.161283,40,14
2020-04-08 05:15:30,-119.861483,0.161283,38,14
2020-04-08 05:15:35,-119.861483,0.161283,39,14
2020-04-08 05:15:40,-119.861483,0.161283,37,14
2020-04-08 05:15:45,-119.861483,0.161283,41,14
2020-04-08 05:15:50,-119.861483,0.161283,41,14
2020-04-08 05:15:55,-119.861483,0.161283,40,14
2020-04-08 05:16:00,-119.861483,0.161283,38,14
2020-04-08 05:16:05,-119.861483,0.161283,46,14
2020-04-08 05:16:10,-119.861483,0.161283,41,14
2020-04-08 05:16:15,-119.861483,0.161283,40,14
2020-04-08 05:16:20,-119.861483,0.161283,40,14
2020-04-08 05:16:25,-119.861483,0.161283,44,14
2020-04-08 05:16:30,-119.861483,0.161283,43,14
2020-04-08 05:16:35,-119.861483,0.161283,41,14
2020-04-08 05:16:40,-119.861483,0.161283,40,14
2020-04-08 05:16:45,-119.861483,0.161283,41,14
2020-04-08 05:16:50,-119.861483,0.161283,37,14
2020-04-08 05:16:55,-119.861483,0.161283,39,14
2020-04-08 05:17:00,-119.861483,0.161283,37,14
2020-04-08 05:17:05,-119.861483,0.161283,37,14
2020-04-08 05:17:10,-119.861483,0.161283,37,14
2020-04-08 05:17:15,-119.861483,0.161283,45,14
2020-04-08 05:17:20,-119.861483,0.161283,41,14
2020-04-08 05:17:25,-119.861483,0.161283,36,14
2020-04-08 05:17:30,-119.861483,0.161283,43,14
2020-04-08 05:17:35,-119.861483,0.161283,40,14
2020-04-08 05:17:40,-119.861483,0.161283,45,14
2020-04-08 05:17:45,-119.861483,0.161283,40,14
2020-04-08 05:17:50,-119.861483,0.161283,43,14
2020-04-08 05:17:55,-119.861483,0.161283,37,14
2020-04-08 05:18:00,-119.861483,0.161283,40,14
2020-04-08 05:18:05,-119.861483,0.161283,36,14
2020-04-08 05:18:10,-119.861483,0.161283,42,14
2020-04-08 05:18:15,-119.861483,0.161283,40,14
2020-04-08 05:18:20,-119.861483,0.161283,42,14
2020-04-08 05:18:25,-119.861483,0.161283,44,14
2020-04-08 05:18:30,-119.861483,0.161283,43,14
2020-04-08 05:18:35,-119.861483,0.161283,40,14
2020-04-08 05:18:40,-119.861483,0.161283,40,14
2020-04-08 05:18:45,-119.861483,0.161283,36,14
2020-04-08 05:18:50,-119.861483,0.161283,46,14
2020-04-08 05:18:55,-119.861483,0.161283,37,14
2020-04-08 05:19:00,-119.861483,0.161283,40,14
2020-04-08 05:19:05,-119.861483,0.161283,41,14
2020-04-08 05:19:10,-119.861483,0.161283,40,14
2020-04-08 05:19:15,-119.861483,0.161283,42,14
2020-04-08 05:19:20,-119.861483,0.161283,37,14
2020-04-08 05:19:25,-119.861483,0.161283,45,14
2020-04-08 05:19:30,-119.861483,0.161283,40,14
2020-04-08 05:19:35,-119.861483,0.161283,41,14
2020-04-08 05:19:40,-119.861483,0.161283,40,14
2020-04-08 05:19:45,-119.861483,0.161283,45,14
2020-04-08 05:19:50,-119.861483,0.161283,41,14
2020-04-08 05:19:55,-119.861483,0.161283,41,14
2020-04-08 05:20:00,-119.861483,0.161283,43,14
2020-04-08 05:20:05,-119.861483,0.161283,38,14
2020-04-08 05:20:10,-119.861483,0.161283,44,14
2020-04-08 05:20:15,-119.861483,0.161283,37,14
2020-04-08 05:20:20,-119.861483,0.161283,39,14
2020-04-08 05:20:25,-119.861483,0.161283,41,14
2020-04-08 05:20:30,-119.861483,0.161283,44,14
2020-04-08 05:20:35,-119.861483,0.161283,43,14
2020-04-08 05:20:40,-119.861483,0.161283,44,14
2020-04-08 05:20:45,-119.861483,0.161283,43,14
2020-04-08 05:20:50,-119.861483,0.161283,38,14
2020-04-08 05:20:55,-119.861483,0.161283,43,14
2020-04-08 05:21:00,-119.861483,0.161283,37,14
2020-04-08 05:21:05,-119.861483,0.161283,40,14
2020-04-08 05:21:10,-119.861483,0.161283,39,14
2020-04-08 05:21:15,-119.861483,0.161283,45,14
2020-04-08 05:21:20,-119.861483,0.161283,45,14
2020-04-08 05:21:25,-119.861483,0.161283,37,14
2020-04-08 05:21:30,-119.861483,0.161283,41,14
2020-04-08 05:21:35,-119.861483,0.161283,39,14
2020-04-08 05:21:40,-119.861483,0.161283,38,14
2020-04-08 05:21:45,-119.861483,0.161283,43,14
2020-04-08 05:21:50,-119.861483,0.161283,40,14
2020-04-08 05:21:55,-119.861483,0.161283,42,14
2020-04-08 05:22:00,-119.861483,0.161283,43,14
2020-04-08 05:22:05,-119.861483,0.161283,43,14
2020-04-08 05:22:10,-119.861483,0.161283,44,14
2020-04-08 05:22:15,-119.861483,0.161283,42,14
2020-04-08 05:22:20,-119.861483,0.161283,41,14
2020-04-08 05:22:25,-119.861483,0.161283,43,14
2020-04-08 05:22:30,-119.861483,0.161283,45,14
2020-04-08 05:22:35,-119.861483,0.161283,42,14
2020-04-08 05:22:40,-119.861483,0.161283,39,14
2020-04-08 05:22:45,-119.861483,0.161283,37,14
2020-04-08 05:22:50,-119.861483,0.161283,42,14
2020-04-08 05:22:55,-119.861483,0.161283,41,14
2020-04-08 05:23:00,-119.861483,0.161283,42,14
2020-04-08 05:23:05,-119.861483,0.161283,43,14
2020-04-08 05:23:10,-119.861483,0.161283,46,14
2020-04-08 05:23:15,-119.861483,0.161283,40,14
2020-04-08 05:23:20,-119.861483,0.161283,44,14
2020-04-08 05:23:25,-119.861483,0.161283,38,14
2020-04-08 05:23:30,-119.861483,0.161283,44,14
2020-04-08 05:23:35,-119.861483,0.161283,41,14
2020-04-08 05:23:40,-119.861483,0.161283,42,14
2020-04-08 05:23:45,-119.861483,0.161283,42,14
2020-04-08 05:23:50,-119.861483,0.161283,39,14
2020-04-08 05:23:55,-119.861483,0.161283,46,14
2020-04-08 05:24:00,-119.861483,0.161283,43,14
2020-04-08 05:24:05,-119.861483,0.161283,43,14
2020-04-08 05:24:10,-119.861483,0.161283,43,14
2020-04-08 05:24:15,-119.861483,0.161283,41,14
2020-04-08 05:24:20,-119.861483,0.161283,38,14
2020-04-08 05:24:25,-119.861483,0.161283,39,14
2020-04-08 05:24:30,-119.861483,0.161283,42,14
2020-04-08 05:24:35,-119.861483,0.161283,42,14
2020-04-08 05:24:40,-119.861483,0.161283,37,14
2020-04-08 05:24:45,-119.861483,0.161283,45,14
2020-04-08 05:24:50,-119.861483,0.161283,40,14
2020-04-08 05:24:55,-119.861483,0.161283,37,14
2020-04-08 05:25:00,-119.861483,0.161283,40,14
2020-04-08 05:25:05,-119.861483,0.161283,47,14
2020-04-08 05:25:10,-119.861483,0.161283,44,14
2020-04-08 05:25:15,-119.861483,0.161283,44,14
2020-04-08 05:25:20,-119.861483,0.161283,43,14
2020-04-08 05:25:25,-119.861483,0.161283,42,14
2020-04-08 05:25:30,-119.861483,0.161283,43,14
2020-04-08 05:25:35,-119.861483,0.161283,44,14
2020-04-08 05:25:40,-119.861483,0.161283,43,14
2020-04-08 05:25:45,-119.861483,0.161283,42,14
2020-04-08 05:25:50,-119.861483,0.161283,40,14
2020-04-08 05:25:55,-119.861483,0.161283,40,14
2020-04-08 05:26:00,-119.861483,0.161283,46,14
2020-04-08 05:26:05,-119.861483,0.161283,45,14
2020-04-08 05:26:10,-119.861483,0.161283,42,14
2020-04-08 05:26:15,-119.861483,0.161283,42,14
2020-04-08 05:26:20,-119.861483,0.161283,39,14
2020-04-08 05:26:25,-119.861483,0.161283,41,14
2020-04-08 05:26:30,-119.861483,0.161283,44,14
2020-04-08 05:26:35,-119.861483,0.161283,44,14
2020-04-08 05:26:40,-119.861483,0.161283,41,14
2020-04-08 05:26:45,-119.861483,0.161283,42,14
2020-04-08 05:26:50,-119.861483,0.161283,41,14
2020-04-08 05:26:55,-119.861483,0.161283,45,14
2020-04-08 05:27:00,-119.861483,0.161283,43,14
2020-04-08 05:27:05,-119.861483,0.161283,41,14
2020-04-08 05:27:10,-119.861483,0.161283,37,14
2020-04-08 05:27:15,-119.861483,0.161283,41,14
2020-04-08 05:27:20,-119.861483,0.161283,40,14
2020-04-08 05:27:25,-119.861483,0.161283,38,14
2020-04-08 05:27:30,-119.861483,0.161283,38,14
2020-04-08 05:27:35,-119.861483,0.161283,37,14
2020-04-08 05:27:40,-119.861483,0.161283,41,14
2020-04-08 05:27:45,-119.861483,0.161283,41,14
2020-04-08 05:27:50,-119.861483,0.161283,39,14
2020-04-08 05:27:55,-119.861483,0.161283,35,14
2020-04-08 05:28:00,-119.861483,0.161283,43,14
2020-04-08 05:28:05,-119.861483,0.161283,44,14
2020-04-08 05:28:10,-119.861483,0.161283,45,14
2020-04-08 05:28:15,-119.861483,0.161283,38,14
2020-04-08 05:28:20,-119.861483,0.161283,41,14
2020-04-08 05:28:25,-119.861483,0.161283,38,14
2020-04-08 05:28:30,-119.861483,0.161283,43,14
2020-04-08 05:28:35,-119.861483,0.161283,47,14
2020-04-08 05:28:40,-119.861483,0.161283,39,14
2020-04-08 05:28:45,-119.861483,0.161283,37,14
2020-04-08 05:28:50,-119.861483,0.161283,39,14
2020-04-08 05:28:55,-119.861483,0.161283,41,14
2020-04-08 05:29:00,-119.861483,0.161283,40,14
2020-04-08 05:29:05,-119.861483,0.161283,42,14
2020-04-08 05:29:10,-119.861483,0.161283,45,14
2020-04-08 05:29:15,-119.861483,0.161283,44,14
2020-04-08 05:29:20,-119.861483,0.161283,42,14
2020-04-08 05:29:25,-119.861483,0.161283,42,14
2020-04-08 05:29:30,-119.861483,0.161283,41,14
2020-04-08 05:29:35,-119.861483,0.161283,44,14
2020-04-08 05:29:40,-119.861483,0.161283,39,14
2020-04-08 05:29:45,-119.861483,0.161283,40,14
2020-04-08 05:29:50,-119.861483,0.161283,45,14
2020-04-08 05:29:55,-119.861483,0.161283,41,14
2020-04-08 05:30:00,-119.861483,0.161283,44,14
2020-04-08 05:30:05,-119.861483,0.161283,46,14
2020-04-08 05:30:10,-119.861483,0.161283,42,14
2020-04-08 05:30:15,-119.861483,0.161283,40,14
2020-04-08 05:30:20,-119.861483,0.161283,39,14
2020-04-08 05:30:25,-119.861483,0.161283,41,14
2020-04-08 05:30:30,-119.861483,0.161283,35,14
2020-04-08 05:30:35,-119.861483,0.161283,41,14
2020-04-08 05:30:40,-119.861483,0.161283,37,14
2020-04-08 05:30:45,-119.861483,0.161283,37,14
2020-04-08 05:30:50,-119.861483,0.161283,42,14
2020-04-08 05:30:55,-119.861483,0.161283,37,14
2020-04-08 05:31:00,-119.861483,0.161283,45,14
2020-04-08 05:31:05,-119.861483,0.161283,42,14
2020-04-08 05:31:10,-119.861483,0.161283,42,14
2020-04-08 05:31:15,-119.861483,0.161283,38,14
2020-04-08 05:31:20,-119.861483,0.161283,38,14
2020-04-08 05:31:25,-119.861483,0.161283,38,14
2020-04-08 05:31:30,-119.861483,0.161283,41,14
2020-04-08 05:31:35,-119.861483,0.161283,39,14
2020-04-08 05:31:40,-119.861483,0.161283,43,14
2020-04-08 05:31:45,-119.861483,0.161283,41,14
2020-04-08 05:31:50,-119.861483,0.161283,42,14
2020-04-08 05:31:55,-119.861483,0.161283,42,14
2020-04-08 05:32:00,-119.861483,0.161283,39,14
2020-04-08 05:32:05,-119.861483,0.161283,42,14
2020-04-08 05:32:10,-119.861483,0.161283,44,14
2020-04-08 05:32:15,-119.861483,0.161283,39,14
2020-04-08 05:32:20,-119.861483,0.161283,39,14
2020-04-08 05:32:25,-119.861483,0.161283,42,14
2020-04-08 05:32:30,-119.861483,0.161283,37,14
2020-04-08 05:32:35,-119.861483,0.161283,41,14
2020-04-08 05:32:40,-119.861483,0.161283,40,14
2020-04-08 05:32:45,-119.861483,0.161283,42,14
2020-04-08 05:32:50,-119.861483,0.161283,40,14
2020-04-08 05:32:55,-119.861483,0.161283,42,14
2020-04-08 05:33:00,-119.861483,0.161283,45,14
2020-04-08 05:33:05,-119.861483,0.161283,40,14
2020-04-08 05:33:10,-119.861483,0.161283,39,14
2020-04-08 05:33:15,-119.861483,0.161283,40,14
2020-04-08 05:33:20,-119.861483,0.161283,38,14
2020-04-08 05:33:25,-119.861483,0.161283,43,14
2020-04-08 05:33:30,-119.861483,0.161283,44,14
2020-04-08 05:33:35,-119.861483,0.161283,41,14
2020-04-08 05:33:40,-119.861483,0.161283,41,14
2020-04-08 05:33:45,-119.861483,0.161283,41,14
2020-04-08 05:33:50,-119.861483,0.161283,41,14
2020-04-08 05:33:55,-119.861483,0.161283,39,14
2020-04-08 05:34:00,-119.861483,0.161283,42,14
2020-04-08 05:34:05,-119.861483,0.161283,39,14
2020-04-08 05:34:10,-119.861483,0.161283,41,14
2020-04-08 05:34:15,-119.861483,0.161283,44,14
2020-04-08 05:34:20,-119.861483,0.161283,41,14
2020-04-08 05:34:25,-119.861483,0.161283,45,14
2020-04-08 05:34:30,-119.861483,0.161283,44,14
2020-04-08 05:34:35,-119.861483,0.161283,39,14
2020-04-08 05:34:40,-119.861483,0.161283,40,14
2020-04-08 05:34:45,-119.861483,0.161283,42,14
2020-04-08 05:34:50,-119.861483,0.161283,41,14
2020-04-08 05:34:55,-119.861483,0.161283,42,14
2020-04-08 05:35:00,-119.861483,0.161283,44,14
2020-04-08 05:35:05,-119.861483,0.161283,43,14
2020-04-08 05:35:10,-119.861483,0.161283,41,14
2020-04-08 05:35:15,-119.861483,0.161283,38,14
2020-04-08 05:35:20,-119.861483,0.161283,37,14
2020-04-08 05:35:25,-119.861483,0.161283,41,14
2020-04-08 05:35:30,-119.861483,0.161283,46,14
2020-04-08 05:35:35,-119.861483,0.161283,39,14
2020-04-08 05:35:40,-119.861483,0.161283,43,14
2020-04-08 05:35:45,-119.861483,0.161283,45,14
2020-04-08 05:35:50,-119.861483,0.161283,41,14
2020-04-08 05:35:55,-119.861483,0.161283,39,14
2020-04-08 05:36:00,-119.861483,0.161283,39,14
2020-04-08 05:36:05,-119.861483,0.161283,44,14
2020-04-08 05:36:10,-119.861483,0.161283,44,14
2020-04-08 05:36:15,-119.861483,0.161283,43,14
2020-04-08 05:36:20,-119.861483,0.161283,41,14
2020-04-08 05:36:25,-119.861483,0.161283,41,14
2020-04-08 05:36:30,-119.861483,0.161283,43,14
2020-04-08 05:36:35,-119.861483,0.161283,43,14
2020-04-08 05:36:40,-119.861483,0.161283,43,14
2020-04-08 05:36:45,-119.861483,0.161283,44,14
2020-04-08 05:36:50,-119.861483,0.161283,43,14
2020-04-08 05:36:55,-119.861483,0.161283,44,14
2020-04-08 05:37:00,-119.861483,0.161283,37,14
2020-04-08 05:37:05,-119.861483,0.161283,38,14
2020-04-08 05:37:10,-119.861483,0.161283,37,14
2020-04-08 05:37:15,-119.861483,0.161283,40,14
2020-04-08 05:37:20,-119.861483,0.161283,37,14
2020-04-08 05:37:25,-119.861483,0.161283,42,14
2020-04-08 05:37:30,-119.861483,0.161283,36,14
2020-04-08 05:37:35,-119.861483,0.161283,41,14
2020-04-08 05:37:40,-119.861483,0.161283,39,14
2020-04-08 05:37:45,-119.861483,0.161283,38,14
2020-04-08 05:37:50,-119.861483,0.161283,39,14
2020-04-08 05:37:55,-119.861483,0.161283,40,14
2020-04-08 05:38:00,-119.861483,0.161283,42,14
2020-04-08 05:38:05,-119.861483,0.161283,41,14
2020-04-08 05:38:10,-119.861483,0.161283,41,14
2020-04-08 05:38:15,-119.861483,0.161283,38,14
2020-04-08 05:38:20,-119.861483,0.161283,41,14
2020-04-08 05:38:25,-119.861483,0.161283,40,14
2020-04-08 05:38:30,-119.861483,0.161283,39,14
2020-04-08 05:38:35,-119.861483,0.161283,42,14
2020-04-08 05:38:40,-119.861483,0.161283,40,14
2020-04-08 05:38:45,-119.861483,0.161283,46,14
2020-04-08 05:38:50,-119.861483,0.161283,43,14
2020-04-08 05:38:55,-119.861483,0.161283,41,14
2020-04-08 05:39:00,-119.861483,0.161283,40,14
2020-04-08 05:39:05,-119.861483,0.161283,42,14
2020-04-08 05:39:10,-119.861483,0.161283,45,14
2020-04-08 05:39:15,-119.861483,0.161283,42,14
2020-04-08 05:39:20,-119.861483,0.161283,37,14
2020-04-08 05:39:25,-119.861483,0.161283,46,14
2020-04-08 05:39:30,-119.861483,0.161283,46,14
2020-04-08 05:39:35,-119.861483,0.161283,41,14
2020-04-08 05:39:40,-119.861483,0.161283,45,14
2020-04-08 05:39:45,-119.861483,0.161283,44,14
2020-04-08 05:39:50,-119.861483,0.161283,39,14
2020-04-08 05:39:55,-119.861483,0.161283,42,14
2020-04-08 05:40:00,-119.861483,0.161283,42,14
2020-04-08 05:40:05,-119.861483,0.161283,43,14
2020-04-08 05:40:10,-119.861483,0.161283,41,14
2020-04-08 05:40:15,-119.861483,0.161283,42,14
2020-04-08 05:40:20,-119.861483,0.161283,39,14
2020-04-08 05:40:25,-119.861483,0.161283,42,14
2020-04-08 05:40:30,-119.861483,0.161283,42,14
2020-04-08 05:40:35,-119.861483,0.161283,44,14
2020-04-08 05:40:40,-119.861483,0.161283,46,14
2020-04-08 05:40:45,-119.861483,0.161283,42,14
2020-04-08 05:40:50,-119.861483,0.161283,41,14
2020-04-08 05:40:55,-119.861483,0.161283,43,14
2020-04-08 05:41:00,-119.861483,0.161283,44,14
2020-04-08 05:41:05,-119.861483,0.161283,41,14
2020-04-08 05:41:10,-119.861483,0.161283,36,14
2020-04-08 05:41:15,-119.861483,0.161283,44,14
2020-04-08 05:41:20,-119.861483,0.161283,44,14
2020-04-08 05:41:25,-119.861483,0.161283,40,14
2020-04-08 05:41:30,-119.861483,0.161283,41,14
2020-04-08 05:41:35,-119.861483,0.161283,41,14
2020-04-08 05:41:40,-119.861483,0.161283,46,14
2020-04-08 05:41:45,-119.861483,0.161283,40,14
2020-04-08 05:41:50,-119.861483,0.161283,44,14
2020-04-08 05:41:55,-119.861483,0.161283,45,14
2020-04-08 05:42:00,-119.861483,0.161283,42,14
2020-04-08 05:42:05,-119.861483,0.161283,43,14
2020-04-08 05:42:10,-119.861483,0.161283,41,14
2020-04-08 05:42:15,-119.861483,0.161283,41,14
2020-04-08 05:42:20,-119.861483,0.161283,42,14
2020-04-08 05:42:25,-119.861483,0.161283,42,14
2020-04-08 05:42:30,-119.861483,0.161283,38,14
2020-04-08 05:42:35,-119.861483,0.161283,44,14
2020-04-08 05:42:40,-119.861483,0.161283,46,14
2020-04-08 05:42:45,-119.861483,0.161283,40,14
2020-04-08 05:42:50,-119.861483,0.161283,40,14
2020-04-08 05:42:55,-119.861483,0.161283,44,14
2020-04-08 05:43:00,-119.861483,0.161283,41,14
2020-04-08 05:43:05,-119.861483,0.161283,35,14
2020-04-08 05:43:10,-119.861483,0.161283,43,14
2020-04-08 05:43:15,-119.861483,0.161283,45,14
2020-04-08 05:43:20,-119.861483,0.161283,43,14
2020-04-08 05:43:25,-119.861483,0.161283,41,14
2020-04-08 05:43:30,-119.861483,0.161283,43,14
2020-04-08 05:43:35,-119.861483,0.161283,41,14
2020-04-08 05:43:40,-119.861483,0.161283,43,14
2020-04-08 05:43:45,-119.861483,0.161283,40,14
2020-04-08 05:43:50,-119.861483,0.161283,42,14
2020-04-08 05:43:55,-119.861483,0.161283,41,14
2020-04-08 05:44:00,-119.861483,0.161283,45,14
2020-04-08 05:44:05,-119.861483,0.161283,39,14
2020-04-08 05:44:10,-119.861483,0.161283,43,14
2020-04-08 05:44:15,-119.861483,0.161283,44,14
2020-04-08 05:44:20,-119.861483,0.161283,42,14
2020-04-08 05:44:25,-119.861483,0.161283,43,14
2020-04-08 05:44:30,-119.861483,0.161283,45,14
2020-04-08 05:44:35,-119.861483,0.161283,37,14
2020-04-08 05:44:40,-119.861483,0.161283,39,14
2020-04-08 05:44:45,-119.861483,0.161283,46,14
2020-04-08 05:44:50,-119.861483,0.161283,38,14
2020-04-08 05:44:55,-119.861483,0.161283,37,14
2020-04-08 05:45:00,-119.861483,0.161283,42,14
2020-04-08 05:45:05,-119.861483,0.161283,41,14
2020-04-08 05:45:10,-119.861483,0.161283,42,14
2020-04-08 05:45:15,-119.861483,0.161283,40,14
2020-04-08 05:45:20,-119.861483,0.161283,41,14
2020-04-08 05:45:25,-119.861483,0.161283,39,14
2020-04-08 05:45:30,-119.861483,0.161283,44,14
2020-04-08 05:45:35,-119.861483,0.161283,37,14
2020-04-08 05:45:40,-119.861483,0.161283,38,14
2020-04-08 05:45:45,-119.861483,0.161283,40,14
2020-04-08 05:45:50,-119.861483,0.161283,36,14
2020-04-08 05:45:55,-119.861483,0.161283,41,14
2020-04-08 05:46:00,-119.861483,0.161283,35,14
2020-04-08 05:46:05,-119.861483,0.161283,44,14
2020-04-08 05:46:10,-119.861483,0.161283,42,14
2020-04-08 05:46:15,-119.861483,0.161283,42,14
2020-04-08 05:46:20,-119.861483,0.161283,43,14
2020-04-08 05:46:25,-119.861483,0.161283,40,14
2020-04-08 05:46:30,-119.861483,0.161283,41,14
2020-04-08 05:46:35,-119.861483,0.161283,41,14
2020-04-08 05:46:40,-119.861483,0.161283,40,14
2020-04-08 05:46:45,-119.861483,0.161283,39,14
2020-04-08 05:46:50,-119.861483,0.161283,35,14
2020-04-08 05:46:55,-119.861483,0.161283,38,14
2020-04-08 05:47:00,-119.861483,0.161283,48,14
2020-04-08 05:47:05,-119.861483,0.161283,39,14
2020-04-08 05:47:10,-119.861483,0.161283,35,14
2020-04-08 05:47:15,-119.861483,0.161283,48,14
2020-04-08 05:47:20,-119.861483,0.161283,38,14
2020-04-08 05:47:25,-119.861483,0.161283,38,14
2020-04-08 05:47:30,-119.861483,0.161283,42,14
2020-04-08 05:47:35,-119.861483,0.161283,39,14
2020-04-08 05:47:40,-119.861483,0.161283,37,14
2020-04-08 05:47:45,-119.861483,0.161283,40,14
2020-04-08 05:47:50,-119.861483,0.161283,45,14
2020-04-08 05:47:55,-119.861483,0.161283,43,14
2020-04-08 05:48:00,-119.861483,0.161283,46,14
2020-04-08 05:48:05,-119.861483,0.161283,40,14
2020-04-08 05:48:10,-119.861483,0.161283,42,14
2020-04-08 05:48:15,-119.861483,0.161283,38,14
2020-04-08 05:48:20,-119.861483,0.161283,45,14
2020-04-08 05:48:25,-119.861483,0.161283,43,14
2020-04-08 05:48:30,-119.861483,0.161283,44,14
2020-04-08 05:48:35,-119.861483,0.161283,43,14
2020-04-08 05:48:40,-119.861483,0.161283,44,14
2020-04-08 05:48:45,-119.861483,0.161283,47,14
2020-04-08 05:48:50,-119.861483,0.161283,39,14
2020-04-08 05:48:55,-119.861483,0.161283,40,14
2020-04-08 05:49:00,-119.861483,0.161283,37,14
2020-04-08 05:49:05,-119.861483,0.161283,39,14
2020-04-08 05:49:10,-119.861483,0.161283,46,14
2020-04-08 05:49:15,-119.861483,0.161283,40,14
2020-04-08 05:49:20,-119.861483,0.161283,41,14
2020-04-08 05:49:25,-119.861483,0.161283,42,14
2020-04-08 05:49:30,-119.861483,0.161283,38,14
2020-04-08 05:49:35,-119.861483,0.161283,43,14
2020-04-08 05:49:40,-119.861483,0.161283,39,14
2020-04-08 05:49:45,-119.861483,0.161283,44,14
2020-04-08 05:49:50,-119.861483,0.161283,38,14
2020-04-08 05:49:55,-119.861483,0.161283,41,14
2020-04-08 05:50:00,-119.861483,0.161283,40,14
2020-04-08 05:50:05,-119.861483,0.161283,42,14
2020-04-08 05:50:10,-119.861483,0.161283,40,14
2020-04-08 05:50:15,-119.861483,0.161283,45,14
2020-04-08 05:50:20,-119.861483,0.161283,41,14
2020-04-08 05:50:25,-119.861483,0.161283,40,14
2020-04-08 05:50:30,-119.861483,0.161283,36,14
2020-04-08 05:50:35,-119.861483,0.161283,41,14
2020-04-08 05:50:40,-119.861483,0.161283,40,14
2020-04-08 05:50:45,-119.861483,0.161283,36,14
2020-04-08 05:50:50,-119.861483,0.161283,37,14
2020-04-08 05:50:55,-119.861483,0.161283,37,14
2020-04-08 05:51:00,-119.861483,0.161283,48,14
2020-04-08 05:51:05,-119.861483,0.161283,42,14
2020-04-08 05:51:10,-119.861483,0.161283,41,14
2020-04-08 05:51:15,-119.861483,0.161283,39,14
2020-04-08 05:51:20,-119.861483,0.161283,44,14
2020-04-08 05:51:25,-119.861483,0.161283,42,14
2020-04-08 05:51:30,-119.861483,0.161283,40,14
2020-04-08 05:51:35,-119.861483,0.161283,43,14
2020-04-08 05:51:40,-119.861483,0.161283,35,14
2020-04-08 05:51:45,-119.861483,0.161283,41,14
2020-04-08 05:51:50,-119.861483,0.161283,41,14
2020-04-08 05:51:55,-119.861483,0.161283,42,14
2020-04-08 05:52:00,-119.861483,0.161283,44,14
2020-04-08 05:52:05,-119.861483,0.161283,39,14
2020-04-08 05:52:10,-119.861483,0.161283,45,14
2020-04-08 05:52:15,-119.861483,0.161283,39,14
2020-04-08 05:52:20,-119.861483,0.161283,43,14
2020-04-08 05:52:25,-119.861483,0.161283,40,14
2020-04-08 05:52:30,-119.861483,0.161283,38,14
2020-04-08 05:52:35,-119.861483,0.161283,46,14
2020-04-08 05:52:40,-119.861483,0.161283,34,14
2020-04-08 05:52:45,-119.861483,0.161283,39,14
2020-04-08 05:52:50,-119.861483,0.161283,42,14
2020-04-08 05:52:55,-119.861483,0.161283,48,14
2020-04-08 05:53:00,-119.861483,0.161283,37,14
2020-04-08 05:53:05,-119.861483,0.161283,40,14
2020-04-08 05:53:10,-119.861483,0.161283,40,14
2020-04-08 05:53:15,-119.861483,0.161283,46,14
2020-04-08 05:53:20,-119.861483,0.161283,47,14
2020-04-08 05:53:25,-119.861483,0.161283,43,14
2020-04-08 05:53:30,-119.861483,0.161283,39,14
2020-04-08 05:53:35,-119.861483,0.161283,42,14
2020-04-08 05:53:40,-119.861483,0.161283,37,14
2020-04-08 05:53:45,-119.861483,0.161283,35,14
2020-04-08 05:53:50,-119.861483,0.161283,45,14
2020-04-08 05:53:55,-119.861483,0.161283,42,14
2020-04-08 05:54:00,-119.861483,0.161283,44,14
2020-04-08 05:54:05,-119.861483,0.161283,40,14
2020-04-08 05:54:10,-119.861483,0.161283,42,14
2020-04-08 05:54:15,-119.861483,0.161283,41,14
2020-04-08 05:54:20,-119.861483,0.161283,35,14
2020-04-08 05:54:25,-119.861483,0.161283,41,14
2020-04-08 05:54:30,-119.861483,0.161283,38,14
2020-04-08 05:54:35,-119.861483,0.161283,37,14
2020-04-08 05:54:40,-119.861483,0.161283,37,14
2020-04-08 05:54:45,-119.861483,0.161283,36,14
2020-04-08 05:54:50,-119.861483,0.161283,35,14
2020-04-08 05:54:55,-119.861483,0.161283,36,14
2020-04-08 05:55:00,-119.861483,0.161283,37,14
2020-04-08 05:55:05,-119.861483,0.161283,42,14
2020-04-08 05:55:10,-119.861483,0.161283,46,14
2020-04-08 05:55:15,-119.861483,0.161283,36,14
2020-04-08 05:55:20,-119.861483,0.161283,42,14
2020-04-08 05:55:25,-119.861483,0.161283,38,14
2020-04-08 05:55:30,-119.861483,0.161283,37,14
2020-04-08 05:55:35,-119.861483,0.161283,41,14
2020-04-08 05:55:40,-119.861483,0.161283,42,14
2020-04-08 05:55:45,-119.861483,0.161283,33,14
2020-04-08 05:55:50,-119.861483,0.161283,41,14
2020-04-08 05:55:55,-119.861483,0.161283,40,14
2020-04-08 05:56:00,-119.861483,0.161283,42,14
2020-04-08 05:56:05,-119.861483,0.161283,39,14
2020-04-08 05:56:10,-119.861483,0.161283,38,14
2020-04-08 05:56:15,-119.861483,0.161283,42,14
2020-04-08 05:56:20,-119.861483,0.161283,38,14
2020-04-08 05:56:25,-119.861483,0.161283,45,14
2020-04-08 05:56:30,-119.861483,0.161283,37,14
2020-04-08 05:56:35,-119.861483,0.161283,40,14
2020-04-08 05:56:40,-119.861483,0.161283,38,14
2020-04-08 05:56:45,-119.861483,0.161283,44,14
2020-04-08 05:56:50,-119.861483,0.161283,36,14
2020-04-08 05:56:55,-119.861483,0.161283,41,14
2020-04-08 05:57:00,-119.861483,0.161283,40,14
2020-04-08 05:57:05,-119.861483,0.161283,44,14
2020-04-08 05:57:10,-119.861483,0.161283,40,14
2020-04-08 05:57:15,-119.861483,0.161283,39,14
2020-04-08 05:57:20,-119.861483,0.161283,42,14
2020-04-08 05:57:25,-119.861483,0.161283,41,14
2020-04-08 05:57:30,-119.861483,0.161283,41,14
2020-04-08 05:57:35,-119.861483,0.161283,35,14
2020-04-08 05:57:40,-119.861483,0.161283,43,14
2020-04-08 05:57:45,-119.861483,0.161283,42,14
2020-04-08 05:57:50,-119.861483,0.161283,41,14
2020-04-08 05:57:55,-119.861483,0.161283,46,14
2020-04-08 05:58:00,-119.861483,0.161283,38,14
2020-04-08 05:58:05,-119.861483,0.161283,46,14
2020-04-08 05:58:10,-119.861483,0.161283,44,14
2020-04-08 05:58:15,-119.861483,0.161283,44,14
2020-04-08 05:58:20,-119.861483,0.161283,42,14
2020-04-08 05:58:25,-119.861483,0.161283,42,14
2020-04-08 05:58:30,-119.861483,0.161283,39,14
2020-04-08 05:58:35,-119.861483,0.161283,44,14
2020-04-08 05:58:40,-119.861483,0.161283,37,14
2020-04-08 05:58:45,-119.861483,0.161283,37,14
2020-04-08 05:58:50,-119.861483,0.161283,41,14
2020-04-08 05:58:55,-119.861483,0.161283,40,14
2020-04-08 05:59:00,-119.861483,0.161283,35,14
2020-04-08 05:59:05,-119.861483,0.161283,39,14
2020-04-08 05:59:10,-119.861483,0.161283,36,14
2020-04-08 05:59:15,-119.861483,0.161283,37,14
2020-04-08 05:59:20,-119.861483,0.161283,41,14
2020-04-08 05:59:25,-119.861483,0.161283,33,14
2020-04-08 05:59:30,-119.861483,0.161283,39,14
2020-04-08 05:59:35,-119.861483,0.161283,43,14
2020-04-08 05:59:40,-119.861483,0.161283,39,14
2020-04-08 05:59:45,-119.861483,0.161283,41,14
2020-04-08 05:59:50,-119.861483,0.161283,35,14
2020-04-08 05:59:55,-119.861483,0.161283,43,14
2020-04-08 06:00:00,-119.861483,0.161283,41,14
2020-04-08 06:00:05,-119.861483,0.161283,44,14
2020-04-08 06:00:10,-119.861483,0.161283,41,14
2020-04-08 06:00:15,-119.861483,0.161283,38,14
2020-04-08 06:00:20,-119.861483,0.161283,36,14
2020-04-08 06:00:25,-119.861483,0.161283,48,14
2020-04-08 06:00:30,-119.861483,0.161283,46,14
2020-04-08 06:00:35,-119.861483,0.161283,40,14
2020-04-08 06:00:40,-119.861483,0.161283,39,14
2020-04-08 06:00:45,-119.861483,0.161283,44,14
2020-04-08 06:00:50,-119.861483,0.161283,45,14
2020-04-08 06:00:55,-119.861483,0.161283,44,14
2020-04-08 06:01:00,-119.861483,0.161283,42,14
2020-04-08 06:01:05,-119.861483,0.161283,39,14
2020-04-08 06:01:10,-119.861483,0.161283,35,14
2020-04-08 06:01:15,-119.861483,0.161283,43,14
2020-04-08 06:01:20,-119.861483,0.161283,42,14
2020-04-08 06:01:25,-119.861483,0.161283,41,14
2020-04-08 06:01:30,-119.861483,0.161283,41,14
2020-04-08 06:01:35,-119.861483,0.161283,43,14
2020-04-08 06:01:40,-119.861483,0.161283,44,14
2020-04-08 06:01:45,-119.861483,0.161283,39,14
2020-04-08 06:01:50,-119.861483,0.161283,42,14
2020-04-08 06:01:55,-119.861483,0.161283,43,14
2020-04-08 06:02:00,-119.861483,0.161283,45,14
2020-04-08 06:02:05,-119.861483,0.161283,39,14
2020-04-08 06:02:10,-119.861483,0.161283,44,14
2020-04-08 06:02:15,-119.861483,0.161283,46,14
2020-04-08 06:02:20,-119.861483,0.161283,44,14
2020-04-08 06:02:25,-119.861483,0.161283,41,14
2020-04-08 06:02:30,-119.861483,0.161283,40,14
2020-04-08 06:02:35,-119.861483,0.161283,43,14
2020-04-08 06:02:40,-119.861483,0.161283,37,14
2020-04-08 06:02:45,-119.861483,0.161283,47,14
2020-04-08 06:02:50,-119.861483,0.161283,37,14
2020-04-08 06:02:55,-119.861483,0.161283,41,14
2020-04-08 06:03:00,-119.861483,0.161283,39,14
2020-04-08 06:03:05,-119.861483,0.161283,42,14
2020-04-08 06:03:10,-119.861483,0.161283,39,14
2020-04-08 06:03:15,-119.861483,0.161283,41,14
2020-04-08 06:03:20,-119.861483,0.161283,41,14
2020-04-08 06:03:25,-119.861483,0.161283,42,14
2020-04-08 06:03:30,-119.861483,0.161283,41,14
2020-04-08 06:03:35,-119.861483,0.161283,39,14
2020-04-08 06:03:40,-119.861483,0.161283,42,14
2020-04-08 06:03:45,-119.861483,0.161283,43,14
2020-04-08 06:03:50,-119.861483,0.161283,46,14
2020-04-08 06:03:55,-119.861483,0.161283,39,14
2020-04-08 06:04:00,-119.861483,0.161283,46,14
2020-04-08 06:04:05,-119.861483,0.161283,41,14
2020-04-08 06:04:10,-119.861483,0.161283,35,14
2020-04-08 06:04:15,-119.861483,0.161283,43,14
2020-04-08 06:04:20,-119.861483,0.161283,41,14
2020-04-08 06:04:25,-119.861483,0.161283,42,14
2020-04-08 06:04:30,-119.861483,0.161283,40,14
2020-04-08 06:04:35,-119.861483,0.161283,44,14
2020-04-08 06:04:40,-119.861483,0.161283,38,14
2020-04-08 06:04:45,-119.861483,0.161283,39,14
2020-04-08 06:04:50,-119.861483,0.161283,37,14
2020-04-08 06:04:55,-119.861483,0.161283,42,14
2020-04-08 06:05:00,-119.861483,0.161283,39,14
2020-04-08 06:05:05,-119.861483,0.161283,42,14
2020-04-08 06:05:10,-119.861483,0.161283,42,14
2020-04-08 06:05:15,-119.861483,0.161283,36,14
2020-04-08 06:05:20,-119.861483,0.161283,42,14
2020-04-08 06:05:25,-119.861483,0.161283,41,14
2020-04-08 06:05:30,-119.861483,0.161283,42,14
2020-04-08 06:05:35,-119.861483,0.161283,42,14
2020-04-08 06:05:40,-119.861483,0.161283,37,14
2020-04-08 06:05:45,-119.861483,0.161283,41,14
2020-04-08 06:05:50,-119.861483,0.161283,44,14
2020-04-08 06:05:55,-119.861483,0.161283,38,14
2020-04-08 06:06:00,-119.861483,0.161283,42,14
2020-04-08 06:06:05,-119.861483,0.161283,39,14
2020-04-08 06:06:10,-119.861483,0.161283,41,14
2020-04-08 06:06:15,-119.861483,0.161283,40,14
2020-04-08 06:06:20,-119.861483,0.161283,38,14
2020-04-08 06:06:25,-119.861483,0.161283,37,14
2020-04-08 06:06:30,-119.861483,0.161283,41,14
2020-04-08 06:06:35,-119.861483,0.161283,38,14
2020-04-08 06:06:40,-119.861483,0.161283,43,14
2020-04-08 06:06:45,-119.861483,0.161283,43,14
2020-04-08 06:06:50,-119.861483,0.161283,42,14
2020-04-08 06:06:55,-119.861483,0.161283,38,14
2020-04-08 06:07:00,-119.861483,0.161283,38,14
2020-04-08 06:07:05,-119.861483,0.161283,43,14
2020-04-08 06:07:10,-119.861483,0.161283,34,14
2020-04-08 06:07:15,-119.861483,0.161283,37,14
2020-04-08 06:07:20,-119.861483,0.161283,41,14
2020-04-08 06:07:25,-119.861483,0.161283,43,14
2020-04-08 06:07:30,-119.861483,0.161283,38,14
2020-04-08 06:07:35,-119.861483,0.161283,37,14
2020-04-08 06:07:40,-119.861483,0.161283,47,14
2020-04-08 06:07:45,-119.861483,0.161283,43,14
2020-04-08 06:07:50,-119.861483,0.161283,44,14
2020-04-08 06:07:55,-119.861483,0.161283,46,14
2020-04-08 06:08:00,-119.861483,0.161283,36,14
2020-04-08 06:08:05,-119.861483,0.161283,39,14
2020-04-08 06:08:10,-119.861483,0.161283,43,14
2020-04-08 06:08:15,-119.861483,0.161283,43,14
2020-04-08 06:08:20,-119.861483,0.161283,39,14
2020-04-08 06:08:25,-119.861483,0.161283,44,14
2020-04-08 06:08:30,-119.861483,0.161283,42,14
2020-04-08 06:08:35,-119.861483,0.161283,43,14
2020-04-08 06:08:40,-119.861483,0.161283,41,14
2020-04-08 06:08:45,-119.861483,0.161283,44,14
2020-04-08 06:08:50,-119.861483,0.161283,43,14
2020-04-08 06:08:55,-119.861483,0.161283,45,14
2020-04-08 06:09:00,-119.861483,0.161283,47,14
2020-04-08 06:09:05,-119.861483,0.161283,44,14
2020-04-08 06:09:10,-119.861483,0.161283,42,14
2020-04-08 06:09:15,-119.861483,0.161283,43,14
2020-04-08 06:09:20,-119.861483,0.161283,40,14
2020-04-08 06:09:25,-119.861483,0.161283,41,14
2020-04-08 06:09:30,-119.861483,0.161283,41,14
2020-04-08 06:09:35,-119.861483,0.161283,42,14
2020-04-08 06:09:40,-119.861483,0.161283,38,14
2020-04-08 06:09:45,-119.861483,0.161283,41,14
2020-04-08 06:09:50,-119.861483,0.161283,39,14
2020-04-08 06:09:55,-119.861483,0.161283,41,14
2020-04-08 06:10:00,-119.861483,0.161283,41,14
2020-04-08 06:10:05,-119.861483,0.161283,43,14
2020-04-08 06:10:10,-119.861483,0.161283,42,14
2020-04-08 06:10:15,-119.861483,0.161283,42,14
2020-04-08 06:10:20,-119.861483,0.161283,43,14
2020-04-08 06:10:25,-119.861483,0.161283,43,14
2020-04-08 06:10:30,-119.861483,0.161283,38,14
2020-04-08 06:10:35,-119.861483,0.161283,37,14
2020-04-08 06:10:40,-119.861483,0.161283,46,14
2020-04-08 06:10:45,-119.861483,0.161283,42,14
2020-04-08 06:10:50,-119.861483,0.161283,41,14
2020-04-08 06:10:55,-119.861483,0.161283,44,14
2020-04-08 06:11:00,-119.861483,0.161283,41,14
2020-04-08 06:11:05,-119.861483,0.161283,39,14
2020-04-08 06:11:10,-119.861483,0.161283,44,14
2020-04-08 06:11:15,-119.861483,0.161283,36,14
2020-04-08 06:11:20,-119.861483,0.161283,39,14
2020-04-08 06:11:25,-119.861483,0.161283,46,14
2020-04-08 06:11:30,-119.861483,0.161283,43,14
2020-04-08 06:11:35,-119.861483,0.161283,40,14
2020-04-08 06:11:40,-119.861483,0.161283,40,14
2020-04-08 06:11:45,-119.861483,0.161283,43,14
2020-04-08 06:11:50,-119.861483,0.161283,43,14
2020-04-08 06:11:55,-119.861483,0.161283,43,14
2020-04-08 06:12:00,-119.861483,0.161283,41,14
2020-04-08 06:12:05,-119.861483,0.161283,43,14
2020-04-08 06:12:10,-119.861483,0.161283,35,14
2020-04-08 06:12:15,-119.861483,0.161283,41,14
2020-04-08 06:12:20,-119.861483,0.161283,39,14
2020-04-08 06:12:25,-119.861483,0.161283,39,14
2020-04-08 06:12:30,-119.861483,0.161283,41,14
2020-04-08 06:12:35,-119.861483,0.161283,44,14
2020-04-08 06:12:40,-119.861483,0.161283,41,14
2020-04-08 06:12:45,-119.861483,0.161283,41,14
2020-04-08 06:12:50,-119.861483,0.161283,38,14
2020-04-08 06:12:55,-119.861483,0.161283,40,14
2020-04-08 06:13:00,-119.861483,0.161283,42,14
2020-04-08 06:13:05,-119.861483,0.161283,41,14
2020-04-08 06:13:10,-119.861483,0.161283,45,14
2020-04-08 06:13:15,-119.861483,0.161283,42,14
2020-04-08 06:13:20,-119.861483,0.161283,38,14
2020-04-08 06:13:25,-119.861483,0.161283,43,14
2020-04-08 06:13:30,-119.861483,0.161283,40,14
2020-04-08 06:13:35,-119.861483,0.161283,37,14
2020-04-08 06:13:40,-119.861483,0.161283,39,14
2020-04-08 06:13:45,-119.861483,0.161283,44,14
2020-04-08 06:13:50,-119.861483,0.161283,37,14
2020-04-08 06:13:55,-119.861483,0.161283,38,14
2020-04-08 06:14:00,-119.861483,0.161283,41,14
2020-04-08 06:14:05,-119.861483,0.161283,45,14
2020-04-08 06:14:10,-119.861483,0.161283,38,14
2020-04-08 06:14:15,-119.861483,0.161283,40,14
2020-04-08 06:14:20,-119.861483,0.161283,44,14
2020-04-08 06:14:25,-119.861483,0.161283,44,14
2020-04-08 06:14:30,-119.861483,0.161283,39,14
2020-04-08 06:14:35,-119.861483,0.161283,39,14
2020-04-08 06:14:40,-119.861483,0.161283,39,14
2020-04-08 06:14:45,-119.861483,0.161283,45,14
2020-04-08 06:14:50,-119.861483,0.161283,37,14
2020-04-08 06:14:55,-119.861483,0.161283,40,14
2020-04-08 06:15:00,-119.861483,0.161283,36,14
2020-04-08 06:15:05,-119.861483,0.161283,44,14
2020-04-08 06:15:10,-119.861483,0.161283,38,14
2020-04-08 06:15:15,-119.861483,0.161283,38,14
2020-04-08 06:15:20,-119.861483,0.161283,37,14
2020-04-08 06:15:25,-119.861483,0.161283,36,14
2020-04-08 06:15:30,-119.861483,0.161283,42,14
2020-04-08 06:15:35,-119.861483,0.161283,47,14
2020-04-08 06:15:40,-119.861483,0.161283,44,14
2020-04-08 06:15:45,-119.861483,0.161283,42,14
2020-04-08 06:15:50,-119.861483,0.161283,37,14
2020-04-08 06:15:55,-119.861483,0.161283,44,14
2020-04-08 06:16:00,-119.861483,0.161283,39,14
2020-04-08 06:16:05,-119.861483,0.161283,39,14
2020-04-08 06:16:10,-119.861483,0.161283,41,14
2020-04-08 06:16:15,-119.861483,0.161283,42,14
2020-04-08 06:16:20,-119.861483,0.161283,38,14
2020-04-08 06:16:25,-119.861483,0.161283,38,14
2020-04-08 06:16:30,-119.861483,0.161283,42,14
2020-04-08 06:16:35,-119.861483,0.161283,41,14
2020-04-08 06:16:40,-119.861483,0.161283,39,14
2020-04-08 06:16:45,-119.861483,0.161283,41,14
2020-04-08 06:16:50,-119.861483,0.161283,38,14
2020-04-08 06:16:55,-119.861483,0.161283,38,14
2020-04-08 06:17:00,-119.861483,0.161283,40,14
2020-04-08 06:17:05,-119.861483,0.161283,41,14
2020-04-08 06:17:10,-119.861483,0.161283,36,14
2020-04-08 06:17:15,-119.861483,0.161283,36,14
2020-04-08 06:17:20,-119.861483,0.161283,34,14
2020-04-08 06:17:25,-119.861483,0.161283,39,14
2020-04-08 06:17:30,-119.861483,0.161283,43,14
2020-04-08 06:17:35,-119.861483,0.161283,40,14
2020-04-08 06:17:40,-119.861483,0.161283,42,14
2020-04-08 06:17:45,-119.861483,0.161283,38,14
2020-04-08 06:17:50,-119.861483,0.161283,41,14
2020-04-08 06:17:55,-119.861483,0.161283,40,14
2020-04-08 06:18:00,-119.861483,0.161283,38,14
2020-04-08 06:18:05,-119.861483,0.161283,40,14
2020-04-08 06:18:10,-119.861483,0.161283,45,14
2020-04-08 06:18:15,-119.861483,0.161283,43,14
2020-04-08 06:18:20,-119.861483,0.161283,37,14
2020-04-08 06:18:25,-119.861483,0.161283,40,14
2020-04-08 06:18:30,-119.861483,0.161283,36,14
2020-04-08 06:18:35,-119.861483,0.161283,40,14
2020-04-08 06:18:40,-119.861483,0.161283,39,14
2020-04-08 06:18:45,-119.861483,0.161283,39,14
2020-04-08 06:18:50,-119.861483,0.161283,36,14
2020-04-08 06:18:55,-119.861483,0.161283,46,14
2020-04-08 06:19:00,-119.861483,0.161283,38,14
2020-04-08 06:19:05,-119.861483,0.161283,42,14
2020-04-08 06:19:10,-119.861483,0.161283,45,14
2020-04-08 06:19:15,-119.861483,0.161283,35,14
2020-04-08 06:19:20,-119.861483,0.161283,43,14
2020-04-08 06:19:25,-119.861483,0.161283,42,14
2020-04-08 06:19:30,-119.861483,0.161283,47,14
2020-04-08 06:19:35,-119.861483,0.161283,37,14
2020-04-08 06:19:40,-119.861483,0.161283,45,14
2020-04-08 06:19:45,-119.861483,0.161283,41,14
2020-04-08 06:19:50,-119.861483,0.161283,35,14
2020-04-08 06:19:55,-119.861483,0.161283,45,14
2020-04-08 06:20:00,-119.861483,0.161283,45,14
2020-04-08 06:20:05,-119.861483,0.161283,43,14
2020-04-08 06:20:10,-119.861483,0.161283,36,14
2020-04-08 06:20:15,-119.861483,0.161283,46,14
2020-04-08 06:20:20,-119.861483,0.161283,38,14
2020-04-08 06:20:25,-119.861483,0.161283,44,14
2020-04-08 06:20:30,-119.861483,0.161283,39,14
2020-04-08 06:20:35,-119.861483,0.161283,41,14
2020-04-08 06:20:40,-119.861483,0.161283,43,14
2020-04-08 06:20:45,-119.861483,0.161283,42,14
2020-04-08 06:20:50,-119.861483,0.161283,45,14
2020-04-08 06:20:55,-119.861483,0.161283,42,14
2020-04-08 06:21:00,-119.861483,0.161283,41,14
2020-04-08 06:21:05,-119.861483,0.161283,41,14
2020-04-08 06:21:10,-119.861483,0.161283,43,14
2020-04-08 06:21:15,-119.861483,0.161283,47,14
2020-04-08 06:21:20,-119.861483,0.161283,44,14
2020-04-08 06:21:25,-119.861483,0.161283,37,14
2020-04-08 06:21:30,-119.861483,0.161283,40,14
2020-04-08 06:21:35,-119.861483,0.161283,42,14
2020-04-08 06:21:40,-119.861483,0.161283,48,14
2020-04-08 06:21:45,-119.861483,0.161283,41,14
2020-04-08 06:21:50,-119.861483,0.161283,39,14
2020-04-08 06:21:55,-119.861483,0.161283,40,14
2020-04-08 06:22:00,-119.861483,0.161283,42,14
2020-04-08 06:22:05,-119.861483,0.161283,37,14
2020-04-08 06:22:10,-119.861483,0.161283,40,14
2020-04-08 06:22:15,-119.861483,0.161283,40,14
2020-04-08 06:22:20,-119.861483,0.161283,42,14
2020-04-08 06:22:25,-119.861483,0.161283,41,14
2020-04-08 06:22:30,-119.861483,0.161283,44,14
2020-04-08 06:22:35,-119.861483,0.161283,48,14
2020-04-08 06:22:40,-119.861483,0.161283,40,14
2020-04-08 06:22:45,-119.861483,0.161283,39,14
2020-04-08 06:22:50,-119.861483,0.161283,42,14
2020-04-08 06:22:55,-119.861483,0.161283,47,14
2020-04-08 06:23:00,-119.861483,0.161283,42,14
2020-04-08 06:23:05,-119.861483,0.161283,42,14
2020-04-08 06:23:10,-119.861483,0.161283,45,14
2020-04-08 06:23:15,-119.861483,0.161283,41,14
2020-04-08 06:23:20,-119.861483,0.161283,45,14
2020-04-08 06:23:25,-119.861483,0.161283,42,14
2020-04-08 06:23:30,-119.861483,0.161283,38,14
2020-04-08 06:23:35,-119.861483,0.161283,42,14
2020-04-08 06:23:40,-119.861483,0.161283,40,14
2020-04-08 06:23:45,-119.861483,0.161283,45,14
2020-04-08 06:23:50,-119.861483,0.161283,40,14
2020-04-08 06:23:55,-119.861483,0.161283,43,14
2020-04-08 06:24:00,-119.861483,0.161283,40,14
2020-04-08 06:24:05,-119.861483,0.161283,44,14
2020-04-08 06:24:10,-119.861483,0.161283,36,14
2020-04-08 06:24:15,-119.861483,0.161283,44,14
2020-04-08 06:24:20,-119.861483,0.161283,42,14
2020-04-08 06:24:25,-119.861483,0.161283,41,14
2020-04-08 06:24:30,-119.861483,0.161283,44,14
2020-04-08 06:24:35,-119.861483,0.161283,43,14
2020-04-08 06:24:40,-119.861483,0.161283,39,14
2020-04-08 06:24:45,-119.861483,0.161283,45,14
2020-04-08 06:24:50,-119.861483,0.161283,42,14
2020-04-08 06:24:55,-119.861483,0.161283,42,14
2020-04-08 06:25:00,-119.861483,0.161283,37,14
2020-04-08 06:25:05,-119.861483,0.161283,38,14
2020-04-08 06:25:10,-119.861483,0.161283,43,14
2020-04-08 06:25:15,-119.861483,0.161283,40,14
2020-04-08 06:25:20,-119.861483,0.161283,44,14
2020-04-08 06:25:25,-119.861483,0.161283,36,14
2020-04-08 06:25:30,-119.861483,0.161283,37,14
2020-04-08 06:25:35,-119.861483,0.161283,39,14
2020-04-08 06:25:40,-119.861483,0.161283,42,14
2020-04-08 06:25:45,-119.861483,0.161283,44,14
2020-04-08 06:25:50,-119.861483,0.161283,43,14
2020-04-08 06:25:55,-119.861483,0.161283,42,14
2020-04-08 06:26:00,-119.861483,0.161283,37,14
2020-04-08 06:26:05,-119.861483,0.161283,43,14
2020-04-08 06:26:10,-119.861483,0.161283,38,14
2020-04-08 06:26:15,-119.861483,0.161283,43,14
2020-04-08 06:26:20,-119.861483,0.161283,42,14
2020-04-08 06:26:25,-119.861483,0.161283,44,14
2020-04-08 06:26:30,-119.861483,0.161283,42,14
2020-04-08 06:26:35,-119.861483,0.161283,38,14
2020-04-08 06:26:40,-119.861483,0.161283,40,14
2020-04-08 06:26:45,-119.861483,0.161283,38,14
2020-04-08 06:26:50,-119.861483,0.161283,43,14
2020-04-08 06:26:55,-119.861483,0.161283,38,14
2020-04-08 06:27:00,-119.861483,0.161283,44,14
2020-04-08 06:27:05,-119.861483,0.161283,38,14
2020-04-08 06:27:10,-119.861483,0.161283,46,14
2020-04-08 06:27:15,-119.861483,0.161283,38,14
2020-04-08 06:27:20,-119.861483,0.161283,43,14
2020-04-08 06:27:25,-119.861483,0.161283,42,14
2020-04-08 06:27:30,-119.861483,0.161283,43,14
2020-04-08 06:27:35,-119.861483,0.161283,44,14
2020-04-08 06:27:40,-119.861483,0.161283,39,14
2020-04-08 06:27:45,-119.861483,0.161283,36,14
2020-04-08 06:27:50,-119.861483,0.161283,40,14
2020-04-08 06:27:55,-119.861483,0.161283,43,14
2020-04-08 06:28:00,-119.861483,0.161283,40,14
2020-04-08 06:28:05,-119.861483,0.161283,37,14
2020-04-08 06:28:10,-119.861483,0.161283,40,14
2020-04-08 06:28:15,-119.861483,0.161283,41,14
2020-04-08 06:28:20,-119.861483,0.161283,45,14
2020-04-08 06:28:25,-119.861483,0.161283,40,14
2020-04-08 06:28:30,-119.861483,0.161283,47,14
2020-04-08 06:28:35,-119.861483,0.161283,40,14
2020-04-08 06:28:40,-119.861483,0.161283,41,14
2020-04-08 06:28:45,-119.861483,0.161283,42,14
2020-04-08 06:28:50,-119.861483,0.161283,45,14
2020-04-08 06:28:55,-119.861483,0.161283,38,14
2020-04-08 06:29:00,-119.861483,0.161283,43,14
2020-04-08 06:29:05,-119.861483,0.161283,38,14
2020-04-08 06:29:10,-119.861483,0.161283,40,14
2020-04-08 06:29:15,-119.861483,0.161283,38,14
2020-04-08 06:29:20,-119.861483,0.161283,43,14
2020-04-08 06:29:25,-119.861483,0.161283,42,14
2020-04-08 06:29:30,-119.861429,0.161261,43,14
2020-04-08 06:29:35,-119.861402,0.161408,42,14
2020-04-08 06:29:40,-119.861387,0.161699,40,14
2020-04-08 06:29:45,-119.861539,0.161764,43,14
2020-04-08 06:29:50,-119.86162,0.161977,39,14
2020-04-08 06:29:55,-119.86183,0.162059,38,14
2020-04-08 06:30:00,-119.861906,0.162259,42,14
2020-04-08 06:30:05,-119.861951,0.162614,42,14
2020-04-08 06:30:10,-119.861956,0.162838,39,14
2020-04-08 06:30:15,-119.861959,0.163183,45,14
2020-04-08 06:30:20,-119.86196,0.163471,46,14
2020-04-08 06:30:25,-119.86196,0.163769,38,14
2020-04-08 06:30:30,-119.86196,0.164079,35,14
2020-04-08 06:30:35,-119.86196,0.164312,44,14
2020-04-08 06:30:40,-119.86196,0.16462,41,14
2020-04-08 06:30:45,-119.86196,0.164918,42,14
2020-04-08 06:30:50,-119.86196,0.165225,42,14
2020-04-08 06:30:55,-119.86196,0.165452,44,3
2020-04-08 06:31:00,-119.86196,0.165754,47,3
2020-04-08 06:31:05,-119.86196,0.166059,42,3
2020-04-08 06:31:10,-119.86196,0.166331,41,3
2020-04-08 06:31:15,-119.86196,0.166649,41,3
2020-04-08 06:31:20,-119.86196,0.166916,39,3
2020-04-08 06:31:25,-119.86196,0.167235,40,3
2020-04-08 06:31:30,-119.86196,0.167485,39,3
2020-04-08 06:31:35,-119.86196,0.167778,41,3
2020-04-08 06:31:40,-119.86196,0.168071,45,3
2020-04-08 06:31:45,-119.86196,0.16838,41,3
2020-04-08 06:31:50,-119.86196,0.168666,42,3
2020-04-08 06:31:55,-119.86196,0.168927,44,3
2020-04-08 06:32:00,-119.86196,0.169225,41,3
2020-04-08 06:32:05,-119.86196,0.169536,40,3
2020-04-08 06:32:10,-119.86196,0.169839,43,3
2020-04-08 06:32:15,-119.86196,0.170091,36,3
2020-04-08 06:32:20,-119.86196,0.170409,43,3
2020-04-08 06:32:25,-119.86196,0.170698,40,3
2020-04-08 06:32:30,-119.86196,0.170998,41,3
2020-04-08 06:32:35,-119.86196,0.171257,42,3
2020-04-08 06:32:40,-119.86196,0.171569,38,3
2020-04-08 06:32:45,-119.86196,0.171876,41,3
2020-04-08 06:32:50,-119.86196,0.172136,37,3
2020-04-08 06:32:55,-119.86196,0.172423,38,3
2020-04-08 06:33:00,-119.86196,0.172701,43,3
2020-04-08 06:33:05,-119.86196,0.173015,39,3
2020-04-08 06:33:10,-119.86196,0.173307,38,3
2020-04-08 06:33:15,-119.86196,0.173599,44,3
2020-04-08 06:33:20,-119.86196,0.173896,46,3
2020-04-08 06:33:25,-119.86196,0.174193,41,3
2020-04-08 06:33:30,-119.86196,0.174465,47,3
2020-04-08 06:33:35,-119.86196,0.174729,38,3
2020-04-08 06:33:40,-119.86196,0.175054,40,3
2020-04-08 06:33:45,-119.86196,0.175328,35,3
2020-04-08 06:33:50,-119.86196,0.175628,33,3
2020-04-08 06:33:55,-119.86196,0.175918,39,3
2020-04-08 06:34:00,-119.86196,0.176215,42,3
2020-04-08 06:34:05,-119.86196,0.176511,42,3
2020-04-08 06:34:10,-119.86196,0.176766,43,3
2020-04-08 06:34:15,-119.86196,0.177079,43,3
2020-04-08 06:34:20,-119.86196,0.177338,40,3
2020-04-08 06:34:25,-119.86196,0.17766,43,3
2020-04-08 06:34:30,-119.86196,0.177929,36,3
2020-04-08 06:34:35,-119.86196,0.178218,42,3
2020-04-08 06:34:40,-119.86196,0.178499,42,3
2020-04-08 06:34:45,-119.86196,0.178812,38,3
2020-04-08 06:34:50,-119.86196,0.179099,37,3
2020-04-08 06:34:55,-119.86196,0.179417,44,3
2020-04-08 06:35:00,-119.86196,0.179659,40,3
2020-04-08 06:35:05,-119.86196,0.179991,41,3
2020-04-08 06:35:10,-119.86196,0.180285,36,3
2020-04-08 06:35:15,-119.86196,0.180537,44,3
2020-04-08 06:35:20,-119.86196,0.180852,40,3
2020-04-08 06:35:25,-119.86196,0.18111,40,3
2020-04-08 06:35:30,-119.86196,0.181421,39,3
2020-04-08 06:35:35,-119.86196,0.181728,41,3
2020-04-08 06:35:40,-119.86196,0.181991,40,3
2020-04-08 06:35:45,-119.86196,0.182275,47,3
2020-04-08 06:35:50,-119.861774,0.182361,38,3
2020-04-08 06:35:55,-119.861714,0.182556,42,3
2020-04-08 06:36:00,-119.861683,0.182867,42,3
2020-04-08 06:36:05,-119.861501,0.182941,41,3
2020-04-08 06:36:10,-119.861418,0.183174,40,3
2020-04-08 06:36:15,-119.861393,0.18343,40,3
2020-04-08 06:36:20,-119.861384,0.183728,40,3
2020-04-08 06:36:25,-119.861381,0.184022,41,3
2020-04-08 06:36:30,-119.861576,0.184108,35,3
2020-04-08 06:36:35,-119.861634,0.184314,38,3
2020-04-08 06:36:40,-119.86166,0.184615,43,3
2020-04-08 06:36:45,-119.861667,0.184904,39,3
2020-04-08 06:36:50,-119.861669,0.185169,46,3
2020-04-08 06:36:55,-119.86167,0.185473,39,3
2020-04-08 06:37:00,-119.86167,0.185774,43,3
2020-04-08 06:37:05,-119.861847,0.185845,37,3
2020-04-08 06:37:10,-119.861914,0.186044,38,3
2020-04-08 06:37:15,-119.861946,0.186343,42,3
2020-04-08 06:37:20,-119.861955,0.18662,42,3
2020-04-08 06:37:25,-119.861959,0.186919,46,3
2020-04-08 06:37:30,-119.861783,0.186999,39,3
2020-04-08 06:37:35,-119.861474,0.187038,45,3
2020-04-08 06:37:40,-119.861224,0.187046,43,3
2020-04-08 06:37:45,-119.86092,0.187049,45,3
2020-04-08 06:37:50,-119.860653,0.18705,43,3
2020-04-08 06:37:55,-119.860328,0.18705,41,3
2020-04-08 06:38:00,-119.860075,0.18705,41,3
2020-04-08 06:38:05,-119.859738,0.18705,42,3
2020-04-08 06:38:10,-119.859471,0.18705,42,3
2020-04-08 06:38:15,-119.859188,0.18705,39,3
2020-04-08 06:38:20,-119.858861,0.18705,38,3
2020-04-08 06:38:25,-119.858611,0.18705,41,3
2020-04-08 06:38:30,-119.858315,0.18705,42,3
2020-04-08 06:38:35,-119.858017,0.18705,39,3
2020-04-08 06:38:40,-119.857709,0.18705,39,3
2020-04-08 06:38:45,-119.857451,0.18705,41,3
2020-04-08 06:38:50,-119.857382,0.187203,46,3
2020-04-08 06:38:55,-119.857157,0.18729,41,3
2020-04-08 06:39:00,-119.857082,0.187492,38,3
2020-04-08 06:39:05,-119.856837,0.187591,42,3
2020-04-08 06:39:10,-119.856778,0.187791,36,3
2020-04-08 06:39:15,-119.856561,0.187876,38,3
2020-04-08 06:39:20,-119.856483,0.188111,40,3
2020-04-08 06:39:25,-119.8563,0.188167,44,3
2020-04-08 06:39:30,-119.855988,0.188198,42,3
2020-04-08 06:39:35,-119.855693,0.188207,40,3
2020-04-08 06:39:40,-119.85562,0.188397,43,3
2020-04-08 06:39:45,-119.855395,0.188467,39,3
2020-04-08 06:39:50,-119.855105,0.188491,44,3
2020-04-08 06:39:55,-119.855038,0.188313,44,3
2020-04-08 06:40:00,-119.854847,0.188253,38,3
2020-04-08 06:40:05,-119.854539,0.188222,34,3
2020-04-08 06:40:10,-119.854222,0.188213,44,3
2020-04-08 06:40:15,-119.853971,0.188211,42,3
2020-04-08 06:40:20,-119.853684,0.18821,36,3
2020-04-08 06:40:25,-119.853383,0.18821,42,3
2020-04-08 06:40:30,-119.853113,0.18821,39,3
2020-04-08 06:40:35,-119.852797,0.18821,46,3
2020-04-08 06:40:40,-119.8525,0.18821,44,3
2020-04-08 06:40:45,-119.852426,0.188014,41,3
2020-04-08 06:40:50,-119.852224,0.187956,39,3
2020-04-08 06:40:55,-119.851923,0.18793,41,3
2020-04-08 06:41:00,-119.851665,0.187924,43,3
2020-04-08 06:41:05,-119.851361,0.187921,44,3
2020-04-08 06:41:10,-119.851055,0.18792,39,3
2020-04-08 06:41:15,-119.85076,0.18792,36,3
2020-04-08 06:41:20,-119.850467,0.18792,38,3
2020-04-08 06:41:25,-119.850178,0.18792,45,3
2020-04-08 06:41:30,-119.849916,0.18792,41,3
2020-04-08 06:41:35,-119.849609,0.18792,44,3
2020-04-08 06:41:40,-119.849303,0.18792,35,3
2020-04-08 06:41:45,-119.84904,0.18792,41,3
2020-04-08 06:41:50,-119.848742,0.18792,44,3
2020-04-08 06:41:55,-119.848436,0.18792,38,3
2020-04-08 06:42:00,-119.848183,0.18792,43,3
2020-04-08 06:42:05,-119.847866,0.18792,46,3
2020-04-08 06:42:10,-119.847582,0.18792,41,3
2020-04-08 06:42:15,-119.847297,0.18792,41,3
2020-04-08 06:42:20,-119.846984,0.18792,37,3
2020-04-08 06:42:25,-119.846721,0.18792,45,3
2020-04-08 06:42:30,-119.846424,0.18792,45,3
2020-04-08 06:42:35,-119.846116,0.18792,40,3
2020-04-08 06:42:40,-119.84582,0.18792,37,3
2020-04-08 06:42:45,-119.845558,0.18792,40,3
2020-04-08 06:42:50,-119.84525,0.18792,39,3
2020-04-08 06:42:55,-119.844982,0.18792,45,3
2020-04-08 06:43:00,-119.844673,0.18792,46,3
2020-04-08 06:43:05,-119.844378,0.18792,38,3
2020-04-08 06:43:10,-119.844092,0.18792,43,3
2020-04-08 06:43:15,-119.843829,0.18792,36,3
2020-04-08 06:43:20,-119.843535,0.18792,45,3
2020-04-08 06:43:25,-119.843225,0.18792,37,3
2020-04-08 06:43:30,-119.842927,0.18792,41,3
2020-04-08 06:43:35,-119.842659,0.18792,42,3
2020-04-08 06:43:40,-119.842369,0.18792,43,3
2020-04-08 06:43:45,-119.842055,0.18792,43,3
2020-04-08 06:43:50,-119.8418,0.18792,46,3
2020-04-08 06:43:55,-119.841477,0.18792,44,3
2020-04-08 06:44:00,-119.841208,0.18792,37,3
2020-04-08 06:44:05,-119.84088,0.18792,41,3
2020-04-08 06:44:10,-119.840622,0.18792,39,3
2020-04-08 06:44:15,-119.840343,0.18792,39,3
2020-04-08 06:44:20,-119.840052,0.18792,41,3
2020-04-08 06:44:25,-119.839737,0.18792,38,3
2020-04-08 06:44:30,-119.839483,0.18792,42,3
2020-04-08 06:44:35,-119.839177,0.18792,43,3
2020-04-08 06:44:40,-119.838867,0.18792,42,3
2020-04-08 06:44:45,-119.838589,0.18792,46,3
2020-04-08 06:44:50,-119.838319,0.18792,38,3
2020-04-08 06:44:55,-119.838006,0.18792,42,3
2020-04-08 06:45:00,-119.837706,0.18792,37,3
2020-04-08 06:45:05,-119.83764,0.188101,39,3
2020-04-08 06:45:10,-119.83761,0.188396,40,3
2020-04-08 06:45:15,-119.837604,0.188649,45,3
2020-04-08 06:45:20,-119.837601,0.188952,40,3
2020-04-08 06:45:25,-119.8376,0.189265,39,3
2020-04-08 06:45:30,-119.8376,0.189527,39,3
2020-04-08 06:45:35,-119.8376,0.18982,43,3
2020-04-08 06:45:40,-119.8376,0.190135,41,3
2020-04-08 06:45:45,-119.8376,0.190388,42,3
2020-04-08 06:45:50,-119.8376,0.190719,39,3
2020-04-08 06:45:55,-119.8376,0.190981,38,3
2020-04-08 06:46:00,-119.8376,0.191298,39,3
2020-04-08 06:46:05,-119.8376,0.191562,39,3
2020-04-08 06:46:10,-119.8376,0.191874,40,3
2020-04-08 06:46:15,-119.8376,0.192171,41,3
2020-04-08 06:46:20,-119.8376,0.192421,44,3
2020-04-08 06:46:25,-119.8376,0.192746,44,3
2020-04-08 06:46:30,-119.8376,0.192996,41,3
2020-04-08 06:46:35,-119.8376,0.193296,43,3
2020-04-08 06:46:40,-119.8376,0.193609,39,3
2020-04-08 06:46:45,-119.8376,0.193888,41,3
2020-04-08 06:46:50,-119.8376,0.194165,44,3
2020-04-08 06:46:55,-119.8376,0.194462,34,3
2020-04-08 06:47:00,-119.837411,0.194545,46,3
2020-04-08 06:47:05,-119.837342,0.194773,40,3
2020-04-08 06:47:10,-119.837322,0.195028,45,3
2020-04-08 06:47:15,-119.837314,0.195316,41,3
2020-04-08 06:47:20,-119.837152,0.195395,47,3
2020-04-08 06:47:25,-119.837072,0.195611,39,3
2020-04-08 06:47:30,-119.837035,0.195917,44,3
2020-04-08 06:47:35,-119.836843,0.195994,42,3
2020-04-08 06:47:40,-119.836776,0.196194,44,3
2020-04-08 06:47:45,-119.836583,0.196272,42,3
2020-04-08 06:47:50,-119.836497,0.196481,43,3
2020-04-08 06:47:55,-119.836458,0.196772,41,3
2020-04-08 06:48:00,-119.83627,0.196856,41,3
2020-04-08 06:48:05,-119.836198,0.197064,40,3
2020-04-08 06:48:10,-119.835956,0.197162,50,3
2020-04-08 06:48:15,-119.835899,0.197357,41,3
2020-04-08 06:48:20,-119.835869,0.19768,39,3
2020-04-08 06:48:25,-119.835696,0.197738,34,3
2020-04-08 06:48:30,-119.835611,0.197962,38,3
2020-04-08 06:48:35,-119.835411,0.198027,41,3
2020-04-08 06:48:40,-119.83532,0.198259,41,3
2020-04-08 06:48:45,-119.835123,0.198319,38,3
2020-04-08 06:48:50,-119.835036,0.198537,41,3
2020-04-08 06:48:55,-119.835004,0.198814,39,3
2020-04-08 06:49:00,-119.834813,0.198893,43,3
2020-04-08 06:49:05,-119.834744,0.199101,39,3
2020-04-08 06:49:10,-119.834539,0.19918,42,3
2020-04-08 06:49:15,-119.834449,0.199418,42,3
2020-04-08 06:49:20,-119.834243,0.199482,42,3
2020-04-08 06:49:25,-119.834167,0.199684,37,3
2020-04-08 06:49:30,-119.833974,0.199756,47,3
2020-04-08 06:49:35,-119.83387,0.200005,41,3
2020-04-08 06:49:40,-119.833679,0.20006,42,3
2020-04-08 06:49:45,-119.833595,0.20026,43,3
2020-04-08 06:49:50,-119.833376,0.200342,38,3
2020-04-08 06:49:55,-119.833044,0.20038,40,3
2020-04-08 06:50:00,-119.83278,0.200387,42,3
2020-04-08 06:50:05,-119.832724,0.200535,36,3
2020-04-08 06:50:10,-119.832523,0.20062,44,3
2020-04-08 06:50:15,-119.832228,0.200661,45,3
2020-04-08 06:50:20,-119.831877,0.200677,39,3
2020-04-08 06:50:25,-119.83159,0.200679,41,3
2020-04-08 06:50:30,-119.83131,0.20068,41,3
2020-04-08 06:50:35,-119.83125,0.200488,42,3
2020-04-08 06:50:40,-119.831053,0.200428,42,3
2020-04-08 06:50:45,-119.830754,0.2004,39,3
2020-04-08 06:50:50,-119.830683,0.200212,44,3
2020-04-08 06:50:55,-119.830445,0.200132,44,3
2020-04-08 06:51:00,-119.830203,0.200112,39,3
2020-04-08 06:51:05,-119.830119,0.199934,39,3
2020-04-08 06:51:10,-119.829883,0.19985,36,3
2020-04-08 06:51:15,-119.829577,0.19982,37,3
2020-04-08 06:51:20,-119.829515,0.199627,40,3
2020-04-08 06:51:25,-119.829323,0.199564,45,3
2020-04-08 06:51:30,-119.829011,0.199532,39,3
2020-04-08 06:51:35,-119.828939,0.199335,42,3
2020-04-08 06:51:40,-119.828738,0.199271,44,3
2020-04-08 06:51:45,-119.828425,0.19924,46,3
2020-04-08 06:51:50,-119.828173,0.199234,40,3
2020-04-08 06:51:55,-119.828099,0.199082,41,3
2020-04-08 06:52:00,-119.827865,0.198989,40,3
2020-04-08 06:52:05,-119.827567,0.198954,40,3
2020-04-08 06:52:10,-119.827496,0.19877,42,3
2020-04-08 06:52:15,-119.827273,0.19869,43,3
2020-04-08 06:52:20,-119.826977,0.198661,40,3
2020-04-08 06:52:25,-119.826911,0.198476,40,3
2020-04-08 06:52:30,-119.826718,0.198408,44,3
2020-04-08 06:52:35,-119.826415,0.198374,43,3
2020-04-08 06:52:40,-119.826121,0.198364,40,3
2020-04-08 06:52:45,-119.825806,0.198361,37,3
2020-04-08 06:52:50,-119.825514,0.19836,40,3
2020-04-08 06:52:55,-119.825244,0.19836,41,3
2020-04-08 06:53:00,-119.824939,0.19836,41,3
2020-04-08 06:53:05,-119.824877,0.198543,43,3
2020-04-08 06:53:10,-119.824647,0.198618,43,3
2020-04-08 06:53:15,-119.824589,0.198811,39,3
2020-04-08 06:53:20,-119.824385,0.198891,44,3
2020-04-08 06:53:25,-119.824299,0.199125,45,3
2020-04-08 06:53:30,-119.8241,0.199188,45,3
2020-04-08 06:53:35,-119.824023,0.199386,43,3
2020-04-08 06:53:40,-119.823793,0.199476,45,3
2020-04-08 06:53:45,-119.823719,0.199693,45,3
2020-04-08 06:53:50,-119.823494,0.199773,47,3
2020-04-08 06:53:55,-119.823428,0.199982,42,3
2020-04-08 06:54:00,-119.823219,0.200057,43,3
2020-04-08 06:54:05,-119.823152,0.200245,44,3
2020-04-08 06:54:10,-119.822906,0.200349,45,3
2020-04-08 06:54:15,-119.822844,0.200563,39,3
2020-04-08 06:54:20,-119.822652,0.200632,39,3
2020-04-08 06:54:25,-119.822556,0.200878,44,3
2020-04-08 06:54:30,-119.822354,0.200935,40,3
2020-04-08 06:54:35,-119.822266,0.201165,47,3
2020-04-08 06:54:40,-119.822081,0.201219,909.4420450920045,3
2020-04-08 06:54:45,-119.821981,0.201454,41,3
2020-04-08 06:54:50,-119.821756,0.201519,47,3
2020-04-08 06:54:55,-119.821693,0.201711,47,3
2020-04-08 06:55:00,-119.821492,0.201789,42,3
2020-04-08 06:55:05,-119.821198,0.201824,45,3
2020-04-08 06:55:10,-119.821123,0.202003,47,3
2020-04-08 06:55:15,-119.820883,0.202092,49,3
2020-04-08 06:55:20,-119.82063,0.202116,44,3
2020-04-08 06:55:25,-119.820333,0.202126,48,3
2020-04-08 06:55:30,-119.820034,0.202129,50,3
2020-04-08 06:55:35,-119.819747,0.20213,43,3
2020-04-08 06:55:40,-119.819455,0.20213,46,3
2020-04-08 06:55:45,-119.819168,0.20213,41,3
2020-04-08 06:55:50,-119.818863,0.20213,55,3
2020-04-08 06:55:55,-119.818563,0.20213,52,3
2020-04-08 06:56:00,-119.818286,0.20213,48,3
2020-04-08 06:56:05,-119.81797,0.20213,49,3
2020-04-08 06:56:10,-119.817691,0.20213,51,3
2020-04-08 06:56:15,-119.817628,0.202311,42,3
2020-04-08 06:56:20,-119.817604,0.202568,48,3
2020-04-08 06:56:25,-119.817594,0.202876,48,3
2020-04-08 06:56:30,-119.817438,0.202942,47,3
2020-04-08 06:56:35,-119.817345,0.203177,47,3
2020-04-08 06:56:40,-119.817313,0.203463,47,3
2020-04-08 06:56:45,-119.817304,0.203743,45,3
2020-04-08 06:56:50,-119.817113,0.203825,45,3
2020-04-08 06:56:55,-119.817044,0.204048,46,3
2020-04-08 06:57:00,-119.817018,0.204354,48,3
2020-04-08 06:57:05,-119.817013,0.204613,51,3
2020-04-08 06:57:10,-119.81683,0.204692,51,3
2020-04-08 06:57:15,-119.816766,0.204888,49,3
2020-04-08 06:57:20,-119.816731,0.20522,50,3
2020-04-08 06:57:25,-119.816723,0.20551,47,3
2020-04-08 06:57:30,-119.816547,0.20557,55,3
2020-04-08 06:57:35,-119.816476,0.20577,48,3
2020-04-08 06:57:40,-119.816443,0.206074,53,3
2020-04-08 06:57:45,-119.816433,0.206376,47,3
2020-04-08 06:57:50,-119.81625,0.206441,49,3
2020-04-08 06:57:55,-119.816172,0.206675,52,3
2020-04-08 06:58:00,-119.816152,0.206916,54,3
2020-04-08 06:58:05,-119.816143,0.207239,48,3
2020-04-08 06:58:10,-119.815956,0.20731,53,3
2020-04-08 06:58:15,-119.815883,0.207537,53,3
2020-04-08 06:58:20,-119.815861,0.207803,59,3
2020-04-08 06:58:25,-119.815853,0.208094,47,3
2020-04-08 06:58:30,-119.815851,0.208377,49,3
2020-04-08 06:58:35,-119.815664,0.208463,49,3
2020-04-08 06:58:40,-119.815604,0.208657,50,3
2020-04-08 06:58:45,-119.815572,0.208968,55,3
2020-04-08 06:58:50,-119.815563,0.209272,44,3
2020-04-08 06:58:55,-119.815396,0.209334,48,3
2020-04-08 06:59:00,-119.815318,0.209541,54,3
2020-04-08 06:59:05,-119.815284,0.209837,57,3
2020-04-08 06:59:10,-119.815275,0.210109,45,3
2020-04-08 06:59:15,-119.815115,0.210185,54,3
2020-04-08 06:59:20,-119.815025,0.210423,50,3
2020-04-08 06:59:25,-119.814994,0.2107,53,3
2020-04-08 06:59:30,-119.814985,0.210979,44,3
2020-04-08 06:59:35,-119.814827,0.211054,46,3
2020-04-08 06:59:40,-119.814736,0.21129,48,3
2020-04-08 06:59:45,-119.814704,0.21158,51,3
2020-04-08 06:59:50,-119.814694,0.211867,44,3
2020-04-08 06:59:55,-119.814514,0.211943,41,3
2020-04-08 07:00:00,-119.814442,0.212156,44,4
2020-04-08 07:00:05,-119.814414,0.21243,44,4
2020-04-08 07:00:10,-119.814404,0.212738,46,4
2020-04-08 07:00:15,-119.814229,0.21281,49,4
2020-04-08 07:00:20,-119.814152,0.213029,48,4
2020-04-08 07:00:25,-119.814122,0.21332,49,4
2020-04-08 07:00:30,-119.814113,0.213619,48,4
2020-04-08 07:00:35,-119.813942,0.213684,43,4
2020-04-08 07:00:40,-119.813867,0.213891,45,4
2020-04-08 07:00:45,-119.813834,0.214184,45,4
2020-04-08 07:00:50,-119.813825,0.214462,46,4
2020-04-08 07:00:55,-119.813667,0.214535,38,4
2020-04-08 07:01:00,-119.813578,0.214765,46,4
2020-04-08 07:01:05,-119.813547,0.215035,51,4
2020-04-08 07:01:10,-119.813383,0.215113,42,4
2020-04-08 07:01:15,-119.81329,0.215345,45,4
2020-04-08 07:01:20,-119.813254,0.215639,45,4
2020-04-08 07:01:25,-119.813245,0.215922,47,4
2020-04-08 07:01:30,-119.813076,0.215995,44,4
2020-04-08 07:01:35,-119.813001,0.216202,47,4
2020-04-08 07:01:40,-119.812963,0.216521,46,4
2020-04-08 07:01:45,-119.812953,0.216817,47,4
2020-04-08 07:01:50,-119.812951,0.21708,42,4
2020-04-08 07:01:55,-119.81295,0.21737,40,4
2020-04-08 07:02:00,-119.812786,0.217444,44,4
2020-04-08 07:02:05,-119.812701,0.217676,50,4
2020-04-08 07:02:10,-119.812672,0.217958,48,4
2020-04-08 07:02:15,-119.812663,0.21826,48,None
2020-04-08 07:02:20,-119.812486,0.218326,42,None
2020-04-08 07:02:25,-119.812409,0.218549,51,None
2020-04-08 07:02:30,-119.812381,0.218835,46,None
2020-04-08 07:02:35,-119.812373,0.219118,43,None
2020-04-08 07:02:40,-119.812193,0.219193,40,None
2020-04-08 07:02:45,-119.812126,0.219392,41,None
2020-04-08 07:02:50,-119.812095,0.219678,40,None
2020-04-08 07:02:55,-119.812085,0.219978,38,None
2020-04-08 07:03:00,-119.811923,0.220051,39,None
2020-04-08 07:03:05,-119.811838,0.220273,39,None
2020-04-08 07:03:10,-119.811805,0.220558,43,None
2020-04-08 07:03:15,-119.811624,0.220636,40,None
2020-04-08 07:03:20,-119.811551,0.220839,41,None
2020-04-08 07:03:25,-119.811513,0.221163,47,None
2020-04-08 07:03:30,-119.811504,0.221436,43,None
2020-04-08 07:03:35,-119.811501,0.221717,44,None
2020-04-08 07:03:40,-119.8115,0.221999,43,None
2020-04-08 07:03:45,-119.811335,0.222079,43,None
2020-04-08 07:03:50,-119.811253,0.222309,42,None
2020-04-08 07:03:55,-119.811223,0.222597,44,None
2020-04-08 07:04:00,-119.811214,0.222879,45,None
2020-04-08 07:04:05,-119.811049,0.222953,48,None
2020-04-08 07:04:10,-119.810972,0.223159,44,None
2020-04-08 07:04:15,-119.810935,0.22347,44,None
2020-04-08 07:04:20,-119.810924,0.223761,41,None
2020-04-08 07:04:25,-119.810769,0.223824,40,None
2020-04-08 07:04:30,-119.810686,0.224029,40,None
2020-04-08 07:04:35,-119.810645,0.224345,41,None
2020-04-08 07:04:40,-119.810635,0.224611,41,None
2020-04-08 07:04:45,-119.810631,0.224922,43,None
2020-04-08 07:04:50,-119.810459,0.224992,43,None
2020-04-08 07:04:55,-119.810385,0.225201,44,None
2020-04-08 07:05:00,-119.810353,0.225502,44,None
2020-04-08 07:05:05,-119.810344,0.225773,47,None
2020-04-08 07:05:10,-119.810191,0.225844,45,None
2020-04-08 07:05:15,-119.8101,0.226074,46,None
2020-04-08 07:05:20,-119.810065,0.226362,39,None
2020-04-08 07:05:25,-119.810055,0.226641,42,None
2020-04-08 07:05:30,-119.810052,0.226942,40,None
2020-04-08 07:05:35,-119.809879,0.227018,41,None
2020-04-08 07:05:40,-119.80981,0.227217,37,None
2020-04-08 07:05:45,-119.809774,0.227526,40,None
2020-04-08 07:05:50,-119.809764,0.227811,43,None
2020-04-08 07:05:55,-119.809591,0.227887,43,None
2020-04-08 07:06:00,-119.80952,0.228089,37,None
2020-04-08 07:06:05,-119.809484,0.2284,45,None
2020-04-08 07:06:10,-119.809475,0.228669,40,None
2020-04-08 07:06:15,-119.809312,0.228747,41,None
2020-04-08 07:06:20,-119.80923,0.228966,42,None
2020-04-08 07:06:25,-119.809194,0.229269,43,None
2020-04-08 07:06:30,-119.809034,0.229333,43,None
2020-04-08 07:06:35,-119.808949,0.229539,44,None
2020-04-08 07:06:40,-119.808909,0.229832,38,None
2020-04-08 07:06:45,-119.808896,0.230126,38,None
2020-04-08 07:06:50,-119.808892,0.230419,40,None
2020-04-08 07:06:55,-119.808891,0.230701,39,None
2020-04-08 07:07:00,-119.808743,0.230771,42,None
2020-04-08 07:07:05,-119.808653,0.230998,41,None
2020-04-08 07:07:10,-119.808617,0.231281,46,None
2020-04-08 07:07:15,-119.808606,0.231572,42,None
2020-04-08 07:07:20,-119.808446,0.231646,38,None
2020-04-08 07:07:25,-119.808357,0.231878,46,None
2020-04-08 07:07:30,-119.808323,0.232176,43,None
2020-04-08 07:07:35,-119.808315,0.232438,41,None
2020-04-08 07:07:40,-119.808155,0.232515,41,None
2020-04-08 07:07:45,-119.808067,0.232746,40,None
2020-04-08 07:07:50,-119.808033,0.233046,43,None
2020-04-08 07:07:55,-119.807862,0.23311,38,None
2020-04-08 07:08:00,-119.807784,0.233312,40,None
2020-04-08 07:08:05,-119.807745,0.233617,38,None
2020-04-08 07:08:10,-119.807735,0.233889,39,None
2020-04-08 07:08:15,-119.807732,0.234183,40,None
2020-04-08 07:08:20,-119.80773,0.234491,36,None
2020-04-08 07:08:25,-119.807568,0.234558,41,None
2020-04-08 07:08:30,-119.807494,0.234756,41,None
2020-04-08 07:08:35,-119.807454,0.23508,36,None
2020-04-08 07:08:40,-119.807445,0.235337,43,None
2020-04-08 07:08:45,-119.80729,0.235412,41,None
2020-04-08 07:08:50,-119.807207,0.235625,42,None
2020-04-08 07:08:55,-119.807168,0.235919,42,None
2020-04-08 07:09:00,-119.807155,0.236231,42,None
2020-04-08 07:09:05,-119.807002,0.236293,39,None
2020-04-08 07:09:10,-119.806903,0.236534,45,None
2020-04-08 07:09:15,-119.806872,0.236817,43,None
2020-04-08 07:09:20,-119.806864,0.237076,40,None
2020-04-08 07:09:25,-119.806704,0.237154,40,None
2020-04-08 07:09:30,-119.806617,0.237386,41,None
2020-04-08 07:09:35,-119.806585,0.237665,45,None
2020-04-08 07:09:40,-119.806421,0.237738,40,None
2020-04-08 07:09:45,-119.806326,0.237975,44,None
2020-04-08 07:09:50,-119.806294,0.238258,38,None
2020-04-08 07:09:55,-119.806127,0.238325,40,None
